# Blender 5.1.1
# www.blender.org
mtllib sausage_tip.mtl
o sausage_tip
v 0.009346 0.036945 0.090384
v 0.010540 0.036973 0.090384
v 0.008077 0.036805 0.090384
v 0.006906 0.036547 0.090384
v 0.005683 0.036162 0.090384
v 0.004177 0.035482 0.090384
v 0.002781 0.034618 0.090384
v 0.001493 0.033569 0.090384
v 0.000357 0.032367 0.090384
v -0.000609 0.031037 0.090384
v -0.001399 0.029585 0.090384
v -0.001843 0.028479 0.090384
v -0.002212 0.027266 0.090384
v -0.002438 0.026079 0.090384
v -0.002566 0.024806 0.090384
v -0.002558 0.023609 0.090384
v -0.002438 0.022338 0.090384
v -0.002199 0.021162 0.090384
v -0.001834 0.019931 0.090384
v -0.001374 0.018831 0.090384
v -0.000779 0.017696 0.090384
v 0.000158 0.016333 0.090384
v 0.001263 0.015106 0.090384
v 0.002157 0.014319 0.090384
v 0.003183 0.013563 0.090384
v 0.004221 0.012958 0.090384
v 0.005381 0.012411 0.090384
v 0.006509 0.012021 0.090384
v 0.007759 0.011707 0.090384
v 0.009396 0.011501 0.090384
v 0.011028 0.011506 0.090384
v 0.012226 0.011650 0.090384
v 0.013488 0.011916 0.090384
v 0.015039 0.012443 0.090384
v 0.016122 0.012958 0.090384
v 0.017227 0.013607 0.090384
v 0.018186 0.014319 0.090384
v 0.019137 0.015162 0.090384
v 0.019949 0.016053 0.090384
v 0.020732 0.017083 0.090384
v 0.021563 0.018499 0.090384
v 0.022042 0.019590 0.090384
v 0.022452 0.020797 0.090384
v 0.022793 0.022415 0.090384
v 0.022901 0.023609 0.090384
v 0.022905 0.024892 0.090384
v 0.022712 0.026530 0.090384
v 0.022311 0.028129 0.090384
v 0.021701 0.029671 0.090384
v 0.020908 0.031107 0.090384
v 0.019925 0.032440 0.090384
v 0.019110 0.033312 0.090384
v 0.018161 0.034164 0.090384
v 0.017187 0.034867 0.090384
v 0.016096 0.035519 0.090384
v 0.014583 0.036191 0.090384
v 0.013437 0.036547 0.090384
v 0.012183 0.036819 0.090384
v 0.012822 0.024554 0.103027
v 0.012839 0.024466 0.102228
v 0.012842 0.024185 0.103028
v 0.012850 0.024203 0.102177
v 0.012751 0.024918 0.103027
v 0.012814 0.024661 0.102344
v 0.012630 0.025273 0.103021
v 0.012726 0.025031 0.102407
v 0.012780 0.024837 0.102414
v 0.012460 0.025605 0.103025
v 0.012505 0.025546 0.102177
v 0.012613 0.025329 0.102240
v 0.012246 0.025912 0.103021
v 0.012363 0.025768 0.102227
v 0.011997 0.026177 0.103032
v 0.012149 0.026034 0.102405
v 0.012241 0.025928 0.102347
v 0.011702 0.026417 0.103027
v 0.011870 0.026300 0.102347
v 0.012008 0.026179 0.102416
v 0.011382 0.026609 0.103026
v 0.011534 0.026536 0.102178
v 0.011738 0.026402 0.102241
v 0.011042 0.026754 0.103026
v 0.011135 0.026728 0.102332
v 0.011300 0.026658 0.102227
v 0.010687 0.026848 0.103030
v 0.010908 0.026805 0.102419
v 0.011057 0.026757 0.102378
v 0.010309 0.026896 0.103029
v 0.010608 0.026872 0.102347
v 0.010739 0.026847 0.102403
v 0.009939 0.026889 0.103030
v 0.010197 0.026909 0.102177
v 0.009571 0.026831 0.103025
v 0.009746 0.026873 0.102340
v 0.009935 0.026897 0.102228
v 0.009214 0.026722 0.103025
v 0.009366 0.026783 0.102406
v 0.009563 0.026838 0.102415
v 0.008876 0.026564 0.103030
v 0.009074 0.026673 0.102241
v 0.009220 0.026733 0.102341
v 0.008565 0.026362 0.103029
v 0.008634 0.026421 0.102227
v 0.008855 0.026563 0.102177
v 0.008285 0.026119 0.103026
v 0.008360 0.026202 0.102407
v 0.008468 0.026297 0.102350
v 0.008040 0.025839 0.103023
v 0.008172 0.026011 0.102395
v 0.008254 0.026099 0.102418
v 0.007834 0.025522 0.103020
v 0.007865 0.025592 0.102178
v 0.007999 0.025796 0.102241
v 0.007679 0.025188 0.103023
v 0.007743 0.025358 0.102227
v 0.007571 0.024837 0.103028
v 0.007598 0.024971 0.102418
v 0.007655 0.025147 0.102366
v 0.007511 0.024463 0.103024
v 0.007528 0.024656 0.102340
v 0.007553 0.024791 0.102403
v 0.007504 0.024087 0.103024
v 0.007493 0.024256 0.102178
v 0.007507 0.024500 0.102241
v 0.007549 0.023723 0.103024
v 0.007504 0.023993 0.102228
v 0.007644 0.023368 0.103029
v 0.007572 0.023585 0.102418
v 0.007533 0.023766 0.102365
v 0.007792 0.023016 0.103022
v 0.007669 0.023276 0.102339
v 0.007616 0.023428 0.102407
v 0.007984 0.022698 0.103023
v 0.007838 0.022913 0.102177
v 0.008216 0.022410 0.103022
v 0.008102 0.022529 0.102348
v 0.007980 0.022690 0.102228
v 0.008490 0.022154 0.103022
v 0.008304 0.022309 0.102418
v 0.008197 0.022420 0.102407
v 0.008797 0.021940 0.103027
v 0.008663 0.022016 0.102214
v 0.008482 0.022151 0.102338
v 0.009129 0.021771 0.103026
v 0.009062 0.021792 0.102237
v 0.008863 0.021893 0.102183
v 0.009478 0.021651 0.103029
v 0.009219 0.021727 0.102340
v 0.009841 0.021580 0.103031
v 0.009581 0.021617 0.102408
v 0.009394 0.021666 0.102415
v 0.010225 0.021559 0.103021
v 0.010145 0.021551 0.102177
v 0.009901 0.021565 0.102241
v 0.010583 0.021592 0.103030
v 0.010408 0.021562 0.102228
v 0.010947 0.021675 0.103030
v 0.010746 0.021614 0.102405
v 0.010597 0.021586 0.102340
v 0.011300 0.021810 0.103026
v 0.011089 0.021713 0.102364
v 0.010909 0.021655 0.102418
v 0.011630 0.021993 0.103027
v 0.011541 0.021929 0.102183
v 0.011333 0.021816 0.102214
v 0.011918 0.022211 0.103029
v 0.011861 0.022152 0.102340
v 0.011728 0.022050 0.102237
v 0.012184 0.022474 0.103024
v 0.012122 0.022394 0.102416
v 0.011976 0.022251 0.102405
v 0.012411 0.022775 0.103026
v 0.012242 0.022531 0.102346
v 0.012593 0.023102 0.103022
v 0.012478 0.022867 0.102178
v 0.012723 0.023443 0.103025
v 0.012673 0.023274 0.102338
v 0.012599 0.023100 0.102227
v 0.012809 0.023812 0.103026
v 0.012770 0.023581 0.102418
v 0.012725 0.023423 0.102406
v 0.012836 0.023959 0.102241
v 0.012817 0.023817 0.102330
v 0.008096 0.025921 0.102342
v 0.010441 0.026894 0.102241
v 0.012677 0.025174 0.102346
v 0.012802 0.023729 0.102380
v 0.012344 0.022664 0.102240
v 0.009738 0.021587 0.102343
v 0.008411 0.022212 0.102387
v 0.007729 0.023131 0.102241
v 0.011125 0.024560 0.104517
v 0.011453 0.024116 0.104492
v 0.011733 0.024290 0.104414
v 0.011689 0.023857 0.104414
v 0.012000 0.024301 0.104290
v 0.011972 0.023912 0.104289
v 0.012244 0.024309 0.104121
v 0.012185 0.023734 0.104121
v 0.012453 0.024315 0.103913
v 0.012417 0.023834 0.103910
v 0.012620 0.024144 0.103667
v 0.012584 0.023804 0.103667
v 0.012745 0.024140 0.103399
v 0.012707 0.023782 0.103399
v 0.011351 0.024728 0.104491
v 0.011620 0.024826 0.104415
v 0.011912 0.024797 0.104290
v 0.012143 0.024871 0.104121
v 0.012384 0.024781 0.103910
v 0.012549 0.024822 0.103667
v 0.012608 0.024486 0.103667
v 0.012670 0.024852 0.103399
v 0.012732 0.024499 0.103399
v 0.010982 0.025231 0.104491
v 0.011252 0.025363 0.104415
v 0.011342 0.025636 0.104290
v 0.011030 0.025844 0.104289
v 0.011261 0.025993 0.104121
v 0.010734 0.026225 0.104121
v 0.010793 0.026426 0.103913
v 0.010681 0.026626 0.103667
v 0.010342 0.026674 0.103667
v 0.010351 0.026798 0.103399
v 0.009992 0.026798 0.103399
v 0.010570 0.025141 0.104517
v 0.010697 0.025706 0.104415
v 0.010664 0.025992 0.104290
v 0.010165 0.026513 0.103913
v 0.010000 0.026674 0.103667
v 0.009636 0.026748 0.103399
v 0.010326 0.025508 0.104491
v 0.010163 0.025791 0.104415
v 0.010164 0.026060 0.104290
v 0.009791 0.026018 0.104289
v 0.009741 0.026255 0.104119
v 0.009319 0.026120 0.104121
v 0.009541 0.026425 0.103912
v 0.009101 0.026243 0.103910
v 0.009021 0.026393 0.103667
v 0.008731 0.026212 0.103667
v 0.008658 0.026313 0.103399
v 0.008383 0.026082 0.103399
v 0.009554 0.025067 0.104518
v 0.009414 0.025896 0.104290
v 0.008700 0.025975 0.103913
v 0.008469 0.025992 0.103667
v 0.008142 0.025815 0.103399
v 0.009543 0.025361 0.104492
v 0.009070 0.025343 0.104415
v 0.008989 0.025627 0.104290
v 0.008649 0.025246 0.104290
v 0.008628 0.025614 0.104121
v 0.008378 0.025265 0.104119
v 0.008275 0.025500 0.103913
v 0.008057 0.025084 0.103910
v 0.007900 0.025147 0.103667
v 0.007794 0.024822 0.103667
v 0.007673 0.024852 0.103399
v 0.007610 0.024499 0.103399
v 0.008197 0.024859 0.104122
v 0.007922 0.024621 0.103913
v 0.007735 0.024486 0.103667
v 0.007598 0.024140 0.103399
v 0.008962 0.024691 0.104492
v 0.008631 0.024489 0.104415
v 0.008341 0.024288 0.104290
v 0.008099 0.024297 0.104121
v 0.008160 0.023724 0.104121
v 0.007902 0.023986 0.103913
v 0.008056 0.023369 0.103913
v 0.007841 0.023472 0.103667
v 0.007969 0.023155 0.103667
v 0.007857 0.023101 0.103399
v 0.008036 0.022789 0.103399
v 0.009238 0.023767 0.104518
v 0.008619 0.024058 0.104414
v 0.008396 0.023782 0.104290
v 0.008140 0.022859 0.103667
v 0.008258 0.022506 0.103399
v 0.008914 0.023985 0.104491
v 0.009120 0.023498 0.104491
v 0.008769 0.023530 0.104415
v 0.008733 0.023097 0.104290
v 0.008542 0.022948 0.104121
v 0.008840 0.022643 0.104119
v 0.008589 0.022584 0.103913
v 0.008963 0.022296 0.103910
v 0.008873 0.022152 0.103667
v 0.009175 0.021991 0.103667
v 0.009124 0.021877 0.103399
v 0.009462 0.021754 0.103399
v 0.009102 0.023092 0.104415
v 0.008996 0.022829 0.104289
v 0.009201 0.022397 0.104121
v 0.009397 0.022082 0.103913
v 0.009496 0.021874 0.103667
v 0.009813 0.021679 0.103399
v 0.009591 0.023080 0.104491
v 0.009445 0.022847 0.104415
v 0.009965 0.022676 0.104416
v 0.009668 0.022472 0.104289
v 0.010052 0.022403 0.104290
v 0.009746 0.022201 0.104121
v 0.010323 0.022162 0.104121
v 0.010022 0.021953 0.103914
v 0.010653 0.021998 0.103913
v 0.010512 0.021803 0.103667
v 0.010847 0.021874 0.103667
v 0.010881 0.021754 0.103399
v 0.011219 0.021877 0.103399
v 0.010108 0.023237 0.104517
v 0.011168 0.021991 0.103667
v 0.011536 0.022046 0.103399
v 0.010094 0.022956 0.104491
v 0.010631 0.023026 0.104491
v 0.010507 0.022704 0.104416
v 0.011017 0.022911 0.104416
v 0.011042 0.022620 0.104290
v 0.011269 0.022473 0.104119
v 0.011616 0.022743 0.104121
v 0.011761 0.022590 0.103913
v 0.011992 0.022590 0.103667
v 0.012203 0.022859 0.103667
v 0.012306 0.022789 0.103399
v 0.012486 0.023101 0.103399
v 0.010948 0.023559 0.104517
v 0.011450 0.022920 0.104291
v 0.012062 0.022954 0.103910
v 0.012373 0.023155 0.103667
v 0.012621 0.023434 0.103399
v 0.011200 0.023456 0.104491
v 0.011480 0.023369 0.104415
v 0.011872 0.023552 0.104290
v 0.010171 0.021654 0.103399
v 0.010530 0.021679 0.103399
v 0.010171 0.021780 0.103667
v 0.009830 0.021803 0.103667
v 0.010560 0.022441 0.104290
v 0.012501 0.023472 0.103667
v 0.012291 0.023379 0.103913
v 0.011969 0.023196 0.104121
v 0.011687 0.023207 0.104289
v 0.012085 0.022506 0.103399
v 0.011746 0.022353 0.103667
v 0.011250 0.022218 0.103913
v 0.010885 0.022283 0.104121
v 0.011827 0.022257 0.103399
v 0.011470 0.022152 0.103667
v 0.009315 0.022611 0.104290
v 0.008807 0.022046 0.103399
v 0.008597 0.022353 0.103667
v 0.008528 0.023428 0.104289
v 0.008516 0.022257 0.103399
v 0.008351 0.022590 0.103667
v 0.008281 0.022954 0.103910
v 0.008310 0.023322 0.104119
v 0.007722 0.023434 0.103399
v 0.007759 0.023804 0.103667
v 0.008429 0.024793 0.104290
v 0.008760 0.024899 0.104415
v 0.007635 0.023782 0.103399
v 0.007723 0.024144 0.103667
v 0.007784 0.025194 0.103399
v 0.008050 0.025454 0.103667
v 0.009620 0.025696 0.104415
v 0.007941 0.025517 0.103399
v 0.008241 0.025738 0.103667
v 0.008954 0.025905 0.104119
v 0.008962 0.026503 0.103399
v 0.009333 0.026532 0.103667
v 0.010165 0.026303 0.104121
v 0.009291 0.026649 0.103399
v 0.009662 0.026626 0.103667
v 0.010707 0.026748 0.103399
v 0.011009 0.026532 0.103667
v 0.011375 0.026170 0.103913
v 0.011052 0.026649 0.103399
v 0.011322 0.026393 0.103667
v 0.011705 0.025624 0.104121
v 0.011688 0.025256 0.104290
v 0.011380 0.026503 0.103399
v 0.011611 0.026212 0.103667
v 0.011863 0.025763 0.103913
v 0.011685 0.026313 0.103399
v 0.011873 0.025992 0.103667
v 0.011965 0.025265 0.104119
v 0.011960 0.026082 0.103399
v 0.012102 0.025738 0.103667
v 0.012219 0.025239 0.103913
v 0.012201 0.025815 0.103399
v 0.012293 0.025454 0.103667
v 0.012402 0.025517 0.103399
v 0.012443 0.025147 0.103667
v 0.012559 0.025194 0.103399
v 0.012914 0.022118 0.102197
v 0.012963 0.022261 0.102096
v 0.013026 0.022398 0.102042
v 0.013101 0.022538 0.102024
v 0.013185 0.022673 0.102042
v 0.013282 0.022869 0.102139
v 0.013626 0.022870 0.102238
v 0.013626 0.022870 0.102238
v 0.014166 0.022545 0.102034
v 0.014012 0.022522 0.101966
v 0.013922 0.022420 0.101881
v 0.013833 0.022299 0.101828
v 0.013749 0.022164 0.101810
v 0.013674 0.022024 0.101828
v 0.013614 0.021885 0.101881
v 0.013625 0.021720 0.101949
v 0.014678 0.022138 0.101698
v 0.014562 0.022051 0.101624
v 0.015228 0.021749 0.101363
v 0.015047 0.021502 0.101257
v 0.015650 0.021160 0.100925
v 0.016243 0.020813 0.100544
v 0.016132 0.020605 0.100562
v 0.016702 0.020275 0.100147
v 0.016345 0.020303 0.100431
v 0.017256 0.019868 0.099682
v 0.016742 0.019809 0.100206
v 0.017780 0.019601 0.099199
v 0.017321 0.020101 0.099680
v 0.017847 0.019798 0.099194
v 0.017452 0.020287 0.099708
v 0.017937 0.019929 0.099209
v 0.017978 0.020201 0.099431
v 0.017046 0.020618 0.100130
v 0.016483 0.021094 0.100696
v 0.016390 0.020996 0.100609
v 0.015826 0.021475 0.101112
v 0.018442 0.019641 0.098686
v 0.018348 0.019509 0.098675
v 0.018822 0.019235 0.098123
v 0.018279 0.019360 0.098687
v 0.018597 0.019150 0.098321
v 0.018902 0.019376 0.098155
v 0.019269 0.018977 0.097541
v 0.018955 0.018894 0.097848
v 0.016031 0.020338 0.100704
v 0.015542 0.020945 0.100938
v 0.014423 0.021865 0.101555
v 0.015397 0.020706 0.101103
v 0.014899 0.021063 0.101336
v 0.014235 0.021371 0.101701
v 0.014311 0.021656 0.101573
v 0.014253 0.021516 0.101625
v 0.014934 0.021296 0.101276
v 0.015798 0.021338 0.100987
v 0.016773 0.020418 0.100131
v 0.015489 0.020803 0.100988
v 0.016861 0.020550 0.100147
v 0.013172 0.023131 0.102338
v 0.013266 0.023239 0.102402
v 0.013657 0.023051 0.102398
v 0.013682 0.023163 0.102441
v 0.013295 0.023432 0.102429
v 0.013373 0.023650 0.102354
v 0.013779 0.023507 0.102398
v 0.013813 0.023603 0.102329
v 0.013843 0.023679 0.102238
v 0.013745 0.023398 0.102441
v 0.013712 0.023281 0.102456
v 0.013638 0.022951 0.102329
v 0.013936 0.023788 0.102098
v 0.013572 0.023921 0.102096
v 0.013559 0.024071 0.102042
v 0.013554 0.024229 0.102024
v 0.013533 0.024462 0.102067
v 0.014000 0.024670 0.102078
v 0.013842 0.024780 0.102238
v 0.013842 0.024780 0.102238
v 0.014472 0.024768 0.102034
v 0.014323 0.024538 0.101881
v 0.014301 0.024309 0.101811
v 0.014318 0.023993 0.101845
v 0.015120 0.024671 0.101698
v 0.015061 0.024538 0.101625
v 0.015786 0.024611 0.101366
v 0.015761 0.024388 0.101276
v 0.016462 0.024388 0.100939
v 0.016458 0.024147 0.100921
v 0.017134 0.024149 0.100547
v 0.017792 0.024149 0.100133
v 0.017473 0.023917 0.100436
v 0.018486 0.023997 0.099682
v 0.017776 0.023653 0.100438
v 0.019073 0.024029 0.099199
v 0.018424 0.024229 0.099683
v 0.019030 0.024229 0.099198
v 0.018444 0.024458 0.099711
v 0.019055 0.024426 0.099212
v 0.017930 0.024538 0.100129
v 0.017210 0.024667 0.100692
v 0.017171 0.024538 0.100611
v 0.016447 0.024672 0.101112
v 0.019627 0.024392 0.098687
v 0.019608 0.024229 0.098679
v 0.020156 0.024229 0.098128
v 0.019632 0.024066 0.098683
v 0.020009 0.024046 0.098318
v 0.020156 0.024454 0.098182
v 0.020441 0.024451 0.097853
v 0.020672 0.024235 0.097545
v 0.020426 0.024000 0.097872
v 0.017217 0.023793 0.100686
v 0.015750 0.024152 0.101261
v 0.015041 0.024388 0.101573
v 0.016536 0.023855 0.101002
v 0.015844 0.023850 0.101340
v 0.015120 0.023787 0.101699
v 0.014473 0.023691 0.102034
v 0.015040 0.024146 0.101554
v 0.015061 0.023921 0.101625
v 0.016487 0.024538 0.100989
v 0.017143 0.024388 0.100563
v 0.017801 0.024388 0.100149
v 0.013349 0.024917 0.102402
v 0.013779 0.024951 0.102398
v 0.013745 0.025061 0.102441
v 0.013274 0.025100 0.102429
v 0.013257 0.025294 0.102373
v 0.013656 0.025408 0.102398
v 0.013637 0.025507 0.102329
v 0.013101 0.025391 0.102271
v 0.013626 0.025589 0.102238
v 0.013682 0.025296 0.102441
v 0.013712 0.025178 0.102456
v 0.013377 0.024787 0.102336
v 0.013812 0.024856 0.102329
v 0.013271 0.025662 0.102096
v 0.013184 0.025785 0.102042
v 0.013100 0.025920 0.102024
v 0.012965 0.026109 0.102067
v 0.012908 0.026338 0.102199
v 0.013569 0.026701 0.101966
v 0.013128 0.026695 0.102329
v 0.014234 0.027085 0.101699
v 0.014818 0.027421 0.101421
v 0.015379 0.027747 0.101116
v 0.016050 0.028130 0.100691
v 0.016076 0.027995 0.100612
v 0.016724 0.028371 0.100140
v 0.016697 0.028180 0.100151
v 0.017218 0.028560 0.099715
v 0.017315 0.028354 0.099686
v 0.017840 0.028657 0.099201
v 0.017976 0.028503 0.099204
v 0.018444 0.028816 0.098686
v 0.018959 0.029139 0.098067
v 0.018815 0.029220 0.098132
v 0.019261 0.029476 0.097551
v 0.017770 0.028837 0.099209
v 0.018341 0.028946 0.098682
v 0.018413 0.029191 0.098540
v 0.018962 0.029459 0.097881
v 0.017487 0.028183 0.099684
v 0.016767 0.028037 0.100135
v 0.016155 0.027776 0.100551
v 0.015503 0.027582 0.100960
v 0.017155 0.027634 0.100311
v 0.016650 0.027608 0.100437
v 0.016482 0.027368 0.100694
v 0.015748 0.027175 0.100955
v 0.015833 0.026992 0.101103
v 0.015274 0.026736 0.101340
v 0.014516 0.026464 0.101590
v 0.014672 0.026317 0.101702
v 0.013921 0.026038 0.101882
v 0.014010 0.025936 0.101967
v 0.014165 0.025913 0.102034
v 0.013637 0.026502 0.101847
v 0.014250 0.026941 0.101625
v 0.014875 0.027302 0.101328
v 0.014308 0.026801 0.101574
v 0.014963 0.027087 0.101260
v 0.013747 0.026294 0.101811
v 0.014382 0.026660 0.101556
v 0.015609 0.027369 0.100924
v 0.013831 0.026159 0.101829
v 0.015089 0.026886 0.101277
v 0.016286 0.027576 0.100565
v 0.016856 0.027905 0.100151
v 0.012577 0.026401 0.102399
v 0.013039 0.026726 0.102392
v 0.012918 0.026826 0.102452
v 0.012446 0.026541 0.102430
v 0.012256 0.026691 0.102354
v 0.012754 0.027011 0.102443
v 0.012676 0.027076 0.102402
v 0.012289 0.026980 0.102197
v 0.012870 0.026948 0.102464
v 0.012682 0.026313 0.102329
v 0.012139 0.027020 0.102096
v 0.012002 0.027083 0.102042
v 0.011862 0.027158 0.102024
v 0.011650 0.027253 0.102068
v 0.011543 0.027500 0.102163
v 0.011878 0.028067 0.101967
v 0.012260 0.028729 0.101700
v 0.012653 0.029285 0.101362
v 0.012919 0.029874 0.101119
v 0.013312 0.030545 0.100691
v 0.013401 0.030441 0.100614
v 0.013779 0.031095 0.100136
v 0.013846 0.030912 0.100153
v 0.014106 0.031501 0.099718
v 0.014295 0.031371 0.099688
v 0.014598 0.031896 0.099203
v 0.014792 0.031832 0.099204
v 0.015040 0.032332 0.098693
v 0.015247 0.032654 0.098322
v 0.015171 0.032892 0.098108
v 0.015465 0.033007 0.097871
v 0.015416 0.033317 0.097554
v 0.014442 0.032016 0.099215
v 0.014887 0.032396 0.098685
v 0.014753 0.032494 0.098697
v 0.014956 0.032874 0.098273
v 0.014529 0.031309 0.099686
v 0.013978 0.030823 0.100137
v 0.013517 0.030342 0.100566
v 0.013111 0.029796 0.100961
v 0.014099 0.030406 0.100429
v 0.014063 0.030094 0.100700
v 0.013595 0.029541 0.100991
v 0.013689 0.029446 0.101108
v 0.013337 0.028950 0.101341
v 0.012882 0.028307 0.101626
v 0.013027 0.028290 0.101701
v 0.012514 0.027669 0.101882
v 0.012680 0.027680 0.101952
v 0.011979 0.027978 0.101882
v 0.012348 0.028616 0.101626
v 0.012101 0.027888 0.101829
v 0.012528 0.028477 0.101559
v 0.012890 0.029099 0.101262
v 0.012235 0.027804 0.101811
v 0.013310 0.029666 0.100925
v 0.013650 0.030254 0.100550
v 0.012376 0.027730 0.101829
v 0.012743 0.028365 0.101574
v 0.013102 0.028987 0.101278
v 0.013452 0.029594 0.100942
v 0.013792 0.030183 0.100566
v 0.014121 0.030753 0.100153
v 0.011273 0.027285 0.102350
v 0.011114 0.027340 0.102417
v 0.011372 0.027832 0.102410
v 0.011254 0.027867 0.102453
v 0.010747 0.027405 0.102355
v 0.010918 0.027949 0.102402
v 0.010627 0.027669 0.102194
v 0.011050 0.027911 0.102453
v 0.010958 0.027374 0.102426
v 0.011151 0.027879 0.102463
v 0.010480 0.027629 0.102096
v 0.010330 0.027616 0.102042
v 0.010171 0.027611 0.102024
v 0.009939 0.027588 0.102068
v 0.009710 0.027651 0.102203
v 0.009727 0.028466 0.101950
v 0.009730 0.029179 0.101698
v 0.009791 0.029838 0.101368
v 0.009729 0.030495 0.101117
v 0.009734 0.031286 0.100681
v 0.009863 0.031223 0.100614
v 0.009938 0.031845 0.100180
v 0.010090 0.032473 0.099689
v 0.010171 0.033081 0.099204
v 0.010374 0.033124 0.099205
v 0.010336 0.033680 0.098693
v 0.010356 0.034052 0.098334
v 0.010163 0.034215 0.098125
v 0.010405 0.034449 0.097913
v 0.010173 0.034721 0.097555
v 0.009863 0.032556 0.099720
v 0.009974 0.033102 0.099222
v 0.010171 0.033658 0.098686
v 0.010007 0.033679 0.098694
v 0.009987 0.034052 0.098334
v 0.010407 0.032544 0.099683
v 0.010171 0.031842 0.100138
v 0.010089 0.031183 0.100552
v 0.009933 0.030517 0.100963
v 0.010486 0.031536 0.100433
v 0.010611 0.031243 0.100708
v 0.010410 0.030531 0.100956
v 0.010610 0.030513 0.101103
v 0.010552 0.029896 0.101343
v 0.010480 0.029116 0.101626
v 0.010614 0.029174 0.101700
v 0.010480 0.028379 0.101882
v 0.010618 0.028465 0.101953
v 0.009863 0.028379 0.101882
v 0.009863 0.029116 0.101626
v 0.010091 0.028357 0.101811
v 0.010088 0.029085 0.101559
v 0.010091 0.029806 0.101261
v 0.010171 0.030506 0.100925
v 0.010330 0.028363 0.101829
v 0.010330 0.029096 0.101574
v 0.010330 0.029815 0.101278
v 0.010330 0.031195 0.100566
v 0.010330 0.031853 0.100153
v 0.009616 0.027383 0.102342
v 0.009424 0.027370 0.102422
v 0.009428 0.027938 0.102402
v 0.009303 0.027927 0.102450
v 0.009179 0.027888 0.102463
v 0.009227 0.027332 0.102416
v 0.009063 0.027290 0.102347
v 0.008799 0.027510 0.102166
v 0.008966 0.027824 0.102406
v 0.009072 0.027866 0.102449
v 0.008739 0.027328 0.102096
v 0.008616 0.027241 0.102042
v 0.008481 0.027158 0.102024
v 0.008291 0.027023 0.102067
v 0.008063 0.026961 0.102203
v 0.007669 0.027674 0.101952
v 0.007315 0.028296 0.101696
v 0.007035 0.028901 0.101367
v 0.006657 0.029431 0.101120
v 0.006261 0.030132 0.100673
v 0.006407 0.030132 0.100614
v 0.006160 0.030710 0.100180
v 0.005834 0.031279 0.099711
v 0.006048 0.031371 0.099688
v 0.005745 0.031896 0.099203
v 0.005896 0.032027 0.099206
v 0.005591 0.032492 0.098698
v 0.005392 0.032869 0.098281
v 0.005183 0.032870 0.098135
v 0.005231 0.033267 0.097824
v 0.004927 0.033317 0.097554
v 0.005788 0.030669 0.100322
v 0.005567 0.031816 0.099221
v 0.005456 0.032396 0.098685
v 0.005302 0.032330 0.098695
v 0.005050 0.032764 0.098196
v 0.006216 0.031547 0.099682
v 0.006364 0.030823 0.100137
v 0.006624 0.030212 0.100551
v 0.006748 0.029541 0.100991
v 0.006577 0.031086 0.100151
v 0.007034 0.030540 0.100695
v 0.006941 0.030441 0.100614
v 0.007226 0.029805 0.100956
v 0.007417 0.029876 0.101112
v 0.007662 0.029332 0.101338
v 0.007995 0.028616 0.101626
v 0.008081 0.028734 0.101700
v 0.008364 0.027978 0.101882
v 0.008465 0.028067 0.101967
v 0.007829 0.027669 0.101882
v 0.007461 0.028307 0.101626
v 0.007967 0.027730 0.101829
v 0.007600 0.028365 0.101574
v 0.007241 0.028987 0.101278
v 0.006891 0.029594 0.100942
v 0.008107 0.027804 0.101811
v 0.007811 0.028483 0.101556
v 0.007382 0.029060 0.101261
v 0.007033 0.029666 0.100925
v 0.008242 0.027888 0.101829
v 0.007516 0.029146 0.101278
v 0.006826 0.030342 0.100566
v 0.006497 0.030912 0.100153
v 0.007950 0.026577 0.102422
v 0.007654 0.027068 0.102410
v 0.007568 0.026974 0.102453
v 0.007504 0.026900 0.102463
v 0.007802 0.026444 0.102416
v 0.007679 0.026326 0.102346
v 0.007349 0.026380 0.102168
v 0.007331 0.026730 0.102403
v 0.007430 0.026830 0.102454
v 0.008088 0.026721 0.102338
v 0.011605 0.021129 0.102096
v 0.011490 0.021006 0.102205
v 0.011918 0.020310 0.101944
v 0.012259 0.019733 0.101702
v 0.012679 0.019124 0.101340
v 0.012938 0.018561 0.101100
v 0.013294 0.017940 0.100713
v 0.013774 0.017365 0.100141
v 0.014130 0.016908 0.099678
v 0.014450 0.016419 0.099198
v 0.014301 0.017077 0.099679
v 0.014604 0.016552 0.099192
v 0.014509 0.017175 0.099708
v 0.014748 0.016621 0.099207
v 0.014917 0.016830 0.099423
v 0.014310 0.017674 0.100136
v 0.014063 0.018370 0.100705
v 0.013696 0.019008 0.101107
v 0.013312 0.019553 0.101365
v 0.012869 0.020434 0.101816
v 0.012639 0.021270 0.102329
v 0.012285 0.021484 0.102197
v 0.012076 0.021379 0.102048
v 0.011756 0.021304 0.102042
v 0.012040 0.020520 0.101844
v 0.012350 0.019838 0.101624
v 0.015044 0.016115 0.098681
v 0.014893 0.016051 0.098672
v 0.015167 0.015576 0.098120
v 0.014761 0.015949 0.098679
v 0.014935 0.015612 0.098312
v 0.015288 0.015703 0.098203
v 0.015446 0.015372 0.097789
v 0.015422 0.015129 0.097539
v 0.015556 0.015190 0.097531
v 0.015177 0.015307 0.097877
v 0.012516 0.020787 0.101881
v 0.012885 0.020147 0.101624
v 0.013599 0.018911 0.100987
v 0.013941 0.018318 0.100608
v 0.012306 0.020692 0.101810
v 0.012745 0.020089 0.101572
v 0.013034 0.019433 0.101258
v 0.013456 0.018858 0.100937
v 0.013725 0.018238 0.100545
v 0.014054 0.017669 0.100132
v 0.012534 0.019969 0.101553
v 0.013314 0.018786 0.100921
v 0.012830 0.019307 0.101275
v 0.013181 0.018699 0.100937
v 0.013480 0.018040 0.100558
v 0.013851 0.017538 0.100145
v 0.013064 0.018602 0.100987
v 0.011715 0.019318 0.102044
v 0.011334 0.019892 0.102311
v 0.011349 0.019910 0.102320
v 0.011385 0.020133 0.102371
v 0.011420 0.020370 0.102394
v 0.011772 0.019579 0.102112
v 0.011994 0.018914 0.101822
v 0.012313 0.018411 0.101518
v 0.012214 0.018850 0.101726
v 0.012133 0.019303 0.101870
v 0.012459 0.018779 0.101568
v 0.012352 0.019174 0.101693
v 0.011764 0.019939 0.102166
v 0.011474 0.020633 0.102346
v 0.011808 0.020072 0.102126
v 0.012792 0.018341 0.101245
v 0.013264 0.017657 0.100705
v 0.013318 0.017276 0.100529
v 0.013356 0.017021 0.100373
v 0.013737 0.016619 0.099913
v 0.013571 0.016540 0.099957
v 0.013903 0.016124 0.099473
v 0.013514 0.016365 0.099847
v 0.014031 0.015858 0.099184
v 0.014319 0.015535 0.098725
v 0.014174 0.016090 0.099271
v 0.014520 0.015752 0.098764
v 0.014213 0.016234 0.099329
v 0.013657 0.017034 0.100173
v 0.013944 0.016609 0.099749
v 0.015082 0.015190 0.097847
v 0.015441 0.015007 0.097396
v 0.015488 0.014874 0.097206
v 0.015711 0.014754 0.096872
v 0.015890 0.015073 0.097162
v 0.015977 0.015364 0.097471
v 0.015955 0.015717 0.097904
v 0.015800 0.015886 0.098201
v 0.015516 0.015868 0.098326
v 0.015531 0.015042 0.097376
v 0.015739 0.015567 0.097876
v 0.015310 0.016212 0.098758
v 0.015530 0.016252 0.098730
v 0.015108 0.016816 0.099411
v 0.014703 0.017472 0.100046
v 0.014432 0.018046 0.100533
v 0.014506 0.018288 0.100737
v 0.014003 0.019054 0.101282
v 0.014169 0.019107 0.101320
v 0.013882 0.019720 0.101694
v 0.013571 0.020411 0.102053
v 0.014095 0.019887 0.101710
v 0.013347 0.021054 0.102311
v 0.013147 0.021095 0.102358
v 0.012928 0.021244 0.102410
v 0.013402 0.020330 0.102016
v 0.013235 0.020275 0.101939
v 0.013654 0.019565 0.101579
v 0.014125 0.018611 0.100957
v 0.012837 0.021198 0.102372
v 0.014181 0.019422 0.101483
v 0.014801 0.017502 0.100078
v 0.014423 0.018971 0.101185
v 0.014622 0.018511 0.100865
v 0.014890 0.018035 0.100475
v 0.014927 0.017751 0.100261
v 0.015117 0.017469 0.099986
v 0.015370 0.017191 0.099654
v 0.015514 0.016696 0.099165
v 0.015750 0.016278 0.098638
v 0.015055 0.014729 0.097341
v 0.015065 0.014988 0.097649
v 0.014785 0.014930 0.097779
v 0.014491 0.015031 0.098084
v 0.014222 0.015381 0.098620
v 0.012913 0.017878 0.101030
v 0.013152 0.017125 0.100535
v 0.012887 0.017544 0.100885
v 0.012612 0.017951 0.101202
v 0.012541 0.018321 0.101393
v 0.014703 0.015491 0.098413
v 0.014722 0.015234 0.098161
v 0.015284 0.016834 0.099389
v 0.013962 0.020744 0.102043
v 0.013703 0.021058 0.102193
v 0.013271 0.021285 0.102370
v 0.014560 0.020491 0.101748
v 0.014291 0.020760 0.101909
v 0.015007 0.020483 0.101505
v 0.014638 0.020796 0.101703
v 0.014483 0.020976 0.101760
v 0.013628 0.021336 0.102198
v 0.013097 0.021765 0.102347
v 0.013663 0.021451 0.102127
v 0.015265 0.020538 0.101311
v 0.015741 0.020296 0.100991
v 0.015740 0.020142 0.101018
v 0.016298 0.020000 0.100576
v 0.016407 0.019785 0.100502
v 0.016423 0.019546 0.100449
v 0.017034 0.019379 0.099931
v 0.017184 0.019111 0.099714
v 0.017458 0.019088 0.099475
v 0.017623 0.018827 0.099202
v 0.018021 0.018802 0.098825
v 0.017797 0.019071 0.099157
v 0.018126 0.019076 0.098819
v 0.017631 0.019308 0.099366
v 0.017070 0.019559 0.099921
v 0.018527 0.018930 0.098346
v 0.019234 0.018830 0.097496
v 0.019468 0.018810 0.097204
v 0.019646 0.018872 0.097019
v 0.019564 0.019254 0.097411
v 0.019750 0.019510 0.097344
v 0.019453 0.019657 0.097829
v 0.019185 0.019903 0.098289
v 0.019205 0.019566 0.098041
v 0.018988 0.019536 0.098218
v 0.019421 0.018960 0.097365
v 0.019274 0.019216 0.097706
v 0.018649 0.019874 0.098759
v 0.018153 0.020273 0.099408
v 0.017495 0.020655 0.100049
v 0.016844 0.021096 0.100647
v 0.016462 0.021437 0.101017
v 0.016399 0.021674 0.101177
v 0.016054 0.021930 0.101436
v 0.015594 0.022160 0.101698
v 0.015763 0.022297 0.101675
v 0.015213 0.022437 0.101932
v 0.014940 0.022750 0.102109
v 0.014508 0.023067 0.102311
v 0.014295 0.023015 0.102366
v 0.014115 0.022938 0.102364
v 0.014766 0.022663 0.102136
v 0.014866 0.022407 0.101988
v 0.015685 0.021906 0.101534
v 0.015777 0.021719 0.101377
v 0.014751 0.022335 0.101933
v 0.014173 0.022715 0.102217
v 0.013985 0.023017 0.102414
v 0.013764 0.022944 0.102359
v 0.016956 0.021316 0.100746
v 0.016428 0.021886 0.101240
v 0.017612 0.020785 0.100090
v 0.016989 0.021551 0.100818
v 0.017348 0.021294 0.100500
v 0.017556 0.021030 0.100258
v 0.017879 0.020881 0.099965
v 0.018199 0.020720 0.099642
v 0.018565 0.020382 0.099166
v 0.018893 0.020032 0.098669
v 0.019203 0.018438 0.097267
v 0.018997 0.018654 0.097676
v 0.018974 0.018450 0.097566
v 0.018507 0.018552 0.098180
v 0.016789 0.019272 0.100082
v 0.015977 0.019732 0.100798
v 0.015424 0.020011 0.101202
v 0.015001 0.020249 0.101484
v 0.014114 0.020976 0.101993
v 0.015862 0.019927 0.100915
v 0.018474 0.018729 0.098318
v 0.018289 0.020396 0.099403
v 0.010175 0.034848 0.097398
v 0.010298 0.034953 0.097257
v 0.010237 0.035131 0.096986
v 0.010808 0.034828 0.097435
v 0.010936 0.034518 0.097866
v 0.010727 0.034431 0.097985
v 0.010787 0.034077 0.098428
v 0.011062 0.033999 0.098520
v 0.010853 0.033561 0.099008
v 0.011026 0.033425 0.099160
v 0.010914 0.033076 0.099496
v 0.010894 0.032583 0.099929
v 0.010737 0.032157 0.100201
v 0.010778 0.031448 0.100716
v 0.010812 0.030699 0.101189
v 0.011027 0.030876 0.101183
v 0.010990 0.030308 0.101491
v 0.011194 0.030257 0.101562
v 0.011329 0.030792 0.101250
v 0.011242 0.032810 0.099749
v 0.011077 0.032523 0.100010
v 0.010989 0.032031 0.100393
v 0.010955 0.031480 0.100777
v 0.011352 0.032021 0.100405
v 0.011094 0.031464 0.100818
v 0.011335 0.031432 0.100838
v 0.011358 0.029948 0.101716
v 0.011083 0.029538 0.101901
v 0.011024 0.029063 0.102082
v 0.011021 0.028195 0.102393
v 0.010859 0.028635 0.102154
v 0.010843 0.027990 0.102347
v 0.011344 0.029252 0.102039
v 0.011205 0.028429 0.102361
v 0.011333 0.028566 0.102310
v 0.010848 0.029468 0.101821
v 0.010826 0.030078 0.101522
v 0.010698 0.032884 0.099599
v 0.010634 0.033452 0.099051
v 0.010650 0.033815 0.098691
v 0.010548 0.034260 0.098171
v 0.010528 0.034693 0.097627
v 0.015203 0.023115 0.102041
v 0.014995 0.023243 0.102124
v 0.014505 0.023070 0.102312
v 0.014130 0.023383 0.102395
v 0.015594 0.023176 0.101866
v 0.016258 0.023225 0.101528
v 0.015855 0.023353 0.101711
v 0.015405 0.023468 0.101874
v 0.016186 0.023502 0.101485
v 0.015416 0.023585 0.101791
v 0.016216 0.023608 0.101400
v 0.014544 0.023463 0.102216
v 0.013935 0.023558 0.102346
v 0.014575 0.023567 0.102132
v 0.013843 0.023679 0.102238
v 0.017023 0.023628 0.100939
v 0.017042 0.023523 0.100991
v 0.017619 0.023455 0.100637
v 0.018122 0.023615 0.100210
v 0.018160 0.023430 0.100247
v 0.018499 0.023307 0.099985
v 0.018919 0.023304 0.099607
v 0.019303 0.023267 0.099226
v 0.019687 0.023454 0.098820
v 0.019377 0.023500 0.099142
v 0.019178 0.023598 0.099321
v 0.019679 0.023758 0.098773
v 0.019113 0.023727 0.099333
v 0.018683 0.023613 0.099764
v 0.020051 0.023795 0.098357
v 0.020593 0.023950 0.097673
v 0.020774 0.024222 0.097419
v 0.020876 0.024091 0.097285
v 0.021034 0.024129 0.097050
v 0.020968 0.024553 0.097150
v 0.020789 0.024898 0.097403
v 0.020390 0.025013 0.097961
v 0.019931 0.025045 0.098543
v 0.020267 0.024772 0.098122
v 0.020691 0.024384 0.097533
v 0.019657 0.024698 0.098794
v 0.019785 0.024887 0.098701
v 0.019061 0.024732 0.099382
v 0.018342 0.024816 0.100029
v 0.017393 0.024808 0.100695
v 0.017473 0.024931 0.100712
v 0.016580 0.024962 0.101276
v 0.016611 0.025129 0.101316
v 0.015924 0.025235 0.101700
v 0.015315 0.025331 0.101995
v 0.014508 0.025392 0.102311
v 0.014408 0.025263 0.102348
v 0.014339 0.025234 0.102368
v 0.014217 0.025105 0.102376
v 0.015161 0.025162 0.102043
v 0.015140 0.024997 0.101990
v 0.015586 0.024869 0.101714
v 0.016513 0.024851 0.101245
v 0.014129 0.025021 0.102371
v 0.014655 0.024890 0.102103
v 0.013934 0.024907 0.102352
v 0.016326 0.025331 0.101490
v 0.017336 0.025182 0.100873
v 0.016849 0.025284 0.101186
v 0.017805 0.025168 0.100540
v 0.018348 0.025172 0.100113
v 0.018903 0.025157 0.099622
v 0.019365 0.025092 0.099165
v 0.020857 0.023705 0.097312
v 0.020382 0.023702 0.097974
v 0.020492 0.023513 0.097830
v 0.020044 0.023499 0.098408
v 0.017935 0.023217 0.100440
v 0.017439 0.023239 0.100804
v 0.016854 0.023181 0.101184
v 0.016053 0.023056 0.101633
v 0.014788 0.023378 0.102165
v 0.016450 0.023412 0.101381
v 0.017062 0.023348 0.101040
v 0.020638 0.024738 0.097631
v 0.019115 0.024913 0.099395
v 0.018358 0.025007 0.100085
v 0.015873 0.025022 0.101673
v 0.014105 0.027249 0.101930
v 0.013230 0.026880 0.102350
v 0.014095 0.027379 0.101987
v 0.013209 0.026999 0.102390
v 0.013821 0.027414 0.102137
v 0.013274 0.027188 0.102369
v 0.013344 0.027401 0.102312
v 0.013915 0.027679 0.102069
v 0.014241 0.027697 0.101933
v 0.014533 0.027955 0.101761
v 0.014966 0.028229 0.101493
v 0.015337 0.028531 0.101211
v 0.015487 0.028374 0.101181
v 0.015893 0.028634 0.100878
v 0.016306 0.028896 0.100530
v 0.016305 0.028658 0.100580
v 0.016865 0.028947 0.100098
v 0.016901 0.028774 0.100074
v 0.017432 0.029059 0.099570
v 0.017753 0.029265 0.099230
v 0.018210 0.029410 0.098726
v 0.018573 0.029535 0.098291
v 0.018423 0.029834 0.098314
v 0.018689 0.030029 0.097886
v 0.016800 0.029130 0.100100
v 0.017300 0.029372 0.099611
v 0.017626 0.029595 0.099222
v 0.018147 0.029657 0.098699
v 0.018090 0.029871 0.098630
v 0.018990 0.029940 0.097596
v 0.019163 0.030128 0.097227
v 0.019413 0.029333 0.097492
v 0.019179 0.029033 0.097957
v 0.018939 0.028789 0.098365
v 0.018638 0.028571 0.098777
v 0.018144 0.028252 0.099357
v 0.017643 0.027910 0.099895
v 0.018282 0.028176 0.099331
v 0.017903 0.027871 0.099785
v 0.018402 0.028056 0.099318
v 0.018101 0.027734 0.099726
v 0.017767 0.027516 0.100072
v 0.019712 0.029365 0.097094
v 0.019244 0.028834 0.098041
v 0.019641 0.029028 0.097438
v 0.019393 0.028696 0.097966
v 0.018969 0.028314 0.098653
v 0.018552 0.027958 0.099234
v 0.017480 0.027189 0.100401
v 0.017500 0.027549 0.100230
v 0.016973 0.027012 0.100794
v 0.016416 0.026568 0.101247
v 0.015928 0.026399 0.101537
v 0.015509 0.026351 0.101697
v 0.014900 0.026073 0.101967
v 0.014409 0.025780 0.102195
v 0.014507 0.025974 0.102052
v 0.013626 0.025589 0.102238
v 0.015430 0.026061 0.101843
v 0.014838 0.025786 0.102125
v 0.014456 0.025649 0.102259
v 0.015083 0.025772 0.102043
v 0.014279 0.025439 0.102370
v 0.015404 0.026480 0.101625
v 0.016016 0.026662 0.101381
v 0.016573 0.026906 0.101045
v 0.016034 0.026884 0.101219
v 0.016760 0.027345 0.100680
v 0.016453 0.027026 0.101017
v 0.017133 0.027410 0.100502
v 0.019347 0.029530 0.097427
v 0.019501 0.029693 0.097129
v 0.019149 0.029660 0.097578
v 0.018864 0.029687 0.097898
v 0.016127 0.028419 0.100721
v 0.015735 0.028135 0.100987
v 0.014883 0.027702 0.101537
v 0.014916 0.027969 0.101562
v 0.015339 0.028059 0.101286
v 0.018861 0.028456 0.098676
v 0.013522 0.027899 0.102115
v 0.013128 0.027327 0.102371
v 0.012883 0.027233 0.102395
v 0.013294 0.027756 0.102193
v 0.013907 0.028614 0.101749
v 0.013600 0.028323 0.101923
v 0.013918 0.029071 0.101500
v 0.013559 0.028717 0.101678
v 0.013033 0.027833 0.102096
v 0.012630 0.027151 0.102345
v 0.013845 0.029296 0.101329
v 0.014324 0.030225 0.100678
v 0.014212 0.029801 0.101009
v 0.014563 0.030280 0.100647
v 0.014775 0.030790 0.100223
v 0.015010 0.031067 0.099953
v 0.015295 0.031302 0.099663
v 0.015576 0.031636 0.099238
v 0.015751 0.032156 0.098659
v 0.015339 0.031668 0.099327
v 0.015574 0.032221 0.098693
v 0.015301 0.032093 0.098922
v 0.015091 0.031681 0.099374
v 0.014549 0.030661 0.100328
v 0.014810 0.031198 0.099853
v 0.015613 0.033069 0.097732
v 0.015565 0.033385 0.097390
v 0.015835 0.033424 0.097151
v 0.015471 0.033668 0.097109
v 0.014984 0.033723 0.097395
v 0.014753 0.033578 0.097735
v 0.014485 0.033438 0.098070
v 0.014559 0.033090 0.098406
v 0.014269 0.033005 0.098670
v 0.013959 0.032637 0.099180
v 0.013676 0.032291 0.099611
v 0.013728 0.032050 0.099782
v 0.013331 0.031764 0.100166
v 0.013491 0.031480 0.100274
v 0.013165 0.031297 0.100552
v 0.012921 0.030900 0.100881
v 0.012622 0.030518 0.101192
v 0.012368 0.030089 0.101482
v 0.012216 0.029694 0.101696
v 0.011937 0.029459 0.101870
v 0.011867 0.029025 0.102037
v 0.011652 0.028992 0.102110
v 0.011391 0.028411 0.102349
v 0.011404 0.028186 0.102389
v 0.011490 0.028085 0.102354
v 0.011495 0.027845 0.102334
v 0.015447 0.033428 0.097418
v 0.015166 0.033341 0.097711
v 0.014826 0.033394 0.097904
v 0.014833 0.033073 0.098219
v 0.014494 0.032733 0.098767
v 0.014153 0.032463 0.099218
v 0.014099 0.032101 0.099494
v 0.013819 0.031711 0.099919
v 0.013202 0.030890 0.100726
v 0.013540 0.031168 0.100361
v 0.012673 0.030177 0.101311
v 0.013003 0.030363 0.101023
v 0.012590 0.029706 0.101465
v 0.012243 0.029334 0.101773
v 0.011868 0.028696 0.102086
v 0.012070 0.028820 0.101928
v 0.011334 0.028562 0.102312
v 0.015815 0.033052 0.097634
v 0.016011 0.032984 0.097575
v 0.015796 0.032574 0.098200
v 0.015136 0.030856 0.100071
v 0.014906 0.030465 0.100438
v 0.014675 0.030050 0.100785
v 0.014312 0.029386 0.101274
v 0.014162 0.028717 0.101628
v 0.013258 0.028048 0.102035
v 0.014370 0.029737 0.101052
v 0.015505 0.032609 0.098306
v 0.013637 0.025507 0.102329
v 0.013631 0.025549 0.102288
v 0.013630 0.025556 0.102280
v 0.013630 0.025557 0.102278
v 0.013629 0.025559 0.102276
v 0.013629 0.025561 0.102274
v 0.013629 0.025562 0.102272
v 0.013629 0.025564 0.102270
v 0.013628 0.025566 0.102268
v 0.013628 0.025567 0.102266
v 0.013628 0.025569 0.102264
v 0.013628 0.025570 0.102262
v 0.013628 0.025572 0.102260
v 0.013627 0.025574 0.102258
v 0.013627 0.025575 0.102256
v 0.013627 0.025577 0.102254
v 0.013627 0.025578 0.102252
v 0.013627 0.025580 0.102250
v 0.013627 0.025581 0.102248
v 0.013626 0.025584 0.102244
v 0.013626 0.025587 0.102240
v 0.013656 0.025408 0.102398
v 0.013643 0.025474 0.102355
v 0.013643 0.025476 0.102353
v 0.013643 0.025478 0.102352
v 0.013642 0.025480 0.102350
v 0.013641 0.025486 0.102345
v 0.013641 0.025488 0.102344
v 0.013640 0.025490 0.102342
v 0.013637 0.025507 0.102329
v 0.013637 0.025511 0.102325
v 0.013636 0.025513 0.102323
v 0.013637 0.025511 0.102325
v 0.013636 0.025519 0.102318
v 0.013637 0.025507 0.102329
v 0.013635 0.025524 0.102312
v 0.013637 0.025507 0.102329
v 0.013632 0.025540 0.102296
v 0.013632 0.025542 0.102295
v 0.013632 0.025544 0.102293
v 0.013682 0.025296 0.102441
v 0.013666 0.025362 0.102418
v 0.013665 0.025371 0.102415
v 0.013664 0.025373 0.102414
v 0.013662 0.025382 0.102410
v 0.013665 0.025371 0.102414
v 0.013660 0.025391 0.102405
v 0.013660 0.025393 0.102404
v 0.013659 0.025395 0.102403
v 0.013659 0.025398 0.102402
v 0.013658 0.025400 0.102401
v 0.013658 0.025402 0.102400
v 0.013657 0.025404 0.102398
v 0.013657 0.025406 0.102397
v 0.013656 0.025409 0.102396
v 0.013656 0.025411 0.102395
v 0.013655 0.025413 0.102394
v 0.013655 0.025415 0.102393
v 0.013655 0.025417 0.102391
v 0.013654 0.025420 0.102390
v 0.013654 0.025422 0.102389
v 0.013653 0.025424 0.102388
v 0.013653 0.025426 0.102386
v 0.013652 0.025428 0.102385
v 0.013651 0.025432 0.102384
v 0.013651 0.025435 0.102381
v 0.013651 0.025437 0.102380
v 0.013646 0.025459 0.102366
v 0.013712 0.025178 0.102456
v 0.013693 0.025248 0.102450
v 0.013693 0.025250 0.102450
v 0.013692 0.025253 0.102450
v 0.013692 0.025255 0.102449
v 0.013691 0.025258 0.102449
v 0.013682 0.025295 0.102441
v 0.013689 0.025267 0.102447
v 0.013688 0.025270 0.102447
v 0.013688 0.025272 0.102446
v 0.013687 0.025274 0.102446
v 0.013686 0.025277 0.102445
v 0.013686 0.025279 0.102444
v 0.013684 0.025287 0.102443
v 0.013682 0.025293 0.102441
v 0.013682 0.025296 0.102440
v 0.013681 0.025298 0.102440
v 0.013681 0.025300 0.102439
v 0.013680 0.025303 0.102439
v 0.013680 0.025305 0.102438
v 0.013682 0.025296 0.102441
v 0.013677 0.025317 0.102434
v 0.013676 0.025319 0.102434
v 0.013676 0.025322 0.102433
v 0.013675 0.025324 0.102432
v 0.013675 0.025326 0.102431
v 0.013674 0.025329 0.102431
v 0.013673 0.025331 0.102430
v 0.013673 0.025333 0.102429
v 0.013672 0.025336 0.102428
v 0.013672 0.025338 0.102427
v 0.013671 0.025340 0.102427
v 0.013671 0.025343 0.102426
v 0.013670 0.025345 0.102425
v 0.013670 0.025347 0.102424
v 0.013669 0.025350 0.102423
v 0.013745 0.025061 0.102441
v 0.013712 0.025177 0.102456
v 0.013712 0.025177 0.102456
v 0.013722 0.025142 0.102454
v 0.013721 0.025144 0.102454
v 0.013720 0.025146 0.102455
v 0.013720 0.025149 0.102455
v 0.013712 0.025177 0.102456
v 0.013718 0.025156 0.102455
v 0.013712 0.025178 0.102456
v 0.013715 0.025167 0.102456
v 0.013712 0.025176 0.102456
v 0.013712 0.025178 0.102456
v 0.013711 0.025180 0.102456
v 0.013710 0.025186 0.102456
v 0.013707 0.025195 0.102455
v 0.013706 0.025197 0.102455
v 0.013706 0.025200 0.102455
v 0.013705 0.025202 0.102455
v 0.013705 0.025206 0.102455
v 0.013703 0.025209 0.102455
v 0.013703 0.025212 0.102455
v 0.013702 0.025214 0.102454
v 0.013712 0.025178 0.102456
v 0.013697 0.025236 0.102452
v 0.013779 0.024951 0.102398
v 0.013744 0.025065 0.102441
v 0.013743 0.025067 0.102442
v 0.013742 0.025070 0.102443
v 0.013741 0.025072 0.102443
v 0.013741 0.025074 0.102444
v 0.013740 0.025077 0.102444
v 0.013739 0.025079 0.102445
v 0.013739 0.025081 0.102445
v 0.013738 0.025084 0.102446
v 0.013737 0.025086 0.102446
v 0.013737 0.025089 0.102447
v 0.013736 0.025091 0.102447
v 0.013735 0.025093 0.102448
v 0.013734 0.025096 0.102448
v 0.013734 0.025098 0.102449
v 0.013733 0.025102 0.102449
v 0.013732 0.025105 0.102450
v 0.013731 0.025108 0.102450
v 0.013730 0.025110 0.102451
v 0.013728 0.025118 0.102452
v 0.013812 0.024856 0.102329
v 0.013793 0.024910 0.102371
v 0.013779 0.024951 0.102398
v 0.013786 0.024929 0.102383
v 0.013786 0.024931 0.102384
v 0.013785 0.024933 0.102386
v 0.013784 0.024935 0.102387
v 0.013784 0.024937 0.102388
v 0.013783 0.024939 0.102389
v 0.013782 0.024941 0.102391
v 0.013782 0.024944 0.102393
v 0.013779 0.024951 0.102398
v 0.013779 0.024952 0.102398
v 0.013777 0.024956 0.102399
v 0.013777 0.024958 0.102400
v 0.013776 0.024960 0.102401
v 0.013775 0.024963 0.102402
v 0.013778 0.024954 0.102399
v 0.013772 0.024971 0.102407
v 0.013772 0.024973 0.102408
v 0.013771 0.024976 0.102409
v 0.013770 0.024978 0.102410
v 0.013768 0.024985 0.102413
v 0.013767 0.024987 0.102414
v 0.013763 0.025003 0.102421
v 0.013823 0.024825 0.102297
v 0.013823 0.024827 0.102299
v 0.013822 0.024829 0.102301
v 0.013822 0.024831 0.102303
v 0.013812 0.024856 0.102329
v 0.013820 0.024836 0.102308
v 0.013848 0.024757 0.102230
v 0.013814 0.024851 0.102324
v 0.013815 0.024848 0.102320
v 0.013814 0.024849 0.102322
v 0.013814 0.024851 0.102324
v 0.013813 0.024853 0.102325
v 0.013812 0.024855 0.102327
v 0.013812 0.024857 0.102329
v 0.013811 0.024858 0.102330
v 0.013810 0.024860 0.102332
v 0.013810 0.024862 0.102334
v 0.013809 0.024864 0.102335
v 0.013808 0.024866 0.102337
v 0.013808 0.024867 0.102338
v 0.013807 0.024869 0.102340
v 0.013804 0.024877 0.102346
v 0.013812 0.024856 0.102329
v 0.013802 0.024883 0.102351
v 0.013802 0.024884 0.102352
v 0.013801 0.024886 0.102354
v 0.013800 0.024888 0.102355
v 0.013800 0.024890 0.102357
v 0.013799 0.024892 0.102358
v 0.013798 0.024894 0.102360
v 0.013798 0.024896 0.102361
v 0.013797 0.024898 0.102363
v 0.013796 0.024900 0.102364
v 0.013795 0.024902 0.102366
v 0.013842 0.024781 0.102240
v 0.013841 0.024782 0.102242
v 0.013842 0.024781 0.102240
v 0.013839 0.024786 0.102248
v 0.013839 0.024788 0.102250
v 0.013838 0.024789 0.102252
v 0.013838 0.024790 0.102254
v 0.013837 0.024792 0.102256
v 0.013836 0.024793 0.102258
v 0.013836 0.024795 0.102260
v 0.013835 0.024796 0.102262
v 0.013835 0.024798 0.102264
v 0.013834 0.024799 0.102266
v 0.013833 0.024801 0.102268
v 0.013833 0.024802 0.102270
v 0.013832 0.024804 0.102272
v 0.013832 0.024805 0.102274
v 0.013828 0.024814 0.102285
v 0.014505 0.025389 0.102312
v 0.013893 0.025037 0.102429
v 0.014080 0.025172 0.102433
v 0.014310 0.025321 0.102381
v 0.014384 0.025314 0.102357
v 0.014505 0.025389 0.102312
v 0.013831 0.025202 0.102465
v 0.014030 0.025337 0.102439
v 0.014504 0.025391 0.102312
v 0.013808 0.025360 0.102439
v 0.013759 0.025503 0.102367
v 0.014011 0.025468 0.102398
v 0.014275 0.025381 0.102384
v 0.014359 0.025405 0.102357
v 0.014504 0.025392 0.102312
v 0.014504 0.025392 0.102312
v 0.014355 0.025418 0.102355
v 0.014504 0.025392 0.102312
v 0.014504 0.025391 0.102312
v 0.014504 0.025391 0.102312
v 0.014505 0.025389 0.102312
v 0.014387 0.025301 0.102356
v 0.014370 0.025367 0.102359
v 0.014367 0.025378 0.102359
v 0.013813 0.023603 0.102329
v 0.013832 0.023652 0.102276
v 0.013832 0.023653 0.102274
v 0.013833 0.023655 0.102272
v 0.013833 0.023656 0.102270
v 0.013835 0.023661 0.102263
v 0.013836 0.023664 0.102260
v 0.013837 0.023665 0.102258
v 0.013838 0.023667 0.102256
v 0.013838 0.023668 0.102254
v 0.013839 0.023670 0.102252
v 0.013840 0.023671 0.102250
v 0.013840 0.023672 0.102248
v 0.013841 0.023674 0.102246
v 0.013841 0.023675 0.102244
v 0.013842 0.023677 0.102242
v 0.013843 0.023678 0.102240
v 0.013779 0.023507 0.102398
v 0.013796 0.023557 0.102366
v 0.013800 0.023568 0.102358
v 0.013801 0.023570 0.102356
v 0.013801 0.023571 0.102355
v 0.013802 0.023573 0.102353
v 0.013803 0.023575 0.102352
v 0.013803 0.023577 0.102350
v 0.013804 0.023579 0.102349
v 0.013805 0.023581 0.102347
v 0.013807 0.023587 0.102342
v 0.013807 0.023589 0.102341
v 0.013808 0.023590 0.102339
v 0.013809 0.023592 0.102338
v 0.013809 0.023594 0.102336
v 0.013810 0.023596 0.102334
v 0.013811 0.023598 0.102333
v 0.013817 0.023614 0.102319
v 0.013745 0.023398 0.102441
v 0.013768 0.023473 0.102414
v 0.013769 0.023475 0.102413
v 0.013779 0.023506 0.102398
v 0.013772 0.023484 0.102409
v 0.013773 0.023486 0.102407
v 0.013773 0.023489 0.102406
v 0.013773 0.023486 0.102407
v 0.013775 0.023495 0.102403
v 0.013778 0.023503 0.102399
v 0.013780 0.023508 0.102396
v 0.013780 0.023511 0.102394
v 0.013782 0.023514 0.102393
v 0.013780 0.023510 0.102396
v 0.013787 0.023529 0.102384
v 0.013787 0.023531 0.102383
v 0.013788 0.023533 0.102381
v 0.013790 0.023536 0.102380
v 0.013790 0.023541 0.102376
v 0.013792 0.023544 0.102375
v 0.013712 0.023281 0.102456
v 0.013738 0.023372 0.102447
v 0.013743 0.023391 0.102443
v 0.013740 0.023379 0.102445
v 0.013740 0.023381 0.102445
v 0.013745 0.023398 0.102441
v 0.013742 0.023388 0.102443
v 0.013743 0.023391 0.102442
v 0.013744 0.023393 0.102442
v 0.013745 0.023395 0.102441
v 0.013745 0.023398 0.102441
v 0.013746 0.023400 0.102440
v 0.013747 0.023402 0.102439
v 0.013748 0.023406 0.102439
v 0.013743 0.023393 0.102443
v 0.013752 0.023421 0.102434
v 0.013762 0.023453 0.102423
v 0.013682 0.023163 0.102441
v 0.013712 0.023281 0.102456
v 0.013706 0.023256 0.102455
v 0.013706 0.023259 0.102455
v 0.013707 0.023261 0.102455
v 0.013709 0.023270 0.102456
v 0.013712 0.023278 0.102456
v 0.013712 0.023281 0.102456
v 0.013713 0.023283 0.102456
v 0.013716 0.023294 0.102456
v 0.013712 0.023281 0.102456
v 0.013719 0.023305 0.102455
v 0.013712 0.023281 0.102456
v 0.013721 0.023312 0.102455
v 0.013721 0.023314 0.102455
v 0.013722 0.023317 0.102454
v 0.013723 0.023319 0.102454
v 0.013723 0.023322 0.102454
v 0.013725 0.023325 0.102454
v 0.013725 0.023329 0.102453
v 0.013726 0.023331 0.102453
v 0.013727 0.023334 0.102453
v 0.013731 0.023347 0.102451
v 0.013657 0.023051 0.102398
v 0.013682 0.023163 0.102441
v 0.013673 0.023124 0.102429
v 0.013674 0.023126 0.102430
v 0.013674 0.023129 0.102430
v 0.013675 0.023131 0.102431
v 0.013675 0.023133 0.102432
v 0.013676 0.023136 0.102433
v 0.013676 0.023138 0.102433
v 0.013678 0.023145 0.102436
v 0.013679 0.023148 0.102436
v 0.013679 0.023150 0.102437
v 0.013680 0.023152 0.102438
v 0.013680 0.023155 0.102438
v 0.013681 0.023157 0.102439
v 0.013682 0.023160 0.102440
v 0.013682 0.023162 0.102440
v 0.013683 0.023164 0.102441
v 0.013683 0.023167 0.102441
v 0.013684 0.023169 0.102442
v 0.013684 0.023171 0.102443
v 0.013685 0.023174 0.102443
v 0.013686 0.023176 0.102444
v 0.013686 0.023179 0.102444
v 0.013687 0.023181 0.102445
v 0.013687 0.023184 0.102445
v 0.013688 0.023186 0.102446
v 0.013688 0.023188 0.102446
v 0.013689 0.023191 0.102447
v 0.013690 0.023193 0.102447
v 0.013690 0.023196 0.102448
v 0.013691 0.023198 0.102448
v 0.013691 0.023200 0.102449
v 0.013682 0.023164 0.102441
v 0.013698 0.023226 0.102453
v 0.013638 0.022951 0.102329
v 0.013649 0.023010 0.102373
v 0.013649 0.023012 0.102374
v 0.013651 0.023021 0.102379
v 0.013651 0.023023 0.102381
v 0.013652 0.023025 0.102382
v 0.013652 0.023027 0.102383
v 0.013653 0.023029 0.102385
v 0.013653 0.023031 0.102386
v 0.013654 0.023034 0.102387
v 0.013654 0.023036 0.102388
v 0.013654 0.023038 0.102390
v 0.013655 0.023040 0.102391
v 0.013655 0.023042 0.102392
v 0.013656 0.023044 0.102393
v 0.013656 0.023047 0.102394
v 0.013657 0.023049 0.102396
v 0.013657 0.023051 0.102397
v 0.013658 0.023053 0.102398
v 0.013658 0.023056 0.102399
v 0.013659 0.023058 0.102400
v 0.013659 0.023060 0.102401
v 0.013657 0.023051 0.102398
v 0.013661 0.023071 0.102407
v 0.013662 0.023073 0.102408
v 0.013662 0.023076 0.102409
v 0.013663 0.023078 0.102410
v 0.013663 0.023080 0.102411
v 0.013664 0.023082 0.102412
v 0.013657 0.023052 0.102398
v 0.013666 0.023092 0.102416
v 0.013657 0.023053 0.102399
v 0.013667 0.023099 0.102419
v 0.013669 0.023106 0.102422
v 0.013638 0.022949 0.102327
v 0.013635 0.022934 0.102312
v 0.013635 0.022935 0.102314
v 0.013638 0.022948 0.102326
v 0.013636 0.022941 0.102319
v 0.013637 0.022943 0.102320
v 0.013637 0.022945 0.102322
v 0.013637 0.022946 0.102324
v 0.013638 0.022951 0.102327
v 0.013638 0.022954 0.102330
v 0.013639 0.022956 0.102332
v 0.013639 0.022958 0.102334
v 0.013639 0.022960 0.102335
v 0.013640 0.022962 0.102337
v 0.013640 0.022964 0.102338
v 0.013641 0.022965 0.102340
v 0.013641 0.022967 0.102342
v 0.013641 0.022969 0.102343
v 0.013642 0.022971 0.102345
v 0.013642 0.022973 0.102346
v 0.013642 0.022975 0.102348
v 0.013643 0.022977 0.102349
v 0.013643 0.022979 0.102351
v 0.013643 0.022981 0.102352
v 0.013644 0.022983 0.102354
v 0.013644 0.022985 0.102355
v 0.013645 0.022987 0.102357
v 0.013645 0.022989 0.102358
v 0.013645 0.022991 0.102360
v 0.013647 0.023002 0.102367
v 0.013626 0.022872 0.102240
v 0.013627 0.022873 0.102242
v 0.013627 0.022874 0.102244
v 0.013627 0.022876 0.102246
v 0.013627 0.022877 0.102248
v 0.013627 0.022879 0.102250
v 0.013627 0.022880 0.102252
v 0.013628 0.022882 0.102254
v 0.013628 0.022883 0.102256
v 0.013628 0.022885 0.102258
v 0.013628 0.022887 0.102260
v 0.013628 0.022888 0.102262
v 0.013629 0.022890 0.102264
v 0.013629 0.022891 0.102266
v 0.013629 0.022893 0.102268
v 0.013629 0.022894 0.102270
v 0.013631 0.022909 0.102287
v 0.014504 0.023067 0.102312
v 0.013799 0.023079 0.102433
v 0.013826 0.023212 0.102462
v 0.014050 0.023175 0.102443
v 0.014283 0.023103 0.102387
v 0.014370 0.023091 0.102359
v 0.014505 0.023068 0.102312
v 0.014505 0.023068 0.102312
v 0.014374 0.023103 0.102359
v 0.014505 0.023068 0.102312
v 0.013850 0.023336 0.102456
v 0.013901 0.023466 0.102409
v 0.014096 0.023296 0.102427
v 0.014323 0.023222 0.102374
v 0.014383 0.023139 0.102358
v 0.014386 0.023153 0.102357
v 0.014505 0.023069 0.102312
v 0.014505 0.023070 0.102312
v 0.014390 0.023167 0.102355
v 0.014505 0.023070 0.102312
v 0.014505 0.023069 0.102312
v 0.014505 0.023069 0.102312
v 0.014504 0.023067 0.102312
v 0.014504 0.023067 0.102312
v 0.014359 0.023053 0.102357
v 0.014363 0.023065 0.102358
v 0.014377 0.023115 0.102359
v 0.014380 0.023126 0.102359
v 0.012227 0.021758 0.102332
v 0.012371 0.021840 0.102411
v 0.012679 0.021394 0.102408
v 0.012765 0.021479 0.102451
v 0.012531 0.021997 0.102424
v 0.012642 0.022166 0.102338
v 0.012945 0.021651 0.102444
v 0.013018 0.021729 0.102401
v 0.012856 0.021569 0.102464
v 0.010631 0.020821 0.102205
v 0.010727 0.021122 0.102348
v 0.010911 0.021060 0.102417
v 0.010914 0.020534 0.102403
v 0.011034 0.020532 0.102450
v 0.011090 0.021145 0.102423
v 0.011291 0.021177 0.102336
v 0.011386 0.020637 0.102401
v 0.011289 0.020601 0.102444
v 0.011163 0.020585 0.102464
v 0.011078 0.020184 0.102388
v 0.011199 0.020029 0.102360
v 0.011332 0.019894 0.102312
v 0.011246 0.020109 0.102389
v 0.011333 0.019896 0.102313
v 0.011309 0.020030 0.102359
v 0.011333 0.019896 0.102313
v 0.011320 0.020033 0.102359
v 0.011333 0.019896 0.102313
v 0.011333 0.020037 0.102358
v 0.011334 0.019896 0.102313
v 0.011347 0.020041 0.102357
v 0.011334 0.019896 0.102313
v 0.011360 0.020045 0.102356
v 0.011334 0.019896 0.102313
v 0.010995 0.020345 0.102405
v 0.010838 0.020464 0.102343
v 0.011159 0.020315 0.102436
v 0.011261 0.020284 0.102430
v 0.011334 0.020380 0.102426
v 0.013343 0.021056 0.102312
v 0.013004 0.021378 0.102443
v 0.013166 0.021201 0.102388
v 0.013343 0.021057 0.102312
v 0.013344 0.021057 0.102312
v 0.013248 0.021153 0.102359
v 0.013344 0.021057 0.102312
v 0.013082 0.021469 0.102432
v 0.013173 0.021512 0.102398
v 0.013223 0.021258 0.102385
v 0.013284 0.021190 0.102357
v 0.013345 0.021058 0.102312
v 0.013345 0.021058 0.102312
v 0.013293 0.021200 0.102355
v 0.013345 0.021058 0.102312
v 0.013344 0.021057 0.102312
v 0.013344 0.021057 0.102312
v 0.013343 0.021056 0.102312
v 0.013343 0.021056 0.102312
v 0.013210 0.021116 0.102357
v 0.013220 0.021125 0.102358
v 0.013256 0.021161 0.102359
v 0.013264 0.021169 0.102359
v 0.013035 0.026911 0.102440
v 0.013114 0.027154 0.102417
v 0.013271 0.027333 0.102349
v 0.012944 0.027168 0.102424
v 0.011310 0.028039 0.102436
v 0.011296 0.028220 0.102414
v 0.011320 0.028425 0.102358
v 0.011308 0.028428 0.102359
v 0.011333 0.028562 0.102312
v 0.011333 0.028562 0.102312
v 0.011194 0.028198 0.102427
v 0.011297 0.028431 0.102359
v 0.011332 0.028562 0.102312
v 0.011047 0.028051 0.102435
v 0.011118 0.028277 0.102396
v 0.011331 0.028563 0.102312
v 0.011360 0.028413 0.102355
v 0.011334 0.028562 0.102312
v 0.011332 0.028562 0.102312
v 0.011332 0.028562 0.102312
v 0.011333 0.028562 0.102312
v 0.011334 0.028562 0.102312
v 0.011272 0.028438 0.102358
v 0.011285 0.028434 0.102359
v 0.011333 0.028421 0.102357
v 0.011347 0.028417 0.102356
v 0.010198 0.013486 0.097229
v 0.010790 0.013882 0.097799
v 0.010727 0.014192 0.098196
v 0.010941 0.014574 0.098665
v 0.010676 0.014684 0.098747
v 0.011034 0.015033 0.099164
v 0.010740 0.015127 0.099213
v 0.011039 0.015458 0.099586
v 0.011072 0.015904 0.099988
v 0.011054 0.016234 0.100255
v 0.011041 0.016902 0.100750
v 0.011141 0.017535 0.101179
v 0.011091 0.018270 0.101585
v 0.011213 0.018756 0.101844
v 0.011014 0.018991 0.101906
v 0.011111 0.019469 0.102137
v 0.010940 0.019706 0.102164
v 0.010821 0.019833 0.102125
v 0.010728 0.015514 0.099561
v 0.010754 0.015912 0.099909
v 0.010857 0.016505 0.100411
v 0.010889 0.017373 0.101006
v 0.010918 0.018306 0.101543
v 0.010173 0.013721 0.097536
v 0.010173 0.013623 0.097415
v 0.010408 0.013821 0.097688
v 0.010185 0.014228 0.098108
v 0.010512 0.014265 0.098238
v 0.010348 0.014595 0.098524
v 0.010370 0.015338 0.099207
v 0.010483 0.016478 0.100136
v 0.010724 0.016542 0.100366
v 0.010610 0.017188 0.100690
v 0.010769 0.017428 0.100968
v 0.010614 0.017956 0.101113
v 0.010801 0.018344 0.101487
v 0.010843 0.019045 0.101839
v 0.010549 0.018604 0.101359
v 0.010613 0.019278 0.101697
v 0.011273 0.019355 0.102107
v 0.011238 0.018062 0.101485
v 0.011275 0.017005 0.100831
v 0.011193 0.016566 0.100517
v 0.010990 0.014147 0.098143
v 0.010621 0.013489 0.097235
v 0.006497 0.024771 0.102228
v 0.006407 0.024672 0.102098
v 0.006771 0.024538 0.102096
v 0.006784 0.024388 0.102042
v 0.006789 0.024229 0.102024
v 0.006784 0.024071 0.102042
v 0.006799 0.023852 0.102139
v 0.006496 0.023688 0.102227
v 0.005931 0.023786 0.101948
v 0.005217 0.023789 0.101695
v 0.004554 0.023850 0.101364
v 0.003890 0.023787 0.101109
v 0.003086 0.023795 0.100661
v 0.003172 0.023921 0.100611
v 0.002551 0.023995 0.100177
v 0.001890 0.023999 0.099706
v 0.001919 0.024229 0.099683
v 0.001312 0.024229 0.099198
v 0.001272 0.024427 0.099200
v 0.000722 0.024392 0.098694
v 0.000290 0.024412 0.098273
v 0.000187 0.024229 0.098128
v -0.000192 0.024439 0.097738
v 0.001292 0.024035 0.099216
v 0.000734 0.024229 0.098679
v 0.000712 0.024064 0.098685
v 0.000332 0.024043 0.098317
v -0.000012 0.024019 0.097953
v -0.000329 0.024227 0.097545
v 0.001846 0.024463 0.099673
v 0.002552 0.024229 0.100133
v 0.003211 0.024149 0.100548
v 0.003856 0.023921 0.100989
v 0.002436 0.024544 0.100149
v 0.003125 0.024667 0.100686
v 0.003172 0.024538 0.100611
v 0.003856 0.024538 0.100989
v 0.003890 0.024667 0.101105
v 0.004498 0.024610 0.101339
v 0.005282 0.024538 0.101625
v 0.005218 0.024673 0.101698
v 0.006022 0.024468 0.101845
v 0.006034 0.023994 0.101848
v 0.005282 0.023921 0.101625
v 0.005312 0.024147 0.101558
v 0.004587 0.024152 0.101258
v 0.003894 0.024147 0.100925
v 0.006042 0.024229 0.101811
v 0.005301 0.024388 0.101573
v 0.004582 0.024388 0.101276
v 0.003881 0.024388 0.100939
v 0.003200 0.024388 0.100563
v 0.002542 0.024388 0.100149
v 0.006712 0.022902 0.102271
v 0.006689 0.022729 0.102098
v 0.007071 0.022796 0.102096
v 0.007158 0.022673 0.102042
v 0.007242 0.022538 0.102024
v 0.007376 0.022348 0.102067
v 0.007441 0.022122 0.102203
v 0.006723 0.021726 0.101950
v 0.006101 0.021370 0.101696
v 0.005492 0.021091 0.101361
v 0.004961 0.020709 0.101115
v 0.004274 0.020319 0.100677
v 0.004262 0.020461 0.100609
v 0.003687 0.020212 0.100176
v 0.003116 0.019886 0.099708
v 0.003022 0.020101 0.099680
v 0.002496 0.019798 0.099194
v 0.002367 0.019948 0.099199
v 0.001901 0.019641 0.098686
v 0.001518 0.019443 0.098267
v 0.001521 0.019235 0.098123
v 0.001117 0.019318 0.097830
v 0.001074 0.018976 0.097541
v 0.003627 0.019817 0.100228
v 0.002581 0.019619 0.099217
v 0.001995 0.019509 0.098675
v 0.002060 0.019357 0.098684
v 0.001741 0.019147 0.098314
v 0.001225 0.018932 0.097682
v 0.002845 0.020267 0.099673
v 0.003570 0.020418 0.100131
v 0.004178 0.020680 0.100544
v 0.004854 0.020803 0.100988
v 0.003307 0.020631 0.100145
v 0.003854 0.021090 0.100691
v 0.003953 0.020996 0.100609
v 0.004545 0.021338 0.100987
v 0.004512 0.021468 0.101104
v 0.005063 0.021720 0.101337
v 0.005820 0.021994 0.101588
v 0.005660 0.022137 0.101699
v 0.006463 0.022361 0.101845
v 0.006191 0.022680 0.102182
v 0.006729 0.021885 0.101881
v 0.006090 0.021516 0.101625
v 0.006669 0.022024 0.101828
v 0.006032 0.021656 0.101573
v 0.005409 0.021296 0.101276
v 0.004801 0.020945 0.100938
v 0.006594 0.022164 0.101810
v 0.005958 0.021797 0.101555
v 0.005301 0.021505 0.101259
v 0.004685 0.021155 0.100920
v 0.004052 0.020880 0.100562
v 0.003482 0.020550 0.100147
v 0.008203 0.021438 0.102096
v 0.008022 0.021411 0.102170
v 0.007734 0.020767 0.101899
v 0.007320 0.020171 0.101700
v 0.007002 0.019503 0.101338
v 0.006650 0.019008 0.101105
v 0.006275 0.018361 0.100698
v 0.006038 0.017694 0.100153
v 0.005804 0.017134 0.099672
v 0.005552 0.016618 0.099197
v 0.006042 0.017077 0.099679
v 0.005739 0.016552 0.099192
v 0.006230 0.016940 0.099705
v 0.005870 0.016462 0.099207
v 0.006124 0.016374 0.099392
v 0.006616 0.017007 0.100105
v 0.006606 0.017436 0.100191
v 0.007025 0.017904 0.100685
v 0.007418 0.018573 0.101113
v 0.007692 0.019172 0.101365
v 0.008079 0.019727 0.101698
v 0.008418 0.020310 0.101937
v 0.008862 0.021038 0.102204
v 0.008655 0.021155 0.102048
v 0.008430 0.021395 0.102042
v 0.007965 0.020726 0.101828
v 0.007458 0.020147 0.101624
v 0.005582 0.015951 0.098680
v 0.005449 0.016051 0.098672
v 0.005176 0.015576 0.098120
v 0.005297 0.016116 0.098681
v 0.005063 0.015741 0.098247
v 0.005310 0.015489 0.098141
v 0.004919 0.015129 0.097538
v 0.005061 0.015140 0.097646
v 0.004751 0.015121 0.097432
v 0.004941 0.015385 0.097821
v 0.008362 0.020478 0.101881
v 0.007993 0.019838 0.101624
v 0.007279 0.018602 0.100987
v 0.006937 0.018009 0.100608
v 0.008240 0.020567 0.101828
v 0.007873 0.019930 0.101572
v 0.007513 0.019307 0.101275
v 0.007162 0.018699 0.100937
v 0.006821 0.018108 0.100560
v 0.006491 0.017538 0.100145
v 0.008106 0.020652 0.101810
v 0.007663 0.020052 0.101553
v 0.007308 0.019433 0.101258
v 0.006953 0.018824 0.100919
v 0.006688 0.018196 0.100544
v 0.006287 0.017665 0.100129
v 0.006467 0.018271 0.100558
v 0.006744 0.018911 0.100987
v 0.008868 0.020633 0.102345
v 0.008544 0.019989 0.102146
v 0.008864 0.020439 0.102360
v 0.008856 0.020242 0.102348
v 0.008669 0.019748 0.102187
v 0.008960 0.020109 0.102368
v 0.008652 0.019473 0.102106
v 0.009008 0.019896 0.102313
v 0.009009 0.019892 0.102311
v 0.008342 0.019203 0.101922
v 0.007824 0.018604 0.101496
v 0.007245 0.017937 0.100915
v 0.006960 0.017292 0.100491
v 0.007081 0.017168 0.100508
v 0.007185 0.017053 0.100484
v 0.007027 0.016738 0.100208
v 0.008353 0.018915 0.101823
v 0.008010 0.018437 0.101526
v 0.007814 0.018331 0.101402
v 0.007430 0.017878 0.101030
v 0.007704 0.017928 0.101180
v 0.007453 0.017492 0.100856
v 0.006536 0.016179 0.099570
v 0.006691 0.016574 0.099938
v 0.006561 0.016681 0.099916
v 0.006318 0.015820 0.099150
v 0.006031 0.015527 0.098721
v 0.005563 0.015168 0.098052
v 0.005556 0.015456 0.098320
v 0.005125 0.014708 0.097192
v 0.005828 0.015102 0.098153
v 0.005404 0.014857 0.097589
v 0.004689 0.014808 0.096991
v 0.004486 0.015111 0.097239
v 0.004434 0.015534 0.097728
v 0.004492 0.015979 0.098267
v 0.004655 0.015828 0.098201
v 0.004749 0.016219 0.098667
v 0.004871 0.015907 0.098383
v 0.005025 0.016426 0.098983
v 0.005232 0.016802 0.099397
v 0.005465 0.017161 0.099759
v 0.005793 0.017822 0.100353
v 0.005440 0.017530 0.100093
v 0.005189 0.017497 0.099989
v 0.005479 0.017978 0.100445
v 0.005243 0.018019 0.100365
v 0.004587 0.016309 0.098665
v 0.005046 0.017093 0.099612
v 0.004818 0.016700 0.099164
v 0.005651 0.018530 0.100852
v 0.005943 0.018956 0.101187
v 0.006249 0.019405 0.101501
v 0.006458 0.019883 0.101772
v 0.006699 0.019888 0.101790
v 0.007163 0.020737 0.102204
v 0.007089 0.020242 0.101923
v 0.007475 0.020905 0.102205
v 0.007703 0.021320 0.102359
v 0.006690 0.020328 0.102006
v 0.007527 0.021267 0.102397
v 0.006914 0.020630 0.102156
v 0.007384 0.021215 0.102399
v 0.007216 0.021122 0.102369
v 0.006996 0.021054 0.102311
v 0.006672 0.019467 0.101507
v 0.006252 0.018680 0.101006
v 0.006081 0.018662 0.101019
v 0.005791 0.018299 0.100742
v 0.004721 0.015525 0.097890
v 0.004906 0.014960 0.097347
v 0.006041 0.015844 0.099000
v 0.006099 0.016103 0.099228
v 0.007756 0.018756 0.101468
v 0.008213 0.019305 0.101872
v 0.008126 0.019388 0.101808
v 0.006447 0.019252 0.101404
v 0.007243 0.021768 0.102344
v 0.006700 0.021463 0.102135
v 0.006715 0.021345 0.102196
v 0.007057 0.021430 0.102356
v 0.006424 0.020987 0.102095
v 0.007065 0.021288 0.102370
v 0.006519 0.020872 0.102122
v 0.007226 0.021571 0.102409
v 0.005915 0.020564 0.101821
v 0.005677 0.020628 0.101708
v 0.005335 0.020587 0.101492
v 0.004967 0.020278 0.101269
v 0.004500 0.020250 0.100921
v 0.004268 0.020007 0.100766
v 0.003598 0.019658 0.100214
v 0.004318 0.019839 0.100793
v 0.003668 0.019509 0.100251
v 0.003998 0.019514 0.100486
v 0.003536 0.019260 0.100064
v 0.005361 0.020263 0.101497
v 0.004869 0.019992 0.101168
v 0.004447 0.019701 0.100833
v 0.003097 0.019093 0.099658
v 0.002609 0.018905 0.099150
v 0.002311 0.018782 0.098804
v 0.001998 0.018599 0.098380
v 0.001655 0.018622 0.098022
v 0.001460 0.018839 0.097909
v 0.001031 0.018745 0.097354
v 0.000959 0.018549 0.097117
v 0.001723 0.018422 0.097959
v 0.001354 0.018347 0.097466
v 0.000643 0.019144 0.097156
v 0.000841 0.018927 0.097248
v 0.000963 0.018977 0.097421
v 0.000837 0.019490 0.097651
v 0.000947 0.019848 0.098015
v 0.001329 0.020074 0.098571
v 0.001051 0.019624 0.097990
v 0.001298 0.019640 0.098250
v 0.001550 0.020008 0.098741
v 0.001630 0.019814 0.098665
v 0.001978 0.020162 0.099183
v 0.002230 0.020185 0.099357
v 0.002822 0.020696 0.100072
v 0.003252 0.020902 0.100405
v 0.002428 0.020535 0.099747
v 0.002985 0.021125 0.100431
v 0.002581 0.020937 0.100077
v 0.002817 0.021288 0.100371
v 0.001802 0.020355 0.099176
v 0.002159 0.020605 0.099603
v 0.003438 0.021501 0.100854
v 0.003862 0.021808 0.101188
v 0.004311 0.022084 0.101495
v 0.004341 0.021906 0.101443
v 0.004768 0.022318 0.101764
v 0.004799 0.022087 0.101676
v 0.005153 0.022451 0.101944
v 0.005811 0.022702 0.102199
v 0.005594 0.022355 0.101952
v 0.006387 0.022934 0.102368
v 0.006551 0.022966 0.102376
v 0.006213 0.023014 0.102396
v 0.005376 0.022691 0.102091
v 0.006021 0.023011 0.102357
v 0.005834 0.023067 0.102311
v 0.005101 0.022113 0.101747
v 0.004307 0.021557 0.101201
v 0.004259 0.021662 0.101279
v 0.003745 0.021232 0.100819
v 0.003789 0.021520 0.101038
v 0.003259 0.021136 0.100578
v 0.001880 0.018896 0.098405
v 0.003010 0.019231 0.099636
v 0.002179 0.019071 0.098780
v 0.002673 0.019216 0.099315
v 0.002872 0.019413 0.099536
v 0.005285 0.020691 0.101422
v 0.005951 0.021023 0.101805
v 0.006199 0.021056 0.101961
v 0.010010 0.034823 0.097437
v 0.009954 0.034569 0.097767
v 0.009703 0.034080 0.098399
v 0.009695 0.033803 0.098703
v 0.009667 0.033394 0.099126
v 0.009607 0.032873 0.099628
v 0.009361 0.032213 0.100253
v 0.009603 0.032135 0.100219
v 0.009420 0.031458 0.100781
v 0.009563 0.031143 0.100911
v 0.009363 0.030690 0.101277
v 0.009522 0.030236 0.101441
v 0.009338 0.029880 0.101714
v 0.009472 0.029368 0.101880
v 0.009405 0.028631 0.102205
v 0.009338 0.028128 0.102405
v 0.009503 0.027990 0.102345
v 0.009510 0.028554 0.102159
v 0.009260 0.028333 0.102368
v 0.009220 0.029082 0.102104
v 0.009270 0.031534 0.100769
v 0.009366 0.032932 0.099641
v 0.009443 0.033580 0.098993
v 0.009522 0.034321 0.098134
v 0.009702 0.034907 0.097326
v 0.009207 0.029928 0.101723
v 0.009167 0.030860 0.101217
v 0.009012 0.028563 0.102312
v 0.009004 0.029251 0.102040
v 0.009009 0.028566 0.102310
v 0.009031 0.030041 0.101674
v 0.009045 0.031468 0.100815
v 0.009107 0.032195 0.100280
v 0.009178 0.033229 0.099357
v 0.009229 0.033923 0.098606
v 0.009295 0.034410 0.098004
v 0.005812 0.023568 0.102147
v 0.006413 0.023510 0.102381
v 0.005736 0.023458 0.102197
v 0.006215 0.023398 0.102389
v 0.005985 0.023248 0.102357
v 0.005315 0.023293 0.102099
v 0.004526 0.023475 0.101682
v 0.004098 0.023590 0.101401
v 0.003385 0.023630 0.100977
v 0.002541 0.023637 0.100431
v 0.002548 0.023457 0.100514
v 0.002491 0.023279 0.100505
v 0.002322 0.023090 0.100362
v 0.001949 0.023283 0.100072
v 0.005268 0.023124 0.102097
v 0.005924 0.023151 0.102345
v 0.004488 0.023350 0.101712
v 0.003910 0.023415 0.101389
v 0.003332 0.023518 0.101013
v 0.004638 0.023183 0.101813
v 0.004144 0.023197 0.101562
v 0.003608 0.023213 0.101260
v 0.002940 0.023176 0.100827
v 0.001463 0.023320 0.099644
v 0.001838 0.023500 0.099949
v 0.001858 0.023685 0.099893
v 0.000976 0.023325 0.099161
v 0.000468 0.023403 0.098608
v 0.000563 0.023617 0.098700
v 0.000087 0.023676 0.098136
v -0.000398 0.024103 0.097468
v -0.000589 0.023780 0.097200
v -0.000040 0.023599 0.097981
v -0.000326 0.023630 0.097589
v -0.000666 0.024223 0.097090
v -0.000460 0.024239 0.097383
v -0.000441 0.024496 0.097417
v -0.000517 0.024732 0.097310
v -0.000047 0.024980 0.097968
v -0.000010 0.024783 0.098015
v 0.000511 0.025046 0.098658
v 0.000537 0.024840 0.098671
v 0.000538 0.024647 0.098624
v 0.001060 0.024754 0.099185
v 0.001695 0.024765 0.099753
v 0.002441 0.024815 0.100357
v 0.001620 0.024901 0.099748
v 0.002422 0.024988 0.100418
v 0.001858 0.025171 0.099995
v 0.002299 0.025221 0.100359
v 0.000994 0.025047 0.099183
v 0.001427 0.025097 0.099610
v 0.002624 0.025173 0.100600
v 0.002975 0.025237 0.100853
v 0.003500 0.025287 0.101190
v 0.004032 0.025219 0.101501
v 0.004531 0.025275 0.101761
v 0.004935 0.025073 0.101907
v 0.005441 0.025000 0.102084
v 0.005781 0.024897 0.102145
v 0.006400 0.024939 0.102370
v 0.005059 0.025299 0.102007
v 0.005448 0.025207 0.102160
v 0.006141 0.025102 0.102381
v 0.006282 0.025031 0.102392
v 0.005936 0.025266 0.102347
v 0.005835 0.025392 0.102311
v 0.004705 0.024895 0.101713
v 0.003767 0.024848 0.101208
v 0.003338 0.024893 0.100994
v 0.003306 0.025076 0.101049
v 0.000083 0.024606 0.098102
v 0.001136 0.023475 0.099319
v 0.000624 0.023792 0.098720
v 0.001192 0.023703 0.099313
v 0.005076 0.023531 0.101898
v 0.003286 0.023347 0.101043
v 0.004236 0.025017 0.101555
v 0.007002 0.027385 0.102318
v 0.006997 0.027404 0.102310
v 0.006347 0.027654 0.102046
v 0.005835 0.027945 0.101775
v 0.005382 0.028229 0.101494
v 0.004920 0.028482 0.101188
v 0.004466 0.028691 0.100869
v 0.005048 0.028222 0.101319
v 0.004413 0.028422 0.100877
v 0.004995 0.028060 0.101280
v 0.004953 0.027959 0.101220
v 0.004112 0.028411 0.100630
v 0.004286 0.028133 0.100686
v 0.007069 0.027192 0.102369
v 0.006510 0.027421 0.102132
v 0.007139 0.027004 0.102392
v 0.005854 0.027693 0.101802
v 0.007209 0.026874 0.102396
v 0.006724 0.026993 0.102154
v 0.007247 0.026690 0.102345
v 0.006105 0.027089 0.101699
v 0.005762 0.027545 0.101709
v 0.004950 0.027750 0.101104
v 0.003636 0.028368 0.100155
v 0.003517 0.028761 0.100142
v 0.002892 0.029072 0.099550
v 0.002542 0.029237 0.099183
v 0.002113 0.029519 0.098671
v 0.002009 0.029666 0.098498
v 0.001920 0.029883 0.098282
v 0.001591 0.029774 0.097982
v 0.001625 0.029531 0.098131
v 0.002568 0.028843 0.099205
v 0.002165 0.029350 0.098771
v 0.002068 0.029096 0.098693
v 0.001502 0.029397 0.098037
v 0.001213 0.029670 0.097596
v 0.000964 0.029913 0.097118
v 0.001002 0.029542 0.097427
v 0.000846 0.029599 0.097203
v 0.001082 0.029476 0.097551
v 0.000950 0.029493 0.097400
v 0.000879 0.028947 0.097718
v 0.000920 0.028605 0.097983
v 0.001306 0.028373 0.098552
v 0.001758 0.028080 0.099146
v 0.002147 0.027857 0.099593
v 0.001841 0.028344 0.099053
v 0.002282 0.028163 0.099479
v 0.001938 0.028496 0.098995
v 0.002388 0.028495 0.099221
v 0.001188 0.029196 0.097853
v 0.001433 0.029005 0.098217
v 0.001899 0.028818 0.098685
v 0.002950 0.027781 0.100108
v 0.002649 0.027823 0.099940
v 0.002534 0.027696 0.099956
v 0.003828 0.027388 0.100670
v 0.003684 0.027306 0.100736
v 0.003895 0.027020 0.101022
v 0.004504 0.026500 0.101528
v 0.004871 0.026086 0.101820
v 0.005394 0.025748 0.102102
v 0.006047 0.025454 0.102363
v 0.005485 0.025872 0.102085
v 0.005952 0.025776 0.102198
v 0.006089 0.025823 0.102156
v 0.006286 0.025959 0.101953
v 0.006719 0.025599 0.102226
v 0.004495 0.026781 0.101332
v 0.004878 0.026436 0.101652
v 0.005232 0.026159 0.101890
v 0.004520 0.026981 0.101115
v 0.005121 0.026706 0.101367
v 0.005381 0.026245 0.101833
v 0.005664 0.026323 0.101697
v 0.006499 0.025475 0.102395
v 0.006229 0.025450 0.102396
v 0.004332 0.026412 0.101496
v 0.003855 0.026654 0.101183
v 0.003380 0.026926 0.100826
v 0.003771 0.026904 0.101046
v 0.003132 0.027307 0.100525
v 0.003237 0.027440 0.100491
v 0.003012 0.027213 0.100494
v 0.002549 0.027483 0.100065
v 0.000632 0.029301 0.097147
v 0.001238 0.029948 0.097446
v 0.001646 0.030005 0.097896
v 0.002294 0.029715 0.098764
v 0.002642 0.029525 0.099192
v 0.003266 0.028956 0.099908
v 0.003033 0.029351 0.099611
v 0.003435 0.029158 0.100008
v 0.003717 0.028975 0.100280
v 0.003950 0.028953 0.100455
v 0.006461 0.027261 0.102083
v 0.004033 0.028662 0.100576
v 0.001194 0.028778 0.098180
v 0.001520 0.028462 0.098705
v 0.007714 0.027153 0.102343
v 0.007430 0.027651 0.102157
v 0.007315 0.027647 0.102210
v 0.007358 0.027363 0.102348
v 0.007043 0.027770 0.102187
v 0.007192 0.027332 0.102368
v 0.006824 0.027957 0.102094
v 0.007001 0.027402 0.102312
v 0.007519 0.027175 0.102408
v 0.006597 0.028225 0.101947
v 0.006732 0.028362 0.101902
v 0.006337 0.029047 0.101513
v 0.006509 0.029086 0.101481
v 0.006305 0.029599 0.101140
v 0.006086 0.030149 0.100727
v 0.005947 0.030140 0.100760
v 0.005662 0.030399 0.100546
v 0.005471 0.030424 0.100478
v 0.005205 0.030857 0.100069
v 0.006205 0.028978 0.101524
v 0.005928 0.029522 0.101171
v 0.005633 0.029944 0.100834
v 0.005001 0.031360 0.099593
v 0.005290 0.031057 0.099950
v 0.005514 0.031129 0.099921
v 0.004801 0.031879 0.099045
v 0.004564 0.032148 0.098649
v 0.004595 0.032422 0.098394
v 0.004690 0.032787 0.098041
v 0.004866 0.033044 0.097826
v 0.004404 0.032981 0.097635
v 0.004411 0.033315 0.097217
v 0.004484 0.032738 0.097975
v 0.004757 0.033607 0.097103
v 0.004895 0.033419 0.097427
v 0.004958 0.033560 0.097310
v 0.005362 0.033789 0.097309
v 0.005679 0.033507 0.097880
v 0.005885 0.033228 0.098326
v 0.006035 0.032993 0.098658
v 0.005916 0.032900 0.098673
v 0.005962 0.032563 0.098979
v 0.006224 0.032129 0.099462
v 0.006594 0.031553 0.100045
v 0.006614 0.031834 0.099917
v 0.006994 0.031342 0.100431
v 0.006832 0.031903 0.099993
v 0.007124 0.031456 0.100427
v 0.006301 0.032580 0.099193
v 0.006545 0.032235 0.099606
v 0.007479 0.030922 0.100888
v 0.007681 0.030484 0.101197
v 0.007952 0.030043 0.101497
v 0.008276 0.029606 0.101779
v 0.008156 0.029396 0.101796
v 0.008465 0.028715 0.102078
v 0.008567 0.028349 0.102154
v 0.008873 0.027822 0.102348
v 0.008572 0.029110 0.102045
v 0.008599 0.028820 0.102133
v 0.008918 0.028159 0.102384
v 0.008960 0.028316 0.102374
v 0.008999 0.028537 0.102321
v 0.008011 0.029298 0.101710
v 0.007509 0.030076 0.101213
v 0.007615 0.030130 0.101289
v 0.007083 0.030775 0.100714
v 0.007167 0.030917 0.100735
v 0.005584 0.032971 0.098365
v 0.005541 0.033209 0.098115
v 0.004782 0.033389 0.097389
v 0.004973 0.032308 0.098678
v 0.005081 0.031689 0.099331
v 0.005271 0.031737 0.099320
v 0.006635 0.029110 0.101426
v 0.006908 0.028359 0.101885
v 0.007021 0.028385 0.101826
v 0.005967 0.029770 0.101029
v 0.005472 0.033406 0.097858
v 0.007381 0.026197 0.102096
v 0.007318 0.026060 0.102042
v 0.007242 0.025920 0.102024
v 0.007159 0.025785 0.102042
v 0.007063 0.025588 0.102140
v 0.003958 0.027460 0.100613
v 0.003456 0.027835 0.100179
v 0.002884 0.028167 0.099708
v 0.003028 0.028354 0.099686
v 0.002503 0.028657 0.099201
v 0.001528 0.029220 0.098132
v 0.002002 0.028946 0.098682
v 0.003083 0.028592 0.099678
v 0.003576 0.028037 0.100135
v 0.004057 0.027576 0.100565
v 0.004604 0.027169 0.100961
v 0.004266 0.027995 0.100612
v 0.004832 0.027586 0.100955
v 0.005450 0.027395 0.101340
v 0.006092 0.026941 0.101625
v 0.006700 0.026507 0.101846
v 0.006774 0.026701 0.101966
v 0.006422 0.026038 0.101882
v 0.005784 0.026406 0.101626
v 0.006512 0.026159 0.101829
v 0.005876 0.026526 0.101574
v 0.005301 0.026948 0.101261
v 0.006596 0.026294 0.101811
v 0.006001 0.026727 0.101557
v 0.004733 0.027369 0.100924
v 0.004145 0.027709 0.100549
v 0.005412 0.027160 0.101277
v 0.004216 0.027851 0.100565
v 0.003646 0.028180 0.100151
v 0.009722 0.020722 0.102169
v 0.009863 0.020828 0.102096
v 0.010013 0.020841 0.102042
v 0.010171 0.020846 0.102024
v 0.010403 0.020868 0.102067
v 0.010613 0.020049 0.101966
v 0.010480 0.017224 0.100608
v 0.010330 0.016593 0.100145
v 0.010400 0.015946 0.099703
v 0.010171 0.015970 0.099678
v 0.010171 0.015363 0.099191
v 0.009973 0.015325 0.099196
v 0.010005 0.014767 0.098684
v 0.009987 0.014347 0.098273
v 0.009918 0.013906 0.097795
v 0.010171 0.014784 0.098671
v 0.009937 0.015895 0.099667
v 0.010171 0.016604 0.100129
v 0.010330 0.017252 0.100560
v 0.010410 0.017932 0.100958
v 0.009855 0.016497 0.100153
v 0.009733 0.017181 0.100686
v 0.009863 0.017224 0.100608
v 0.009933 0.017920 0.100952
v 0.009734 0.017946 0.101103
v 0.009794 0.018552 0.101336
v 0.009863 0.019337 0.101624
v 0.009728 0.019275 0.101698
v 0.009863 0.020075 0.101881
v 0.009730 0.020049 0.101966
v 0.010480 0.020075 0.101881
v 0.010480 0.019337 0.101624
v 0.010330 0.020092 0.101828
v 0.010330 0.019356 0.101572
v 0.010330 0.018636 0.101275
v 0.010091 0.020098 0.101810
v 0.010090 0.019360 0.101554
v 0.010092 0.018642 0.101257
v 0.010171 0.017943 0.100920
v 0.010171 0.017262 0.100544
v 0.010013 0.017252 0.100560
v 0.010013 0.016593 0.100145
v 0.006528 0.024848 0.102326
v 0.006582 0.025005 0.102427
v 0.006549 0.024914 0.102378
v 0.006608 0.025093 0.102448
v 0.006631 0.025178 0.102456
v 0.006631 0.025178 0.102456
v 0.006648 0.025243 0.102451
v 0.006631 0.025178 0.102456
v 0.006674 0.025345 0.102429
v 0.006707 0.025513 0.102327
v 0.005953 0.025289 0.102355
v 0.005838 0.025389 0.102312
v 0.005839 0.025392 0.102312
v 0.006545 0.025363 0.102438
v 0.006513 0.025204 0.102465
v 0.006366 0.025319 0.102447
v 0.006163 0.025329 0.102415
v 0.005914 0.025372 0.102341
v 0.006440 0.025045 0.102430
v 0.006269 0.025159 0.102431
v 0.006063 0.025214 0.102384
v 0.005956 0.025301 0.102356
v 0.005838 0.025389 0.102312
v 0.005838 0.025389 0.102312
v 0.005839 0.025392 0.102312
v 0.005839 0.025392 0.102312
v 0.005979 0.025391 0.102358
v 0.005983 0.025405 0.102357
v 0.006705 0.022947 0.102330
v 0.006673 0.023111 0.102428
v 0.006694 0.023010 0.102377
v 0.006653 0.023196 0.102448
v 0.006631 0.023281 0.102456
v 0.006631 0.023281 0.102456
v 0.006613 0.023346 0.102451
v 0.006631 0.023281 0.102456
v 0.006598 0.023399 0.102441
v 0.006553 0.023540 0.102382
v 0.006528 0.023607 0.102329
v 0.006598 0.023398 0.102441
v 0.005987 0.023040 0.102355
v 0.005838 0.023067 0.102312
v 0.006484 0.023366 0.102450
v 0.006207 0.023251 0.102426
v 0.006307 0.023157 0.102444
v 0.005963 0.023126 0.102359
v 0.005966 0.023115 0.102359
v 0.005838 0.023069 0.102312
v 0.005838 0.023069 0.102312
v 0.006515 0.023214 0.102462
v 0.005969 0.023103 0.102359
v 0.005838 0.023068 0.102312
v 0.006481 0.023060 0.102430
v 0.006080 0.023084 0.102389
v 0.005983 0.023053 0.102357
v 0.005838 0.023067 0.102312
v 0.005838 0.023067 0.102312
v 0.005838 0.023068 0.102312
v 0.005838 0.023068 0.102312
v 0.005838 0.023069 0.102312
v 0.005976 0.023078 0.102359
v 0.005972 0.023091 0.102359
v 0.007168 0.025328 0.102339
v 0.007076 0.025215 0.102404
v 0.007043 0.025022 0.102429
v 0.006971 0.024808 0.102353
v 0.007018 0.023677 0.102340
v 0.006995 0.023533 0.102404
v 0.007065 0.023351 0.102429
v 0.007208 0.023210 0.102373
v 0.007822 0.022006 0.102422
v 0.007333 0.021718 0.102408
v 0.007468 0.021607 0.102463
v 0.007953 0.021857 0.102416
v 0.008103 0.021758 0.102343
v 0.007650 0.021399 0.102414
v 0.007572 0.021479 0.102453
v 0.007677 0.022147 0.102336
v 0.009076 0.021234 0.102339
v 0.009251 0.021131 0.102423
v 0.008970 0.020633 0.102409
v 0.009094 0.020603 0.102454
v 0.009212 0.020574 0.102464
v 0.009436 0.021066 0.102416
v 0.009580 0.021163 0.102371
v 0.009487 0.020474 0.102359
v 0.009362 0.020536 0.102434
v 0.009364 0.020340 0.102395
v 0.009299 0.020193 0.102381
v 0.009169 0.020122 0.102388
v 0.009122 0.020008 0.102355
v 0.009011 0.019895 0.102313
v 0.009123 0.020371 0.102447
v 0.009010 0.020086 0.102374
v 0.009034 0.020030 0.102359
v 0.009010 0.019896 0.102313
v 0.009010 0.019896 0.102313
v 0.009045 0.020027 0.102360
v 0.009010 0.019896 0.102313
v 0.009245 0.020315 0.102428
v 0.009010 0.019896 0.102313
v 0.009058 0.020023 0.102359
v 0.008988 0.020395 0.102421
v 0.007142 0.021107 0.102355
v 0.007000 0.021056 0.102312
v 0.006998 0.021058 0.102312
v 0.007352 0.021518 0.102450
v 0.007209 0.021321 0.102415
v 0.007054 0.021131 0.102344
v 0.006999 0.021057 0.102312
v 0.007095 0.021153 0.102359
v 0.006999 0.021057 0.102312
v 0.007418 0.021358 0.102443
v 0.007133 0.021116 0.102357
v 0.007000 0.021056 0.102312
v 0.007000 0.021056 0.102312
v 0.006999 0.021057 0.102312
v 0.006999 0.021057 0.102312
v 0.006998 0.021058 0.102312
v 0.006998 0.021058 0.102312
v 0.007241 0.021219 0.102402
v 0.007114 0.021134 0.102359
v 0.007104 0.021144 0.102359
v 0.007069 0.021179 0.102358
v 0.007059 0.021190 0.102357
v 0.007384 0.027141 0.102432
v 0.007210 0.027165 0.102411
v 0.007112 0.027322 0.102358
v 0.007104 0.027314 0.102359
v 0.007000 0.027402 0.102312
v 0.007000 0.027402 0.102312
v 0.007300 0.027040 0.102440
v 0.007038 0.027360 0.102334
v 0.007299 0.026887 0.102433
v 0.007068 0.027277 0.102357
v 0.006999 0.027401 0.102312
v 0.006999 0.027401 0.102312
v 0.006999 0.027401 0.102312
v 0.007000 0.027402 0.102312
v 0.007077 0.027287 0.102358
v 0.009167 0.028120 0.102442
v 0.009127 0.028410 0.102369
v 0.009067 0.028243 0.102411
v 0.009010 0.028562 0.102312
v 0.009026 0.028094 0.102428
v 0.008930 0.028020 0.102397
v 0.009010 0.028421 0.102357
v 0.008996 0.028417 0.102356
v 0.009009 0.028562 0.102312
v 0.009009 0.028562 0.102312
v 0.008983 0.028413 0.102355
v 0.009009 0.028562 0.102312
v 0.009010 0.028562 0.102312
v 0.009010 0.028562 0.102312
v 0.009023 0.028425 0.102358
v 0.009034 0.028428 0.102359
v 0.010356 0.035350 0.096603
v 0.009631 0.035338 0.096603
v 0.008913 0.035280 0.096603
v 0.008961 0.034864 0.097299
v 0.008200 0.035175 0.096603
v 0.007932 0.034700 0.097301
v 0.007496 0.035025 0.096603
v 0.006803 0.034829 0.096603
v 0.006929 0.034430 0.097299
v 0.006124 0.034589 0.096603
v 0.006276 0.034199 0.097299
v 0.005461 0.034305 0.096603
v 0.006734 0.033873 0.097979
v 0.006931 0.033391 0.098633
v 0.007170 0.032912 0.099219
v 0.008244 0.033232 0.099198
v 0.008331 0.032655 0.099769
v 0.008454 0.032062 0.100289
v 0.008020 0.034241 0.097975
v 0.008134 0.033754 0.098607
v 0.008364 0.030659 0.101237
v 0.008534 0.029945 0.101656
v 0.008148 0.031292 0.100799
v 0.007519 0.031771 0.100307
v 0.007366 0.032371 0.099779
v 0.004819 0.033979 0.096603
v 0.004199 0.033612 0.096603
v 0.003604 0.033206 0.096603
v 0.003384 0.033507 0.095882
v 0.002797 0.033048 0.095882
v 0.002587 0.033299 0.095139
v 0.002016 0.032789 0.095139
v 0.001824 0.032991 0.094376
v 0.001274 0.032432 0.094376
v 0.001105 0.032588 0.093597
v 0.000583 0.031984 0.093597
v 0.000444 0.032097 0.092805
v -0.000046 0.031450 0.092805
v -0.000151 0.031524 0.092004
v -0.000602 0.030840 0.092004
v -0.000668 0.030881 0.091195
v -0.001075 0.030166 0.091195
v -0.001436 0.029426 0.091195
v -0.001748 0.028664 0.091195
v -0.002010 0.027883 0.091195
v -0.002221 0.027086 0.091195
v -0.002381 0.026278 0.091195
v -0.002487 0.025462 0.091195
v -0.002540 0.024640 0.091195
v -0.002540 0.023815 0.091195
v -0.002487 0.022994 0.091195
v -0.002381 0.022177 0.091195
v -0.002221 0.021369 0.091195
v -0.002010 0.020573 0.091195
v -0.001748 0.019792 0.091195
v -0.001436 0.019030 0.091195
v -0.001075 0.018289 0.091195
v -0.000667 0.017574 0.091195
v -0.000214 0.016886 0.091195
v 0.000283 0.016229 0.091195
v 0.000822 0.015606 0.091195
v 0.001399 0.015019 0.091195
v 0.002014 0.014470 0.091195
v 0.002662 0.013963 0.091195
v 0.003343 0.013498 0.091195
v 0.004052 0.013079 0.091195
v 0.004786 0.012706 0.091195
v 0.005543 0.012381 0.091195
v 0.006320 0.012107 0.091195
v 0.007112 0.011883 0.091195
v 0.007918 0.011711 0.091195
v 0.008733 0.011591 0.091195
v 0.009554 0.011524 0.091195
v 0.010378 0.011511 0.091195
v 0.011200 0.011551 0.091195
v 0.012018 0.011644 0.091195
v 0.012829 0.011790 0.091195
v 0.013629 0.011988 0.091195
v 0.014414 0.012238 0.091195
v 0.015181 0.012537 0.091195
v 0.015927 0.012886 0.091195
v 0.016649 0.013283 0.091195
v 0.017344 0.013725 0.091195
v 0.018009 0.014211 0.091195
v 0.018641 0.014739 0.091195
v 0.019237 0.015308 0.091195
v 0.019796 0.015913 0.091195
v 0.020314 0.016554 0.091195
v 0.020789 0.017226 0.091195
v 0.021220 0.017928 0.091195
v 0.021604 0.018656 0.091195
v 0.021941 0.019408 0.091195
v 0.022228 0.020180 0.091195
v 0.022465 0.020969 0.091195
v 0.022650 0.021772 0.091195
v 0.022783 0.022585 0.091195
v 0.022863 0.023404 0.091195
v 0.022890 0.024228 0.091195
v 0.022863 0.025052 0.091195
v 0.022783 0.025871 0.091195
v 0.022650 0.026684 0.091195
v 0.022465 0.027486 0.091195
v 0.022228 0.028275 0.091195
v 0.021941 0.029047 0.091195
v 0.021604 0.029799 0.091195
v 0.021220 0.030527 0.091195
v 0.020789 0.031229 0.091195
v 0.020314 0.031902 0.091195
v 0.019796 0.032542 0.091195
v 0.019237 0.033148 0.091195
v 0.018641 0.033716 0.091195
v 0.018009 0.034244 0.091195
v 0.017344 0.034731 0.091195
v 0.016649 0.035173 0.091195
v 0.015927 0.035569 0.091195
v 0.015181 0.035918 0.091195
v 0.014414 0.036218 0.091195
v 0.013629 0.036467 0.091195
v 0.012829 0.036665 0.091195
v 0.012018 0.036811 0.091195
v 0.011200 0.036904 0.091195
v 0.010378 0.036944 0.091195
v 0.009554 0.036931 0.091195
v 0.008733 0.036864 0.091195
v 0.007918 0.036745 0.091195
v 0.007112 0.036573 0.091195
v 0.006320 0.036349 0.091195
v 0.005543 0.036074 0.091195
v 0.004786 0.035750 0.091195
v 0.004052 0.035377 0.091195
v 0.003343 0.034957 0.091195
v 0.002662 0.034493 0.091195
v 0.002014 0.033985 0.091195
v 0.001399 0.033437 0.091195
v 0.000822 0.032850 0.091195
v 0.000283 0.032226 0.091195
v -0.000214 0.031569 0.091195
v 0.003564 0.032677 0.097274
v 0.003792 0.032277 0.097934
v 0.002788 0.031979 0.097299
v 0.002868 0.031413 0.097970
v 0.002302 0.031485 0.097299
v 0.001653 0.030708 0.097309
v 0.002208 0.030669 0.097967
v 0.002814 0.030585 0.098629
v 0.003256 0.030276 0.099220
v 0.004031 0.031091 0.099198
v 0.004386 0.030628 0.099767
v 0.004791 0.030171 0.100292
v 0.003680 0.031489 0.098609
v 0.005422 0.028928 0.101237
v 0.005925 0.028402 0.101652
v 0.004928 0.029379 0.100798
v 0.003700 0.029902 0.099785
v 0.001087 0.030647 0.096603
v 0.001523 0.031223 0.096603
v 0.001994 0.031768 0.096603
v 0.002499 0.032282 0.096603
v 0.003037 0.032762 0.096603
v 0.000689 0.030042 0.096603
v 0.000335 0.029422 0.096603
v 0.000019 0.028774 0.096603
v -0.000322 0.028927 0.095882
v -0.000604 0.028238 0.095882
v -0.000910 0.028352 0.095139
v -0.001154 0.027626 0.095139
v -0.001421 0.027706 0.094376
v -0.001622 0.026948 0.094376
v -0.001845 0.027000 0.093597
v -0.002000 0.026216 0.093597
v -0.002177 0.026245 0.092805
v -0.002282 0.025441 0.092805
v -0.002410 0.025454 0.092004
v -0.002463 0.024637 0.092004
v 0.000238 0.028264 0.097279
v 0.000457 0.027484 0.097970
v -0.000178 0.026978 0.097302
v 0.000118 0.026205 0.097970
v -0.000444 0.025631 0.097303
v 0.000614 0.026066 0.098619
v 0.000934 0.027318 0.098608
v 0.001438 0.027150 0.099197
v 0.001166 0.026034 0.099222
v 0.001736 0.025945 0.099783
v 0.003062 0.026093 0.100798
v 0.003718 0.025955 0.101238
v 0.004373 0.025740 0.101630
v 0.001976 0.026934 0.099763
v 0.002551 0.026713 0.100293
v 0.002377 0.026026 0.100304
v -0.000900 0.025307 0.096603
v -0.000807 0.026021 0.096603
v -0.000667 0.026728 0.096603
v -0.000483 0.027424 0.096603
v -0.000254 0.028107 0.096603
v -0.000946 0.024588 0.096603
v -0.001320 0.024600 0.095882
v -0.001319 0.023850 0.095882
v -0.001646 0.023840 0.095139
v -0.001597 0.023081 0.095139
v -0.001874 0.023054 0.094376
v -0.001773 0.022276 0.094376
v -0.002000 0.022239 0.093597
v -0.001845 0.021456 0.093597
v -0.002020 0.021415 0.092805
v -0.001813 0.020632 0.092805
v -0.001936 0.020595 0.092004
v -0.001676 0.019819 0.092004
v -0.000946 0.023861 0.096603
v -0.000900 0.023149 0.096603
v -0.000461 0.022804 0.097271
v -0.000807 0.022434 0.096603
v -0.000667 0.021727 0.096603
v -0.000173 0.021471 0.097307
v -0.000483 0.021031 0.096603
v -0.000254 0.020348 0.096603
v 0.000257 0.020187 0.097305
v 0.000019 0.019681 0.096603
v 0.001044 0.020831 0.098604
v 0.001466 0.021314 0.099227
v 0.001999 0.021525 0.099784
v 0.001715 0.022501 0.099763
v 0.002443 0.022167 0.100308
v -0.000020 0.022809 0.097904
v 0.000560 0.022657 0.098604
v 0.001146 0.022417 0.099201
v 0.003072 0.022318 0.100797
v 0.003721 0.022496 0.101239
v 0.004375 0.022715 0.101632
v 0.000335 0.019034 0.096603
v 0.000005 0.018859 0.095882
v 0.000373 0.018213 0.095882
v 0.000095 0.018042 0.095139
v 0.000782 0.017593 0.095882
v 0.000515 0.017404 0.095139
v 0.001233 0.016997 0.095882
v 0.000979 0.016792 0.095139
v 0.001479 0.016212 0.095139
v 0.001274 0.016023 0.094376
v 0.001824 0.015465 0.094376
v 0.001665 0.015298 0.093597
v 0.002261 0.014766 0.093597
v 0.002146 0.014629 0.092805
v 0.002784 0.014129 0.092805
v 0.002708 0.014025 0.092004
v 0.003384 0.013564 0.092004
v 0.000692 0.018408 0.096603
v 0.001087 0.017809 0.096603
v 0.002208 0.017786 0.097967
v 0.002794 0.017856 0.098599
v 0.003241 0.018168 0.099200
v 0.003691 0.018526 0.099763
v 0.004139 0.018939 0.100286
v 0.005432 0.019507 0.101232
v 0.004934 0.019058 0.100791
v 0.002877 0.017036 0.097973
v 0.002046 0.017211 0.097259
v 0.001994 0.016687 0.096603
v 0.001523 0.017232 0.096603
v 0.001719 0.016434 0.095882
v 0.005905 0.020041 0.101639
v 0.004654 0.018435 0.100304
v 0.004413 0.017833 0.099787
v 0.004053 0.017362 0.099212
v 0.003682 0.016963 0.098607
v 0.002788 0.016477 0.097299
v 0.002499 0.016174 0.096603
v 0.002242 0.015903 0.095882
v 0.002016 0.015666 0.095139
v 0.003801 0.016196 0.097960
v 0.003576 0.015796 0.097308
v 0.003604 0.015250 0.096603
v 0.003037 0.015694 0.096603
v 0.004199 0.014844 0.096603
v 0.004819 0.014477 0.096603
v 0.005461 0.014151 0.096603
v 0.006000 0.014327 0.097245
v 0.006124 0.013867 0.096603
v 0.006803 0.013627 0.096603
v 0.007266 0.013923 0.097305
v 0.007496 0.013431 0.096603
v 0.008200 0.013280 0.096603
v 0.008275 0.013692 0.097299
v 0.008913 0.013176 0.096603
v 0.008961 0.013592 0.097299
v 0.009964 0.013361 0.097043
v 0.009582 0.013689 0.097527
v 0.009334 0.014063 0.098031
v 0.009314 0.014500 0.098579
v 0.009297 0.015044 0.099175
v 0.008259 0.015234 0.099213
v 0.008351 0.015818 0.099787
v 0.008006 0.016526 0.100307
v 0.008329 0.017092 0.100787
v 0.007361 0.016064 0.099760
v 0.007161 0.015527 0.099199
v 0.006935 0.015031 0.098598
v 0.006761 0.014560 0.097963
v 0.008403 0.017779 0.101234
v 0.009150 0.017563 0.101197
v 0.009144 0.018074 0.101493
v 0.008531 0.018508 0.101654
v 0.009102 0.019149 0.102024
v 0.009131 0.018608 0.101772
v 0.009186 0.016888 0.100753
v 0.009020 0.016394 0.100373
v 0.009230 0.015990 0.100062
v 0.009631 0.013117 0.096603
v 0.010356 0.013106 0.096603
v 0.011071 0.013141 0.096603
v 0.011101 0.012768 0.095882
v 0.011841 0.012853 0.095882
v 0.011889 0.012529 0.095139
v 0.012642 0.012665 0.095139
v 0.012700 0.012392 0.094376
v 0.013461 0.012581 0.094376
v 0.013524 0.012360 0.093597
v 0.014285 0.012602 0.093597
v 0.014345 0.012432 0.092805
v 0.015100 0.012727 0.092805
v 0.015150 0.012609 0.092004
v 0.015833 0.013070 0.092805
v 0.015892 0.012955 0.092004
v 0.016544 0.013460 0.092805
v 0.016610 0.013349 0.092004
v 0.017300 0.013789 0.092004
v 0.011037 0.013558 0.097299
v 0.011787 0.013222 0.096603
v 0.011726 0.013636 0.097299
v 0.012496 0.013350 0.096603
v 0.012408 0.013759 0.097299
v 0.013195 0.013523 0.096603
v 0.013418 0.014024 0.097303
v 0.013882 0.013741 0.096603
v 0.014553 0.014003 0.096603
v 0.014388 0.014388 0.097299
v 0.012011 0.014143 0.097962
v 0.011919 0.014635 0.098596
v 0.011882 0.015181 0.099198
v 0.011772 0.015741 0.099756
v 0.011608 0.016365 0.100311
v 0.011822 0.017745 0.101233
v 0.011566 0.018455 0.101661
v 0.012335 0.017194 0.100790
v 0.012554 0.016593 0.100308
v 0.012775 0.016022 0.099785
v 0.012963 0.015471 0.099217
v 0.015204 0.014308 0.096603
v 0.014700 0.013660 0.095882
v 0.014006 0.013389 0.095882
v 0.013297 0.013164 0.095882
v 0.012574 0.012985 0.095882
v 0.015373 0.013975 0.095882
v 0.016027 0.014334 0.095882
v 0.015521 0.013683 0.095139
v 0.016194 0.014052 0.095139
v 0.015647 0.013435 0.094376
v 0.016336 0.013812 0.094376
v 0.015752 0.013230 0.093597
v 0.016453 0.013615 0.093597
v 0.016445 0.015042 0.096603
v 0.016655 0.014733 0.095882
v 0.017256 0.015173 0.095882
v 0.017458 0.014916 0.095139
v 0.018045 0.015407 0.095139
v 0.018231 0.015199 0.094376
v 0.018798 0.015739 0.094376
v 0.018962 0.015578 0.093597
v 0.019503 0.016165 0.093597
v 0.019639 0.016048 0.092805
v 0.020149 0.016678 0.092805
v 0.020252 0.016600 0.092004
v 0.020616 0.017338 0.092805
v 0.020724 0.017268 0.092004
v 0.021041 0.018030 0.092805
v 0.021153 0.017966 0.092004
v 0.021419 0.018746 0.092805
v 0.021535 0.018690 0.092004
v 0.021750 0.019486 0.092805
v 0.021869 0.019438 0.092004
v 0.022155 0.020205 0.092004
v 0.017026 0.015467 0.096603
v 0.017046 0.016013 0.097296
v 0.017579 0.015929 0.096603
v 0.018100 0.016426 0.096603
v 0.018049 0.016975 0.097304
v 0.018589 0.016956 0.096603
v 0.019042 0.017516 0.096603
v 0.018708 0.017768 0.097299
v 0.016483 0.016161 0.097967
v 0.017233 0.016805 0.097971
v 0.018121 0.017773 0.097976
v 0.017685 0.018051 0.098623
v 0.016691 0.018596 0.099775
v 0.016458 0.016780 0.098601
v 0.016147 0.017218 0.099193
v 0.016114 0.017994 0.099781
v 0.015498 0.018260 0.100304
v 0.015400 0.019023 0.100781
v 0.014822 0.019416 0.101231
v 0.016029 0.018781 0.100308
v 0.019455 0.018100 0.096603
v 0.019340 0.017290 0.095882
v 0.018871 0.016712 0.095882
v 0.018367 0.016164 0.095882
v 0.017827 0.015651 0.095882
v 0.019834 0.018718 0.096603
v 0.019767 0.017895 0.095882
v 0.020159 0.018533 0.095882
v 0.020040 0.017716 0.095139
v 0.020443 0.018371 0.095139
v 0.020273 0.017562 0.094376
v 0.020685 0.018233 0.094376
v 0.020465 0.017436 0.093597
v 0.020885 0.018119 0.093597
v 0.020170 0.019353 0.096603
v 0.019789 0.020666 0.097956
v 0.020078 0.020171 0.097299
v 0.019325 0.020878 0.098599
v 0.018841 0.021115 0.099193
v 0.018435 0.021759 0.099770
v 0.017755 0.021682 0.100304
v 0.017960 0.022407 0.100308
v 0.018624 0.022564 0.099775
v 0.017328 0.022539 0.100795
v 0.016650 0.022678 0.101249
v 0.019760 0.022596 0.098623
v 0.020275 0.022572 0.097980
v 0.020718 0.022499 0.097334
v 0.021271 0.023506 0.096603
v 0.021202 0.022791 0.096603
v 0.021572 0.022742 0.095882
v 0.021085 0.022080 0.096603
v 0.021452 0.022008 0.095882
v 0.020924 0.021378 0.096603
v 0.021285 0.021282 0.095882
v 0.020717 0.020688 0.096603
v 0.021071 0.020569 0.095882
v 0.020465 0.020013 0.096603
v 0.020811 0.019871 0.095882
v 0.020506 0.019190 0.095882
v 0.020800 0.019047 0.095139
v 0.021295 0.024228 0.096603
v 0.021644 0.023482 0.095882
v 0.021668 0.024228 0.095882
v 0.021970 0.023461 0.095139
v 0.021995 0.024228 0.095139
v 0.022249 0.023443 0.094376
v 0.022274 0.024228 0.094376
v 0.022478 0.023429 0.093597
v 0.022504 0.024228 0.093597
v 0.022657 0.023417 0.092805
v 0.022683 0.024228 0.092805
v 0.022786 0.023409 0.092004
v 0.022812 0.024228 0.092004
v 0.021271 0.024952 0.096603
v 0.021202 0.025665 0.096603
v 0.020739 0.025978 0.097297
v 0.021085 0.026376 0.096603
v 0.020924 0.027078 0.096603
v 0.020519 0.026970 0.097299
v 0.020717 0.027768 0.096603
v 0.020320 0.027634 0.097299
v 0.020465 0.028443 0.096603
v 0.020078 0.028284 0.097299
v 0.020169 0.029104 0.096603
v 0.019762 0.027785 0.097992
v 0.019305 0.027568 0.098625
v 0.019585 0.026723 0.098604
v 0.018979 0.026875 0.099211
v 0.019259 0.025803 0.099180
v 0.018572 0.026187 0.099769
v 0.019778 0.025864 0.098601
v 0.020290 0.025909 0.097954
v 0.017977 0.026060 0.100292
v 0.016649 0.025795 0.101248
v 0.015858 0.026128 0.101633
v 0.017291 0.026139 0.100786
v 0.018339 0.026969 0.099775
v 0.019834 0.029737 0.096603
v 0.019458 0.030351 0.096603
v 0.019769 0.030557 0.095882
v 0.019340 0.031165 0.095882
v 0.019600 0.031362 0.095139
v 0.019119 0.031958 0.095139
v 0.019330 0.032140 0.094376
v 0.018798 0.032716 0.094376
v 0.018962 0.032877 0.093597
v 0.018384 0.033428 0.093597
v 0.018503 0.033562 0.092805
v 0.017882 0.034082 0.092805
v 0.017961 0.034183 0.092004
v 0.017300 0.034667 0.092004
v 0.018119 0.030710 0.097956
v 0.018492 0.030981 0.097290
v 0.019042 0.030940 0.096603
v 0.016512 0.030082 0.099765
v 0.016045 0.029686 0.100292
v 0.015729 0.030785 0.099794
v 0.015498 0.030196 0.100304
v 0.015399 0.029428 0.100785
v 0.014791 0.029058 0.101235
v 0.016434 0.031667 0.098627
v 0.016733 0.032075 0.097992
v 0.016768 0.032658 0.097299
v 0.017300 0.032214 0.097299
v 0.017472 0.031411 0.097967
v 0.017802 0.031736 0.097299
v 0.016445 0.033414 0.096603
v 0.015837 0.033800 0.096603
v 0.016027 0.034122 0.095882
v 0.015372 0.034481 0.095882
v 0.015520 0.034773 0.095139
v 0.014829 0.035096 0.095139
v 0.014938 0.035352 0.094376
v 0.014117 0.035374 0.095139
v 0.014210 0.035637 0.094376
v 0.013385 0.035606 0.095139
v 0.013461 0.035875 0.094376
v 0.012700 0.036063 0.094376
v 0.012748 0.036288 0.093597
v 0.011962 0.036429 0.093597
v 0.011988 0.036607 0.092805
v 0.011183 0.036699 0.092805
v 0.011194 0.036827 0.092004
v 0.010376 0.036738 0.092805
v 0.010377 0.036867 0.092004
v 0.009564 0.036725 0.092805
v 0.009558 0.036854 0.092004
v 0.008742 0.036787 0.092004
v 0.015202 0.034148 0.096603
v 0.014060 0.034189 0.097324
v 0.014553 0.034452 0.096603
v 0.013884 0.034713 0.096603
v 0.012751 0.034649 0.097259
v 0.013195 0.034932 0.096603
v 0.012496 0.035106 0.096603
v 0.012574 0.035471 0.095882
v 0.011841 0.035603 0.095882
v 0.011889 0.035926 0.095139
v 0.011128 0.036013 0.095139
v 0.011150 0.036291 0.094376
v 0.010366 0.036050 0.095139
v 0.010370 0.036329 0.094376
v 0.009597 0.036038 0.095139
v 0.009584 0.036316 0.094376
v 0.008802 0.036253 0.094376
v 0.008776 0.036481 0.093597
v 0.007986 0.036365 0.093597
v 0.007954 0.036542 0.092805
v 0.007162 0.036372 0.092805
v 0.007131 0.036497 0.092004
v 0.006343 0.036275 0.092004
v 0.013591 0.033883 0.097967
v 0.013136 0.033537 0.098574
v 0.012984 0.033005 0.099191
v 0.011922 0.033794 0.098626
v 0.011864 0.033257 0.099220
v 0.012364 0.031263 0.100783
v 0.011985 0.030650 0.101241
v 0.012787 0.032458 0.099760
v 0.011972 0.032653 0.099775
v 0.012561 0.031880 0.100293
v 0.011659 0.034362 0.097967
v 0.011726 0.034819 0.097299
v 0.012651 0.034198 0.097931
v 0.011071 0.035315 0.096603
v 0.011787 0.035233 0.096603
v 0.021644 0.024976 0.095882
v 0.021572 0.025713 0.095882
v 0.021452 0.026448 0.095882
v 0.021285 0.027173 0.095882
v 0.021071 0.027887 0.095882
v 0.020811 0.028584 0.095882
v 0.020505 0.029267 0.095882
v 0.020159 0.029922 0.095882
v 0.021970 0.024997 0.095139
v 0.021896 0.025755 0.095139
v 0.021773 0.026511 0.095139
v 0.021601 0.027257 0.095139
v 0.021380 0.027991 0.095139
v 0.021113 0.028708 0.095139
v 0.020799 0.029410 0.095139
v 0.020443 0.030084 0.095139
v 0.020042 0.030737 0.095139
v 0.022248 0.025014 0.094376
v 0.022173 0.025791 0.094376
v 0.022046 0.026565 0.094376
v 0.021870 0.027329 0.094376
v 0.021645 0.028079 0.094376
v 0.021371 0.028814 0.094376
v 0.021050 0.029532 0.094376
v 0.020685 0.030222 0.094376
v 0.020275 0.030890 0.094376
v 0.019823 0.031530 0.094376
v 0.022478 0.025028 0.093597
v 0.022400 0.025821 0.093597
v 0.022272 0.026609 0.093597
v 0.022092 0.027387 0.093597
v 0.021863 0.028152 0.093597
v 0.021584 0.028901 0.093597
v 0.021257 0.029632 0.093597
v 0.020885 0.030336 0.093597
v 0.020467 0.031017 0.093597
v 0.020006 0.031669 0.093597
v 0.019503 0.032290 0.093597
v 0.022657 0.025039 0.092805
v 0.022579 0.025844 0.092805
v 0.022448 0.026644 0.092805
v 0.022266 0.027433 0.092805
v 0.022033 0.028210 0.092805
v 0.021750 0.028969 0.092805
v 0.021418 0.029710 0.092805
v 0.021041 0.030425 0.092805
v 0.020617 0.031116 0.092805
v 0.020149 0.031777 0.092805
v 0.019639 0.032407 0.092805
v 0.019090 0.033003 0.092805
v 0.022786 0.025047 0.092004
v 0.022706 0.025861 0.092004
v 0.022574 0.026669 0.092004
v 0.022390 0.027466 0.092004
v 0.022155 0.028251 0.092004
v 0.021869 0.029018 0.092004
v 0.021534 0.029766 0.092004
v 0.021153 0.030489 0.092004
v 0.020724 0.031187 0.092004
v 0.020252 0.031855 0.092004
v 0.019737 0.032492 0.092004
v 0.019182 0.033093 0.092004
v 0.018589 0.033658 0.092004
v 0.009613 0.035711 0.095882
v 0.010361 0.035723 0.095882
v 0.008834 0.035976 0.095139
v 0.008027 0.036139 0.094376
v 0.007205 0.036198 0.093597
v 0.006382 0.036152 0.092805
v 0.005571 0.036002 0.092004
v 0.008871 0.035651 0.095882
v 0.008134 0.035543 0.095882
v 0.007406 0.035387 0.095882
v 0.006690 0.035185 0.095882
v 0.005988 0.034936 0.095882
v 0.005303 0.034643 0.095882
v 0.004639 0.034306 0.095882
v 0.003998 0.033927 0.095882
v 0.009573 0.036546 0.093597
v 0.010373 0.036558 0.093597
v 0.008756 0.036659 0.092805
v 0.007932 0.036668 0.092004
v 0.011169 0.036520 0.093597
v 0.011929 0.036202 0.094376
v 0.012642 0.035790 0.095139
v 0.013297 0.035292 0.095882
v 0.014009 0.035065 0.095882
v 0.014700 0.034795 0.095882
v 0.011101 0.035687 0.095882
v 0.008076 0.035864 0.095139
v 0.007260 0.035975 0.094376
v 0.006437 0.035981 0.093597
v 0.005618 0.035882 0.092805
v 0.004819 0.035679 0.092004
v 0.007327 0.035704 0.095139
v 0.006591 0.035496 0.095139
v 0.005869 0.035241 0.095139
v 0.005165 0.034939 0.095139
v 0.004482 0.034593 0.095139
v 0.003823 0.034203 0.095139
v 0.003191 0.033771 0.095139
v 0.006506 0.035762 0.094376
v 0.005684 0.035715 0.093597
v 0.004873 0.035563 0.092805
v 0.004089 0.035309 0.092004
v 0.005767 0.035501 0.094376
v 0.005047 0.035192 0.094376
v 0.004348 0.034837 0.094376
v 0.003673 0.034438 0.094376
v 0.003026 0.033996 0.094376
v 0.002409 0.033513 0.094376
v 0.004949 0.035400 0.093597
v 0.004151 0.035196 0.092805
v 0.003384 0.034892 0.092004
v 0.004237 0.035038 0.093597
v 0.003550 0.034632 0.093597
v 0.002890 0.034181 0.093597
v 0.002261 0.033689 0.093597
v 0.001665 0.033157 0.093597
v 0.003453 0.034783 0.092805
v 0.002708 0.034430 0.092004
v 0.002784 0.034326 0.092805
v 0.002146 0.033827 0.092805
v 0.001542 0.033287 0.092805
v 0.000973 0.032710 0.092805
v 0.002063 0.033926 0.092004
v 0.004291 0.029651 0.100304
v 0.002242 0.032552 0.095882
v 0.001719 0.032022 0.095882
v 0.001233 0.031458 0.095882
v 0.000782 0.030863 0.095882
v 0.000370 0.030238 0.095882
v 0.000005 0.029596 0.095882
v 0.001453 0.033381 0.092004
v 0.000879 0.032797 0.092004
v 0.000343 0.032178 0.092004
v 0.001479 0.032243 0.095139
v 0.000762 0.031839 0.094376
v 0.000101 0.031346 0.093597
v -0.000493 0.030772 0.092805
v -0.001007 0.030130 0.092004
v 0.000979 0.031664 0.095139
v 0.000516 0.031052 0.095139
v 0.000092 0.030410 0.095139
v -0.000284 0.029749 0.095139
v -0.000620 0.029060 0.095139
v 0.000288 0.031213 0.094376
v -0.000340 0.030677 0.093597
v -0.000893 0.030070 0.092805
v -0.001365 0.029394 0.092004
v -0.000145 0.030556 0.094376
v -0.000531 0.029879 0.094376
v -0.000874 0.029174 0.094376
v -0.001171 0.028449 0.094376
v -0.000734 0.029986 0.093597
v -0.001248 0.029341 0.092805
v -0.001676 0.028637 0.092004
v -0.001084 0.029268 0.093597
v -0.001387 0.028529 0.093597
v -0.001641 0.027772 0.093597
v -0.001555 0.028592 0.092805
v -0.001936 0.027860 0.092004
v -0.000841 0.027532 0.095882
v -0.001031 0.026812 0.095882
v -0.001175 0.026081 0.095882
v -0.001271 0.025343 0.095882
v -0.001813 0.027823 0.092805
v -0.002020 0.027040 0.092805
v -0.001350 0.026885 0.095139
v -0.001773 0.026179 0.094376
v -0.002103 0.025424 0.093597
v -0.002334 0.024633 0.092805
v -0.002463 0.023817 0.092004
v -0.002146 0.027069 0.092004
v -0.001498 0.026134 0.095139
v -0.001597 0.025375 0.095139
v -0.001646 0.024611 0.095139
v -0.002304 0.026266 0.092004
v -0.001874 0.025402 0.094376
v -0.002154 0.024627 0.093597
v -0.002334 0.023820 0.092805
v -0.002410 0.023001 0.092004
v -0.001925 0.024620 0.094376
v -0.001925 0.023832 0.094376
v -0.002154 0.023825 0.093597
v -0.002282 0.023014 0.092805
v -0.002304 0.022190 0.092004
v -0.001271 0.023112 0.095882
v -0.001498 0.022321 0.095139
v -0.001622 0.021507 0.094376
v -0.001641 0.020684 0.093597
v -0.001555 0.019864 0.092805
v -0.001365 0.019061 0.092004
v -0.002103 0.023031 0.093597
v 0.000268 0.021599 0.097969
v 0.000761 0.021720 0.098610
v 0.000572 0.020655 0.097967
v -0.001175 0.022374 0.095882
v -0.001350 0.021570 0.095139
v -0.001421 0.020750 0.094376
v -0.001387 0.019927 0.093597
v -0.001248 0.019114 0.092805
v -0.001007 0.018325 0.092004
v -0.002177 0.022210 0.092805
v -0.002146 0.021386 0.092004
v -0.001031 0.021643 0.095882
v -0.000841 0.020924 0.095882
v -0.000604 0.020218 0.095882
v -0.000322 0.019529 0.095882
v -0.001154 0.020830 0.095139
v -0.001171 0.020007 0.094376
v -0.001084 0.019187 0.093597
v -0.000893 0.018386 0.092805
v -0.000601 0.017614 0.092004
v -0.000151 0.016931 0.092004
v 0.000343 0.016278 0.092004
v -0.000910 0.020104 0.095139
v -0.000620 0.019395 0.095139
v -0.000284 0.018707 0.095139
v -0.000874 0.019281 0.094376
v -0.000734 0.018469 0.093597
v -0.000492 0.017682 0.092805
v -0.000046 0.017006 0.092805
v 0.000444 0.016359 0.092805
v 0.000879 0.015658 0.092004
v -0.000531 0.018577 0.094376
v -0.000143 0.017896 0.094376
v -0.000338 0.017776 0.093597
v 0.000100 0.017110 0.093597
v 0.000583 0.016472 0.093597
v 0.000973 0.015746 0.092805
v 0.001453 0.015075 0.092004
v 0.000288 0.017243 0.094376
v 0.000762 0.016616 0.094376
v 0.001105 0.015868 0.093597
v 0.001542 0.015168 0.092805
v 0.002063 0.014530 0.092004
v 0.002797 0.015407 0.095882
v 0.003384 0.014948 0.095882
v 0.003998 0.014528 0.095882
v 0.004639 0.014149 0.095882
v 0.005303 0.013812 0.095882
v 0.005988 0.013519 0.095882
v 0.006690 0.013271 0.095882
v 0.007406 0.013068 0.095882
v 0.008134 0.012913 0.095882
v 0.008871 0.012805 0.095882
v 0.009613 0.012744 0.095882
v 0.010361 0.012732 0.095882
v 0.002587 0.015156 0.095139
v 0.003191 0.014685 0.095139
v 0.003823 0.014253 0.095139
v 0.004482 0.013863 0.095139
v 0.005165 0.013516 0.095139
v 0.005869 0.013215 0.095139
v 0.006591 0.012959 0.095139
v 0.007327 0.012751 0.095139
v 0.008076 0.012591 0.095139
v 0.008834 0.012480 0.095139
v 0.009597 0.012418 0.095139
v 0.010366 0.012405 0.095139
v 0.011128 0.012443 0.095139
v 0.002409 0.014943 0.094376
v 0.003026 0.014460 0.094376
v 0.003673 0.014018 0.094376
v 0.004348 0.013618 0.094376
v 0.005047 0.013264 0.094376
v 0.005767 0.012955 0.094376
v 0.006506 0.012693 0.094376
v 0.007260 0.012480 0.094376
v 0.008027 0.012317 0.094376
v 0.008802 0.012203 0.094376
v 0.009584 0.012139 0.094376
v 0.010370 0.012127 0.094376
v 0.011150 0.012165 0.094376
v 0.011929 0.012253 0.094376
v 0.002890 0.014274 0.093597
v 0.003453 0.013672 0.092805
v 0.004089 0.013147 0.092004
v 0.003550 0.013824 0.093597
v 0.004237 0.013417 0.093597
v 0.004949 0.013055 0.093597
v 0.005684 0.012741 0.093597
v 0.006437 0.012475 0.093597
v 0.007205 0.012257 0.093597
v 0.007986 0.012090 0.093597
v 0.008776 0.011975 0.093597
v 0.009573 0.011910 0.093597
v 0.010373 0.011897 0.093597
v 0.011169 0.011936 0.093597
v 0.011962 0.012026 0.093597
v 0.012748 0.012168 0.093597
v 0.004151 0.013259 0.092805
v 0.004819 0.012776 0.092004
v 0.004873 0.012893 0.092805
v 0.005618 0.012574 0.092805
v 0.006382 0.012303 0.092805
v 0.007162 0.012083 0.092805
v 0.007954 0.011914 0.092805
v 0.008756 0.011796 0.092805
v 0.009564 0.011730 0.092805
v 0.010376 0.011717 0.092805
v 0.011183 0.011757 0.092805
v 0.011988 0.011848 0.092805
v 0.012786 0.011992 0.092805
v 0.013573 0.012187 0.092805
v 0.005571 0.012454 0.092004
v 0.006343 0.012181 0.092004
v 0.007131 0.011958 0.092004
v 0.007932 0.011787 0.092004
v 0.008742 0.011668 0.092004
v 0.009558 0.011602 0.092004
v 0.010377 0.011589 0.092004
v 0.011194 0.011628 0.092004
v 0.012007 0.011721 0.092004
v 0.012813 0.011866 0.092004
v 0.013608 0.012063 0.092004
v 0.014388 0.012311 0.092004
v 0.008143 0.014700 0.098607
v 0.008045 0.014207 0.097972
v 0.013111 0.014939 0.098605
v 0.013274 0.014465 0.097972
v 0.013385 0.012849 0.095139
v 0.014115 0.013081 0.095139
v 0.014829 0.013360 0.095139
v 0.014208 0.012818 0.094376
v 0.015029 0.012892 0.093597
v 0.014938 0.013103 0.094376
v 0.016840 0.014464 0.095139
v 0.016997 0.014233 0.094376
v 0.017126 0.014044 0.093597
v 0.017228 0.013895 0.092805
v 0.017629 0.014696 0.094376
v 0.017771 0.014515 0.093597
v 0.017882 0.014374 0.092805
v 0.017961 0.014272 0.092004
v 0.016936 0.017998 0.099212
v 0.017113 0.017397 0.098604
v 0.018384 0.015027 0.093597
v 0.018503 0.014893 0.092805
v 0.018589 0.014797 0.092004
v 0.018600 0.015935 0.095139
v 0.019119 0.016498 0.095139
v 0.019600 0.017093 0.095139
v 0.019090 0.015452 0.092805
v 0.019182 0.015362 0.092004
v 0.019330 0.016316 0.094376
v 0.020006 0.016786 0.093597
v 0.019737 0.015964 0.092004
v 0.019823 0.016925 0.094376
v 0.021051 0.018925 0.094376
v 0.021113 0.019747 0.095139
v 0.021380 0.020465 0.095139
v 0.021601 0.021198 0.095139
v 0.021773 0.021944 0.095139
v 0.021896 0.022700 0.095139
v 0.021257 0.018825 0.093597
v 0.021371 0.019642 0.094376
v 0.021645 0.020376 0.094376
v 0.021870 0.021127 0.094376
v 0.022046 0.021891 0.094376
v 0.022173 0.022664 0.094376
v 0.021584 0.019554 0.093597
v 0.022033 0.020246 0.092805
v 0.022390 0.020989 0.092004
v 0.019134 0.022168 0.099211
v 0.019585 0.021732 0.098604
v 0.020072 0.021603 0.097967
v 0.020320 0.020821 0.097299
v 0.020519 0.021485 0.097299
v 0.021863 0.020303 0.093597
v 0.022092 0.021068 0.093597
v 0.022272 0.021846 0.093597
v 0.022400 0.022635 0.093597
v 0.022266 0.021022 0.092805
v 0.022574 0.021787 0.092004
v 0.022448 0.021812 0.092805
v 0.022579 0.022611 0.092805
v 0.022706 0.022595 0.092004
v 0.020072 0.026852 0.097967
v 0.017130 0.030239 0.099207
v 0.016508 0.030893 0.099210
v 0.017339 0.030825 0.098607
v 0.018589 0.031500 0.096603
v 0.018100 0.032029 0.096603
v 0.017579 0.032526 0.096603
v 0.017026 0.032988 0.096603
v 0.018871 0.031744 0.095882
v 0.018367 0.032291 0.095882
v 0.017827 0.032805 0.095882
v 0.017256 0.033282 0.095882
v 0.016655 0.033722 0.095882
v 0.018600 0.032520 0.095139
v 0.018231 0.033257 0.094376
v 0.017771 0.033940 0.093597
v 0.017228 0.034560 0.092805
v 0.016610 0.035106 0.092004
v 0.018045 0.033049 0.095139
v 0.017458 0.033540 0.095139
v 0.016840 0.033992 0.095139
v 0.016194 0.034403 0.095139
v 0.017629 0.033759 0.094376
v 0.017126 0.034412 0.093597
v 0.016544 0.034995 0.092805
v 0.015891 0.035500 0.092004
v 0.016997 0.034222 0.094376
v 0.016336 0.034643 0.094376
v 0.015646 0.035021 0.094376
v 0.016453 0.034841 0.093597
v 0.015832 0.035386 0.092805
v 0.015150 0.035847 0.092004
v 0.014389 0.036144 0.092004
v 0.013608 0.036393 0.092004
v 0.015751 0.035226 0.093597
v 0.015029 0.035563 0.093597
v 0.015100 0.035728 0.092805
v 0.014346 0.036023 0.092805
v 0.013573 0.036269 0.092805
v 0.012813 0.036589 0.092004
v 0.014286 0.035853 0.093597
v 0.013524 0.036096 0.093597
v 0.012786 0.036463 0.092805
v 0.012007 0.036734 0.092004
v 0.009905 0.013694 0.097525
v 0.009644 0.014051 0.098019
v 0.009480 0.014572 0.098657
v 0.009749 0.014338 0.098343
v 0.009693 0.014740 0.098794
v 0.009614 0.015314 0.099382
v 0.009636 0.015739 0.099743
v 0.009596 0.016557 0.100392
v 0.009448 0.016495 0.100419
v 0.009386 0.016048 0.100091
v 0.009515 0.015075 0.099181
v 0.009301 0.015481 0.099608
v 0.009343 0.018289 0.101569
v 0.009325 0.019233 0.102014
v 0.009495 0.019244 0.101928
v 0.009498 0.019992 0.102201
v 0.009148 0.019485 0.102157
v 0.009515 0.018293 0.101483
v 0.009556 0.017432 0.100984
v 0.009413 0.017373 0.101025
v 0.009296 0.017109 0.100888
vn 0.9985 0.0525 0.0155
vn 0.9986 0.0502 0.0150
vn 0.9990 0.0420 0.0125
vn 0.9991 0.0405 0.0113
vn 0.9772 0.2110 0.0246
vn 0.9695 0.2451 0.0086
vn 0.9812 0.1920 0.0214
vn 0.9826 0.1848 0.0179
vn 0.7975 -0.0857 0.5972
vn 0.6808 -0.1771 0.7108
vn 0.9465 0.3219 0.0247
vn 0.9433 0.3314 0.0211
vn 0.9462 0.3229 0.0224
vn 0.9657 0.2595 0.0107
vn 0.8909 0.4540 0.0153
vn 0.8909 0.4540 0.0151
vn 0.8923 0.4511 0.0140
vn 0.8924 0.4511 0.0140
vn 0.8923 0.4512 0.0138
vn 0.8188 0.5738 0.0177
vn 0.8381 0.5455 0.0011
vn 0.8290 0.5591 0.0125
vn 0.8485 0.5292 0.0062
vn 0.7263 0.6870 0.0214
vn 0.7173 0.6966 0.0156
vn 0.7300 0.6830 0.0236
vn 0.7594 0.6505 0.0109
vn 0.7554 0.3451 0.5570
vn 0.6644 0.1729 0.7271
vn 0.6307 0.7757 0.0237
vn 0.6127 0.7902 0.0091
vn 0.6314 0.7752 0.0208
vn 0.6535 0.7568 0.0137
vn 0.6534 0.7569 0.0135
vn 0.6534 0.7569 0.0136
vn 0.5145 0.8573 0.0173
vn 0.5509 0.8345 0.0074
vn 0.5509 0.8345 0.0075
vn 0.3894 0.9209 0.0181
vn 0.3894 0.9209 0.0180
vn 0.4005 0.9162 0.0133
vn 0.4004 0.9162 0.0132
vn 0.2561 0.9664 0.0222
vn 0.2458 0.9692 0.0180
vn 0.2595 0.9655 0.0237
vn 0.3063 0.9519 0.0113
vn 0.1247 0.9920 0.0188
vn 0.1248 0.9920 0.0188
vn 0.1249 0.9920 0.0188
vn 0.1835 0.9829 0.0115
vn 0.1836 0.9829 0.0116
vn -0.0180 0.9997 0.0167
vn -0.0179 0.9997 0.0167
vn -0.1671 0.9858 0.0187
vn -0.1774 0.9840 0.0160
vn -0.1576 0.9873 0.0203
vn -0.1163 0.9932 0.0091
vn -0.3012 0.9532 0.0247
vn -0.4602 0.7512 0.4733
vn -0.2911 0.9564 0.0231
vn -0.2637 0.9645 0.0143
vn -0.2638 0.9645 0.0132
vn -0.2637 0.9645 0.0141
vn -0.4359 0.8999 0.0135
vn -0.4379 0.8989 0.0135
vn -0.4226 0.9061 0.0180
vn -0.3903 0.9206 0.0107
vn -0.3903 0.9206 0.0106
vn -0.3903 0.9206 0.0105
vn -0.5450 0.8383 0.0153
vn -0.5325 0.8464 0.0106
vn -0.5359 0.8442 0.0125
vn -0.5296 0.8482 0.0099
vn -0.6631 0.7481 0.0251
vn -0.6838 0.7296 0.0078
vn -0.6565 0.7540 0.0215
vn -0.6510 0.7588 0.0186
vn -0.3217 0.7341 0.5980
vn -0.2226 0.6822 0.6965
vn -0.7523 0.6585 0.0232
vn -0.7792 0.3843 0.4952
vn -0.7529 0.6578 0.0223
vn -0.7348 0.6781 0.0158
vn -0.7347 0.6782 0.0158
vn -0.8382 0.5452 0.0148
vn -0.8381 0.5452 0.0149
vn -0.8382 0.5451 0.0147
vn -0.8348 0.5504 0.0130
vn -0.8348 0.5504 0.0129
vn -0.8348 0.5504 0.0131
vn -0.9065 0.4218 0.0169
vn -0.8884 0.4591 0.0044
vn -0.9007 0.4342 0.0149
vn -0.8847 0.4661 0.0068
vn -0.9588 0.2835 0.0190
vn -0.9663 0.2568 0.0163
vn -0.9559 0.2928 0.0218
vn -0.9498 0.3125 0.0142
vn -0.9498 0.3124 0.0141
vn -0.9881 0.1519 0.0233
vn -0.9914 0.1300 0.0125
vn -0.9870 0.1593 0.0208
vn -0.9847 0.1733 0.0169
vn -0.9997 0.0173 0.0178
vn -0.9984 0.0556 0.0083
vn -0.9984 0.0556 0.0082
vn -0.9923 -0.1227 0.0166
vn -0.9923 -0.1226 0.0166
vn -0.9923 -0.1228 0.0166
vn -0.9929 -0.1179 0.0146
vn -0.9929 -0.1179 0.0145
vn -0.9929 -0.1179 0.0147
vn -0.9654 -0.2600 0.0227
vn -0.9632 -0.2683 0.0190
vn -0.9658 -0.2582 0.0231
vn -0.9787 -0.2048 0.0105
vn -0.9787 -0.2048 0.0106
vn -0.9217 -0.3874 0.0195
vn -0.9217 -0.3875 0.0194
vn -0.9433 -0.3318 0.0108
vn -0.9433 -0.3318 0.0109
vn -0.8569 -0.5152 0.0159
vn -0.8569 -0.5152 0.0160
vn -0.7709 -0.6367 0.0190
vn -0.7003 -0.2452 0.6704
vn -0.7767 -0.6296 0.0206
vn -0.7972 -0.6036 0.0102
vn -0.7972 -0.6036 0.0100
vn -0.6826 -0.7304 0.0234
vn -0.6749 -0.7377 0.0193
vn -0.6832 -0.7299 0.0234
vn -0.7179 -0.6961 0.0122
vn -0.7178 -0.6961 0.0121
vn -0.5601 -0.8282 0.0197
vn -0.5391 -0.8422 0.0090
vn -0.5735 -0.8191 0.0176
vn -0.6018 -0.7986 0.0099
vn -0.6018 -0.7986 0.0100
vn -0.6018 -0.7986 0.0102
vn -0.4531 -0.8913 0.0152
vn -0.4497 -0.8930 0.0170
vn -0.4613 -0.8872 0.0121
vn -0.4571 -0.8893 0.0136
vn -0.3107 -0.9503 0.0189
vn -0.2742 -0.9615 0.0153
vn -0.3250 -0.9455 0.0202
vn -0.3311 -0.9434 0.0172
vn -0.3311 -0.9434 0.0171
vn -0.3311 -0.9434 0.0170
vn -0.1947 -0.9806 0.0228
vn -0.1866 -0.9823 0.0161
vn -0.1932 -0.9809 0.0222
vn -0.2521 -0.9676 0.0113
vn -0.0522 -0.9985 0.0154
vn -0.0522 -0.9985 0.0155
vn -0.0522 -0.9985 0.0150
vn -0.0544 -0.9984 0.0143
vn -0.0545 -0.9984 0.0143
vn 0.0876 -0.9960 0.0167
vn 0.0477 -0.9988 0.0080
vn 0.0759 -0.9970 0.0165
vn 0.0406 -0.9992 0.0068
vn 0.2289 -0.9732 0.0217
vn 0.2377 -0.9712 0.0182
vn 0.2247 -0.9742 0.0227
vn 0.1819 -0.9833 0.0109
vn 0.1819 -0.9833 0.0108
vn 0.1819 -0.9833 0.0107
vn 0.3666 -0.9301 0.0242
vn 0.3843 -0.9230 0.0167
vn 0.3556 -0.9344 0.0213
vn 0.3037 -0.9527 0.0115
vn 0.3037 -0.9527 0.0128
vn 0.3036 -0.9527 0.0122
vn 0.4857 -0.8740 0.0155
vn 0.4754 -0.8797 0.0123
vn 0.4754 -0.8797 0.0124
vn 0.6023 -0.7981 0.0172
vn 0.6022 -0.7981 0.0173
vn 0.6015 -0.7987 0.0168
vn 0.6015 -0.7987 0.0169
vn 0.7168 -0.6970 0.0196
vn 0.7449 -0.6670 0.0163
vn 0.7059 -0.7080 0.0209
vn 0.7016 -0.7124 0.0183
vn 0.7016 -0.7124 0.0182
vn 0.7015 -0.7124 0.0181
vn 0.7969 -0.6038 0.0196
vn 0.7970 -0.6037 0.0197
vn 0.7608 -0.6489 0.0111
vn 0.8744 -0.4849 0.0170
vn 0.8744 -0.4849 0.0169
vn 0.9366 -0.3500 0.0155
vn 0.9371 -0.3485 0.0191
vn 0.9337 -0.3575 0.0202
vn 0.9194 -0.3932 0.0100
vn 0.9194 -0.3931 0.0098
vn 0.9738 -0.2263 0.0225
vn 0.9762 -0.2160 0.0181
vn 0.9736 -0.2271 0.0230
vn 0.9604 -0.2785 0.0108
vn 0.9604 -0.2786 0.0111
vn 0.9604 -0.2785 0.0109
vn 0.9973 -0.0724 0.0145
vn 0.9974 -0.0700 0.0139
vn 0.9961 -0.0866 0.0180
vn 0.9925 -0.1217 0.0107
vn 0.9925 -0.1217 0.0106
vn -0.9193 0.3934 0.0095
vn -0.9193 0.3934 0.0097
vn -0.9193 0.3934 0.0098
vn -0.7942 0.6076 0.0092
vn -0.7942 0.6077 0.0091
vn -0.7941 0.6077 0.0089
vn -0.6921 0.1069 0.7139
vn -0.6921 0.7217 0.0127
vn -0.6075 0.7943 0.0071
vn -0.6074 0.7944 0.0061
vn -0.6075 0.7943 0.0075
vn -0.4493 0.8933 0.0095
vn -0.5295 0.4106 0.7423
vn -0.1827 0.9831 0.0139
vn -0.0415 0.9991 0.0093
vn -0.0414 0.9991 0.0093
vn 0.0574 0.9983 0.0070
vn 0.1188 0.9928 0.0164
vn 0.1189 0.9928 0.0163
vn 0.1191 0.9928 0.0160
vn 0.2390 0.9709 0.0155
vn 0.3537 0.9353 0.0128
vn 0.5489 0.6594 0.5137
vn 0.5953 0.2906 0.7491
vn 0.4660 0.8847 0.0062
vn 0.4660 0.8847 0.0063
vn 0.6081 0.7938 0.0124
vn 0.7085 0.7056 0.0127
vn 0.8034 0.5953 0.0113
vn 0.8033 0.5954 0.0115
vn 0.8033 0.5955 0.0117
vn 0.9242 0.3819 0.0090
vn 0.9242 0.3818 0.0088
vn 0.9242 0.3817 0.0086
vn 0.9433 0.3315 0.0189
vn 0.9929 0.1187 0.0076
vn 0.9929 0.1187 0.0075
vn 0.9984 -0.0557 0.0091
vn 0.9866 -0.1630 0.0104
vn 0.9774 -0.2105 0.0169
vn 0.9388 -0.3440 0.0169
vn 0.8859 -0.4639 0.0095
vn 0.8858 -0.4639 0.0095
vn 0.8859 -0.4638 0.0096
vn 0.8370 -0.5472 0.0066
vn 0.8370 -0.5472 0.0063
vn 0.8370 -0.5472 0.0067
vn 0.8022 -0.5969 0.0157
vn 0.8022 -0.5969 0.0155
vn 0.8020 -0.5971 0.0150
vn 0.6489 -0.7608 0.0100
vn 0.6490 -0.7607 0.0100
vn 0.5451 -0.8384 0.0058
vn 0.5450 -0.8384 0.0058
vn 0.3947 -0.9188 0.0074
vn 0.2443 -0.9696 0.0162
vn 0.1172 -0.9931 0.0100
vn 0.1171 -0.9931 0.0102
vn -0.1234 -0.9923 0.0083
vn -0.1235 -0.9923 0.0081
vn -0.1233 -0.9923 0.0084
vn -0.1831 -0.9829 0.0174
vn -0.3934 -0.9193 0.0082
vn -0.3934 -0.9193 0.0081
vn -0.5246 -0.8513 0.0069
vn -0.6383 -0.7697 0.0106
vn -0.6383 -0.7697 0.0108
vn -0.6383 -0.7697 0.0105
vn -0.6725 -0.7399 0.0173
vn -0.7693 -0.3898 0.5062
vn -0.8445 -0.5355 0.0086
vn -0.8445 -0.5354 0.0086
vn -0.8926 -0.4509 0.0071
vn -0.8925 -0.4510 0.0069
vn -0.8925 -0.4509 0.0071
vn -0.9181 -0.3961 0.0156
vn -0.9181 -0.3961 0.0154
vn -0.9181 -0.3960 0.0150
vn -0.9618 -0.2732 0.0174
vn -0.9992 -0.0406 0.0060
vn -0.9992 -0.0407 0.0060
vn -0.9922 0.1244 0.0107
vn -0.9704 0.2414 0.0111
vn 0.2514 -0.0212 0.9677
vn 0.2541 0.0225 0.9669
vn 0.2447 -0.0707 0.9670
vn 0.4181 -0.0736 0.9054
vn 0.4171 0.0185 0.9087
vn 0.4186 0.0175 0.9080
vn 0.4152 -0.0647 0.9074
vn 0.5824 -0.0559 0.8110
vn 0.5708 0.0291 0.8206
vn 0.5740 0.0247 0.8185
vn 0.5871 -0.0597 0.8073
vn 0.7000 -0.1305 0.7021
vn 0.7013 0.0207 0.7126
vn 0.7015 0.0202 0.7124
vn 0.6937 -0.1044 0.7126
vn 0.8104 -0.0758 0.5810
vn 0.8042 -0.0641 0.5908
vn 0.8084 -0.0715 0.5843
vn 0.8153 -0.0857 0.5726
vn 0.9017 -0.0948 0.4218
vn 0.9017 -0.0947 0.4218
vn 0.9647 -0.0931 0.2462
vn 0.9660 -0.1014 0.2377
vn 0.9646 -0.0926 0.2468
vn 0.9632 -0.0845 0.2550
vn 0.0488 0.0202 0.9986
vn 0.0796 0.0384 0.9961
vn 0.0729 -0.0123 0.9973
vn 0.2338 0.0975 0.9674
vn 0.2364 0.0961 0.9669
vn 0.3823 0.1603 0.9100
vn 0.4055 0.1242 0.9056
vn 0.5408 0.1735 0.8231
vn 0.5453 0.1701 0.8208
vn 0.6797 0.1213 0.7234
vn 0.6855 0.1175 0.7185
vn 0.8191 0.0823 0.5677
vn 0.8110 0.1238 0.5718
vn 0.8037 0.1295 0.5808
vn 0.8083 0.1008 0.5801
vn 0.8929 0.1574 0.4218
vn 0.8930 0.1573 0.4217
vn 0.8929 0.1575 0.4218
vn 0.9531 0.1762 0.2462
vn 0.9564 0.1686 0.2384
vn 0.9526 0.1771 0.2475
vn 0.9492 0.1844 0.2550
vn 0.0532 0.0572 0.9969
vn 0.2661 0.3286 0.9062
vn 0.2743 0.3210 0.9065
vn 0.2122 0.3402 0.9161
vn 0.3582 0.4649 0.8096
vn 0.3036 0.4637 0.8324
vn 0.3393 0.4645 0.8180
vn 0.2376 0.5393 0.8079
vn 0.2323 0.5365 0.8113
vn 0.1538 0.5535 0.8185
vn 0.3690 0.5980 0.7115
vn 0.1902 0.6768 0.7112
vn 0.1929 0.6781 0.7092
vn 0.1545 0.8003 0.5794
vn 0.1684 0.8008 0.5747
vn 0.1101 0.7941 0.5978
vn 0.1262 0.8979 0.4217
vn 0.1262 0.8979 0.4218
vn -0.0000 0.9067 0.4218
vn -0.0086 0.9690 0.2469
vn -0.0002 0.9712 0.2382
vn -0.0090 0.9689 0.2475
vn -0.1522 0.9547 0.2557
vn -0.1435 0.9585 0.2463
vn -0.1442 0.9582 0.2473
vn 0.0302 0.0725 0.9969
vn 0.1858 0.1848 0.9650
vn 0.1578 0.2002 0.9670
vn 0.0899 0.2337 0.9681
vn 0.2073 0.3384 0.9179
vn 0.1702 0.4095 0.8963
vn 0.1123 0.4101 0.9051
vn 0.0993 0.4075 0.9078
vn 0.1473 0.5515 0.8211
vn -0.0014 0.7051 0.7092
vn 0.1099 0.7936 0.5985
vn 0.0001 0.8364 0.5481
vn -0.0588 0.8161 0.5749
vn -0.0737 0.8108 0.5806
vn -0.1262 0.8979 0.4218
vn -0.1351 0.9618 0.2379
vn -0.2823 0.9248 0.2552
vn -0.2750 0.9294 0.2463
vn -0.2755 0.9290 0.2469
vn 0.0061 0.0726 0.9973
vn 0.0062 0.4185 0.9082
vn 0.0038 0.4158 0.9094
vn -0.0625 0.4044 0.9124
vn 0.0047 0.5712 0.8208
vn -0.0678 0.5712 0.8180
vn -0.0678 0.5709 0.8182
vn -0.1720 0.5491 0.8179
vn -0.1721 0.5483 0.8184
vn -0.2334 0.5217 0.8206
vn -0.1272 0.7019 0.7008
vn -0.2043 0.6509 0.7311
vn -0.1534 0.6831 0.7140
vn -0.2823 0.6732 0.6834
vn -0.3263 0.6376 0.6978
vn -0.3445 0.6117 0.7121
vn -0.2773 0.7753 0.5674
vn -0.3166 0.7568 0.5719
vn -0.3199 0.7484 0.5810
vn -0.4344 0.6952 0.5726
vn -0.4391 0.6850 0.5813
vn -0.4409 0.6813 0.5844
vn -0.4805 0.7689 0.4218
vn -0.4805 0.7689 0.4217
vn -0.4805 0.7690 0.4216
vn -0.5828 0.6946 0.4218
vn -0.6294 0.7369 0.2468
vn -0.6244 0.7440 0.2380
vn -0.6296 0.7366 0.2471
vn -0.7298 0.6345 0.2545
vn -0.7257 0.6425 0.2460
vn -0.7260 0.6419 0.2468
vn -0.0586 0.0661 0.9961
vn -0.0134 0.2529 0.9674
vn 0.0261 0.2496 0.9680
vn -0.0787 0.2408 0.9674
vn -0.0681 0.3963 0.9156
vn -0.1324 0.4233 0.8963
vn -0.1783 0.3813 0.9071
vn -0.1859 0.3764 0.9076
vn -0.2360 0.5162 0.8233
vn -0.4181 0.5558 0.7185
vn -0.4443 0.6733 0.5910
vn -0.5376 0.6409 0.5480
vn -0.5692 0.5876 0.5751
vn -0.5777 0.5739 0.5805
vn -0.5828 0.6946 0.4217
vn -0.6738 0.6067 0.4218
vn -0.6740 0.6065 0.4218
vn -0.7218 0.6500 0.2378
vn -0.8113 0.5265 0.2543
vn -0.8084 0.5351 0.2453
vn -0.8085 0.5346 0.2459
vn -0.0399 0.0907 0.9951
vn -0.2619 0.3285 0.9075
vn -0.2904 0.2981 0.9093
vn -0.3285 0.2493 0.9110
vn -0.3978 0.4115 0.8200
vn -0.4065 0.3620 0.8389
vn -0.4019 0.3940 0.8266
vn -0.4852 0.3420 0.8048
vn -0.4985 0.2910 0.8166
vn -0.5014 0.2747 0.8205
vn -0.5553 0.4631 0.6908
vn -0.5583 0.3951 0.7295
vn -0.5573 0.4345 0.7076
vn -0.6395 0.3287 0.6950
vn -0.6364 0.3147 0.7043
vn -0.6349 0.3038 0.7104
vn -0.7114 0.4141 0.5679
vn -0.7289 0.3763 0.5719
vn -0.7263 0.3675 0.5809
vn -0.7797 0.2533 0.5726
vn -0.7768 0.2426 0.5811
vn -0.7759 0.2376 0.5844
vn -0.8623 0.2805 0.4216
vn -0.8623 0.2802 0.4218
vn -0.8929 0.1576 0.4218
vn -0.8929 0.1575 0.4218
vn -0.8929 0.1574 0.4218
vn -0.9560 0.1607 0.2453
vn -0.9566 0.1688 0.2376
vn -0.9560 0.1598 0.2462
vn -0.9668 0.0167 0.2549
vn -0.9689 0.0252 0.2460
vn -0.9689 0.0249 0.2464
vn -0.5416 0.1716 0.8229
vn -0.6315 0.2894 0.7194
vn -0.7008 0.2102 0.6817
vn -0.6863 0.1716 0.7068
vn -0.6761 0.1471 0.7220
vn -0.7733 0.2301 0.5907
vn -0.8237 0.1450 0.5481
vn -0.8137 0.0838 0.5752
vn -0.8112 0.0689 0.5806
vn -0.9061 0.0317 0.4218
vn -0.9061 0.0316 0.4219
vn -0.9709 0.0338 0.2369
vn -0.9596 -0.1181 0.2552
vn -0.9630 -0.1093 0.2462
vn -0.9626 -0.1103 0.2475
vn -0.0617 0.0231 0.9978
vn -0.5724 0.0190 0.8198
vn -0.5710 0.0182 0.8208
vn -0.5555 -0.1332 0.8208
vn -0.7195 -0.0073 0.6945
vn -0.6678 -0.0716 0.7409
vn -0.6938 -0.0405 0.7190
vn -0.7207 -0.1813 0.6691
vn -0.6953 -0.2011 0.6900
vn -0.6713 -0.2190 0.7081
vn -0.8055 -0.1440 0.5748
vn -0.7771 -0.1950 0.5984
vn -0.7775 -0.1954 0.5977
vn -0.7757 -0.3133 0.5478
vn -0.7416 -0.3572 0.5679
vn -0.7242 -0.3717 0.5808
vn -0.8407 -0.3396 0.4218
vn -0.7852 -0.4533 0.4218
vn -0.8355 -0.4916 0.2454
vn -0.8414 -0.4855 0.2375
vn -0.8346 -0.4924 0.2469
vn -0.7517 -0.6081 0.2552
vn -0.7586 -0.6031 0.2463
vn -0.7584 -0.6033 0.2466
vn -0.0751 -0.0368 0.9965
vn -0.2416 0.0272 0.9700
vn -0.2468 0.0817 0.9656
vn -0.2517 -0.0196 0.9676
vn -0.4227 0.0503 0.9049
vn -0.4017 0.0124 0.9157
vn -0.4174 0.0377 0.9080
vn -0.4421 -0.0477 0.8957
vn -0.4162 -0.0731 0.9063
vn -0.4047 -0.0848 0.9105
vn -0.5553 -0.1330 0.8209
vn -0.7109 -0.3963 0.5810
vn -0.7853 -0.4533 0.4218
vn -0.7145 -0.5582 0.4218
vn -0.7654 -0.5980 0.2377
vn -0.6606 -0.7066 0.2536
vn -0.6679 -0.7027 0.2452
vn -0.6674 -0.7030 0.2458
vn -0.0880 -0.0038 0.9961
vn -0.0806 -0.0665 0.9945
vn -0.2496 -0.0429 0.9674
vn -0.2038 -0.1475 0.9678
vn -0.2321 -0.1113 0.9663
vn -0.4495 -0.3527 0.8207
vn -0.4493 -0.3534 0.8205
vn -0.4079 -0.4049 0.8184
vn -0.5345 -0.4694 0.7028
vn -0.4851 -0.4813 0.7301
vn -0.5174 -0.4751 0.7118
vn -0.4351 -0.5728 0.6947
vn -0.4200 -0.5728 0.7039
vn -0.4102 -0.5728 0.7097
vn -0.5317 -0.6283 0.5679
vn -0.4972 -0.6523 0.5720
vn -0.4880 -0.6514 0.5809
vn -0.3849 -0.7238 0.5727
vn -0.3738 -0.7228 0.5812
vn -0.3691 -0.7224 0.5847
vn -0.4257 -0.8005 0.4218
vn -0.4256 -0.8006 0.4218
vn -0.3101 -0.8522 0.4215
vn -0.3101 -0.8520 0.4218
vn -0.3238 -0.9133 0.2470
vn -0.3319 -0.9127 0.2384
vn -0.3235 -0.9134 0.2472
vn -0.1853 -0.9490 0.2550
vn -0.1938 -0.9495 0.2467
vn -0.1932 -0.9494 0.2474
vn -0.1775 -0.1716 0.9691
vn -0.3684 -0.2064 0.9065
vn -0.3157 -0.2381 0.9185
vn -0.3348 -0.2352 0.9125
vn -0.3096 -0.3077 0.8997
vn -0.2702 -0.3269 0.9056
vn -0.2669 -0.3290 0.9058
vn -0.4091 -0.4045 0.8180
vn -0.3270 -0.4734 0.8179
vn -0.3260 -0.4731 0.8185
vn -0.2621 -0.5079 0.8206
vn -0.3942 -0.5727 0.7188
vn -0.3274 -0.6535 0.6824
vn -0.2897 -0.6470 0.7053
vn -0.2617 -0.6400 0.7224
vn -0.3609 -0.7213 0.5912
vn -0.2863 -0.7859 0.5481
vn -0.2236 -0.7854 0.5772
vn -0.2087 -0.7871 0.5804
vn -0.1886 -0.8869 0.4217
vn -0.1885 -0.8869 0.4218
vn -0.1883 -0.8869 0.4218
vn -0.2019 -0.9499 0.2388
vn -0.0491 -0.9657 0.2551
vn -0.0588 -0.9676 0.2455
vn -0.0579 -0.9675 0.2463
vn -0.0344 -0.0602 0.9976
vn -0.1234 -0.2381 0.9634
vn -0.1034 -0.2405 0.9651
vn -0.0350 -0.2531 0.9668
vn -0.1928 -0.3681 0.9096
vn -0.1253 -0.3826 0.9154
vn -0.1336 -0.3878 0.9120
vn -0.0800 -0.4366 0.8961
vn -0.0231 -0.4247 0.9050
vn -0.0130 -0.4233 0.9059
vn -0.1760 -0.5530 0.8144
vn -0.1005 -0.5434 0.8334
vn -0.1523 -0.5477 0.8227
vn -0.0401 -0.6037 0.7962
vn -0.0113 -0.5825 0.8127
vn 0.0123 -0.5653 0.8248
vn -0.1173 -0.7095 0.6949
vn -0.0465 -0.6694 0.7414
vn -0.0798 -0.6896 0.7198
vn 0.0528 -0.7413 0.6691
vn 0.0840 -0.7142 0.6949
vn 0.1133 -0.6855 0.7192
vn 0.0031 -0.8180 0.5752
vn 0.0570 -0.7989 0.5987
vn 0.0581 -0.7992 0.5982
vn 0.1737 -0.8179 0.5485
vn 0.2269 -0.7846 0.5770
vn 0.2401 -0.7781 0.5805
vn 0.1886 -0.8868 0.4219
vn 0.1885 -0.8869 0.4218
vn 0.1887 -0.8868 0.4219
vn 0.3101 -0.8520 0.4217
vn 0.3102 -0.8521 0.4217
vn 0.3101 -0.8520 0.4218
vn 0.3391 -0.9080 0.2460
vn 0.3322 -0.9128 0.2375
vn 0.3396 -0.9077 0.2466
vn 0.4690 -0.8455 0.2553
vn 0.4626 -0.8517 0.2462
vn 0.4629 -0.8514 0.2467
vn -0.0071 -0.0490 0.9988
vn 0.2754 -0.7527 0.5979
vn 0.4256 -0.8006 0.4218
vn 0.4257 -0.8005 0.4218
vn 0.4561 -0.8578 0.2371
vn 0.5817 -0.7720 0.2564
vn 0.5761 -0.7791 0.2474
vn 0.5766 -0.7785 0.2482
vn -0.0079 -0.0910 0.9958
vn 0.0237 -0.0704 0.9972
vn 0.0502 -0.2553 0.9656
vn 0.0932 -0.2343 0.9677
vn 0.1268 -0.2083 0.9698
vn 0.0868 -0.4083 0.9087
vn 0.2253 -0.3489 0.9097
vn 0.1939 -0.3766 0.9059
vn 0.3129 -0.4771 0.8212
vn 0.3035 -0.4897 0.8174
vn 0.3972 -0.4077 0.8222
vn 0.4283 -0.5794 0.6934
vn 0.4899 -0.5019 0.7128
vn 0.4904 -0.5112 0.7058
vn 0.6148 -0.5348 0.5797
vn 0.6092 -0.5538 0.5675
vn 0.6341 -0.5104 0.5808
vn 0.7144 -0.5584 0.4218
vn 0.7145 -0.5582 0.4218
vn 0.7852 -0.4533 0.4218
vn 0.7852 -0.4534 0.4218
vn 0.8435 -0.4774 0.2461
vn 0.8415 -0.4856 0.2368
vn 0.8438 -0.4767 0.2463
vn 0.9025 -0.3474 0.2546
vn 0.9014 -0.3561 0.2462
vn 0.9015 -0.3550 0.2475
vn 0.0416 -0.0420 0.9983
vn 0.2707 -0.2997 0.9148
vn 0.3996 -0.4126 0.8186
vn 0.5459 -0.4308 0.7187
vn 0.6348 -0.5196 0.5719
vn 0.7100 -0.4099 0.5726
vn 0.7094 -0.3988 0.5811
vn 0.7092 -0.3943 0.5845
vn 0.8407 -0.3396 0.4218
vn 0.9003 -0.3639 0.2389
vn 0.9420 -0.2193 0.2540
vn 0.9424 -0.2269 0.2459
vn 0.9424 -0.2269 0.2458
vn 0.0765 -0.0507 0.9958
vn 0.2181 -0.1396 0.9659
vn 0.2133 -0.1466 0.9659
vn 0.3635 -0.2147 0.9065
vn 0.3659 -0.1545 0.9177
vn 0.3725 -0.1732 0.9117
vn 0.4209 -0.1139 0.8999
vn 0.5525 -0.1976 0.8098
vn 0.5346 -0.1452 0.8326
vn 0.5466 -0.1793 0.8180
vn 0.0836 -0.9629 0.2564
vn 0.0756 -0.9659 0.2475
vn 0.0760 -0.9658 0.2480
vn 0.0675 -0.9686 0.2392
vn 0.2157 -0.9427 0.2545
vn 0.2088 -0.9463 0.2467
vn 0.2091 -0.9462 0.2471
vn 0.2020 -0.9498 0.2389
vn 0.3463 -0.9029 0.2547
vn 0.0632 -0.9045 0.4218
vn -0.0679 -0.9693 0.2364
vn -0.0632 -0.9045 0.4218
vn -0.0632 -0.9045 0.4219
vn 0.0141 -0.8170 0.5765
vn -0.0586 -0.8349 0.5473
vn 0.0882 -0.4127 0.9066
vn -0.0112 -0.2499 0.9682
vn 0.9707 0.0341 0.2378
vn 0.9680 0.0429 0.2473
vn 0.9681 0.0426 0.2469
vn 0.9653 0.0512 0.2561
vn 0.9061 0.0317 0.4218
vn 0.8359 0.0292 0.5481
vn 0.9426 -0.2349 0.2375
vn 0.8798 -0.2194 0.4217
vn 0.8798 -0.2194 0.4218
vn 0.8798 -0.2192 0.4218
vn 0.7869 -0.2083 0.5809
vn 0.7794 -0.2359 0.5804
vn 0.7819 -0.2578 0.5675
vn 0.7912 -0.2166 0.5719
vn 0.7047 -0.1922 0.6830
vn 0.7760 -0.3125 0.5479
vn 0.6303 -0.2848 0.7223
vn 0.6348 -0.3099 0.7078
vn 0.6233 -0.2501 0.7409
vn 0.5615 -0.2246 0.7964
vn 0.7086 -0.3855 0.5910
vn 0.6415 -0.3506 0.6823
vn 0.4740 -0.3134 0.8229
vn 0.4719 -0.3380 0.8143
vn 0.4860 -0.2641 0.8331
vn 0.3601 -0.2431 0.9007
vn 0.8460 -0.4683 0.2548
vn 0.7654 -0.5980 0.2378
vn 0.7688 -0.5902 0.2461
vn 0.7686 -0.5907 0.2455
vn 0.6298 -0.6522 0.4218
vn 0.5813 -0.6014 0.5480
vn 0.4726 -0.6472 0.5982
vn 0.4725 -0.6476 0.5978
vn 0.4358 -0.6923 0.5752
vn 0.4280 -0.5860 0.6880
vn 0.3075 -0.6106 0.7299
vn 0.2882 -0.6449 0.7078
vn 0.2725 -0.6707 0.6898
vn 0.2673 -0.5292 0.8053
vn 0.1881 -0.5109 0.8388
vn 0.1670 -0.5397 0.8251
vn 0.1495 -0.5627 0.8130
vn 0.5440 -0.4245 0.7238
vn 0.3364 -0.2739 0.9010
vn 0.7716 -0.5832 0.2538
vn 0.6747 -0.6986 0.2381
vn 0.6793 -0.6913 0.2464
vn 0.6790 -0.6918 0.2459
vn 0.5329 -0.7335 0.4218
vn 0.5329 -0.7336 0.4218
vn 0.4456 -0.6819 0.5800
vn 0.2707 -0.2782 0.9216
vn 0.1949 -0.2016 0.9599
vn 0.6835 -0.6841 0.2546
vn 0.5708 -0.7856 0.2390
vn 0.3927 -0.7389 0.5475
vn 0.2755 -0.7521 0.5988
vn 0.2560 -0.6978 0.6689
vn 0.1411 -0.6564 0.7411
vn 0.1278 -0.5909 0.7966
vn 0.0403 -0.5427 0.8390
vn 0.1354 -0.1817 0.9740
vn -0.1885 -0.8868 0.4219
vn -0.1652 -0.7842 0.5981
vn -0.1648 -0.7836 0.5991
vn -0.1528 -0.7273 0.6691
vn -0.2285 -0.6315 0.7409
vn -0.2632 -0.5111 0.8182
vn -0.1975 -0.3701 0.9078
vn -0.3155 -0.9139 0.2555
vn -0.4560 -0.8576 0.2378
vn -0.4469 -0.8598 0.2472
vn -0.4477 -0.8595 0.2465
vn -0.4258 -0.8005 0.4218
vn -0.5330 -0.7335 0.4218
vn -0.5329 -0.7336 0.4218
vn -0.5329 -0.7336 0.4217
vn -0.5106 -0.6340 0.5808
vn -0.4905 -0.2995 0.8183
vn -0.3916 -0.1902 0.9003
vn -0.4385 -0.8616 0.2558
vn -0.5709 -0.7859 0.2375
vn -0.5628 -0.7891 0.2463
vn -0.5633 -0.7889 0.2458
vn -0.5329 -0.7335 0.4218
vn -0.6298 -0.6522 0.4218
vn -0.6298 -0.6522 0.4219
vn -0.5808 -0.6018 0.5482
vn -0.6231 -0.5125 0.5908
vn -0.6313 -0.5098 0.5844
vn -0.6355 -0.5084 0.5811
vn -0.5657 -0.4634 0.6820
vn -0.5932 -0.3617 0.7192
vn -0.6072 -0.3564 0.7101
vn -0.6170 -0.3516 0.7041
vn -0.4912 -0.2993 0.8180
vn -0.5377 -0.2040 0.8181
vn -0.5376 -0.2039 0.8182
vn -0.4057 -0.1545 0.9008
vn -0.3810 -0.1081 0.9183
vn -0.1563 -0.2174 0.9635
vn -0.5553 -0.7918 0.2543
vn -0.6749 -0.6987 0.2374
vn -0.6460 -0.5047 0.5726
vn -0.7195 -0.3939 0.5719
vn -0.6303 -0.3461 0.6950
vn -0.6394 -0.2416 0.7299
vn -0.1572 -0.1742 0.9721
vn -0.8288 -0.4983 0.2546
vn -0.9007 -0.3640 0.2370
vn -0.8955 -0.3710 0.2458
vn -0.8958 -0.3707 0.2452
vn -0.8798 -0.2193 0.4218
vn -0.8798 -0.2194 0.4217
vn -0.8003 -0.1558 0.5790
vn -0.5438 0.1755 0.8206
vn -0.4383 0.0756 0.8956
vn -0.3835 0.1212 0.9156
vn -0.3908 0.1519 0.9079
vn -0.3932 0.1630 0.9049
vn -0.2382 0.1258 0.9630
vn -0.8906 -0.3774 0.2537
vn -0.9421 -0.2350 0.2391
vn -0.9385 -0.2416 0.2468
vn -0.9386 -0.2413 0.2466
vn -0.8798 -0.2194 0.4218
vn -0.9017 -0.0948 0.4218
vn -0.8320 -0.0878 0.5478
vn -0.8007 0.0263 0.5985
vn -0.8010 0.0265 0.5980
vn -0.7429 0.0245 0.6690
vn -0.6617 0.1149 0.7409
vn -0.9349 -0.2478 0.2542
vn -0.9659 -0.1014 0.2383
vn -0.9060 0.0318 0.4221
vn -0.4003 0.1939 0.8956
vn -0.3240 0.2274 0.9183
vn -0.2144 0.1482 0.9655
vn -0.1630 0.1406 0.9765
vn -0.1628 0.1700 0.9719
vn -0.1262 0.2229 0.9666
vn -0.9553 0.1520 0.2537
vn -0.9236 0.2998 0.2388
vn -0.9240 0.2922 0.2467
vn -0.9240 0.2925 0.2465
vn -0.8148 0.3976 0.4219
vn -0.8149 0.3975 0.4219
vn -0.8149 0.3975 0.4218
vn -0.7147 0.3942 0.5778
vn -0.9243 0.2849 0.2541
vn -0.8731 0.4257 0.2377
vn -0.8748 0.4172 0.2464
vn -0.8747 0.4177 0.2459
vn -0.7517 0.5070 0.4218
vn -0.6939 0.4678 0.5475
vn -0.5965 0.5347 0.5986
vn -0.5965 0.5355 0.5978
vn -0.5532 0.4958 0.6694
vn -0.4513 0.5118 0.7310
vn -0.4026 0.5917 0.6984
vn -0.3925 0.4459 0.8044
vn -0.2981 0.4733 0.8289
vn -0.2973 0.4797 0.8255
vn -0.8761 0.4095 0.2546
vn -0.8055 0.5434 0.2366
vn -0.7517 0.5070 0.4217
vn -0.6343 0.7296 0.2558
vn -0.5148 0.8236 0.2381
vn -0.5212 0.8167 0.2478
vn -0.5208 0.8172 0.2470
vn -0.4806 0.7690 0.4215
vn -0.3689 0.8284 0.4216
vn -0.3688 0.8283 0.4218
vn -0.2935 0.7590 0.5812
vn 0.0012 0.7086 0.7056
vn 0.0044 0.5713 0.8207
vn -0.5270 0.8103 0.2562
vn -0.3950 0.8873 0.2381
vn -0.4018 0.8818 0.2470
vn -0.4014 0.8821 0.2465
vn -0.2499 0.8716 0.4218
vn -0.2309 0.8038 0.5482
vn -0.1134 0.7937 0.5977
vn -0.1126 0.7944 0.5969
vn -0.4079 0.8767 0.2551
vn -0.2678 0.9337 0.2378
vn -0.2499 0.8716 0.4217
vn -0.0172 0.9665 0.2560
vn 0.1350 0.9619 0.2379
vn 0.1270 0.9608 0.2464
vn 0.1271 0.9608 0.2462
vn 0.2499 0.8716 0.4217
vn 0.2499 0.8716 0.4218
vn 0.2304 0.8041 0.5480
vn 0.3240 0.7326 0.5986
vn 0.3246 0.7328 0.5980
vn 0.3826 0.7229 0.5753
vn 0.3725 0.5986 0.7092
vn 0.1193 0.9597 0.2543
vn 0.2676 0.9334 0.2393
vn 0.2598 0.9334 0.2475
vn 0.2600 0.9335 0.2469
vn 0.3688 0.8283 0.4218
vn 0.3680 0.7274 0.5792
vn 0.5139 0.4795 0.7113
vn 0.3870 0.4643 0.7967
vn 0.4038 0.3649 0.8389
vn 0.4325 0.3582 0.8275
vn 0.4520 0.3532 0.8191
vn 0.3319 0.3001 0.8943
vn 0.3195 0.2180 0.9222
vn 0.3453 0.2125 0.9141
vn 0.2521 0.9335 0.2548
vn 0.3950 0.8874 0.2379
vn 0.3858 0.8888 0.2473
vn 0.3866 0.8887 0.2465
vn 0.4805 0.7689 0.4218
vn 0.4805 0.7690 0.4217
vn 0.4432 0.7096 0.5478
vn 0.5130 0.6151 0.5987
vn 0.5137 0.6154 0.5978
vn 0.5668 0.5901 0.5750
vn 0.5225 0.4785 0.7057
vn 0.3777 0.8900 0.2553
vn 0.5146 0.8239 0.2375
vn 0.5058 0.8265 0.2469
vn 0.5062 0.8265 0.2464
vn 0.4804 0.7689 0.4218
vn 0.5828 0.6945 0.4220
vn 0.5828 0.6945 0.4219
vn 0.5828 0.6946 0.4218
vn 0.5547 0.5975 0.5790
vn 0.5939 0.4078 0.6935
vn 0.4843 0.3443 0.8043
vn 0.5020 0.2475 0.8287
vn 0.5088 0.2453 0.8252
vn 0.4976 0.8289 0.2556
vn 0.6243 0.7441 0.2377
vn 0.6163 0.7479 0.2466
vn 0.6167 0.7477 0.2461
vn 0.6737 0.6067 0.4219
vn 0.6738 0.6067 0.4218
vn 0.6217 0.5599 0.5477
vn 0.6630 0.4495 0.5986
vn 0.6632 0.4501 0.5980
vn 0.7073 0.4113 0.5750
vn 0.6006 0.4072 0.6881
vn 0.6211 0.2859 0.7297
vn 0.6486 0.2692 0.7119
vn 0.6636 0.2590 0.7018
vn 0.6089 0.7513 0.2546
vn 0.7215 0.6498 0.2394
vn 0.7152 0.6538 0.2471
vn 0.7154 0.6536 0.2471
vn 0.7517 0.5070 0.4218
vn 0.6999 0.4210 0.5769
vn 0.7090 0.6576 0.2548
vn 0.8055 0.5432 0.2369
vn 0.7982 0.5495 0.2467
vn 0.7987 0.5492 0.2461
vn 0.8149 0.3975 0.4218
vn 0.7519 0.3670 0.5477
vn 0.7606 0.2687 0.5911
vn 0.7674 0.2632 0.5846
vn 0.7709 0.2604 0.5812
vn 0.6894 0.2425 0.6826
vn 0.7915 0.5553 0.2555
vn 0.8731 0.4257 0.2376
vn 0.8673 0.4326 0.2465
vn 0.8679 0.4319 0.2454
vn 0.8623 0.2801 0.4218
vn 0.8623 0.2803 0.4218
vn 0.8623 0.2802 0.4219
vn 0.7797 0.2532 0.5726
vn 0.8619 0.4386 0.2545
vn 0.9240 0.2999 0.2372
vn 0.9190 0.3078 0.2463
vn 0.9193 0.3074 0.2457
vn 0.8623 0.2802 0.4218
vn 0.9141 0.3152 0.2549
vn 0.0006 0.0002 1.0000
vn 0.0006 -0.0000 1.0000
vn 0.0004 -0.0004 1.0000
vn 0.4088 0.3619 0.8378
vn 0.4085 0.3621 0.8379
vn 0.4519 0.4106 0.7920
vn 0.4520 0.4105 0.7919
vn 0.4520 0.4105 0.7920
vn 0.2901 0.1044 0.9513
vn 0.2900 0.1045 0.9513
vn 0.3791 0.1814 0.9074
vn 0.3791 0.1813 0.9074
vn 0.2386 -0.0018 0.9711
vn 0.1005 -0.2578 0.9610
vn 0.1005 -0.2577 0.9610
vn 0.1450 -0.2192 0.9649
vn 0.1450 -0.2192 0.9648
vn -0.0282 -0.4295 0.9026
vn -0.0283 -0.4295 0.9026
vn -0.0669 -0.5225 0.8500
vn -0.0672 -0.5224 0.8500
vn -0.0680 -0.5220 0.8502
vn -0.2053 -0.6653 0.7178
vn -0.2055 -0.6653 0.7178
vn -0.2054 -0.6653 0.7178
vn -0.3161 -0.8271 0.4647
vn -0.3160 -0.8272 0.4647
vn -0.0000 -0.0000 1.0000
vn -0.1851 -0.7244 0.6641
vn -0.1883 -0.7259 0.6615
vn 0.0180 -0.4701 0.8824
vn -0.0904 -0.5892 0.8029
vn -0.0123 -0.5131 0.8583
vn 0.0531 -0.4367 0.8981
vn 0.0313 -0.4534 0.8907
vn 0.1773 -0.2379 0.9550
vn 0.1774 -0.2379 0.9550
vn 0.2949 -0.0343 0.9549
vn 0.2949 -0.0342 0.9549
vn 0.3961 0.1714 0.9021
vn 0.4879 0.3866 0.7826
vn 0.4750 0.3657 0.8004
vn 0.4775 0.3699 0.7970
vn 0.4896 0.3895 0.7801
vn -0.1726 -0.7465 0.6426
vn -0.1725 -0.7465 0.6427
vn -0.0411 -0.6180 0.7851
vn -0.0394 -0.6166 0.7863
vn -0.0394 -0.6168 0.7861
vn 0.0033 -0.6509 0.7592
vn -0.0680 -0.7037 0.7072
vn -0.0689 -0.7068 0.7040
vn 0.1518 -0.4547 0.8776
vn 0.1271 -0.4730 0.8718
vn 0.2604 -0.3011 0.9174
vn 0.3026 -0.3330 0.8931
vn 0.1636 -0.5223 0.8370
vn 0.3172 -0.3262 0.8905
vn 0.3551 -0.3401 0.8708
vn 0.3601 -0.3422 0.8679
vn 0.4570 -0.1735 0.8724
vn 0.4989 -0.1980 0.8438
vn 0.4884 -0.2122 0.8464
vn 0.5209 -0.1726 0.8360
vn 0.5593 0.0365 0.8282
vn 0.6227 0.1028 0.7757
vn 0.6144 0.0899 0.7839
vn 0.6186 -0.0542 0.7838
vn 0.5940 -0.1034 0.7978
vn 0.5772 -0.1492 0.8028
vn 0.6814 0.2306 0.6946
vn 0.6815 0.2306 0.6946
vn 0.6815 0.2306 0.6945
vn 0.6079 -0.1872 0.7717
vn 0.6193 -0.1721 0.7661
vn 0.6171 -0.1759 0.7670
vn 0.6050 -0.1912 0.7729
vn 0.4808 -0.4198 0.7698
vn 0.4601 -0.4391 0.7716
vn 0.4634 -0.4361 0.7714
vn 0.4852 -0.4159 0.7692
vn 0.2762 -0.6331 0.7231
vn 0.0971 -0.7130 0.6944
vn 0.0971 -0.7131 0.6944
vn 0.0971 -0.7129 0.6945
vn 0.0521 -0.6987 0.7135
vn 0.0578 -0.6892 0.7223
vn 0.0016 -0.7254 0.6883
vn 0.3631 -0.6221 0.6937
vn 0.3630 -0.6219 0.6938
vn 0.3631 -0.6220 0.6937
vn 0.5160 -0.4337 0.7386
vn 0.5153 -0.4345 0.7387
vn 0.5154 -0.4344 0.7387
vn 0.5500 -0.4561 0.6997
vn 0.5499 -0.4561 0.6997
vn 0.5500 -0.4561 0.6996
vn 0.6704 -0.2474 0.6995
vn 0.6704 -0.2474 0.6996
vn 0.6865 -0.1889 0.7022
vn 0.6861 -0.1888 0.7026
vn 0.6862 -0.1889 0.7024
vn 0.4341 -0.5850 0.6851
vn 0.5444 -0.5068 0.6684
vn 0.5667 -0.4770 0.6718
vn 0.5997 -0.4691 0.6484
vn 0.6640 -0.3983 0.6328
vn 0.6997 -0.2638 0.6639
vn 0.7185 -0.2315 0.6558
vn 0.7050 -0.2449 0.6656
vn 0.6897 -0.2694 0.6721
vn 0.6575 0.1964 0.7274
vn 0.6574 0.1963 0.7275
vn 0.6576 0.1965 0.7273
vn 0.5698 0.0662 0.8191
vn 0.4576 -0.1718 0.8724
vn 0.4134 -0.1474 0.8985
vn 0.2688 -0.2904 0.9184
vn 0.1161 -0.4237 0.8983
vn 0.1295 -0.4089 0.9033
vn 0.0898 -0.4429 0.8921
vn -0.0414 -0.6177 0.7853
vn 0.1539 -0.3678 0.9171
vn 0.2334 -0.2703 0.9340
vn 0.3370 -0.0664 0.9392
vn 0.3164 -0.0916 0.9442
vn 0.3197 -0.0877 0.9435
vn 0.3414 -0.0611 0.9379
vn 0.4401 0.1460 0.8860
vn 0.5208 0.3559 0.7760
vn 0.5144 0.3451 0.7850
vn 0.5156 0.3470 0.7834
vn 0.5220 0.3581 0.7741
vn 0.3686 -0.1224 0.9215
vn 0.3688 -0.1217 0.9215
vn 0.4791 0.1297 0.8681
vn 0.4946 0.1504 0.8560
vn 0.5801 0.3374 0.7414
vn 0.5201 0.2166 0.8262
vn 0.5717 0.3740 0.7303
vn 0.1415 -0.5572 0.8183
vn 0.2436 -0.4975 0.8325
vn 0.4640 -0.2612 0.8464
vn 0.5547 -0.1775 0.8129
vn 0.4130 -0.1488 0.8985
vn 0.5449 0.1287 0.8286
vn 0.5253 0.0968 0.8454
vn 0.5296 0.1033 0.8419
vn 0.5480 0.1344 0.8256
vn 0.5841 0.3259 0.7433
vn 0.5885 0.3386 0.7341
vn 0.0019 -0.6726 0.7400
vn 0.0727 -0.6787 0.7308
vn 0.2444 -0.4972 0.8325
vn 0.2913 -0.5236 0.8006
vn 0.2886 -0.5256 0.8003
vn 0.2740 -0.5376 0.7974
vn 0.3902 -0.3609 0.8470
vn 0.4400 -0.3896 0.8091
vn 0.4359 -0.3939 0.8092
vn 0.4196 -0.4109 0.8094
vn 0.5717 -0.1587 0.8050
vn 0.6401 0.3220 0.6976
vn 0.6295 0.3270 0.7048
vn 0.6231 0.2825 0.7293
vn 0.6401 0.3261 0.6956
vn 0.5717 0.0700 0.8175
vn 0.2710 -0.5398 0.7970
vn 0.2878 -0.5985 0.7476
vn 0.2551 -0.6222 0.7402
vn 0.2112 -0.6657 0.7157
vn 0.4166 -0.4140 0.8094
vn 0.6371 -0.2242 0.7375
vn 0.6490 -0.2070 0.7321
vn 0.6469 -0.2101 0.7331
vn 0.6346 -0.2279 0.7385
vn 0.5161 -0.4336 0.7386
vn -0.1523 -0.5234 0.8384
vn -0.1121 -0.4004 0.9095
vn -0.1158 -0.3867 0.9149
vn -0.1472 -0.3266 0.9336
vn -0.1473 -0.3266 0.9336
vn -0.1161 -0.1270 0.9851
vn -0.1156 -0.1271 0.9851
vn -0.1154 -0.1271 0.9851
vn -0.0395 -0.1398 0.9894
vn -0.0391 -0.1398 0.9894
vn -0.0394 -0.1398 0.9894
vn -0.0358 -0.0503 0.9981
vn -0.0008 0.0954 0.9954
vn -0.0049 0.0862 0.9963
vn 0.1057 0.5579 0.8231
vn 0.1096 0.6499 0.7521
vn 0.1151 0.6677 0.7355
vn 0.1163 0.7424 0.6598
vn 0.1520 0.6165 0.7725
vn 0.1501 0.6073 0.7802
vn 0.1141 0.4957 0.8610
vn 0.0109 0.3219 0.9467
vn 0.0111 0.3219 0.9467
vn 0.0035 0.3655 0.9308
vn 0.0034 0.3655 0.9308
vn -0.0162 0.1288 0.9915
vn -0.0164 0.1288 0.9915
vn -0.0163 0.1288 0.9915
vn -0.0986 -0.0980 0.9903
vn -0.0988 -0.0979 0.9903
vn -0.1765 -0.3874 0.9048
vn -0.1759 -0.3877 0.9049
vn -0.1760 -0.3876 0.9048
vn -0.2282 -0.6189 0.7516
vn -0.1905 -0.5354 0.8228
vn -0.2279 -0.6327 0.7401
vn -0.2590 -0.7042 0.6610
vn -0.1694 -0.5958 0.7851
vn 0.1054 0.4781 0.8719
vn 0.0835 0.2974 0.9511
vn 0.0834 0.2975 0.9511
vn 0.0834 0.2974 0.9511
vn 0.0470 0.2398 0.9697
vn -0.1364 -0.4184 0.8980
vn 0.1884 0.5080 0.8405
vn 0.1886 0.5079 0.8405
vn 0.1885 0.5080 0.8405
vn 0.2088 0.5752 0.7909
vn 0.1901 0.5294 0.8268
vn 0.1931 0.5380 0.8205
vn 0.1990 0.2344 0.9515
vn 0.1990 0.2344 0.9516
vn 0.2377 0.3464 0.9075
vn 0.2377 0.3463 0.9075
vn 0.2075 0.1172 0.9712
vn 0.2162 -0.1722 0.9611
vn 0.2162 -0.1722 0.9610
vn 0.2207 -0.1595 0.9622
vn 0.2208 -0.1595 0.9622
vn 0.1926 -0.4921 0.8490
vn 0.1929 -0.4921 0.8489
vn 0.1957 -0.4830 0.8535
vn 0.1962 -0.4828 0.8534
vn 0.1954 -0.4830 0.8535
vn 0.1557 -0.7384 0.6562
vn 0.1535 -0.7393 0.6557
vn 0.1565 -0.7372 0.6572
vn 0.1687 -0.8083 0.5641
vn 0.2085 -0.6983 0.6847
vn 0.2083 -0.6983 0.6848
vn 0.2084 -0.6983 0.6848
vn 0.2457 -0.5692 0.7846
vn 0.2740 -0.5273 0.8043
vn 0.2389 -0.5774 0.7807
vn 0.2790 -0.1800 0.9433
vn 0.2451 -0.3089 0.9190
vn 0.2561 -0.2781 0.9258
vn 0.2858 -0.1507 0.9464
vn 0.2604 0.1175 0.9583
vn 0.2606 0.1164 0.9584
vn 0.2628 0.1457 0.9538
vn 0.2665 0.2267 0.9368
vn 0.2688 0.3462 0.8988
vn 0.2097 0.5821 0.7856
vn 0.1592 0.7289 0.6659
vn 0.1597 0.7282 0.6665
vn 0.1577 0.7296 0.6654
vn 0.2133 -0.7485 0.6279
vn 0.2135 -0.7485 0.6278
vn 0.2134 -0.7485 0.6278
vn 0.2684 -0.5524 0.7892
vn 0.2696 -0.5497 0.7906
vn 0.3275 -0.5621 0.7595
vn 0.3116 -0.6022 0.7351
vn 0.2851 -0.6650 0.6903
vn 0.3553 -0.3531 0.8655
vn 0.3443 -0.3844 0.8566
vn 0.3461 -0.3793 0.8581
vn 0.4005 -0.3815 0.8331
vn 0.3962 -0.4062 0.8234
vn 0.4137 -0.3526 0.8394
vn 0.4317 -0.0779 0.8986
vn 0.4320 -0.0786 0.8984
vn 0.4308 0.1453 0.8907
vn 0.4881 0.1296 0.8631
vn 0.4824 -0.0775 0.8725
vn 0.4978 0.1096 0.8603
vn 0.5321 0.0296 0.8461
vn 0.4907 0.3388 0.8028
vn 0.5655 0.2493 0.7862
vn 0.5651 0.2386 0.7898
vn 0.5632 0.1639 0.8099
vn 0.4715 0.5469 0.6917
vn 0.4720 0.5470 0.6914
vn 0.4718 0.5469 0.6916
vn 0.6197 0.1408 0.7721
vn 0.6216 0.1623 0.7664
vn 0.6212 0.1577 0.7676
vn 0.6193 0.1357 0.7733
vn 0.6221 -0.1370 0.7708
vn 0.6177 -0.1511 0.7718
vn 0.6186 -0.1483 0.7716
vn 0.6231 -0.1342 0.7706
vn 0.4407 -0.5669 0.6960
vn 0.4410 -0.5667 0.6959
vn 0.4406 -0.5670 0.6960
vn 0.3908 -0.5829 0.7124
vn 0.3939 -0.5694 0.7215
vn 0.3662 -0.6176 0.6960
vn 0.6626 -0.1340 0.7369
vn 0.6670 -0.1186 0.7356
vn 0.6662 -0.1215 0.7358
vn 0.7039 -0.1210 0.6999
vn 0.7040 -0.1210 0.6998
vn 0.7038 0.1230 0.6997
vn 0.7038 0.1230 0.6996
vn 0.7037 0.1230 0.6998
vn 0.6898 0.1761 0.7022
vn 0.6898 0.1760 0.7022
vn 0.6726 -0.2848 0.6830
vn 0.6919 -0.1946 0.6953
vn 0.6922 -0.1673 0.7020
vn 0.7431 0.0102 0.6691
vn 0.7424 -0.1564 0.6515
vn 0.7473 -0.1444 0.6486
vn 0.7560 0.0107 0.6545
vn 0.7389 0.1389 0.6593
vn 0.7326 0.1105 0.6716
vn 0.4512 0.5241 0.7223
vn 0.4515 0.5240 0.7222
vn 0.4518 0.5240 0.7221
vn 0.4285 0.1259 0.8947
vn 0.3802 -0.0771 0.9217
vn 0.3784 0.1428 0.9146
vn 0.3806 -0.0779 0.9215
vn 0.3579 -0.3460 0.8673
vn 0.3081 -0.3460 0.8862
vn 0.3104 -0.3390 0.8881
vn 0.3184 -0.3138 0.8945
vn 0.2100 0.7548 0.6214
vn 0.2098 0.7546 0.6217
vn 0.2099 0.7547 0.6216
vn 0.2077 0.7025 0.6807
vn 0.2076 0.7024 0.6809
vn 0.2075 0.7023 0.6810
vn 0.3202 -0.3091 0.8955
vn 0.3431 0.0841 0.9355
vn 0.3119 -0.0794 0.9468
vn 0.3259 -0.0301 0.9449
vn 0.3486 0.1179 0.9298
vn 0.2799 0.4831 0.8296
vn 0.2972 0.3093 0.9033
vn 0.2942 0.4532 0.8414
vn 0.2833 0.5457 0.7886
vn 0.2800 0.4969 0.8214
vn 0.3761 0.1260 0.9180
vn 0.3405 0.4489 0.8262
vn 0.3430 0.4277 0.8363
vn 0.3061 0.6166 0.7254
vn 0.3918 -0.4363 0.8100
vn 0.4537 -0.3461 0.8212
vn 0.4819 -0.0777 0.8728
vn 0.5311 -0.0773 0.8438
vn 0.3904 0.4459 0.8055
vn 0.3564 0.5477 0.7570
vn 0.3390 -0.5798 0.7409
vn 0.4033 -0.5508 0.7307
vn 0.4996 -0.3462 0.7941
vn 0.5003 -0.3442 0.7945
vn 0.5051 -0.3324 0.7965
vn 0.5309 -0.0777 0.8439
vn 0.5846 -0.0775 0.8076
vn 0.5816 -0.0906 0.8084
vn 0.5706 -0.1380 0.8095
vn 0.5613 0.1461 0.8146
vn 0.3718 0.6199 0.6910
vn 0.3734 0.6205 0.6896
vn 0.3758 0.6218 0.6871
vn 0.4677 0.3495 0.8118
vn 0.5054 -0.3311 0.7969
vn 0.5493 -0.3753 0.7466
vn 0.5348 -0.4064 0.7408
vn 0.5150 -0.4687 0.7177
vn 0.5672 -0.1512 0.8096
vn 0.6637 0.1228 0.7378
vn 0.6654 0.1453 0.7322
vn 0.6652 0.1413 0.7332
vn 0.6634 0.1182 0.7389
vn 0.6619 -0.1364 0.7371
vn 0.0366 -0.3561 0.9337
vn 0.0365 -0.3561 0.9337
vn -0.0370 -0.1696 0.9848
vn -0.0365 -0.1695 0.9849
vn -0.0363 -0.1694 0.9849
vn -0.0160 0.0696 0.9974
vn -0.0235 -0.0140 0.9996
vn -0.0508 0.0692 0.9963
vn 0.0426 -0.1375 0.9896
vn -0.1176 0.3562 0.9270
vn -0.1177 0.3562 0.9270
vn -0.2032 0.5322 0.8219
vn -0.2093 0.5358 0.8180
vn -0.2023 0.5298 0.8236
vn -0.2065 0.5363 0.8184
vn -0.2270 0.7120 0.6644
vn -0.2266 0.7122 0.6644
vn -0.2267 0.7122 0.6644
vn -0.1335 0.2617 0.9559
vn -0.1330 0.2620 0.9559
vn -0.1331 0.2619 0.9559
vn -0.1799 0.3178 0.9309
vn -0.1798 0.3179 0.9309
vn -0.1796 0.3179 0.9309
vn -0.0781 0.1034 0.9916
vn -0.0782 0.1033 0.9916
vn -0.0363 -0.1343 0.9903
vn -0.0364 -0.1343 0.9903
vn -0.0365 -0.1343 0.9903
vn 0.0427 -0.4403 0.8968
vn 0.0425 -0.4403 0.8968
vn 0.1135 -0.6530 0.7488
vn 0.1021 -0.5589 0.8229
vn 0.1192 -0.6612 0.7407
vn 0.1285 -0.7390 0.6614
vn 0.1452 -0.5980 0.7883
vn 0.1515 -0.6286 0.7628
vn -0.1596 0.5858 0.7946
vn -0.1604 0.5852 0.7949
vn -0.1589 0.5861 0.7945
vn -0.0725 0.2680 0.9607
vn 0.0822 -0.4320 0.8981
vn 0.0823 -0.4321 0.8981
vn -0.1220 0.5317 0.8381
vn -0.1233 0.5313 0.8382
vn -0.1222 0.5317 0.8381
vn -0.1270 0.5926 0.7954
vn -0.1269 0.5925 0.7955
vn -0.1270 0.5925 0.7955
vn 0.0552 0.3024 0.9516
vn 0.0328 0.4190 0.9074
vn 0.0327 0.4190 0.9074
vn 0.0329 0.4190 0.9074
vn 0.1210 0.2055 0.9711
vn 0.1210 0.2055 0.9712
vn 0.2737 -0.0427 0.9609
vn 0.2736 -0.0427 0.9609
vn 0.2735 -0.0426 0.9609
vn 0.2708 -0.0273 0.9622
vn 0.2709 -0.0274 0.9622
vn 0.4120 -0.3286 0.8499
vn 0.4123 -0.3285 0.8498
vn 0.4122 -0.3285 0.8498
vn 0.4148 -0.3761 0.8285
vn 0.4149 -0.3761 0.8285
vn 0.5314 -0.5606 0.6351
vn 0.5314 -0.5606 0.6352
vn 0.5318 -0.5603 0.6350
vn 0.5560 -0.4998 0.6641
vn 0.5563 -0.4992 0.6643
vn 0.5556 -0.5003 0.6641
vn 0.6638 -0.2745 0.6957
vn 0.6648 -0.2734 0.6952
vn 0.6658 -0.2729 0.6945
vn 0.5994 -0.0145 0.8003
vn 0.6036 -0.0362 0.7965
vn 0.6029 -0.0330 0.7971
vn 0.6622 -0.0474 0.7478
vn 0.6649 -0.0886 0.7416
vn 0.6790 -0.1525 0.7181
vn 0.5585 0.1804 0.8097
vn 0.5662 0.1539 0.8098
vn 0.5651 0.1581 0.8097
vn 0.6094 0.1797 0.7722
vn 0.6088 0.1828 0.7720
vn 0.6065 0.1945 0.7709
vn 0.4587 0.4475 0.7677
vn 0.4675 0.4277 0.7736
vn 0.4654 0.4324 0.7722
vn 0.4156 0.5610 0.7159
vn 0.5050 0.4549 0.7335
vn 0.4819 0.4791 0.7336
vn 0.5675 0.4802 0.6688
vn 0.5622 0.4430 0.6984
vn 0.5618 0.4644 0.6847
vn 0.5685 0.4969 0.6556
vn 0.6057 0.1978 0.7707
vn 0.6410 0.2130 0.7374
vn 0.6398 0.2173 0.7372
vn 0.6348 0.2397 0.7345
vn 0.5152 0.4338 0.7391
vn 0.5476 0.4584 0.7000
vn 0.6904 0.2029 0.6944
vn 0.6898 0.2029 0.6950
vn 0.6912 0.2025 0.6937
vn 0.6697 0.3006 0.6791
vn 0.7098 0.2568 0.6559
vn 0.6751 0.2938 0.6767
vn 0.7154 0.2418 0.6555
vn 0.4566 0.4518 0.7664
vn 0.4214 0.4156 0.8060
vn 0.4160 0.4223 0.8054
vn 0.4313 0.3911 0.8130
vn 0.5570 0.1860 0.8094
vn 0.5078 0.1576 0.8469
vn 0.4555 0.2733 0.8472
vn 0.4304 0.3170 0.8451
vn 0.5990 -0.0112 0.8006
vn 0.5398 -0.0438 0.8406
vn 0.5335 -0.0150 0.8457
vn 0.5102 0.0794 0.8564
vn 0.6254 -0.2866 0.7258
vn 0.6231 -0.2379 0.7451
vn 0.6249 -0.3207 0.7118
vn 0.5820 -0.2846 0.7618
vn 0.5724 -0.2388 0.7845
vn 0.5804 -0.3047 0.7552
vn 0.1351 0.7093 0.6919
vn 0.1455 0.6735 0.7248
vn 0.2014 0.5996 0.7745
vn 0.0601 0.7049 0.7068
vn 0.1060 0.6461 0.7558
vn 0.0452 0.6968 0.7158
vn 0.0335 0.6388 0.7687
vn 0.0170 0.6600 0.7511
vn -0.0510 0.7214 0.6907
vn 0.0457 0.6033 0.7962
vn 0.0670 0.5509 0.8319
vn -0.0588 0.6976 0.7141
vn -0.0250 0.5884 0.8082
vn -0.0271 0.5922 0.8053
vn -0.0385 0.6126 0.7895
vn -0.0415 0.6180 0.7851
vn -0.0803 0.5953 0.7995
vn -0.0787 0.5921 0.8020
vn -0.0695 0.5735 0.8163
vn -0.0685 0.5718 0.8176
vn -0.1731 0.7465 0.6424
vn -0.1726 0.7469 0.6422
vn -0.1729 0.7467 0.6423
vn -0.1853 0.7242 0.6642
vn -0.2428 0.7498 0.6155
vn -0.2427 0.7499 0.6154
vn -0.2426 0.7501 0.6152
vn 0.4001 -0.1787 0.8989
vn 0.4702 -0.3478 0.8112
vn 0.4009 -0.1725 0.8997
vn 0.4704 -0.3313 0.8179
vn 0.5104 -0.3085 0.8027
vn 0.5107 -0.3130 0.8008
vn 0.5139 -0.3366 0.7890
vn 0.5143 -0.3426 0.7862
vn 0.5544 -0.3274 0.7652
vn 0.5702 -0.4075 0.7133
vn 0.5539 -0.3307 0.7641
vn 0.5605 -0.3533 0.7490
vn 0.5604 -0.1994 0.8039
vn 0.3925 -0.0341 0.9191
vn 0.3669 0.0094 0.9302
vn 0.4295 -0.1514 0.8903
vn 0.4379 -0.0245 0.8987
vn 0.4722 -0.1187 0.8735
vn 0.4603 -0.0690 0.8851
vn 0.4681 -0.0850 0.8796
vn 0.5230 -0.0536 0.8507
vn 0.3105 0.0043 0.9506
vn 0.3115 -0.0002 0.9503
vn 0.3592 0.0264 0.9329
vn 0.3524 0.0594 0.9340
vn 0.3962 0.0932 0.9134
vn 0.3724 0.2279 0.8997
vn 0.3410 0.2550 0.9048
vn 0.4362 0.0706 0.8971
vn 0.5036 0.1112 0.8568
vn 0.0497 0.4285 0.9022
vn 0.1771 0.2380 0.9550
vn 0.1771 0.2379 0.9550
vn 0.1607 0.3562 0.9205
vn 0.2114 0.2663 0.9404
vn 0.1922 0.3140 0.9298
vn 0.2027 0.2975 0.9329
vn 0.2540 0.3287 0.9096
vn 0.2595 0.3150 0.9129
vn 0.2783 0.2680 0.9224
vn 0.2836 0.2539 0.9247
vn 0.2553 0.3986 0.8809
vn 0.2833 0.3813 0.8800
vn 0.3409 0.3792 0.8602
vn 0.3469 0.3655 0.8638
vn 0.3663 0.3191 0.8740
vn 0.3720 0.3052 0.8766
vn 0.4198 0.3339 0.8439
vn 0.4103 0.3641 0.8361
vn 0.3851 0.4657 0.7968
vn 0.1036 0.4594 0.8822
vn 0.1072 0.4942 0.8627
vn 0.1630 0.5457 0.8220
vn 0.6531 -0.2786 0.7042
vn 0.2489 0.4958 0.8320
vn 0.2199 0.5926 0.7749
vn 0.3568 0.5075 0.7843
vn 0.6336 0.2434 0.7344
vn 0.3449 -0.3434 0.8736
vn 0.2695 -0.3565 0.8946
vn 0.2434 -0.2701 0.9315
vn 0.0555 -0.1698 0.9839
vn 0.0554 -0.1697 0.9839
vn 0.1145 -0.1152 0.9867
vn 0.1143 -0.1151 0.9867
vn 0.1144 -0.1152 0.9867
vn 0.0095 -0.0522 0.9986
vn -0.0428 0.0040 0.9991
vn -0.1629 0.1663 0.9725
vn -0.2595 0.2373 0.9361
vn -0.3077 0.2206 0.9256
vn -0.3077 0.2207 0.9256
vn -0.3077 0.2207 0.9255
vn -0.4263 0.3624 0.8288
vn -0.4892 0.4538 0.7448
vn -0.4587 0.3918 0.7975
vn -0.5232 0.4542 0.7210
vn -0.4807 0.4596 0.7468
vn -0.2635 0.1455 0.9536
vn -0.2634 0.1456 0.9536
vn -0.1432 0.0662 0.9875
vn -0.1431 0.0663 0.9875
vn -0.1431 0.0662 0.9875
vn 0.0690 -0.0723 0.9950
vn 0.0675 -0.0717 0.9951
vn 0.0084 -0.0916 0.9958
vn 0.2773 -0.3746 0.8847
vn 0.3985 -0.4647 0.7907
vn 0.4361 -0.3954 0.8084
vn 0.4670 -0.5114 0.7214
vn 0.4626 -0.5418 0.7017
vn 0.4617 -0.5325 0.7094
vn 0.4671 -0.5004 0.7290
vn -0.2093 0.2145 0.9540
vn 0.3058 -0.3427 0.8883
vn 0.3056 -0.3428 0.8883
vn 0.3055 -0.3428 0.8883
vn 0.2751 -0.2739 0.9216
vn -0.3614 0.4084 0.8382
vn -0.3615 0.4083 0.8382
vn -0.3615 0.4084 0.8382
vn -0.4105 0.4517 0.7921
vn -0.4104 0.4519 0.7921
vn -0.4104 0.4518 0.7921
vn -0.1033 0.2893 0.9516
vn -0.1034 0.2893 0.9516
vn -0.1812 0.3789 0.9075
vn -0.1813 0.3789 0.9075
vn -0.1811 0.3789 0.9075
vn 0.0016 0.2384 0.9712
vn 0.2583 0.1001 0.9609
vn 0.2582 0.1001 0.9609
vn 0.2581 0.1000 0.9609
vn 0.2485 0.1113 0.9622
vn 0.2487 0.1114 0.9622
vn 0.5146 -0.0733 0.8543
vn 0.5147 -0.0732 0.8542
vn 0.5311 -0.0975 0.8417
vn 0.7406 -0.2116 0.6377
vn 0.7403 -0.2137 0.6374
vn 0.7398 -0.2084 0.6398
vn 0.7304 -0.1508 0.6662
vn 0.7306 -0.1469 0.6669
vn 0.7289 -0.1533 0.6672
vn 0.7124 0.0967 0.6951
vn 0.7125 0.0967 0.6950
vn 0.7126 0.0966 0.6949
vn 0.5480 0.2608 0.7948
vn 0.5395 0.2715 0.7970
vn 0.5406 0.2704 0.7967
vn 0.5988 0.2885 0.7471
vn 0.6107 0.2697 0.7445
vn 0.6484 0.2226 0.7280
vn 0.3934 0.4352 0.8098
vn 0.4140 0.4155 0.8099
vn 0.4107 0.4187 0.8099
vn 0.4386 0.4596 0.7723
vn 0.4367 0.4618 0.7720
vn 0.4291 0.4702 0.7712
vn 0.1733 0.6167 0.7679
vn 0.1911 0.6038 0.7739
vn 0.1866 0.6068 0.7726
vn 0.0822 0.6911 0.7181
vn 0.2095 0.6463 0.7338
vn 0.1758 0.6568 0.7333
vn 0.1847 0.6884 0.7014
vn 0.1846 0.6884 0.7015
vn 0.2716 0.6891 0.6718
vn 0.3669 0.6483 0.6672
vn 0.2544 0.7087 0.6581
vn 0.3929 0.6649 0.6353
vn 0.4269 0.4726 0.7710
vn 0.4489 0.5045 0.7376
vn 0.5816 0.3837 0.7173
vn 0.4382 0.5153 0.7365
vn 0.2284 0.6336 0.7392
vn 0.2461 0.6715 0.6990
vn 0.2461 0.6715 0.6989
vn 0.5770 0.4394 0.6885
vn 0.5293 0.5079 0.6796
vn 0.4977 0.5109 0.7009
vn 0.4571 0.5503 0.6987
vn 0.4570 0.5503 0.6988
vn 0.4571 0.5504 0.6987
vn 0.1694 0.6193 0.7667
vn 0.1571 0.5705 0.8062
vn 0.1501 0.5737 0.8052
vn 0.1779 0.5542 0.8132
vn 0.3893 0.4393 0.8096
vn 0.3659 0.3989 0.8408
vn 0.3659 0.3991 0.8407
vn 0.5492 0.2594 0.7944
vn 0.5211 0.2107 0.8271
vn 0.4314 0.2953 0.8525
vn 0.3899 0.3235 0.8622
vn 0.6847 0.0651 0.7259
vn 0.6583 0.1048 0.7454
vn 0.7058 0.0351 0.7075
vn 0.6426 0.0252 0.7658
vn 0.6078 0.0759 0.7905
vn 0.5395 0.1680 0.8250
vn -0.2305 0.6810 0.6950
vn -0.2307 0.6810 0.6950
vn -0.2091 0.6553 0.7259
vn -0.2090 0.6553 0.7258
vn -0.2091 0.6553 0.7258
vn -0.3263 0.6417 0.6941
vn -0.3271 0.6395 0.6957
vn -0.2832 0.6223 0.7297
vn -0.3330 0.6296 0.7019
vn -0.3280 0.5829 0.7434
vn -0.3417 0.5887 0.7326
vn -0.4046 0.6006 0.6896
vn -0.2175 0.5182 0.8272
vn -0.2060 0.5157 0.8316
vn -0.4055 0.5765 0.7094
vn -0.3446 0.5140 0.7855
vn -0.3470 0.5153 0.7836
vn -0.3551 0.5214 0.7759
vn -0.3576 0.5223 0.7742
vn -0.3654 0.4757 0.8001
vn -0.3701 0.4779 0.7966
vn -0.3879 0.4888 0.7814
vn -0.3912 0.4908 0.7785
vn 0.5870 -0.0599 0.8074
vn 0.5882 -0.0617 0.8064
vn 0.5953 -0.0722 0.8002
vn 0.5978 -0.0756 0.7981
vn 0.6175 -0.0413 0.7855
vn 0.6174 -0.0411 0.7856
vn 0.6165 -0.0400 0.7863
vn 0.6162 -0.0400 0.7865
vn 0.6494 0.0027 0.7605
vn 0.7015 -0.0670 0.7096
vn 0.7032 -0.0693 0.7076
vn 0.3311 0.1161 0.9364
vn 0.2845 0.1462 0.9475
vn 0.4224 0.0399 0.9055
vn 0.3674 0.1543 0.9172
vn 0.4431 0.0901 0.8919
vn 0.4096 0.1277 0.9033
vn 0.4230 0.1165 0.8986
vn 0.2911 0.2667 0.9188
vn 0.4540 0.1518 0.8780
vn 0.3029 0.2592 0.9171
vn 0.4727 0.1273 0.8720
vn 0.5125 0.1979 0.8356
vn 0.2676 0.1585 0.9504
vn 0.2470 0.1808 0.9520
vn 0.2703 0.2336 0.9340
vn 0.2260 0.3701 0.9011
vn 0.1791 0.3931 0.9019
vn 0.3428 0.2789 0.8970
vn 0.3739 0.3353 0.8648
vn 0.3523 0.3605 0.8637
vn -0.1716 0.3962 0.9020
vn -0.1712 0.3959 0.9022
vn 0.0343 0.2946 0.9550
vn 0.0344 0.2946 0.9550
vn 0.0343 0.2947 0.9550
vn 0.0611 0.3411 0.9380
vn 0.0673 0.3361 0.9394
vn 0.0886 0.3186 0.9438
vn 0.0926 0.3149 0.9446
vn 0.1221 0.3683 0.9217
vn 0.1224 0.3682 0.9216
vn 0.1476 0.4132 0.8986
vn 0.1243 0.4355 0.8916
vn 0.1381 0.4745 0.8693
vn 0.1381 0.4745 0.8694
vn 0.1383 0.4744 0.8694
vn 0.1382 0.4744 0.8694
vn 0.1623 0.5164 0.8408
vn 0.1623 0.5165 0.8408
vn 0.1001 0.5940 0.7982
vn -0.1459 0.4398 0.8862
vn -0.1460 0.4398 0.8862
vn -0.1300 0.4786 0.8684
vn -0.1498 0.4950 0.8559
vn -0.1040 0.5293 0.8420
vn -0.1335 0.5480 0.8257
vn -0.1280 0.5448 0.8287
vn -0.0968 0.5249 0.8457
vn 0.7003 0.0915 0.7080
vn -0.0968 0.6129 0.7842
vn -0.0697 0.5715 0.8176
vn -0.0658 0.5694 0.8194
vn -0.0361 0.5589 0.8284
vn -0.1062 0.6223 0.7755
vn 0.0524 0.6186 0.7840
vn 0.4751 0.4874 0.7326
vn 0.2542 -0.0531 0.9657
vn 0.2543 -0.0531 0.9657
vn 0.2542 -0.0532 0.9657
vn 0.3409 -0.1252 0.9317
vn -0.0111 -0.0347 0.9993
vn 0.2083 -0.0703 0.9755
vn 0.3286 -0.1582 0.9311
vn 0.3249 -0.1566 0.9327
vn 0.2999 -0.1431 0.9432
vn 0.2999 -0.1436 0.9431
vn 0.0414 -0.0790 0.9960
vn 0.0413 -0.0790 0.9960
vn 0.0247 -0.0099 0.9996
vn -0.3748 0.0831 0.9234
vn -0.5501 0.1010 0.8290
vn -0.6516 0.1419 0.7452
vn -0.5945 0.1029 0.7975
vn -0.6788 0.1374 0.7214
vn -0.6433 0.1571 0.7493
vn -0.3505 0.0573 0.9348
vn -0.3457 0.0659 0.9360
vn -0.3529 0.0302 0.9352
vn -0.3131 0.0051 0.9497
vn -0.3133 0.0047 0.9497
vn -0.3011 0.0839 0.9499
vn -0.3013 0.0833 0.9499
vn -0.0839 0.0462 0.9954
vn -0.0887 0.0406 0.9952
vn -0.1063 -0.0322 0.9938
vn -0.1062 -0.0017 0.9943
vn 0.0832 -0.1040 0.9911
vn 0.0888 -0.0525 0.9947
vn 0.1009 -0.0025 0.9949
vn 0.5319 -0.1861 0.8261
vn 0.5318 -0.1862 0.8261
vn 0.5317 -0.1864 0.8261
vn 0.6756 -0.2470 0.6946
vn 0.6757 -0.2469 0.6946
vn 0.6759 -0.2466 0.6945
vn 0.6385 -0.1841 0.7473
vn 0.6515 -0.1808 0.7368
vn -0.5200 0.1742 0.8362
vn -0.5200 0.1739 0.8363
vn -0.5797 0.1862 0.7932
vn -0.5798 0.1862 0.7932
vn -0.2348 0.1991 0.9514
vn -0.3461 0.2378 0.9076
vn -0.3461 0.2377 0.9076
vn -0.3460 0.2378 0.9076
vn -0.1174 0.2074 0.9712
vn 0.1727 0.2159 0.9610
vn 0.1726 0.2159 0.9610
vn 0.1597 0.2208 0.9622
vn 0.1598 0.2208 0.9621
vn 0.4889 0.1931 0.8507
vn 0.4889 0.1933 0.8506
vn 0.5363 0.1703 0.8267
vn 0.5363 0.1702 0.8267
vn 0.4497 0.4725 0.7580
vn 0.5726 0.4226 0.7025
vn 0.4176 0.4864 0.7675
vn -0.0826 0.6278 0.7740
vn -0.0152 0.6268 0.7790
vn -0.1358 0.6284 0.7659
vn -0.2142 0.6530 0.7265
vn -0.1428 0.6645 0.7335
vn -0.2281 0.6661 0.7102
vn -0.1788 0.6883 0.7031
vn -0.1131 0.7294 0.6747
vn 0.0076 0.7435 0.6687
vn -0.1177 0.7450 0.6566
vn -0.0109 0.7724 0.6350
vn 0.4948 0.4734 0.7287
vn 0.4945 0.4738 0.7287
vn 0.4947 0.4736 0.7287
vn 0.5153 0.5025 0.6943
vn 0.5152 0.5026 0.6943
vn 0.5149 0.5029 0.6943
vn 0.1800 0.5775 0.7963
vn 0.3038 0.5389 0.7857
vn 0.2799 0.5475 0.7886
vn 0.3194 0.6030 0.7310
vn 0.3195 0.6027 0.7312
vn 0.3194 0.6031 0.7309
vn 0.1372 0.6074 0.7825
vn 0.1385 0.6611 0.7374
vn 0.2232 0.6490 0.7273
vn 0.1222 0.6657 0.7362
vn -0.1185 0.6629 0.7393
vn -0.1223 0.7035 0.7001
vn -0.1223 0.7034 0.7002
vn 0.1937 0.6868 0.7006
vn 0.1937 0.6867 0.7006
vn 0.1937 0.6866 0.7007
vn 0.1225 0.7052 0.6983
vn 0.1225 0.7052 0.6984
vn 0.1225 0.7053 0.6983
vn 0.1028 0.7675 0.6327
vn -0.1238 0.6263 0.7697
vn -0.1093 0.5660 0.8171
vn -0.1276 0.5664 0.8142
vn -0.1155 0.5672 0.8155
vn 0.1524 0.5850 0.7966
vn 0.1604 0.5114 0.8442
vn 0.0083 0.5323 0.8465
vn -0.0394 0.5321 0.8458
vn 0.3087 0.5190 0.7971
vn 0.3077 0.4459 0.8405
vn 0.2818 0.4539 0.8453
vn 0.1862 0.4818 0.8563
vn 0.5587 0.3994 0.7269
vn 0.5172 0.4198 0.7458
vn 0.5431 0.4071 0.7344
vn 0.5414 0.3446 0.7669
vn 0.4883 0.3693 0.7907
vn 0.3838 0.4123 0.8262
vn -0.5354 0.4768 0.6972
vn -0.5354 0.4767 0.6972
vn -0.5355 0.4766 0.6972
vn -0.4954 0.4725 0.7289
vn -0.4954 0.4726 0.7289
vn -0.4953 0.4727 0.7289
vn -0.4175 0.4736 0.7755
vn -0.5800 0.4047 0.7070
vn -0.5071 0.4146 0.7556
vn -0.5711 0.3914 0.7216
vn -0.5362 0.3484 0.7688
vn -0.5674 0.3442 0.7480
vn -0.6471 0.3227 0.6908
vn -0.4464 0.3410 0.8273
vn -0.4811 0.3347 0.8103
vn -0.6147 0.3065 0.7268
vn -0.5560 0.2727 0.7852
vn -0.5580 0.2728 0.7837
vn -0.5664 0.2733 0.7775
vn -0.5684 0.2731 0.7761
vn -0.5536 0.2288 0.8007
vn -0.5585 0.2287 0.7973
vn -0.5788 0.2294 0.7825
vn -0.5824 0.2294 0.7799
vn 0.5426 0.2411 0.8047
vn 0.5436 0.2407 0.8041
vn 0.5506 0.2379 0.8002
vn 0.5521 0.2370 0.7994
vn 0.5643 0.2714 0.7797
vn 0.5630 0.2717 0.7805
vn 0.5553 0.2756 0.7847
vn 0.5538 0.2763 0.7855
vn 0.5629 0.3271 0.7591
vn 0.6405 0.2880 0.7119
vn 0.6478 0.2925 0.7035
vn 0.2808 0.2529 0.9258
vn 0.1807 0.2785 0.9433
vn 0.3085 0.2456 0.9190
vn 0.1181 0.3261 0.9379
vn 0.3089 0.3125 0.8983
vn 0.1196 0.3263 0.9377
vn 0.3083 0.3123 0.8986
vn 0.1186 0.3764 0.9188
vn 0.3182 0.3582 0.8777
vn 0.1302 0.3736 0.9184
vn 0.3467 0.3458 0.8719
vn 0.3428 0.4279 0.8363
vn 0.1505 0.2857 0.9464
vn -0.0123 0.4367 0.8995
vn -0.0498 0.4225 0.9050
vn 0.1581 0.4125 0.8971
vn 0.1552 0.4915 0.8569
vn -0.3460 0.2573 0.9023
vn -0.3461 0.2573 0.9022
vn -0.1174 0.2723 0.9550
vn -0.1102 0.2710 0.9562
vn -0.0823 0.2663 0.9604
vn -0.0771 0.2654 0.9611
vn -0.0770 0.3272 0.9418
vn -0.0778 0.3269 0.9419
vn -0.0787 0.3798 0.9217
vn -0.0781 0.3801 0.9216
vn -0.2173 0.4206 0.8809
vn -0.1882 0.4371 0.8795
vn -0.1581 0.4847 0.8603
vn -0.1428 0.4830 0.8639
vn -0.0926 0.4766 0.8742
vn -0.0772 0.4743 0.8770
vn -0.0783 0.5304 0.8441
vn -0.1101 0.5372 0.8362
vn -0.2079 0.5657 0.7980
vn -0.3460 0.3080 0.8862
vn -0.3461 0.3079 0.8863
vn -0.3463 0.3079 0.8862
vn -0.3462 0.2573 0.9022
vn -0.3519 0.3492 0.8685
vn -0.3785 0.3530 0.8557
vn -0.3910 0.4138 0.8221
vn 0.5698 0.4282 0.7014
vn -0.3028 0.4635 0.8328
vn -0.4030 0.4863 0.7753
vn -0.2627 0.5620 0.7843
vn 0.2266 0.6666 0.7102
vn 0.5584 0.1323 0.8189
vn 0.4050 0.1015 0.9087
vn 0.1685 0.0289 0.9853
vn 0.4080 0.1275 0.9040
vn 0.3576 0.0300 0.9334
vn 0.3508 0.0779 0.9332
vn 0.0965 0.0330 0.9948
vn 0.1119 -0.0250 0.9934
vn 0.0942 0.0334 0.9950
vn -0.0157 -0.0862 0.9962
vn -0.0156 -0.0861 0.9962
vn -0.0276 -0.0243 0.9993
vn 0.1680 0.0299 0.9853
vn -0.0497 -0.0250 0.9985
vn -0.6785 -0.2435 0.6930
vn -0.6785 -0.2436 0.6930
vn -0.6787 -0.2432 0.6930
vn -0.6567 -0.1874 0.7305
vn -0.6303 -0.1763 0.7561
vn -0.5143 -0.1851 0.8374
vn -0.5143 -0.1849 0.8374
vn -0.5144 -0.1849 0.8374
vn -0.3386 -0.1608 0.9271
vn -0.3453 -0.0913 0.9341
vn -0.3371 -0.1597 0.9278
vn -0.3592 -0.0705 0.9306
vn -0.1091 -0.0937 0.9896
vn -0.1284 -0.0186 0.9916
vn -0.1287 -0.0026 0.9917
vn 0.3853 0.0297 0.9223
vn 0.3852 0.0300 0.9223
vn 0.3852 0.0299 0.9223
vn 0.5578 0.0992 0.8240
vn 0.5959 0.1100 0.7955
vn 0.6823 0.1345 0.7186
vn -0.3539 -0.1054 0.9293
vn -0.3540 -0.1051 0.9293
vn -0.3542 -0.1046 0.9293
vn -0.5400 -0.1026 0.8354
vn -0.5400 -0.1027 0.8354
vn -0.5798 -0.1182 0.8062
vn -0.5798 -0.1182 0.8061
vn -0.3025 0.0554 0.9515
vn -0.3025 0.0552 0.9516
vn -0.4185 0.0327 0.9076
vn -0.4185 0.0326 0.9076
vn -0.4185 0.0328 0.9076
vn -0.2054 0.1210 0.9712
vn -0.2053 0.1209 0.9712
vn -0.2054 0.1209 0.9712
vn 0.0423 0.2737 0.9609
vn 0.0423 0.2736 0.9609
vn 0.0423 0.2735 0.9610
vn 0.0279 0.2708 0.9622
vn 0.0279 0.2710 0.9622
vn 0.3286 0.4123 0.8497
vn 0.3285 0.4125 0.8496
vn 0.3803 0.4150 0.8265
vn 0.3802 0.4151 0.8265
vn 0.1480 0.6340 0.7591
vn 0.2827 0.6512 0.7042
vn 0.1180 0.6286 0.7687
vn 0.0203 0.6402 0.7679
vn -0.0738 0.6067 0.7915
vn -0.1547 0.5724 0.8053
vn -0.1754 0.6111 0.7718
vn -0.1784 0.6105 0.7717
vn -0.1904 0.6081 0.7707
vn -0.4477 0.4589 0.7675
vn -0.4255 0.4689 0.7740
vn -0.4308 0.4665 0.7725
vn -0.5834 0.3827 0.7163
vn -0.4522 0.5061 0.7345
vn -0.4764 0.4846 0.7337
vn -0.4947 0.5212 0.6955
vn -0.5909 0.4338 0.6801
vn -0.3613 0.6348 0.6830
vn -0.4768 0.5851 0.6560
vn -0.4116 0.6034 0.6830
vn 0.2064 0.6566 0.7254
vn 0.2058 0.6570 0.7253
vn 0.2061 0.6569 0.7253
vn 0.1932 0.6861 0.7014
vn -0.1939 0.6074 0.7704
vn -0.2124 0.6411 0.7375
vn -0.0870 0.6906 0.7180
vn -0.2264 0.6374 0.7366
vn -0.4345 0.5146 0.7391
vn -0.4556 0.5495 0.7004
vn -0.4556 0.5495 0.7003
vn -0.2230 0.6769 0.7015
vn -0.2223 0.7046 0.6739
vn -0.2453 0.6705 0.7001
vn -0.2453 0.6705 0.7002
vn -0.2453 0.6706 0.7001
vn -0.2714 0.7200 0.6387
vn -0.4525 0.4566 0.7660
vn -0.4147 0.4219 0.8063
vn -0.4402 0.4052 0.8013
vn -0.3908 0.4314 0.8131
vn -0.1528 0.5724 0.8056
vn -0.1174 0.5226 0.8444
vn -0.2592 0.4656 0.8462
vn -0.3006 0.4390 0.8467
vn 0.0077 0.6037 0.7972
vn 0.0370 0.5525 0.8327
vn 0.0201 0.5458 0.8377
vn 0.0705 0.5557 0.8284
vn 0.2919 0.6254 0.7236
vn 0.2761 0.6242 0.7308
vn 0.3092 0.6277 0.7144
vn 0.3368 0.5836 0.7389
vn 0.1810 0.5557 0.8115
vn 0.1546 0.5442 0.8246
vn -0.7115 0.0984 0.6958
vn -0.7119 0.1000 0.6951
vn -0.7117 0.0990 0.6954
vn -0.6208 0.1403 0.7713
vn -0.6986 0.0644 0.7126
vn -0.6445 0.1067 0.7572
vn -0.7077 0.0171 0.7063
vn -0.6399 0.0317 0.7678
vn -0.6573 0.0178 0.7535
vn -0.7188 -0.0361 0.6943
vn -0.5439 0.0834 0.8350
vn -0.6024 0.0411 0.7971
vn -0.6758 -0.0278 0.7366
vn -0.6174 -0.0410 0.7856
vn -0.6174 -0.0411 0.7856
vn -0.6175 -0.0413 0.7855
vn -0.5950 -0.0802 0.7997
vn -0.5987 -0.0820 0.7967
vn -0.6161 -0.0910 0.7824
vn -0.6205 -0.0935 0.7786
vn -0.7425 -0.1690 0.6481
vn -0.7432 -0.1678 0.6476
vn -0.7431 -0.1681 0.6478
vn -0.7181 -0.1904 0.6693
vn -0.7182 -0.1904 0.6693
vn -0.7182 -0.1902 0.6693
vn 0.3495 0.4803 0.8044
vn 0.3509 0.4803 0.8039
vn 0.3581 0.4818 0.7998
vn 0.3601 0.4816 0.7990
vn 0.3526 0.5177 0.7795
vn 0.3515 0.5170 0.7805
vn 0.3427 0.5161 0.7850
vn 0.3413 0.5160 0.7857
vn 0.3244 0.5650 0.7586
vn 0.4183 0.5692 0.7079
vn 0.4240 0.5772 0.6979
vn 0.0646 0.3455 0.9362
vn 0.0155 0.3199 0.9473
vn 0.1768 0.3859 0.9054
vn 0.1459 0.4398 0.8862
vn 0.1458 0.4398 0.8862
vn 0.1210 0.4828 0.8673
vn 0.1282 0.4841 0.8656
vn 0.1541 0.4889 0.8586
vn 0.1592 0.4897 0.8573
vn 0.1292 0.5368 0.8337
vn 0.0989 0.5346 0.8393
vn -0.0247 0.5256 0.8504
vn -0.0033 0.3111 0.9504
vn -0.0327 0.3045 0.9520
vn -0.1566 0.2868 0.9451
vn -0.0633 0.3291 0.9422
vn -0.1149 0.3150 0.9421
vn -0.0954 0.3228 0.9416
vn -0.1265 0.3749 0.9184
vn -0.1213 0.3763 0.9185
vn -0.0948 0.3846 0.9182
vn -0.0874 0.3867 0.9181
vn -0.1131 0.4312 0.8952
vn -0.1434 0.4837 0.8634
vn -0.4283 0.0498 0.9023
vn -0.4282 0.0499 0.9023
vn -0.2378 0.1772 0.9550
vn -0.2377 0.1772 0.9550
vn -0.2375 0.1774 0.9551
vn -0.2379 0.1772 0.9550
vn -0.2697 0.2333 0.9342
vn -0.4164 0.1875 0.8897
vn -0.4350 0.1586 0.8864
vn -0.2854 0.2594 0.9226
vn -0.4152 0.2459 0.8759
vn -0.3183 0.3019 0.8986
vn -0.3826 0.2722 0.8829
vn -0.3487 0.2926 0.8904
vn -0.3786 0.3411 0.8604
vn -0.3649 0.3471 0.8639
vn -0.3183 0.3668 0.8742
vn -0.3045 0.3722 0.8768
vn -0.3330 0.4202 0.8441
vn -0.3638 0.4104 0.8362
vn -0.4721 0.3812 0.7949
vn -0.4241 0.1074 0.8992
vn -0.4536 0.0938 0.8863
vn -0.4476 0.0967 0.8890
vn -0.4197 0.1093 0.9010
vn -0.5453 0.1624 0.8223
vn 0.3084 0.6280 0.7145
vn -0.5209 0.2107 0.8272
vn -0.5464 0.2624 0.7954
vn -0.5496 0.2601 0.7939
vn -0.5491 0.2604 0.7941
vn -0.5458 0.2626 0.7957
vn -0.6011 0.2875 0.7457
vn -0.1771 0.6577 0.7322
vn 0.2716 0.1865 0.9442
vn 0.0551 0.0840 0.9949
vn 0.1097 0.0293 0.9935
vn 0.0439 0.0740 0.9963
vn 0.0287 -0.0842 0.9960
vn 0.0286 -0.0842 0.9960
vn -0.0243 -0.0250 0.9994
vn -0.0061 -0.0245 0.9997
vn 0.0554 0.0183 0.9983
vn -0.1146 -0.1437 0.9830
vn -0.1146 -0.1436 0.9830
vn -0.1143 -0.1438 0.9830
vn 0.0622 0.0278 0.9977
vn -0.4654 -0.5491 0.6942
vn -0.4655 -0.5489 0.6943
vn -0.4749 -0.4889 0.7317
vn -0.4631 -0.4732 0.7494
vn -0.3666 -0.4301 0.8250
vn -0.3666 -0.4302 0.8249
vn -0.2129 -0.3098 0.9267
vn -0.2245 -0.2622 0.9385
vn -0.2106 -0.3062 0.9284
vn -0.2204 -0.2661 0.9384
vn -0.0160 -0.1130 0.9935
vn -0.0676 -0.0643 0.9956
vn -0.0644 -0.0637 0.9959
vn 0.3336 0.2257 0.9153
vn 0.3334 0.2259 0.9153
vn 0.4982 0.4555 0.7378
vn 0.4246 0.3571 0.8320
vn 0.4517 0.3849 0.8049
vn 0.5293 0.4556 0.7157
vn 0.4938 0.4637 0.7356
vn -0.2578 -0.2654 0.9290
vn -0.2578 -0.2653 0.9290
vn -0.2581 -0.2651 0.9290
vn 0.2858 0.2732 0.9185
vn 0.2861 0.2727 0.9186
vn 0.2861 0.2728 0.9186
vn 0.2668 0.2640 0.9269
vn 0.5131 0.0567 0.8565
vn 0.5131 0.0568 0.8565
vn 0.5128 0.0573 0.8566
vn 0.5895 0.1551 0.7927
vn 0.4313 -0.4672 0.7718
vn 0.4503 -0.4581 0.7664
vn 0.4465 -0.4601 0.7675
vn 0.4270 -0.4693 0.7729
vn 0.2065 -0.6044 0.7695
vn 0.1782 -0.6108 0.7715
vn 0.1828 -0.6098 0.7712
vn 0.2126 -0.6031 0.7688
vn -0.0754 -0.6865 0.7232
vn -0.4508 -0.5022 0.7380
vn -0.4840 -0.5521 0.6789
vn -0.5615 -0.5395 0.6274
vn -0.3780 -0.4173 0.8264
vn -0.3391 -0.4140 0.8447
vn -0.3392 -0.4138 0.8448
vn -0.3392 -0.4139 0.8448
vn -0.0739 -0.3049 0.9495
vn -0.0740 -0.3049 0.9495
vn 0.0275 -0.2124 0.9768
vn 0.0274 -0.2122 0.9768
vn 0.0274 -0.2123 0.9768
vn 0.5722 -0.0005 0.8201
vn 0.5360 -0.0295 0.8437
vn 0.6513 0.0618 0.7563
vn 0.6768 0.0306 0.7355
vn 0.5440 -0.0808 0.8352
vn 0.6761 0.0057 0.7368
vn 0.3563 -0.0191 0.9342
vn 0.3564 -0.0192 0.9341
vn 0.2169 -0.1447 0.9654
vn 0.2168 -0.1446 0.9654
vn 0.2167 -0.1442 0.9655
vn 0.0037 -0.7200 0.6940
vn 0.2302 -0.6338 0.7385
vn 0.2302 -0.6338 0.7384
vn 0.2303 -0.6338 0.7384
vn 0.2480 -0.6704 0.6993
vn 0.1375 -0.7069 0.6938
vn 0.2258 -0.6778 0.6997
vn 0.4585 -0.5488 0.6991
vn 0.4584 -0.5487 0.6992
vn 0.4584 -0.5487 0.6991
vn 0.4985 -0.5089 0.7018
vn 0.2575 -0.7051 0.6607
vn 0.2575 -0.7056 0.6602
vn 0.2573 -0.7045 0.6614
vn 0.2792 -0.6981 0.6593
vn 0.2061 -0.6878 0.6960
vn 0.2836 -0.7170 0.6368
vn 0.3059 -0.7025 0.6425
vn 0.3584 -0.6938 0.6247
vn 0.4924 -0.5722 0.6558
vn 0.4593 -0.5850 0.6685
vn -0.3365 -0.4782 0.8113
vn -0.3350 -0.4780 0.8119
vn -0.3274 -0.4797 0.8141
vn -0.3258 -0.4780 0.8157
vn -0.3872 -0.5298 0.7545
vn -0.3999 -0.5454 0.7366
vn -0.2962 -0.5431 0.7857
vn -0.4155 -0.5733 0.7062
vn -0.1826 -0.5578 0.8097
vn -0.1237 -0.5428 0.8307
vn -0.3307 -0.5835 0.7417
vn -0.2755 -0.6248 0.7306
vn -0.3215 -0.6228 0.7133
vn -0.2984 -0.6258 0.7207
vn -0.2868 -0.6532 0.7008
vn -0.2686 -0.6640 0.6978
vn -0.2684 -0.6642 0.6977
vn -0.2683 -0.6644 0.6976
vn -0.1008 -0.3548 0.9295
vn 0.0213 -0.3190 0.9475
vn -0.1451 -0.3665 0.9190
vn -0.1076 -0.4318 0.8955
vn -0.1124 -0.4329 0.8944
vn -0.1389 -0.4386 0.8879
vn -0.1457 -0.4401 0.8860
vn -0.0061 -0.4319 0.9019
vn -0.1267 -0.4735 0.8716
vn -0.0822 -0.4597 0.8843
vn -0.1280 -0.4736 0.8714
vn -0.0904 -0.5343 0.8405
vn -0.0908 -0.5341 0.8405
vn 0.0239 -0.5237 0.8515
vn -0.0705 -0.5562 0.8280
vn -0.0204 -0.5459 0.8376
vn -0.0376 -0.5532 0.8322
vn 0.1717 -0.5169 0.8387
vn -0.0127 -0.5929 0.8051
vn 0.1459 -0.5293 0.8358
vn -0.0045 -0.5915 0.8063
vn -0.0024 -0.6523 0.7579
vn -0.0530 -0.6654 0.7446
vn -0.1343 -0.6759 0.7246
vn 0.0509 -0.3111 0.9490
vn 0.1358 -0.2965 0.9453
vn 0.2433 -0.2563 0.9355
vn 0.0876 -0.3097 0.9468
vn 0.1310 -0.3809 0.9153
vn 0.2255 -0.3750 0.8992
vn 0.2673 -0.3456 0.8995
vn 0.1079 -0.4219 0.9002
vn 0.1437 -0.4840 0.8632
vn 0.3081 -0.4948 0.8125
vn 0.3282 -0.4743 0.8169
vn 0.1491 -0.5613 0.8141
vn 0.5755 0.0690 0.8149
vn 0.6296 0.0981 0.7707
vn 0.6179 0.0917 0.7809
vn 0.5632 0.0628 0.8239
vn 0.2579 -0.1458 0.9551
vn 0.4144 -0.0778 0.9067
vn 0.3700 -0.0964 0.9240
vn 0.2257 -0.1590 0.9611
vn 0.2764 -0.2434 0.9297
vn 0.4174 -0.1025 0.9029
vn 0.4235 -0.1694 0.8899
vn 0.6654 0.0819 0.7420
vn 0.4023 -0.1932 0.8949
vn 0.2498 -0.2777 0.9276
vn 0.2834 -0.3355 0.8984
vn 0.3154 -0.3258 0.8913
vn 0.4321 -0.2913 0.8535
vn 0.3363 -0.3503 0.8742
vn 0.3575 -0.3371 0.8710
vn 0.3303 -0.3525 0.8756
vn 0.3730 -0.4081 0.8333
vn 0.3435 -0.4175 0.8413
vn 0.4488 -0.3984 0.7999
vn 0.4382 -0.4172 0.7962
vn 0.5411 -0.1591 0.8257
vn 0.5359 -0.1622 0.8285
vn 0.5106 -0.1754 0.8417
vn 0.6678 -0.0107 0.7442
vn 0.6788 -0.0012 0.7343
vn 0.7036 -0.0420 0.7094
vn 0.6743 -0.0708 0.7351
vn 0.6723 -0.0707 0.7369
vn 0.5034 -0.1789 0.8453
vn 0.5317 -0.2284 0.8155
vn 0.5713 -0.2359 0.7861
vn 0.6642 -0.1599 0.7303
vn 0.5386 -0.2604 0.8013
vn 0.6019 -0.2877 0.7450
vn 0.6760 -0.1503 0.7214
vn 0.6596 -0.0798 0.7474
vn 0.4385 -0.5139 0.7373
vn 0.4566 -0.5052 0.7323
vn 0.4536 -0.5069 0.7330
vn 0.4349 -0.5157 0.7382
vn -0.0061 -0.4258 0.9048
vn -0.0053 -0.4266 0.9044
vn -0.0037 -0.4271 0.9042
vn 0.2593 -0.2554 0.9314
vn 0.2597 -0.2561 0.9311
vn 0.2596 -0.2591 0.9303
vn 0.2309 -0.2944 0.9274
vn 0.2644 -0.2880 0.9204
vn 0.2442 -0.3204 0.9153
vn 0.2908 -0.3745 0.8805
vn 0.1914 -0.4088 0.8923
vn 0.3335 -0.3304 0.8830
vn 0.4416 -0.2060 0.8732
vn 0.4447 -0.2045 0.8720
vn 0.4965 -0.1792 0.8494
vn 0.5993 -0.0885 0.7956
vn 0.5987 -0.0959 0.7952
vn 0.5997 -0.0914 0.7950
vn 0.7346 0.0968 0.6716
vn 0.4007 -0.1420 0.9051
vn 0.4070 -0.1433 0.9021
vn 0.4791 -0.1255 0.8688
vn 0.5813 0.0356 0.8129
vn 0.5811 0.0358 0.8131
vn 0.5812 0.0357 0.8130
vn 0.5945 0.0454 0.8028
vn 0.5964 0.0446 0.8014
vn 0.5959 0.0450 0.8018
vn 0.7267 0.1753 0.6642
vn 0.7269 0.1754 0.6639
vn 0.7340 0.2075 0.6467
vn 0.7341 0.2074 0.6466
vn 0.7339 0.2076 0.6468
vn 0.7377 0.1610 0.6556
vn 0.7238 0.1097 0.6812
vn 0.7245 0.1089 0.6806
vn 0.7240 0.1094 0.6810
vn 0.7115 0.0001 0.7027
vn 0.7116 0.0001 0.7026
vn 0.7235 -0.0162 0.6901
vn 0.6930 -0.0894 0.7154
vn 0.6984 -0.0879 0.7103
vn 0.7052 -0.0915 0.7031
vn 0.5097 -0.3842 0.7698
vn 0.5138 -0.3835 0.7674
vn 0.5160 -0.3845 0.7654
vn 0.3588 -0.5066 0.7840
vn 0.4202 -0.4772 0.7718
vn 0.4223 -0.4840 0.7664
vn 0.4078 -0.5343 0.7404
vn 0.3986 -0.5413 0.7403
vn 0.3520 -0.5768 0.7371
vn 0.2978 -0.6313 0.7161
vn 0.3372 -0.6129 0.7145
vn 0.4287 -0.5630 0.7065
vn 0.4814 -0.5475 0.6845
vn 0.4806 -0.5462 0.6861
vn 0.4812 -0.5470 0.6850
vn 0.4676 -0.5543 0.6886
vn 0.4675 -0.5542 0.6887
vn 0.5794 -0.4357 0.6888
vn 0.5796 -0.4363 0.6883
vn 0.5798 -0.4367 0.6878
vn 0.5919 -0.4319 0.6806
vn 0.5896 -0.4270 0.6856
vn 0.5912 -0.4341 0.6798
vn 0.5992 -0.2671 0.7547
vn 0.5985 -0.2651 0.7560
vn 0.5986 -0.2662 0.7555
vn 0.5265 -0.3756 0.7627
vn 0.5274 -0.3743 0.7627
vn 0.5263 -0.3768 0.7623
vn 0.4463 -0.5080 0.7367
vn 0.7137 -0.0946 0.6940
vn 0.6865 -0.1681 0.7075
vn 0.6891 -0.1712 0.7042
vn 0.6862 -0.1713 0.7069
vn 0.6882 -0.1757 0.7039
vn 0.6668 -0.2497 0.7022
vn 0.6710 -0.2530 0.6970
vn 0.6644 -0.2500 0.7043
vn 0.6692 -0.2507 0.6995
vn 0.6393 -0.3243 0.6972
vn 0.6394 -0.3241 0.6972
vn 0.6426 -0.3343 0.6895
vn 0.6423 -0.3345 0.6896
vn 0.6427 -0.3343 0.6893
vn 0.5950 -0.4342 0.6764
vn 0.5555 -0.5047 0.6609
vn 0.5536 -0.5057 0.6617
vn 0.5544 -0.5055 0.6612
vn 0.5538 -0.5194 0.6508
vn 0.5539 -0.5192 0.6509
vn 0.5535 -0.5201 0.6505
vn 0.4674 -0.6085 0.6413
vn 0.4814 -0.5669 0.6686
vn 0.4863 -0.5677 0.6643
vn 0.4598 -0.6433 0.6122
vn 0.4163 -0.6742 0.6100
vn 0.3750 -0.7023 0.6051
vn 0.4160 -0.7154 0.5613
vn 0.3506 -0.7072 0.6140
vn 0.4279 -0.6905 0.5832
vn 0.4515 -0.6697 0.5895
vn 0.3732 -0.6885 0.6219
vn 0.1957 -0.7287 0.6563
vn 0.3061 -0.6999 0.6453
vn 0.1713 -0.7339 0.6574
vn 0.0662 -0.7318 0.6783
vn 0.1680 -0.7298 0.6627
vn 0.0658 -0.7239 0.6867
vn -0.0067 -0.7145 0.6996
vn -0.0134 -0.7216 0.6922
vn -0.0074 -0.7062 0.7079
vn -0.1145 -0.7099 0.6949
vn -0.1155 -0.7092 0.6955
vn -0.1149 -0.7096 0.6952
vn -0.1845 -0.6800 0.7096
vn -0.1898 -0.6861 0.7023
vn -0.1900 -0.6863 0.7021
vn -0.1898 -0.6860 0.7025
vn -0.0832 -0.6281 0.7737
vn -0.0834 -0.6289 0.7730
vn -0.0832 -0.6285 0.7734
vn -0.0406 -0.5978 0.8006
vn -0.0414 -0.5986 0.8000
vn -0.0405 -0.5971 0.8012
vn 0.0016 -0.5793 0.8151
vn 0.0017 -0.5797 0.8148
vn 0.0016 -0.5795 0.8150
vn 0.1942 -0.3892 0.9005
vn 0.1153 -0.3840 0.9161
vn 0.2471 -0.3513 0.9030
vn 0.1528 -0.3205 0.9348
vn -0.0075 -0.3838 0.9234
vn -0.0824 -0.3565 0.9307
vn 0.0046 -0.4279 0.9038
vn -0.2090 -0.5365 0.8176
vn -0.2091 -0.5364 0.8176
vn -0.3305 -0.6245 0.7076
vn -0.3227 -0.6434 0.6942
vn -0.2566 -0.6597 0.7063
vn -0.2566 -0.6643 0.7020
vn -0.4084 -0.6080 0.6809
vn -0.4084 -0.6081 0.6807
vn -0.4084 -0.6083 0.6806
vn -0.4143 -0.5940 0.6896
vn -0.4145 -0.5937 0.6897
vn -0.4146 -0.5936 0.6898
vn -0.2329 -0.4925 0.8386
vn -0.2329 -0.4926 0.8385
vn -0.2329 -0.4927 0.8385
vn -0.2578 -0.4481 0.8560
vn -0.4724 -0.5792 0.6644
vn -0.4540 -0.5457 0.7043
vn 0.2435 -0.3871 0.8893
vn 0.2431 -0.3858 0.8900
vn 0.2435 -0.3876 0.8891
vn 0.0802 -0.4938 0.8659
vn 0.1640 -0.4628 0.8712
vn 0.1167 -0.4919 0.8628
vn -0.0074 -0.6446 0.7645
vn -0.0074 -0.6447 0.7644
vn -0.0075 -0.6447 0.7644
vn -0.0434 -0.6582 0.7516
vn -0.0434 -0.6583 0.7515
vn 0.2173 -0.4567 0.8626
vn 0.1750 -0.5133 0.8402
vn 0.2569 -0.4677 0.8458
vn 0.3416 -0.4355 0.8329
vn 0.1245 -0.5408 0.8319
vn 0.1241 -0.5403 0.8323
vn 0.1231 -0.5398 0.8328
vn -0.0223 -0.6986 0.7152
vn -0.0221 -0.6986 0.7151
vn 0.2583 -0.5711 0.7792
vn 0.1767 -0.5757 0.7983
vn 0.1839 -0.6260 0.7578
vn 0.3547 -0.6472 0.6747
vn 0.3597 -0.6660 0.6535
vn 0.3539 -0.6546 0.6680
vn 0.3548 -0.6719 0.6501
vn 0.2282 -0.7030 0.6735
vn 0.4290 -0.7475 0.5073
vn 0.3906 -0.7401 0.5474
vn 0.4250 -0.6962 0.5785
vn 0.4424 -0.6476 0.6204
vn 0.5528 -0.2852 0.7830
vn 0.5514 -0.2903 0.7821
vn 0.5526 -0.2875 0.7823
vn 0.5957 -0.2060 0.7764
vn 0.5949 -0.2112 0.7756
vn 0.5948 -0.2040 0.7775
vn 0.2674 -0.5736 0.7742
vn 0.2674 -0.5736 0.7743
vn 0.2673 -0.5735 0.7743
vn 0.3134 -0.4116 0.8558
vn 0.2186 -0.4506 0.8655
vn 0.3290 -0.3762 0.8662
vn 0.3973 -0.3050 0.8655
vn 0.6395 0.0152 0.7686
vn 0.6397 0.0152 0.7685
vn 0.6399 0.0152 0.7683
vn 0.6333 0.0093 0.7738
vn 0.6328 0.0103 0.7742
vn 0.6331 0.0100 0.7740
vn 0.4479 -0.1201 0.8860
vn 0.4923 -0.1176 0.8624
vn 0.2237 -0.3520 0.9089
vn 0.6496 -0.0653 0.7574
vn 0.6511 -0.0655 0.7562
vn 0.6490 -0.0646 0.7580
vn 0.4786 -0.2390 0.8449
vn 0.5081 -0.2284 0.8304
vn 0.5083 -0.2270 0.8307
vn 0.5083 -0.2276 0.8306
vn 0.5063 -0.2516 0.8248
vn 0.5061 -0.2511 0.8251
vn 0.5059 -0.2508 0.8253
vn 0.3927 -0.3593 0.8466
vn 0.2288 -0.4884 0.8421
vn 0.3891 -0.3889 0.8351
vn 0.3214 -0.4659 0.8244
vn 0.3342 -0.4686 0.8178
vn 0.4034 -0.4093 0.8184
vn 0.4186 -0.4268 0.8016
vn 0.5716 -0.3556 0.7394
vn 0.5710 -0.3563 0.7396
vn 0.5708 -0.3563 0.7397
vn 0.5523 -0.4189 0.7207
vn 0.5523 -0.4189 0.7208
vn 0.5520 -0.4189 0.7209
vn 0.4875 -0.4816 0.7283
vn 0.4885 -0.4834 0.7264
vn 0.4880 -0.4887 0.7232
vn 0.4629 -0.5451 0.6990
vn 0.3523 -0.5167 0.7803
vn 0.5228 -0.4401 0.7300
vn 0.5245 -0.4423 0.7275
vn 0.5233 -0.4411 0.7290
vn 0.4793 -0.5948 0.6454
vn 0.4796 -0.5977 0.6424
vn 0.4807 -0.5910 0.6477
vn 0.4508 -0.6452 0.6169
vn 0.4832 -0.5684 0.6659
vn 0.4845 -0.5642 0.6686
vn 0.4845 -0.5647 0.6681
vn 0.4637 -0.6054 0.6469
vn 0.4646 -0.6032 0.6484
vn 0.4644 -0.6013 0.6502
vn 0.3859 -0.7100 0.5890
vn 0.3954 -0.6776 0.6202
vn 0.4199 -0.6749 0.6068
vn 0.3819 -0.7317 0.5646
vn 0.3476 -0.7100 0.6125
vn 0.3409 -0.6998 0.6277
vn 0.3774 -0.6787 0.6300
vn 0.4492 -0.7175 0.5323
vn 0.4573 -0.7105 0.5348
vn -0.0040 -0.6972 0.7169
vn 0.2074 -0.7032 0.6801
vn 0.2102 -0.6921 0.6905
vn 0.1659 -0.6993 0.6953
vn 0.1659 -0.6991 0.6955
vn 0.1659 -0.6996 0.6950
vn 0.1828 -0.6485 0.7389
vn 0.1529 -0.6541 0.7408
vn 0.2381 -0.6227 0.7454
vn 0.1598 -0.6547 0.7388
vn 0.1599 -0.6532 0.7401
vn 0.1592 -0.6567 0.7372
vn 0.1665 -0.6348 0.7545
vn 0.0969 -0.6163 0.7815
vn 0.0951 -0.6151 0.7827
vn 0.0976 -0.6173 0.7806
vn 0.2803 -0.6653 0.6919
vn 0.2781 -0.6704 0.6879
vn 0.2802 -0.6672 0.6902
vn 0.4017 -0.5857 0.7040
vn 0.3331 -0.6103 0.7187
vn 0.4177 -0.5582 0.7168
vn 0.2904 -0.6122 0.7354
vn 0.1664 -0.5841 0.7944
vn 0.3205 -0.4878 0.8120
vn 0.1870 -0.5634 0.8048
vn 0.3137 -0.4867 0.8153
vn -0.0275 -0.5295 0.8479
vn -0.0575 -0.5326 0.8444
vn -0.0579 -0.5318 0.8449
vn -0.0575 -0.5324 0.8445
vn -0.0757 -0.5136 0.8547
vn -0.0757 -0.5135 0.8547
vn -0.0757 -0.5138 0.8545
vn -0.2687 -0.6160 0.7405
vn -0.2696 -0.6172 0.7392
vn -0.2688 -0.6165 0.7400
vn 0.3754 -0.1355 0.9169
vn 0.2684 -0.3079 0.9128
vn 0.3354 -0.1530 0.9296
vn 0.2520 -0.3104 0.9166
vn 0.4598 -0.0591 0.8860
vn 0.3911 -0.1419 0.9094
vn 0.4820 -0.0432 0.8751
vn 0.5730 0.1485 0.8060
vn 0.5069 0.0499 0.8606
vn 0.5111 0.0732 0.8564
vn 0.5854 0.4513 0.6735
vn 0.4080 0.0654 0.9107
vn 0.4155 0.0774 0.9063
vn 0.4440 0.0950 0.8910
vn 0.4794 0.3149 0.8192
vn 0.4791 0.3149 0.8193
vn 0.4793 0.3149 0.8192
vn 0.4951 0.3418 0.7988
vn 0.4952 0.3419 0.7987
vn 0.5477 0.5159 0.6587
vn 0.5418 0.5166 0.6630
vn 0.5502 0.5168 0.6559
vn 0.5314 0.5493 0.6449
vn 0.5312 0.5493 0.6450
vn 0.5593 0.5103 0.6533
vn 0.5716 0.4588 0.6803
vn 0.5730 0.4589 0.6790
vn 0.5722 0.4587 0.6799
vn 0.6119 0.3792 0.6942
vn 0.6121 0.3789 0.6941
vn 0.6122 0.3787 0.6941
vn 0.6357 0.3517 0.6872
vn 0.6363 0.3380 0.6935
vn 0.6588 0.2665 0.7035
vn 0.6400 0.3236 0.6969
vn 0.6334 0.1247 0.7637
vn 0.6334 0.1246 0.7637
vn 0.6252 0.0447 0.7792
vn 0.6263 0.0441 0.7784
vn 0.6256 0.0444 0.7789
vn 0.6192 -0.1337 0.7738
vn 0.6200 -0.1339 0.7731
vn 0.6186 -0.1333 0.7743
vn 0.6146 -0.2737 0.7399
vn 0.6086 -0.3451 0.7145
vn 0.6331 -0.3382 0.6963
vn 0.6415 -0.3212 0.6966
vn 0.6420 -0.3217 0.6960
vn 0.6419 -0.3216 0.6961
vn 0.6950 -0.2485 0.6747
vn 0.6945 -0.2485 0.6752
vn 0.6945 -0.2485 0.6753
vn 0.7100 -0.1175 0.6944
vn 0.7102 -0.1181 0.6940
vn 0.7103 -0.1182 0.6939
vn 0.7316 -0.0830 0.6767
vn 0.7248 -0.0704 0.6854
vn 0.7344 -0.0865 0.6731
vn 0.6610 0.2528 0.7066
vn 0.6422 -0.0795 0.7624
vn 0.5937 -0.2706 0.7578
vn 0.6853 0.2849 0.6702
vn 0.6840 0.2845 0.6717
vn 0.6845 0.2845 0.6712
vn 0.6573 0.0730 0.7501
vn 0.6572 0.0729 0.7501
vn 0.6575 0.0730 0.7499
vn 0.6622 0.0139 0.7492
vn 0.6622 0.0142 0.7492
vn 0.6622 0.0144 0.7492
vn 0.6410 -0.3208 0.6973
vn 0.7017 0.1180 0.7027
vn 0.7054 0.1118 0.7000
vn 0.6998 0.1146 0.7050
vn 0.7041 0.1135 0.7009
vn 0.7104 0.0387 0.7027
vn 0.7107 0.0384 0.7024
vn 0.7105 0.0386 0.7027
vn 0.7213 0.0285 0.6920
vn 0.7224 0.0276 0.6909
vn 0.7218 0.0277 0.6915
vn 0.7437 -0.0966 0.6615
vn 0.7068 -0.1427 0.6929
vn 0.7066 -0.1436 0.6929
vn 0.7068 -0.1430 0.6928
vn 0.7416 -0.1578 0.6520
vn 0.7411 -0.1590 0.6524
vn 0.7410 -0.1591 0.6524
vn 0.7030 -0.3563 0.6155
vn 0.7054 -0.3525 0.6150
vn 0.7437 -0.4153 0.5239
vn 0.7123 -0.4119 0.5683
vn 0.7465 -0.3644 0.5567
vn 0.7153 -0.3723 0.5915
vn 0.6871 -0.4082 0.6010
vn 0.6557 -0.4460 0.6092
vn 0.6385 -0.4521 0.6228
vn 0.6879 -0.3638 0.6280
vn 0.5425 -0.5417 0.6420
vn 0.4953 -0.5325 0.6864
vn 0.5630 -0.5083 0.6517
vn 0.5667 -0.4840 0.6668
vn 0.6907 -0.3298 0.6435
vn 0.4192 -0.5936 0.6869
vn 0.3492 -0.6238 0.6992
vn 0.3504 -0.6307 0.6924
vn 0.3458 -0.6166 0.7073
vn 0.2560 -0.6727 0.6942
vn 0.2558 -0.6725 0.6945
vn 0.2560 -0.6726 0.6943
vn 0.1842 -0.6789 0.7107
vn 0.1832 -0.6850 0.7051
vn 0.3098 -0.4473 0.8390
vn 0.2570 -0.4960 0.8294
vn 0.3611 -0.3660 0.8577
vn 0.3928 -0.2742 0.8778
vn 0.3236 -0.3517 0.8784
vn 0.3729 -0.2802 0.8846
vn 0.3498 -0.2759 0.8953
vn 0.2454 -0.4091 0.8789
vn 0.2854 -0.3610 0.8878
vn 0.3980 -0.1424 0.9063
vn 0.3286 -0.2396 0.9136
vn 0.3364 -0.2098 0.9180
vn 0.2903 -0.2007 0.9357
vn 0.2903 -0.2009 0.9356
vn 0.2903 -0.2008 0.9356
vn 0.0744 -0.4567 0.8865
vn 0.1683 -0.3445 0.9236
vn 0.2533 -0.2649 0.9304
vn 0.0543 -0.5219 0.8513
vn 0.1661 -0.4145 0.8947
vn 0.1551 -0.4585 0.8751
vn 0.0415 -0.6323 0.7736
vn 0.0451 -0.6328 0.7730
vn 0.0427 -0.6328 0.7731
vn -0.0392 -0.7408 0.6706
vn 0.1010 -0.6891 0.7176
vn 0.1036 -0.6754 0.7302
vn 0.1014 -0.6992 0.7077
vn 0.1005 -0.7108 0.6962
vn -0.0548 -0.7390 0.6714
vn -0.0549 -0.7183 0.6936
vn -0.0545 -0.7186 0.6933
vn -0.0551 -0.7181 0.6938
vn 0.0308 -0.6409 0.7670
vn 0.0306 -0.6408 0.7671
vn 0.0303 -0.6406 0.7673
vn -0.1211 -0.7397 0.6620
vn -0.0082 -0.6050 0.7962
vn -0.0076 -0.6056 0.7958
vn -0.0072 -0.6059 0.7955
vn 0.0346 -0.5442 0.8383
vn -0.0175 -0.5543 0.8321
vn 0.1119 -0.3303 0.9372
vn -0.1466 -0.7330 0.6643
vn -0.1434 -0.7269 0.6717
vn -0.1443 -0.7288 0.6693
vn -0.1417 -0.7219 0.6773
vn -0.0226 -0.5569 0.8303
vn -0.0453 -0.5096 0.8592
vn -0.0339 -0.5304 0.8470
vn -0.1895 -0.7282 0.6586
vn -0.1892 -0.7284 0.6585
vn -0.1898 -0.7281 0.6587
vn -0.1678 -0.7184 0.6751
vn 0.3396 -0.4602 0.8203
vn 0.3397 -0.4608 0.8199
vn 0.3393 -0.4618 0.8195
vn 0.3126 -0.5181 0.7962
vn 0.3127 -0.5180 0.7962
vn 0.3127 -0.5176 0.7964
vn 0.4311 -0.2252 0.8738
vn 0.4117 -0.3144 0.8554
vn 0.4473 -0.3139 0.8375
vn 0.4978 -0.2165 0.8398
vn 0.4682 -0.3206 0.8234
vn 0.3527 -0.5196 0.7783
vn 0.3539 -0.5199 0.7774
vn 0.3544 -0.5202 0.7770
vn 0.3385 -0.5427 0.7687
vn 0.3386 -0.5427 0.7687
vn 0.5570 -0.2919 0.7776
vn 0.4933 -0.3413 0.8001
vn 0.5236 -0.3779 0.7636
vn 0.7132 -0.4185 0.5623
vn 0.7119 -0.4490 0.5399
vn 0.7071 -0.3709 0.6020
vn 0.6913 -0.4441 0.5700
vn 0.7155 -0.3178 0.6221
vn 0.7029 -0.3271 0.6317
vn 0.7029 -0.3272 0.6316
vn 0.7029 -0.3270 0.6317
vn 0.5865 -0.2844 0.7584
vn 0.5818 -0.2533 0.7729
vn 0.5549 -0.3030 0.7748
vn 0.5037 -0.3670 0.7821
vn 0.4524 -0.1905 0.8712
vn 0.3795 -0.2788 0.8822
vn 0.4902 -0.0804 0.8679
vn 0.5368 0.3200 0.7807
vn 0.5365 0.3202 0.7808
vn 0.5364 0.3203 0.7808
vn 0.5159 0.2126 0.8299
vn 0.4403 0.1157 0.8904
vn 0.5235 0.2349 0.8190
vn 0.5296 0.1899 0.8267
vn 0.5283 0.1934 0.8267
vn 0.5266 0.1952 0.8274
vn 0.4817 0.0327 0.8757
vn 0.4526 0.0299 0.8912
vn 0.5030 0.0791 0.8607
vn 0.3884 -0.1654 0.9065
vn 0.5886 0.2682 0.7626
vn 0.5893 0.2678 0.7623
vn 0.5897 0.2672 0.7621
vn 0.5785 0.1704 0.7977
vn 0.5941 0.1063 0.7973
vn 0.5915 0.1129 0.7984
vn 0.5886 0.1158 0.8001
vn 0.5959 0.1294 0.7926
vn 0.5958 0.1295 0.7927
vn 0.5961 0.1291 0.7925
vn 0.5802 -0.0595 0.8123
vn 0.5422 -0.0784 0.8366
vn 0.5978 -0.0363 0.8008
vn 0.4751 -0.1790 0.8615
vn 0.5204 -0.0802 0.8502
vn 0.5282 -0.1035 0.8428
vn 0.5223 -0.2319 0.8206
vn 0.5199 -0.1889 0.8331
vn 0.5745 -0.1452 0.8055
vn 0.4880 -0.3448 0.8019
vn 0.5761 -0.1390 0.8055
vn 0.5310 -0.2498 0.8097
vn 0.4233 -0.3438 0.8382
vn 0.6775 -0.0965 0.7292
vn 0.6646 -0.1731 0.7269
vn 0.6626 -0.1713 0.7291
vn 0.6636 -0.1725 0.7279
vn 0.6677 -0.1776 0.7229
vn 0.6659 -0.1760 0.7250
vn 0.6683 -0.1778 0.7224
vn 0.7319 -0.2702 0.6256
vn 0.7311 -0.2699 0.6266
vn 0.7306 -0.2699 0.6272
vn 0.7047 -0.2525 0.6631
vn 0.7047 -0.2528 0.6629
vn 0.6882 -0.2793 0.6696
vn 0.6881 -0.2793 0.6697
vn 0.6884 -0.2794 0.6693
vn 0.6971 -0.3572 0.6217
vn 0.6747 -0.3705 0.6383
vn 0.7070 -0.3468 0.6163
vn 0.6536 -0.4655 0.5967
vn 0.6611 -0.3801 0.6468
vn 0.3436 -0.6083 0.7155
vn 0.4934 -0.5210 0.6965
vn 0.4935 -0.5209 0.6965
vn 0.3794 -0.5696 0.7291
vn 0.5555 -0.4670 0.6880
vn 0.4616 -0.4940 0.7368
vn 0.4620 -0.4943 0.7363
vn 0.4623 -0.4945 0.7360
vn 0.5721 -0.4439 0.6896
vn 0.5726 -0.4478 0.6867
vn 0.5728 -0.4450 0.6884
vn 0.6401 -0.3023 0.7063
vn 0.5966 -0.3618 0.7164
vn 0.6454 -0.2727 0.7135
vn 0.5507 -0.3902 0.7379
vn 0.5356 -0.4133 0.7364
vn 0.5120 -0.4356 0.7404
vn 0.5091 -0.4350 0.7427
vn 0.5066 -0.4047 0.7613
vn 0.4354 -0.4300 0.7909
vn 0.4289 -0.4307 0.7941
vn 0.4386 -0.4312 0.7885
vn 0.4847 -0.3545 0.7996
vn 0.4926 -0.3156 0.8110
vn 0.4846 -0.2694 0.8322
vn 0.2577 -0.4923 0.8314
vn 0.2582 -0.4950 0.8296
vn 0.2582 -0.4933 0.8307
vn 0.2610 -0.4568 0.8504
vn 0.0987 -0.6799 0.7266
vn 0.0973 -0.6778 0.7288
vn 0.0986 -0.6736 0.7325
vn 0.1727 -0.5772 0.7982
vn 0.1716 -0.5805 0.7960
vn 0.1722 -0.5828 0.7942
vn 0.1667 -0.4911 0.8550
vn 0.2669 -0.2496 0.9308
vn 0.1802 -0.4810 0.8580
vn 0.1802 -0.4807 0.8582
vn 0.1803 -0.4805 0.8583
vn 0.0070 0.8344 0.5512
vn 0.0098 0.8530 0.5219
vn 0.0589 0.8512 0.5215
vn 0.0007 0.8173 0.5762
vn 0.0076 0.8181 0.5750
vn 0.0148 0.8014 0.5979
vn 0.0147 0.7936 0.6083
vn 0.0042 0.7724 0.6351
vn -0.0040 0.7604 0.6494
vn -0.0149 0.7467 0.6649
vn -0.0027 0.7438 0.6684
vn -0.0026 0.7438 0.6684
vn -0.0029 0.7439 0.6683
vn -0.5860 0.4535 0.6716
vn -0.5766 0.4457 0.6848
vn -0.5673 0.4337 0.7000
vn -0.5553 0.4250 0.7148
vn -0.3579 0.4609 0.8121
vn -0.3133 0.4708 0.8248
vn -0.2291 0.4582 0.8588
vn -0.1594 0.4541 0.8766
vn 0.0767 0.4912 0.8677
vn -0.0505 0.5128 0.8570
vn 0.0339 0.5026 0.8639
vn 0.0074 0.6924 0.7215
vn 0.0074 0.6923 0.7215
vn -0.0145 0.6780 0.7349
vn -0.0145 0.6781 0.7348
vn -0.0145 0.6782 0.7348
vn -0.1160 0.6575 0.7445
vn -0.1158 0.6584 0.7437
vn -0.1161 0.6578 0.7442
vn -0.2856 0.5876 0.7570
vn -0.2855 0.5886 0.7563
vn -0.2856 0.5881 0.7567
vn -0.3206 0.5458 0.7742
vn -0.3200 0.5462 0.7741
vn -0.3210 0.5453 0.7743
vn -0.1324 0.6226 0.7713
vn -0.1041 0.6226 0.7756
vn -0.0297 0.6144 0.7884
vn -0.3522 0.5487 0.7582
vn -0.3522 0.5488 0.7581
vn -0.3523 0.5486 0.7583
vn -0.0083 0.6148 0.7886
vn -0.0091 0.5987 0.8009
vn -0.0091 0.5986 0.8010
vn -0.0090 0.5988 0.8009
vn 0.0149 0.5920 0.8058
vn 0.0149 0.5915 0.8062
vn 0.0150 0.5917 0.8060
vn 0.0046 0.5423 0.8401
vn 0.0625 0.5415 0.8384
vn 0.1095 0.5379 0.8359
vn -0.1611 0.5496 0.8197
vn -0.0435 0.5300 0.8469
vn -0.0565 0.5243 0.8497
vn -0.0286 0.4284 0.9032
vn -0.1817 0.4148 0.8916
vn -0.4467 0.3264 0.8330
vn -0.3231 0.3464 0.8807
vn -0.4384 0.3102 0.8435
vn -0.5119 0.2590 0.8191
vn -0.5027 0.2571 0.8253
vn -0.5036 0.2403 0.8299
vn -0.0174 0.4201 0.9073
vn -0.0756 0.3748 0.9240
vn -0.0755 0.3750 0.9239
vn -0.0755 0.3751 0.9239
vn -0.3662 0.3733 0.8524
vn -0.1303 0.3661 0.9214
vn -0.1822 0.3681 0.9118
vn -0.2521 0.3398 0.9061
vn 0.2379 0.2187 0.9464
vn 0.1690 0.2870 0.9429
vn 0.1451 0.3631 0.9204
vn -0.0277 0.3690 0.9290
vn 0.0541 0.2771 0.9593
vn -0.0327 0.4096 0.9117
vn -0.7078 0.2254 0.6694
vn -0.7081 0.2197 0.6711
vn -0.7132 0.2292 0.6624
vn -0.7404 0.1855 0.6460
vn -0.7403 0.1852 0.6463
vn -0.7404 0.1855 0.6461
vn -0.7126 0.2324 0.6620
vn -0.6816 0.2639 0.6825
vn -0.6815 0.2638 0.6826
vn -0.6814 0.2636 0.6828
vn -0.6883 0.2738 0.6717
vn -0.6574 0.3130 0.6855
vn -0.6547 0.3156 0.6869
vn -0.4348 0.4167 0.7983
vn -0.4365 0.4148 0.7984
vn -0.4355 0.4157 0.7985
vn -0.6230 0.3583 0.6953
vn -0.6230 0.3582 0.6953
vn -0.6230 0.3582 0.6954
vn -0.6292 0.3707 0.6832
vn -0.4500 0.5547 0.6999
vn -0.4528 0.5537 0.6989
vn -0.4476 0.5496 0.7054
vn -0.4464 0.5525 0.7039
vn -0.3777 0.6204 0.6874
vn -0.3777 0.6203 0.6875
vn -0.3445 0.6346 0.6918
vn -0.2863 0.6828 0.6721
vn -0.1469 0.7379 0.6588
vn -0.1466 0.7388 0.6578
vn -0.1449 0.7401 0.6566
vn -0.0849 0.7726 0.6291
vn -0.0852 0.7729 0.6288
vn -0.0849 0.7727 0.6290
vn -0.2824 0.6744 0.6823
vn -0.2825 0.6746 0.6820
vn -0.2186 0.7190 0.6597
vn -0.2190 0.7190 0.6597
vn -0.2180 0.7193 0.6597
vn -0.2266 0.7215 0.6542
vn -0.2267 0.7219 0.6538
vn -0.2267 0.7222 0.6535
vn -0.0931 0.7775 0.6219
vn -0.0929 0.7769 0.6227
vn -0.0935 0.7778 0.6215
vn -0.1064 0.7770 0.6205
vn -0.1043 0.7796 0.6176
vn -0.0986 0.7816 0.6160
vn -0.0048 0.8138 0.5811
vn -0.0695 0.7726 0.6311
vn -0.0028 0.7918 0.6107
vn -0.1187 0.7342 0.6685
vn -0.1200 0.7330 0.6696
vn -0.1223 0.7323 0.6699
vn -0.2125 0.6928 0.6891
vn -0.2124 0.6924 0.6895
vn -0.1948 0.6689 0.7174
vn -0.1946 0.6684 0.7179
vn -0.1948 0.6692 0.7171
vn -0.2640 0.6673 0.6964
vn -0.2635 0.6668 0.6971
vn -0.2639 0.6671 0.6967
vn -0.0718 0.7060 0.7046
vn -0.0738 0.7031 0.7073
vn -0.0736 0.7041 0.7062
vn -0.2296 0.6456 0.7283
vn -0.2279 0.6468 0.7279
vn -0.2284 0.6462 0.7282
vn -0.3285 0.5917 0.7362
vn -0.3295 0.5904 0.7368
vn -0.3287 0.5911 0.7366
vn -0.1759 0.5560 0.8124
vn -0.1710 0.5708 0.8031
vn -0.3661 0.4844 0.7946
vn -0.3662 0.4846 0.7944
vn -0.3661 0.4843 0.7946
vn -0.3761 0.4840 0.7901
vn -0.3760 0.4844 0.7899
vn -0.3759 0.4848 0.7897
vn -0.3932 0.3930 0.8313
vn -0.3933 0.3920 0.8317
vn -0.3935 0.3914 0.8319
vn -0.4055 0.3911 0.8262
vn -0.3995 0.3742 0.8369
vn -0.4804 0.3241 0.8150
vn 0.3947 0.0434 0.9178
vn 0.3739 -0.0539 0.9259
vn 0.3658 0.0147 0.9306
vn 0.3715 -0.0544 0.9268
vn 0.3488 0.0354 0.9365
vn 0.3487 0.0355 0.9366
vn 0.4496 0.1611 0.8786
vn 0.4429 0.0796 0.8930
vn 0.4451 0.1404 0.8844
vn 0.4043 0.3691 0.8369
vn 0.3823 0.2812 0.8802
vn 0.3952 0.3819 0.8355
vn 0.3637 0.5195 0.7732
vn 0.3659 0.5190 0.7725
vn 0.3645 0.5194 0.7729
vn 0.3641 0.5157 0.7756
vn 0.3642 0.5156 0.7755
vn 0.3638 0.5159 0.7756
vn 0.3179 0.6589 0.6817
vn 0.3156 0.6576 0.6841
vn 0.3277 0.2726 0.9046
vn 0.3299 0.2574 0.9082
vn 0.3562 0.2886 0.8887
vn 0.2558 0.5112 0.8205
vn 0.2559 0.5112 0.8205
vn 0.2571 0.5579 0.7891
vn 0.2565 0.5581 0.7891
vn 0.2568 0.5581 0.7891
vn 0.2121 0.7106 0.6709
vn 0.2127 0.7111 0.6701
vn 0.2124 0.7109 0.6705
vn 0.1983 0.7305 0.6534
vn 0.1980 0.7305 0.6536
vn 0.1974 0.7305 0.6537
vn 0.1626 0.8200 0.5488
vn 0.2342 0.7163 0.6574
vn 0.2341 0.7163 0.6574
vn 0.2340 0.7163 0.6574
vn 0.2595 0.6898 0.6759
vn 0.2592 0.6898 0.6760
vn 0.2588 0.6896 0.6764
vn 0.2686 0.6981 0.6637
vn 0.3756 0.6203 0.6886
vn 0.3795 0.6141 0.6920
vn 0.4374 0.5620 0.7020
vn 0.3897 0.6046 0.6947
vn 0.4821 0.4520 0.7505
vn 0.4815 0.4523 0.7508
vn 0.4826 0.4519 0.7503
vn 0.5169 0.3624 0.7755
vn 0.5141 0.3644 0.7765
vn 0.5156 0.3630 0.7761
vn 0.5433 0.3354 0.7697
vn 0.5377 0.3635 0.7608
vn 0.5188 0.4661 0.7167
vn 0.5731 0.2642 0.7757
vn 0.5724 0.2642 0.7763
vn 0.5727 0.2642 0.7760
vn 0.7218 0.0128 0.6920
vn 0.7210 0.0128 0.6928
vn 0.7195 0.0137 0.6943
vn 0.7127 0.2642 0.6499
vn 0.7139 0.2641 0.6486
vn 0.7152 0.2652 0.6467
vn 0.7131 0.1267 0.6895
vn 0.7133 0.1266 0.6894
vn 0.7130 0.1267 0.6896
vn 0.6719 0.2660 0.6912
vn 0.6720 0.2661 0.6911
vn 0.6722 0.2662 0.6908
vn 0.6640 0.3003 0.6847
vn 0.6635 0.2994 0.6857
vn 0.6705 0.2975 0.6797
vn 0.4452 0.5519 0.7051
vn 0.6211 0.0711 0.7805
vn 0.6371 0.1555 0.7549
vn 0.6422 0.1379 0.7541
vn 0.6676 -0.0035 0.7445
vn 0.6603 0.1304 0.7396
vn 0.6699 -0.0028 0.7425
vn 0.5991 0.2799 0.7501
vn 0.5984 0.2800 0.7507
vn 0.5977 0.2799 0.7512
vn 0.6634 0.1350 0.7360
vn 0.6637 0.1349 0.7358
vn 0.6644 0.1340 0.7353
vn 0.6904 0.0937 0.7173
vn 0.6900 0.0942 0.7176
vn 0.6895 0.0945 0.7181
vn 0.7019 -0.0912 0.7064
vn 0.7047 0.0239 0.7091
vn 0.7052 -0.0402 0.7079
vn 0.5170 0.4853 0.7052
vn 0.5627 0.4371 0.7016
vn 0.5634 0.4357 0.7019
vn 0.5605 0.4323 0.7063
vn 0.5578 0.4350 0.7068
vn 0.5934 0.3950 0.7014
vn 0.5932 0.3947 0.7017
vn 0.5932 0.3948 0.7016
vn 0.6112 0.3880 0.6898
vn 0.6108 0.3879 0.6903
vn 0.6119 0.3879 0.6893
vn 0.6721 0.3001 0.6769
vn 0.7162 0.2251 0.6606
vn 0.7162 0.2239 0.6610
vn 0.7163 0.2244 0.6607
vn 0.7241 0.2244 0.6521
vn 0.7241 0.2249 0.6520
vn 0.7242 0.2246 0.6520
vn 0.7734 0.0665 0.6304
vn 0.7726 0.0733 0.6306
vn 0.7759 0.0052 0.6308
vn 0.7795 0.0052 0.6264
vn 0.7922 0.0526 0.6079
vn 0.7749 -0.0321 0.6312
vn 0.8160 -0.0028 0.5780
vn 0.8395 0.0480 0.5413
vn 0.8447 0.0242 0.5347
vn 0.8102 -0.0101 0.5860
vn 0.7963 0.0368 0.6037
vn 0.7680 0.0153 0.6403
vn 0.7704 -0.0636 0.6343
vn 0.8495 -0.0105 0.5274
vn 0.7737 -0.0622 0.6305
vn 0.7765 -0.0789 0.6252
vn 0.6701 -0.3046 0.6769
vn 0.7458 -0.1391 0.6516
vn 0.7295 -0.1568 0.6657
vn 0.7477 -0.0243 0.6636
vn 0.6614 -0.3031 0.6861
vn 0.5813 -0.4055 0.7055
vn 0.6083 -0.3957 0.6880
vn 0.5903 -0.4015 0.7002
vn 0.5640 -0.4100 0.7168
vn 0.5675 -0.4488 0.6903
vn 0.5672 -0.4489 0.6905
vn 0.5674 -0.4488 0.6904
vn 0.5026 -0.4878 0.7137
vn 0.5022 -0.4914 0.7116
vn 0.5026 -0.4917 0.7111
vn 0.5030 -0.4917 0.7108
vn 0.5193 -0.4369 0.7344
vn 0.5197 -0.4371 0.7341
vn 0.5194 -0.4370 0.7343
vn 0.5029 -0.2893 0.8145
vn 0.3626 -0.0164 0.9318
vn 0.3624 -0.0165 0.9319
vn 0.3627 -0.0164 0.9318
vn 0.3529 -0.2209 0.9092
vn 0.4009 -0.3211 0.8580
vn 0.2977 -0.2270 0.9273
vn 0.3370 -0.2404 0.9103
vn 0.3427 -0.2235 0.9125
vn 0.3717 -0.0944 0.9235
vn 0.3221 -0.3764 0.8687
vn 0.3641 -0.3158 0.8762
vn 0.3575 -0.3342 0.8721
vn 0.3634 -0.4697 0.8046
vn 0.3622 -0.4690 0.8055
vn 0.3628 -0.4696 0.8049
vn 0.3802 -0.5107 0.7711
vn 0.3794 -0.5101 0.7719
vn 0.3807 -0.5107 0.7709
vn 0.3393 -0.6354 0.6936
vn 0.3570 -0.6349 0.6851
vn 0.4243 -0.5722 0.7019
vn 0.4183 -0.5621 0.7135
vn 0.4263 -0.5727 0.7002
vn 0.4321 -0.5835 0.6877
vn 0.3215 -0.6620 0.6771
vn 0.3200 -0.6625 0.6772
vn 0.3209 -0.6621 0.6773
vn 0.3158 -0.3885 0.8657
vn 0.2712 -0.6917 0.6693
vn 0.2673 -0.6837 0.6790
vn 0.2672 -0.6838 0.6790
vn 0.3013 -0.5825 0.7549
vn 0.2989 -0.5817 0.7565
vn 0.2968 -0.5778 0.7603
vn 0.2914 -0.4851 0.8245
vn 0.2938 -0.4891 0.8213
vn 0.2965 -0.4899 0.8198
vn 0.2328 -0.7169 0.6571
vn 0.2205 -0.7122 0.6664
vn 0.2252 -0.7132 0.6638
vn 0.2389 -0.5413 0.8062
vn 0.2568 -0.5676 0.7822
vn 0.2060 -0.4947 0.8443
vn 0.1878 -0.7303 0.6568
vn 0.1953 -0.7278 0.6574
vn 0.1990 -0.7283 0.6557
vn 0.2158 -0.7061 0.6744
vn 0.4107 -0.0982 0.9065
vn 0.4447 0.0948 0.8906
vn 0.4376 0.0733 0.8962
vn 0.4523 -0.1895 0.8715
vn 0.4814 -0.0616 0.8743
vn 0.4946 -0.0679 0.8665
vn 0.5177 -0.2432 0.8203
vn 0.5181 -0.2436 0.8199
vn 0.5178 -0.2434 0.8202
vn 0.4974 -0.0384 0.8667
vn 0.5240 -0.0923 0.8467
vn 0.5337 -0.0261 0.8453
vn 0.5507 0.0695 0.8318
vn 0.5778 -0.0093 0.8161
vn 0.5779 -0.0141 0.8160
vn 0.5616 -0.2075 0.8010
vn 0.5750 -0.2391 0.7824
vn 0.5748 -0.2391 0.7826
vn 0.5751 -0.2391 0.7824
vn 0.5717 -0.2732 0.7736
vn 0.5717 -0.2732 0.7737
vn 0.7407 -0.0014 0.6719
vn 0.8358 -0.0462 0.5471
vn 0.7949 0.0453 0.6051
vn 0.7740 0.0972 0.6257
vn 0.7726 0.0976 0.6274
vn 0.7712 0.0993 0.6288
vn 0.4318 0.4571 0.7776
vn 0.4322 0.4571 0.7773
vn 0.4325 0.4571 0.7772
vn 0.5061 0.0450 0.8613
vn 0.4975 -0.0802 0.8637
vn 0.4970 -0.0548 0.8660
vn 0.4498 0.0003 0.8931
vn 0.3086 0.5376 0.7847
vn 0.3083 0.5376 0.7848
vn 0.3081 0.5376 0.7849
vn 0.3090 0.5298 0.7898
vn 0.3088 0.5298 0.7899
vn 0.3089 0.5298 0.7899
vn 0.3230 0.4351 0.8405
vn 0.3102 0.3797 0.8715
vn 0.3284 0.4456 0.8328
vn 0.3070 0.3618 0.8802
vn 0.3368 0.2371 0.9112
vn 0.3709 0.3009 0.8786
vn 0.3881 0.2720 0.8806
vn 0.4115 0.1651 0.8963
vn 0.4082 0.1866 0.8936
vn 0.4265 0.4788 0.7673
vn 0.4232 0.4803 0.7683
vn 0.4287 0.4784 0.7664
vn 0.4470 0.4047 0.7977
vn 0.4468 0.4056 0.7974
vn 0.4471 0.4066 0.7967
vn 0.4345 0.3108 0.8453
vn 0.4327 0.3136 0.8453
vn 0.4364 0.3099 0.8447
vn 0.4982 0.2680 0.8246
vn 0.4876 0.1759 0.8551
vn 0.4892 0.2774 0.8269
vn 0.5258 0.2769 0.8043
vn 0.5251 0.2770 0.8047
vn 0.5261 0.2769 0.8041
vn 0.4575 0.2098 0.8641
vn 0.4944 0.1655 0.8533
vn 0.4981 0.1082 0.8603
vn 0.5384 0.0446 0.8415
vn 0.5360 0.0643 0.8418
vn 0.5597 0.1459 0.8157
vn 0.5548 0.1614 0.8162
vn 0.5846 0.1263 0.8014
vn 0.5830 0.1272 0.8025
vn 0.5855 0.1264 0.8008
vn 0.5970 0.0506 0.8007
vn 0.5895 -0.0720 0.8046
vn 0.5910 0.0969 0.8009
vn 0.6200 0.0493 0.7830
vn 0.6488 0.2579 0.7159
vn 0.6490 0.2579 0.7157
vn 0.6489 0.2579 0.7158
vn 0.7661 0.1025 0.6345
vn 0.7669 0.1028 0.6335
vn 0.7651 0.1027 0.6356
vn 0.7436 0.1226 0.6573
vn 0.7434 0.1227 0.6575
vn 0.7374 0.0996 0.6681
vn 0.7366 0.0999 0.6689
vn 0.7368 0.0999 0.6687
vn 0.7645 0.0904 0.6382
vn 0.7645 0.0903 0.6383
vn 0.7644 0.0902 0.6384
vn 0.8128 -0.0382 0.5812
vn 0.7952 0.0133 0.6062
vn 0.8040 0.0297 0.5939
vn 0.7830 -0.0764 0.6174
vn 0.7173 -0.1578 0.6786
vn 0.6736 -0.2467 0.6967
vn 0.6346 -0.2363 0.7358
vn 0.6347 -0.2364 0.7358
vn 0.6345 -0.2363 0.7359
vn 0.7102 -0.1381 0.6904
vn 0.6322 -0.2612 0.7294
vn 0.6323 -0.2612 0.7293
vn 0.6320 -0.2612 0.7297
vn 0.7138 -0.1038 0.6926
vn 0.7140 -0.1045 0.6923
vn 0.7140 -0.1041 0.6924
vn 0.7075 0.0442 0.7054
vn 0.6982 -0.0563 0.7137
vn 0.6946 0.0665 0.7163
vn 0.6615 -0.1125 0.7415
vn 0.6611 -0.1129 0.7418
vn 0.6617 -0.1124 0.7413
vn 0.6402 -0.0021 0.7682
vn 0.6429 -0.0916 0.7604
vn 0.6127 0.0674 0.7875
vn 0.6632 0.0706 0.7451
vn 0.4713 -0.4205 0.7753
vn 0.4724 -0.4210 0.7744
vn 0.4730 -0.4211 0.7739
vn 0.4504 -0.2863 0.8457
vn 0.4506 -0.2863 0.8456
vn 0.4503 -0.2863 0.8457
vn 0.4504 -0.2174 0.8659
vn 0.4183 -0.2115 0.8834
vn 0.4146 -0.2295 0.8806
vn 0.4478 -0.4802 0.7543
vn 0.4482 -0.4804 0.7539
vn 0.4479 -0.4802 0.7542
vn 0.4014 -0.4686 0.7870
vn 0.4019 -0.4687 0.7867
vn 0.4021 -0.4688 0.7865
vn 0.5559 -0.4879 0.6730
vn 0.5351 -0.4022 0.7429
vn 0.5231 -0.3762 0.7647
vn 0.5148 -0.3153 0.7972
vn 0.5150 -0.3153 0.7971
vn 0.5144 -0.3154 0.7975
vn 0.4669 -0.0918 0.8795
vn 0.4296 -0.2140 0.8773
vn 0.3896 -0.1418 0.9100
vn 0.4495 -0.0852 0.8892
vn 0.3504 0.1121 0.9299
vn 0.3307 -0.0137 0.9436
vn 0.3494 0.0308 0.9365
vn 0.2609 0.2401 0.9350
vn 0.3393 0.1280 0.9319
vn 0.4102 -0.2725 0.8704
vn 0.4368 0.0428 0.8986
vn 0.3612 0.1700 0.9168
vn 0.4068 0.1680 0.8979
vn 0.4419 0.2126 0.8715
vn 0.4122 0.2971 0.8613
vn 0.4785 0.1710 0.8613
vn 0.4844 0.2280 0.8446
vn 0.4594 0.2693 0.8464
vn 0.5683 0.0717 0.8197
vn 0.4738 0.3305 0.8162
vn 0.5139 0.2748 0.8126
vn 0.5713 0.1730 0.8023
vn 0.5936 0.1695 0.7867
vn 0.5927 0.1695 0.7873
vn 0.5921 0.1694 0.7878
vn 0.6762 0.0418 0.7355
vn 0.6762 0.0418 0.7356
vn 0.7283 -0.0065 0.6852
vn 0.7269 -0.0092 0.6867
vn 0.7243 -0.0071 0.6895
vn 0.7233 -0.0087 0.6905
vn 0.7356 0.1197 0.6668
vn 0.7257 0.0881 0.6823
vn 0.7109 0.1805 0.6797
vn 0.7272 0.1910 0.6593
vn 0.6679 0.3216 0.6712
vn 0.6940 0.3221 0.6439
vn 0.5054 0.3584 0.7849
vn 0.5540 0.2829 0.7830
vn 0.5859 0.2028 0.7846
vn 0.6276 0.2177 0.7475
vn 0.5855 0.3060 0.7507
vn 0.5436 0.3878 0.7444
vn 0.6511 0.1795 0.7375
vn 0.6511 0.1794 0.7374
vn 0.6574 0.1827 0.7311
vn 0.6573 0.1827 0.7311
vn 0.5729 0.3975 0.7168
vn 0.6023 0.3583 0.7134
vn 0.6575 0.2654 0.7052
vn 0.6675 0.2693 0.6942
vn 0.6672 0.2690 0.6946
vn 0.6780 0.2540 0.6898
vn 0.6228 0.4184 0.6611
vn 0.6612 0.3901 0.6408
vn 0.6758 0.4231 0.6035
vn 0.6426 0.4146 0.6443
vn 0.5720 0.5190 0.6352
vn 0.5730 0.5260 0.6286
vn 0.5721 0.5233 0.6315
vn 0.5694 0.5170 0.6391
vn 0.5164 0.5358 0.6680
vn 0.5199 0.5357 0.6654
vn 0.5208 0.5373 0.6634
vn 0.4366 0.5940 0.6757
vn 0.4330 0.5902 0.6813
vn 0.4351 0.5942 0.6765
vn 0.4253 0.5897 0.6866
vn 0.3327 0.6434 0.6895
vn 0.3195 0.6383 0.7004
vn 0.3195 0.6381 0.7005
vn 0.3194 0.6380 0.7007
vn 0.4272 0.5298 0.7327
vn 0.4270 0.5298 0.7328
vn 0.4269 0.5296 0.7330
vn 0.3893 0.5815 0.7143
vn 0.3894 0.5815 0.7143
vn 0.3892 0.5815 0.7144
vn 0.5179 0.4453 0.7304
vn 0.5178 0.4452 0.7305
vn 0.5255 0.4342 0.7316
vn 0.6108 0.3605 0.7050
vn 0.5906 0.3453 0.7294
vn 0.7292 0.4249 0.5364
vn 0.7515 0.3966 0.5272
vn 0.7189 0.3994 0.5689
vn 0.6290 0.4705 0.6188
vn 0.6309 0.4705 0.6169
vn 0.6297 0.4707 0.6180
vn 0.6975 0.4071 0.5897
vn 0.6397 0.3249 0.6966
vn 0.6042 0.2699 0.7498
vn 0.5596 0.3287 0.7608
vn 0.5022 0.3630 0.7849
vn 0.5120 0.4041 0.7580
vn 0.5117 0.4041 0.7582
vn 0.5125 0.4045 0.7574
vn 0.3982 0.5315 0.7477
vn 0.3970 0.5313 0.7484
vn 0.3943 0.5323 0.7491
vn 0.2284 0.6689 0.7074
vn 0.2315 0.6776 0.6981
vn 0.2394 0.6774 0.6956
vn 0.0263 0.5850 0.8106
vn 0.0264 0.5853 0.8104
vn 0.0263 0.5853 0.8104
vn -0.1575 0.7171 0.6790
vn -0.1560 0.7145 0.6820
vn -0.1578 0.7112 0.6851
vn -0.1817 0.7210 0.6687
vn -0.1818 0.7212 0.6685
vn -0.1818 0.7211 0.6685
vn 0.4291 0.2659 0.8632
vn 0.4681 0.1637 0.8684
vn 0.4474 0.2116 0.8689
vn 0.3130 0.3655 0.8766
vn 0.3370 0.3043 0.8910
vn 0.2912 0.3656 0.8841
vn 0.2451 0.3758 0.8937
vn 0.2579 0.3693 0.8928
vn 0.3043 0.2039 0.9305
vn 0.1192 0.5457 0.8294
vn 0.1887 0.4461 0.8749
vn 0.1773 0.4574 0.8714
vn 0.1366 0.4587 0.8781
vn 0.1479 0.4538 0.8787
vn 0.1099 0.4704 0.8756
vn -0.0518 0.6203 0.7826
vn -0.0449 0.6195 0.7837
vn -0.0563 0.6192 0.7832
vn 0.4033 0.2136 0.8898
vn 0.1555 0.3933 0.9062
vn -0.0241 0.5660 0.8241
vn -0.0240 0.5660 0.8241
vn -0.0239 0.5660 0.8241
vn 0.3194 0.2343 0.9182
vn 0.3494 0.1428 0.9260
vn 0.3469 0.1415 0.9272
vn 0.1419 0.3680 0.9189
vn 0.1392 0.3714 0.9180
vn 0.1414 0.3695 0.9184
vn 0.0915 0.4607 0.8828
vn -0.2576 0.7827 0.5666
vn -0.1641 0.7415 0.6505
vn -0.1641 0.7416 0.6504
vn -0.1641 0.7416 0.6505
vn -0.0066 0.6411 0.7674
vn -0.0054 0.6455 0.7637
vn -0.0033 0.6476 0.7620
vn 0.1089 0.5597 0.8215
vn 0.2822 0.4168 0.8641
vn 0.3432 0.3907 0.8542
vn 0.3332 0.4025 0.8526
vn 0.2928 0.4744 0.8302
vn 0.3898 0.3285 0.8603
vn 0.4508 0.2918 0.8436
vn 0.4378 0.3113 0.8434
vn 0.4045 0.4220 0.8113
vn -0.1084 0.7328 0.6718
vn -0.0840 0.7230 0.6857
vn -0.0742 0.7238 0.6860
vn 0.1503 0.5746 0.8045
vn -0.0141 0.7196 0.6942
vn -0.0140 0.7196 0.6942
vn -0.0140 0.7197 0.6942
vn 0.0024 0.7341 0.6790
vn 0.0940 0.6884 0.7192
vn 0.0960 0.7011 0.7066
vn 0.0920 0.7196 0.6883
vn 0.1350 0.6548 0.7437
vn 0.1356 0.6553 0.7431
vn 0.1377 0.6555 0.7426
vn 0.2757 0.5589 0.7820
vn 0.2757 0.5589 0.7821
vn 0.0915 0.7341 0.6729
vn 0.2524 0.6120 0.7495
vn 0.2515 0.6115 0.7502
vn 0.2520 0.6117 0.7499
vn 0.2918 0.6018 0.7434
vn 0.2804 0.6128 0.7388
vn 0.3478 0.5578 0.7536
vn 0.3438 0.5579 0.7553
vn 0.3463 0.5574 0.7546
vn 0.6895 0.3928 0.6085
vn 0.6942 0.4192 0.5851
vn 0.7160 0.4404 0.5416
vn 0.7034 0.3484 0.6195
vn 0.6963 0.3223 0.6413
vn 0.6956 0.3210 0.6427
vn 0.6966 0.3233 0.6405
vn 0.7162 0.3238 0.6183
vn 0.7279 0.2621 0.6337
vn 0.7003 0.3273 0.6344
vn 0.6385 0.4626 0.6151
vn 0.6745 0.4260 0.6030
vn 0.7071 0.2973 0.6415
vn 0.7306 0.1411 0.6681
vn 0.6981 -0.0922 0.7100
vn 0.6979 -0.0920 0.7102
vn 0.6981 -0.0921 0.7100
vn 0.7147 -0.1049 0.6915
vn 0.7147 -0.1047 0.6915
vn 0.7147 -0.1050 0.6915
vn 0.6447 0.0242 0.7641
vn 0.6447 0.0243 0.7640
vn 0.6448 0.0243 0.7640
vn 0.6814 -0.1835 0.7085
vn 0.6513 -0.0361 0.7580
vn 0.6516 -0.0364 0.7577
vn 0.6514 -0.0362 0.7578
vn 0.5847 0.0436 0.8100
vn 0.5849 0.0439 0.8099
vn 0.5848 0.0438 0.8100
vn 0.5812 0.0389 0.8128
vn 0.4987 0.1085 0.8599
vn 0.4516 0.1540 0.8789
vn 0.4647 0.1162 0.8778
vn 0.6785 -0.1780 0.7127
vn 0.6790 -0.1779 0.7122
vn 0.6781 -0.1781 0.7130
vn 0.6588 -0.2484 0.7101
vn 0.6642 -0.2502 0.7045
vn 0.6435 -0.3329 0.6893
vn 0.6250 -0.3430 0.7012
vn 0.6100 -0.4196 0.6722
vn 0.6100 -0.4197 0.6722
vn 0.5922 -0.4215 0.6867
vn 0.5622 -0.2945 0.7728
vn 0.5625 -0.2945 0.7726
vn 0.5623 -0.2945 0.7727
vn 0.5858 -0.4692 0.6608
vn 0.5557 -0.4983 0.6656
vn 0.5094 -0.0810 0.8567
vn 0.5372 -0.1503 0.8300
vn 0.5333 -0.1516 0.8322
vn 0.5358 -0.1511 0.8307
vn 0.5636 -0.1527 0.8118
vn 0.5608 -0.1530 0.8137
vn 0.5647 -0.1522 0.8111
vn 0.6116 -0.2618 0.7466
vn 0.6099 -0.2596 0.7487
vn 0.6132 -0.2620 0.7452
vn 0.5450 0.0304 0.8379
vn 0.5864 0.0018 0.8100
vn 0.5843 0.0027 0.8115
vn 0.5829 0.0026 0.8125
vn 0.6119 -0.1107 0.7831
vn 0.6126 -0.1105 0.7826
vn 0.6116 -0.1109 0.7833
vn 0.5873 0.4588 0.6668
vn 0.7450 0.3493 0.5683
vn 0.7148 0.3598 0.5997
vn 0.6763 0.3989 0.6192
vn 0.6077 0.4743 0.6370
vn 0.6100 0.4743 0.6348
vn 0.6068 0.4738 0.6382
vn 0.6159 0.4550 0.6432
vn 0.6194 0.4547 0.6400
vn 0.6171 0.4555 0.6416
vn 0.5573 0.4939 0.6674
vn 0.5598 0.4927 0.6662
vn 0.5565 0.4939 0.6681
vn 0.4451 0.5690 0.6914
vn 0.4452 0.5691 0.6913
vn 0.4453 0.5693 0.6911
vn 0.6629 0.3942 0.6365
vn 0.5535 0.4673 0.6894
vn 0.5534 0.4671 0.6896
vn 0.5536 0.4674 0.6892
vn 0.6928 0.3522 0.6293
vn 0.5528 0.4687 0.6890
vn 0.5529 0.4688 0.6889
vn 0.5530 0.4688 0.6888
vn 0.6325 0.3697 0.6806
vn 0.6325 0.3698 0.6806
vn 0.6326 0.3698 0.6805
vn 0.6328 0.3695 0.6804
vn 0.5665 0.2764 0.7763
vn 0.4925 0.3485 0.7975
vn 0.5304 0.2844 0.7986
vn 0.5404 0.2234 0.8112
vn 0.4374 0.4100 0.8003
vn 0.3934 0.4350 0.8100
vn 0.3209 0.5054 0.8010
vn 0.2869 0.4836 0.8269
vn 0.1945 0.5672 0.8002
vn 0.1945 0.5671 0.8004
vn 0.1942 0.5668 0.8007
vn 0.1502 0.5733 0.8055
vn 0.1507 0.5733 0.8054
vn 0.1510 0.5734 0.8052
vn 0.2181 0.3069 0.9264
vn 0.2469 0.2811 0.9274
vn 0.1275 0.3190 0.9392
vn 0.0948 0.3510 0.9316
vn 0.0596 0.3756 0.9249
vn 0.0635 0.3923 0.9177
vn 0.0551 0.4731 0.8793
vn 0.1307 0.3978 0.9081
vn 0.0418 0.4780 0.8774
vn -0.1386 0.5631 0.8147
vn -0.0909 0.5191 0.8499
vn -0.1007 0.5203 0.8480
vn -0.1533 0.5623 0.8126
vn -0.4211 0.5880 0.6906
vn -0.0631 0.4038 0.9127
vn -0.0817 0.4220 0.9029
vn -0.1356 0.4518 0.8817
vn -0.3187 0.4887 0.8122
vn -0.3185 0.4887 0.8122
vn -0.5102 0.5505 0.6608
vn -0.5088 0.5438 0.6674
vn -0.5126 0.5481 0.6609
vn -0.5464 0.5316 0.6472
vn -0.5464 0.5317 0.6471
vn -0.5465 0.5315 0.6473
vn -0.5099 0.5594 0.6535
vn -0.4521 0.5803 0.6774
vn -0.4309 0.5825 0.6892
vn -0.3950 0.6091 0.6877
vn -0.3948 0.6095 0.6875
vn -0.3943 0.6100 0.6873
vn -0.3598 0.6372 0.6816
vn -0.2615 0.6398 0.7227
vn -0.2687 0.6514 0.7096
vn -0.2841 0.6731 0.6828
vn -0.2336 0.6350 0.7363
vn -0.2342 0.6350 0.7362
vn -0.2339 0.6350 0.7363
vn -0.0373 0.6208 0.7831
vn -0.0372 0.6221 0.7821
vn -0.0372 0.6212 0.7827
vn -0.0473 0.6495 0.7589
vn -0.0469 0.6500 0.7585
vn -0.0479 0.6490 0.7593
vn 0.3424 0.6454 0.6828
vn 0.3824 0.6067 0.6969
vn 0.3420 0.6184 0.7075
vn 0.3598 0.6333 0.6852
vn 0.3599 0.6333 0.6851
vn 0.2585 0.6792 0.6870
vn 0.2589 0.6791 0.6869
vn 0.0648 0.7238 0.6869
vn 0.0594 0.7231 0.6881
vn 0.0689 0.7299 0.6801
vn -0.0018 0.6276 0.7785
vn -0.0032 0.6241 0.7813
vn -0.0020 0.6179 0.7862
vn 0.2279 0.6426 0.7315
vn 0.2760 0.5928 0.7566
vn 0.2173 0.6453 0.7323
vn 0.4180 0.5622 0.7136
vn -0.2912 0.6869 0.6659
vn -0.1309 0.6940 0.7079
vn -0.0822 0.6818 0.7269
vn -0.1407 0.7026 0.6975
vn -0.1339 0.7065 0.6950
vn -0.0361 0.7139 0.6994
vn -0.0361 0.7138 0.6994
vn -0.0275 0.7206 0.6928
vn 0.0755 0.7325 0.6766
vn 0.1675 0.7292 0.6635
vn 0.1691 0.7283 0.6641
vn 0.1685 0.7288 0.6637
vn 0.1674 0.7343 0.6579
vn 0.1679 0.7342 0.6578
vn 0.1675 0.7343 0.6579
vn 0.3298 0.7069 0.6258
vn 0.3058 0.7042 0.6408
vn 0.3698 0.7062 0.6038
vn 0.3436 0.7036 0.6221
vn 0.4338 0.6346 0.6396
vn 0.3599 0.6696 0.6496
vn 0.3362 0.6541 0.6776
vn 0.2967 0.6803 0.6702
vn 0.4063 0.6052 0.6846
vn 0.3225 0.6235 0.7122
vn 0.3810 0.5837 0.7170
vn 0.2777 0.6487 0.7085
vn 0.3780 0.5874 0.7156
vn 0.3780 0.5875 0.7155
vn 0.3658 0.5224 0.7703
vn 0.3120 0.5769 0.7549
vn 0.3819 0.5079 0.7721
vn 0.2808 0.5500 0.7865
vn 0.4019 0.4744 0.7832
vn 0.3914 0.4623 0.7957
vn 0.2426 0.3541 0.9032
vn 0.3559 0.3033 0.8839
vn 0.4698 0.1650 0.8672
vn 0.1768 0.3687 0.9126
vn 0.2654 0.2943 0.9181
vn 0.2199 0.3093 0.9252
vn 0.3008 0.1997 0.9326
vn 0.3991 0.6598 0.6367
vn 0.4631 0.6126 0.6405
vn 0.4176 0.6715 0.6121
vn 0.3719 0.7244 0.5805
vn 0.3445 0.7360 0.5829
vn 0.4766 0.6024 0.6403
vn 0.5045 0.5039 0.7011
vn 0.5048 0.5028 0.7018
vn 0.5048 0.5021 0.7022
vn 0.5448 0.5197 0.6581
vn 0.5864 0.4410 0.6795
vn 0.4966 0.4778 0.7246
vn 0.4963 0.4776 0.7249
vn 0.4966 0.4778 0.7247
vn 0.5841 0.4282 0.6895
vn 0.5743 0.4370 0.6923
vn 0.5727 0.4358 0.6943
vn 0.5683 0.4361 0.6978
vn 0.5143 0.4352 0.7390
vn 0.5140 0.4351 0.7393
vn 0.5132 0.4351 0.7398
vn 0.5006 0.4353 0.7483
vn 0.5010 0.4356 0.7478
vn 0.5013 0.4362 0.7473
vn 0.6450 0.2910 0.7066
vn 0.6451 0.2746 0.7131
vn 0.6752 0.2656 0.6882
vn 0.6753 0.2657 0.6881
vn 0.6753 0.2657 0.6880
vn 0.4714 0.3773 0.7971
vn 0.3150 0.4810 0.8182
vn 0.4568 0.3771 0.8057
vn 0.3124 0.4836 0.8176
vn 0.6595 0.2110 0.7215
vn 0.7018 0.1953 0.6851
vn 0.7019 0.1954 0.6849
vn 0.7020 0.1954 0.6849
vn 0.5941 0.3000 0.7463
vn 0.5938 0.2999 0.7466
vn 0.5932 0.3000 0.7471
vn 0.5755 0.3007 0.7605
vn 0.5760 0.3009 0.7601
vn 0.5762 0.3012 0.7597
vn 0.4675 0.3305 0.8199
vn 0.4678 0.3293 0.8202
vn 0.4678 0.3284 0.8205
vn 0.2279 0.4934 0.8394
vn 0.4159 0.3647 0.8331
vn 0.3081 0.4343 0.8464
vn 0.2413 0.4472 0.8613
vn 0.3885 0.3304 0.8602
vn 0.2936 0.3867 0.8742
vn 0.6967 0.1128 0.7085
vn 0.7003 0.1154 0.7045
vn 0.7262 0.0292 0.6869
vn 0.7236 0.0138 0.6901
vn 0.4484 0.2080 0.8693
vn 0.4971 0.1303 0.8578
vn 0.4339 0.1347 0.8908
vn 0.4400 0.1251 0.8892
vn 0.4607 0.1048 0.8814
vn 0.3288 0.1666 0.9296
vn 0.7354 -0.0517 0.6756
vn 0.7356 -0.0516 0.6755
vn 0.7187 -0.0586 0.6929
vn 0.7188 -0.0584 0.6927
vn 0.7186 -0.0587 0.6929
vn 0.6612 0.0047 0.7502
vn 0.6607 0.0042 0.7506
vn 0.6595 0.0041 0.7517
vn 0.5971 0.0394 0.8012
vn 0.5977 0.0391 0.8008
vn 0.5984 0.0391 0.8002
vn 0.4703 0.0932 0.8776
vn 0.7379 -0.1203 0.6641
vn 0.6258 -0.0496 0.7784
vn 0.6253 -0.0574 0.7783
vn 0.6279 -0.0457 0.7769
vn 0.7293 -0.1545 0.6666
vn 0.5803 -0.0715 0.8113
vn 0.7225 -0.1425 0.6765
vn 0.6099 -0.0588 0.7903
vn 0.5005 0.3842 0.7758
vn 0.5004 0.3832 0.7763
vn 0.5006 0.3822 0.7767
vn 0.1842 0.3021 0.9353
vn 0.1841 0.3019 0.9354
vn 0.1843 0.3023 0.9352
vn 0.2958 0.5925 0.7493
vn 0.4151 0.7344 0.5370
vn 0.4468 0.7146 0.5382
vn 0.4190 0.7033 0.5742
vn 0.3516 0.7120 0.6078
vn 0.2886 0.7196 0.6316
vn 0.2887 0.7196 0.6316
vn 0.4478 0.6867 0.5727
vn 0.2848 0.5884 0.7567
vn 0.2512 0.5793 0.7754
vn 0.2982 0.5576 0.7747
vn 0.3691 0.5087 0.7778
vn 0.1937 0.5951 0.7799
vn 0.1939 0.5952 0.7799
vn 0.1632 0.5886 0.7918
vn 0.1627 0.5889 0.7916
vn 0.1629 0.5887 0.7917
vn 0.1622 0.4796 0.8624
vn 0.2002 0.4350 0.8779
vn 0.1042 0.4796 0.8713
vn 0.2952 0.3835 0.8751
vn -0.3135 0.5400 0.7811
vn -0.2447 0.4862 0.8389
vn -0.3159 0.5519 0.7718
vn -0.2252 0.4883 0.8431
vn -0.1487 0.4508 0.8802
vn -0.0903 0.4829 0.8710
vn -0.1077 0.5014 0.8585
vn -0.1347 0.5127 0.8480
vn 0.1483 0.3864 0.9103
vn -0.0980 0.5863 0.8041
vn -0.1009 0.5847 0.8049
vn -0.1020 0.5832 0.8059
vn 0.0166 0.5592 0.8288
vn 0.0067 0.5550 0.8318
vn 0.0194 0.5957 0.8030
vn 0.0192 0.5956 0.8030
vn 0.0190 0.5955 0.8031
vn 0.2306 0.4865 0.8427
vn 0.2191 0.5111 0.8311
vn 0.1480 0.5601 0.8151
vn 0.1398 0.5626 0.8148
vn 0.3269 0.4951 0.8050
vn 0.1782 0.5719 0.8007
vn 0.3183 0.5001 0.8053
vn -0.0383 0.6747 0.7371
vn 0.0624 0.6681 0.7415
vn 0.0626 0.6683 0.7413
vn 0.0630 0.6684 0.7411
vn 0.0757 0.6790 0.7303
vn 0.0758 0.6788 0.7304
vn 0.0759 0.6786 0.7306
vn 0.1724 0.6634 0.7281
vn 0.1724 0.6634 0.7282
vn 0.1700 0.6878 0.7057
vn 0.1700 0.6879 0.7056
vn 0.1707 0.6881 0.7053
vn 0.2298 0.7089 0.6668
vn 0.2268 0.7084 0.6684
vn 0.2276 0.7089 0.6675
vn 0.3513 0.6747 0.6492
vn 0.3164 0.6985 0.6418
vn 0.4032 0.6624 0.6315
vn 0.3153 0.7180 0.6205
vn 0.3153 0.7180 0.6206
vn 0.3602 0.6929 0.6247
vn 0.3601 0.6929 0.6247
vn 0.4277 0.6447 0.6337
vn 0.4680 0.6538 0.5946
vn 0.3784 0.7436 0.5513
vn 0.4511 0.5977 0.6628
vn 0.4276 0.5960 0.6796
vn 0.4275 0.5963 0.6795
vn 0.6597 0.1624 0.7338
vn 0.6588 0.1627 0.7345
vn 0.6582 0.1634 0.7349
vn 0.5546 0.2408 0.7965
vn 0.5542 0.2350 0.7985
vn 0.5539 0.2390 0.7975
vn 0.5957 0.1559 0.7880
vn 0.5996 0.1574 0.7847
vn 0.5972 0.1571 0.7866
vn 0.5405 0.1788 0.8221
vn 0.5445 0.1789 0.8195
vn 0.5388 0.1774 0.8235
vn 0.4851 0.2190 0.8466
vn -0.5590 -0.8074 0.1885
vn 0.7289 -0.4778 -0.4903
vn 0.9541 0.2718 0.1258
vn -0.5495 0.4787 -0.6848
vn -0.9672 -0.2377 -0.0891
vn -0.7444 -0.5816 -0.3282
vn -0.9678 -0.2362 -0.0868
vn 0.6859 0.6270 0.3692
vn 0.9524 0.2784 0.1246
vn 0.9522 0.2784 0.1253
vn 0.9525 0.2772 0.1263
vn -0.9691 -0.2320 -0.0833
vn -0.9686 -0.2338 -0.0842
vn -0.9701 -0.2285 -0.0819
vn -0.9696 -0.2309 -0.0815
vn -0.9690 -0.2332 -0.0811
vn 0.9479 0.2894 0.1335
vn 0.9474 0.2902 0.1350
vn 0.9479 0.2894 0.1334
vn 0.9480 0.2890 0.1330
vn 0.9417 0.3039 0.1445
vn 0.9443 0.2970 0.1419
vn 0.9425 0.3018 0.1434
vn -0.9739 -0.2160 -0.0698
vn -0.9737 -0.2157 -0.0731
vn -0.9739 -0.2160 -0.0700
vn -0.9740 -0.2164 -0.0667
vn -0.9780 -0.2003 -0.0573
vn -0.9787 -0.1979 -0.0552
vn -0.9787 -0.1979 -0.0551
vn 0.9404 0.3073 0.1458
vn 0.9399 0.3083 0.1467
vn 0.9304 0.3272 0.1655
vn 0.9312 0.3269 0.1611
vn 0.9303 0.3272 0.1655
vn 0.9295 0.3274 0.1699
vn -0.9842 -0.1722 -0.0423
vn -0.9841 -0.1722 -0.0423
vn -0.9863 -0.1619 -0.0309
vn -0.9863 -0.1619 -0.0308
vn -0.9910 -0.1340 -0.0072
vn 0.9044 0.3753 0.2030
vn 0.9044 0.3752 0.2031
vn 0.8945 0.3923 0.2144
vn 0.8945 0.3924 0.2144
vn 0.8629 0.4387 0.2510
vn -0.9975 -0.0384 0.0595
vn -0.9921 0.0446 0.1170
vn -0.9921 0.0445 0.1169
vn -0.9963 0.0861 0.0020
vn -0.9957 0.0146 0.0919
vn -0.9978 0.0547 0.0381
vn 0.6118 0.6465 0.4558
vn 0.6135 0.6366 0.4673
vn 0.6107 0.6561 0.4435
vn -0.4631 0.6780 0.5708
vn -0.4643 0.6955 0.5484
vn -0.4636 0.6650 0.5855
vn -0.2591 0.7804 0.5691
vn -0.0585 0.7681 0.6376
vn -0.0585 0.8009 0.5959
vn -0.0585 0.7817 0.6210
vn -0.4737 0.7658 -0.4350
vn 0.7973 -0.2329 -0.5569
vn 0.8401 0.5329 -0.1007
vn -0.6768 0.6398 -0.3641
vn -0.6837 -0.6668 0.2966
vn -0.9981 -0.0606 -0.0063
vn -0.9779 -0.2062 -0.0350
vn -0.9779 -0.2062 -0.0349
vn 0.9344 0.3048 0.1842
vn 0.9322 0.3105 0.1859
vn 0.9324 0.3099 0.1861
vn 0.9297 0.3162 0.1889
vn 0.9044 0.3530 0.2398
vn 0.9025 0.3555 0.2433
vn 0.9034 0.3543 0.2417
vn -0.9842 -0.1764 0.0139
vn -0.9842 -0.1763 0.0139
vn -0.9842 -0.1764 0.0140
vn -0.1464 0.7906 0.5945
vn -0.4302 -0.2543 0.8662
vn -0.2896 -0.4068 0.8664
vn -0.8012 0.2702 0.5339
vn -0.8013 0.2702 0.5338
vn -0.8013 0.2702 0.5337
vn 0.3159 0.6318 0.7079
vn 0.3159 0.6317 0.7079
vn 0.3159 0.6317 0.7080
vn 0.8623 0.3952 0.3167
vn 0.9632 0.2632 -0.0543
vn 0.8430 0.4762 0.2503
vn 0.0924 0.8858 -0.4547
vn -0.8812 0.4236 -0.2098
vn -0.7712 -0.5523 0.3165
vn -0.8267 -0.5602 -0.0525
vn -0.3743 -0.2895 0.8810
vn -0.3745 -0.2893 0.8809
vn 0.3163 0.2441 0.9167
vn 0.8498 0.4204 0.3181
vn 0.9837 -0.0881 -0.1565
vn 0.8059 0.4264 0.4107
vn 0.1749 -0.3440 0.9226
vn -0.0658 -0.7188 -0.6921
vn 0.3803 -0.7879 0.4844
vn -0.2203 0.8491 -0.4801
vn 0.4953 0.4621 -0.7356
vn -0.8684 0.2946 0.3990
vn -0.9876 -0.1571 0.0066
vn -0.9840 -0.1752 0.0336
vn -0.9798 -0.1902 0.0619
vn 0.9096 0.3756 0.1775
vn -0.0646 -0.5375 0.8408
vn 0.7482 0.5071 0.4278
vn -0.7400 0.5088 -0.4399
vn -0.9885 -0.0309 0.1480
vn -0.9828 -0.0720 0.1700
vn -0.8804 -0.4591 0.1187
vn -0.8185 0.2256 -0.5283
vn -0.2327 0.1795 -0.9558
vn -0.8054 0.2641 -0.5307
vn 0.9536 0.2659 0.1410
vn 0.8763 0.3697 0.3090
vn 0.8429 0.5224 -0.1290
vn -0.9916 0.1169 -0.0549
vn 0.9795 -0.0766 0.1864
vn -0.9729 -0.2195 -0.0723
vn 0.7117 -0.3012 0.6347
vn -0.9714 -0.2255 -0.0746
vn -0.5901 -0.5821 -0.5594
vn 0.9476 0.2875 0.1392
vn 0.4887 0.6277 0.6060
vn 0.9555 0.2631 0.1334
vn 0.4856 0.5566 0.6741
vn 0.6967 0.4114 0.5877
vn -0.7557 -0.2991 0.5827
vn -0.9012 0.4170 -0.1180
vn -0.8580 -0.4108 -0.3083
vn -0.9717 -0.1215 0.2025
vn -0.9717 -0.1214 0.2024
vn 0.8102 0.3826 0.4442
vn 0.8095 0.3828 0.4452
vn 0.8088 0.3831 0.4462
vn -0.3487 0.8508 0.3931
vn -0.5446 0.4483 -0.7089
vn 0.2568 -0.2142 -0.9424
vn -0.9788 -0.2045 0.0127
vn -0.9839 -0.0016 -0.1788
vn -0.8821 0.0490 -0.4686
vn -0.6904 0.6371 -0.3428
vn 0.9606 0.1927 0.2004
vn -0.2884 0.9391 -0.1870
vn -0.9892 -0.1364 -0.0543
vn -0.9716 -0.2310 -0.0511
vn -0.9729 -0.2277 -0.0409
vn -0.9723 -0.2293 -0.0461
vn 0.9449 0.2826 0.1653
vn 0.9442 0.2838 0.1672
vn 0.9455 0.2832 0.1608
vn 0.9454 0.2824 0.1630
vn 0.9455 0.2828 0.1612
vn -0.9719 -0.2306 -0.0483
vn -0.9716 -0.2314 -0.0494
vn -0.9714 -0.2318 -0.0522
vn -0.9712 -0.2322 -0.0536
vn 0.9464 0.2817 0.1583
vn 0.9462 0.2820 0.1590
vn 0.9463 0.2819 0.1581
vn 0.9463 0.2820 0.1578
vn -0.9712 -0.2321 -0.0540
vn -0.9712 -0.2320 -0.0535
vn -0.9714 -0.2314 -0.0537
vn -0.9718 -0.2301 -0.0519
vn 0.9459 0.2829 0.1588
vn 0.9461 0.2828 0.1580
vn 0.9456 0.2834 0.1596
vn 0.9441 0.2863 0.1633
vn -0.9723 -0.2282 -0.0509
vn -0.9727 -0.2266 -0.0492
vn -0.9733 -0.2249 -0.0462
vn -0.9730 -0.2270 -0.0425
vn 0.9441 0.2862 0.1633
vn 0.9435 0.2872 0.1651
vn 0.9389 0.2954 0.1769
vn 0.9394 0.2945 0.1755
vn 0.9394 0.2946 0.1756
vn 0.9399 0.2937 0.1741
vn -0.9760 -0.2153 -0.0312
vn -0.9765 -0.2138 -0.0269
vn -0.9759 -0.2166 -0.0280
vn -0.9768 -0.2129 -0.0230
vn -0.6415 -0.5070 -0.5757
vn -0.6453 -0.5152 -0.5641
vn -0.6437 -0.5201 -0.5613
vn 0.4806 0.5428 0.6887
vn 0.4754 0.5531 0.6842
vn 0.4864 0.5365 0.6896
vn 0.9128 0.3414 0.2242
vn 0.7687 0.5737 0.2829
vn 0.9147 0.3323 0.2299
vn -0.9765 -0.2050 0.0665
vn -0.9675 -0.2386 0.0833
vn -0.7859 0.0840 -0.6126
vn -0.9840 -0.1192 0.1324
vn -0.9993 -0.0347 0.0119
vn 0.0745 0.5156 0.8536
vn -0.9176 0.0774 0.3899
vn -0.2425 -0.5763 0.7804
vn 0.1273 0.4717 -0.8725
vn -0.7633 0.5145 -0.3908
vn 0.2892 0.9560 0.0500
vn 0.3768 0.6815 0.6273
vn 0.9534 0.2632 0.1475
vn 0.9446 0.2753 0.1789
vn 0.9524 0.2615 0.1564
vn 0.9518 0.2625 0.1588
vn -0.9670 -0.2504 -0.0476
vn -0.9660 -0.2529 -0.0531
vn -0.9670 -0.2504 -0.0475
vn -0.9679 -0.2478 -0.0421
vn -0.9687 -0.2469 -0.0273
vn 0.9471 0.2660 0.1794
vn 0.9472 0.2660 0.1793
vn 0.8632 0.2958 0.4092
vn 0.2989 0.8405 -0.4519
vn 0.8940 0.1577 0.4193
vn -0.9535 0.2447 0.1759
vn -0.9679 -0.2021 0.1492
vn -0.2893 -0.4974 0.8179
vn 0.0525 -0.8945 -0.4440
vn -0.0358 0.9526 -0.3021
vn 0.6598 0.2859 0.6949
vn 0.7484 0.3018 0.5907
vn 0.7482 0.3018 0.5909
vn 0.7483 0.3018 0.5908
vn -0.5060 0.0481 0.8612
vn -0.5121 0.0458 0.8577
vn -0.5122 0.0458 0.8576
vn 0.1659 0.2212 0.9610
vn 0.1658 0.2212 0.9610
vn 0.8774 0.2942 0.3789
vn 0.8774 0.2941 0.3789
vn 0.8774 0.2941 0.3790
vn 0.8892 0.2924 0.3520
vn 0.8891 0.2925 0.3519
vn 0.8891 0.2925 0.3520
vn -0.9639 -0.2083 0.1661
vn -0.9633 -0.2065 0.1717
vn -0.9630 -0.2057 0.1744
vn -0.9729 -0.2097 0.0976
vn -0.9731 -0.2105 0.0938
vn -0.9731 -0.2105 0.0934
vn -0.9755 -0.0337 0.2175
vn -0.9972 -0.0740 0.0052
vn -0.4423 0.5592 -0.7012
vn 0.5149 -0.5706 0.6398
vn 0.9327 0.2471 0.2626
vn 0.9277 0.3207 0.1911
vn 0.9573 0.1919 0.2162
vn 0.9393 0.2772 0.2020
vn -0.9850 -0.1715 -0.0185
vn -0.9725 -0.2329 -0.0068
vn -0.9732 -0.2299 0.0076
vn -0.9720 -0.2347 -0.0046
vn 0.9383 0.2786 0.2050
vn 0.9390 0.2774 0.2030
vn 0.9376 0.2790 0.2075
vn 0.9374 0.2786 0.2091
vn -0.9706 -0.2395 -0.0226
vn -0.9710 -0.2385 -0.0139
vn -0.1319 0.1146 -0.9846
vn -0.1307 0.8914 -0.4339
vn 0.8323 -0.5431 0.1112
vn 0.1966 -0.9524 -0.2328
vn -0.9584 -0.1536 0.2407
vn -0.9580 -0.1531 0.2424
vn -0.9569 -0.1509 0.2481
vn 0.8440 0.3294 0.4233
vn 0.5666 0.3487 0.7465
vn 0.5667 0.3487 0.7465
vn -0.7747 -0.0000 0.6323
vn -0.7747 -0.0000 0.6324
vn 0.5607 0.3662 0.7426
vn 0.5602 0.3662 0.7430
vn 0.5611 0.3663 0.7423
vn 0.7914 0.3477 0.5029
vn 0.7923 0.3475 0.5016
vn 0.7920 0.3475 0.5020
vn 0.9150 0.3014 0.2683
vn 0.9147 0.3017 0.2688
vn 0.9145 0.3020 0.2693
vn -0.9773 -0.2009 0.0679
vn -0.9772 -0.2010 0.0678
vn -0.9754 -0.2173 0.0366
vn -0.9754 -0.2174 0.0366
vn -0.9751 -0.2216 -0.0118
vn -0.9751 -0.2215 -0.0119
vn 0.9241 0.3032 0.2325
vn 0.9241 0.3032 0.2326
vn 0.9224 0.3045 0.2378
vn 0.9128 0.3028 0.2741
vn 0.9183 0.2991 0.2593
vn 0.9268 0.2929 0.2352
vn 0.9575 0.2501 0.1437
vn 0.9403 0.2869 0.1832
vn 0.9490 0.2723 0.1589
vn -0.9708 -0.2368 -0.0387
vn -0.9713 -0.2353 -0.0343
vn -0.9687 -0.2422 -0.0548
vn -0.9680 -0.2432 -0.0620
vn -0.9685 -0.2420 -0.0591
vn -0.9677 -0.2435 -0.0657
vn 0.9551 0.2641 0.1339
vn 0.9556 0.2660 0.1264
vn 0.9566 0.2620 0.1274
vn 0.9546 0.2692 0.1276
vn 0.9625 0.2495 0.1061
vn 0.9594 0.2570 0.1164
vn 0.9532 0.2680 0.1398
vn -0.9662 -0.2467 -0.0744
vn -0.9675 -0.2430 -0.0699
vn -0.8249 -0.5026 0.2588
vn -0.9156 -0.1524 0.3720
vn 0.9293 0.1974 -0.3121
vn 0.2348 0.9337 0.2702
vn 0.8481 -0.1877 0.4954
vn 0.9253 -0.3315 -0.1841
vn 0.3565 -0.0610 -0.9323
vn -0.2155 0.0398 0.9757
vn -0.8650 0.3203 -0.3862
vn -0.6570 0.7534 0.0281
vn -0.4293 0.8936 -0.1311
vn -0.2414 0.8856 0.3967
vn -0.2007 0.9221 0.3307
vn 0.9537 0.2510 0.1656
vn 0.9538 0.2493 0.1678
vn 0.9543 0.2505 0.1631
vn -0.9634 -0.2608 -0.0619
vn -0.4052 0.8754 0.2635
vn -0.9641 -0.2619 -0.0440
vn -0.9638 -0.2634 -0.0409
vn -0.9635 -0.2649 -0.0378
vn 0.9537 0.2519 0.1644
vn 0.9526 0.2520 0.1703
vn 0.0797 -0.9715 -0.2231
vn -0.2666 0.9629 0.0411
vn 0.9371 -0.3336 0.1030
vn -0.8708 0.4780 -0.1150
vn -0.9579 -0.2493 -0.1427
vn 0.5290 -0.8303 -0.1752
vn -0.6368 0.5797 0.5084
vn -0.2739 -0.8454 0.4585
vn -0.9808 -0.1925 -0.0299
vn 0.0442 0.9631 -0.2654
vn 0.8051 0.4949 0.3270
vn 0.5665 -0.7948 0.2176
vn 0.4901 0.8706 -0.0421
vn -0.8231 -0.4683 0.3213
vn -0.9918 -0.0344 -0.1230
vn -0.9473 -0.2498 -0.2007
vn -0.2697 -0.0738 0.9601
vn -0.2692 -0.0803 0.9597
vn -0.2720 -0.0733 0.9595
vn -0.0887 -0.0267 0.9957
vn -0.1795 -0.0490 0.9825
vn -0.1786 -0.0434 0.9830
vn 0.0005 0.0084 1.0000
vn 0.0006 0.0084 1.0000
vn -0.2695 -0.0435 0.9620
vn -0.2681 -0.0514 0.9620
vn -0.2669 -0.0574 0.9620
vn -0.7348 -0.1635 -0.6583
vn -0.7152 -0.2166 -0.6646
vn -0.7228 -0.1907 -0.6643
vn -0.9638 -0.2520 0.0873
vn -0.9638 -0.2520 0.0872
vn -0.9638 -0.2519 0.0872
vn 0.9230 0.2504 0.2923
vn 0.9229 0.2504 0.2923
vn 0.9229 0.2505 0.2923
vn 0.9379 0.2583 0.2316
vn 0.9388 0.2580 0.2281
vn 0.9368 0.2588 0.2353
vn -0.9410 -0.3074 -0.1417
vn -0.9670 -0.2548 0.0086
vn 0.2893 -0.7464 -0.5993
vn -0.3674 -0.9283 -0.0572
vn -0.9665 -0.2230 0.1274
vn -0.1431 -0.0659 -0.9875
vn 0.9474 0.2605 0.1861
vn 0.9521 0.2584 0.1635
vn 0.9510 0.2584 0.1700
vn 0.9521 0.2583 0.1636
vn -0.9656 -0.2548 -0.0526
vn -0.9657 -0.2548 -0.0510
vn 0.1683 0.3205 -0.9322
vn 0.8906 -0.4160 -0.1836
vn -0.2121 -0.9280 0.3064
vn 0.8694 -0.3208 0.3758
vn 0.2200 0.6796 -0.6999
vn 0.9146 0.3698 -0.1639
vn 0.5441 -0.0781 0.8353
vn 0.5969 -0.0920 0.7970
vn 0.4796 -0.7737 0.4140
vn 0.2357 -0.9705 -0.0508
vn 0.2469 -0.9690 -0.0028
vn 0.9538 0.2244 0.1996
vn 0.9505 0.2230 0.2166
vn 0.9462 0.2355 0.2218
vn 0.9535 0.2442 0.1767
vn -0.9600 -0.2797 -0.0153
vn -0.9600 -0.2798 -0.0132
vn -0.9595 -0.2816 -0.0023
vn -0.9598 -0.2807 -0.0063
vn -0.9596 -0.2815 -0.0024
vn -0.9594 -0.2821 0.0015
vn 0.9505 0.2241 0.2152
vn 0.9489 0.2269 0.2193
vn 0.9510 0.2296 0.2073
vn 0.9500 0.2263 0.2151
vn 0.9409 0.2113 0.2647
vn 0.9379 0.2002 0.2834
vn 0.9390 0.2135 0.2697
vn -0.9557 -0.2909 0.0450
vn -0.9557 -0.2910 0.0450
vn -0.9507 -0.2981 0.0858
vn -0.9507 -0.2981 0.0857
vn -0.9279 -0.3175 0.1954
vn 0.8583 0.1595 0.4877
vn 0.8596 0.1603 0.4852
vn 0.8607 0.1610 0.4829
vn 0.8152 0.1306 0.5643
vn 0.8158 0.1307 0.5633
vn 0.8143 0.1302 0.5657
vn -0.4618 -0.2851 0.8399
vn -0.4577 -0.2856 0.8420
vn -0.4617 -0.2852 0.8399
vn 0.3239 -0.1133 0.9393
vn 0.3239 -0.1134 0.9393
vn 0.8819 0.1778 0.4366
vn 0.8819 0.1779 0.4366
vn 0.9354 0.2114 0.2836
vn 0.9353 0.2114 0.2837
vn -0.9552 -0.2863 0.0750
vn -0.9551 -0.2865 0.0758
vn -0.9550 -0.2865 0.0764
vn -0.9591 -0.2825 0.0179
vn -0.9591 -0.2824 0.0178
vn -0.9612 -0.2757 -0.0113
vn -0.9613 -0.2753 -0.0119
vn -0.9612 -0.2757 -0.0117
vn 0.9526 0.2382 0.1890
vn 0.9608 0.2773 0.0005
vn 0.8984 0.3204 -0.3004
vn 0.9594 0.2808 0.0275
vn 0.0795 0.8521 -0.5173
vn 0.9698 -0.2136 -0.1177
vn -0.9608 -0.2758 -0.0292
vn -0.9648 -0.2530 -0.0718
vn 0.9543 0.2805 0.1028
vn 0.9566 0.2483 0.1525
vn 0.8464 0.3228 -0.4236
vn 0.9581 0.2508 0.1381
vn 0.8923 0.4089 -0.1914
vn -0.8536 -0.4219 0.3054
vn 0.8791 -0.4703 0.0781
vn 0.9602 0.2506 0.1234
vn 0.5722 -0.7993 0.1838
vn -0.2832 0.4545 -0.8446
vn -0.8050 -0.3335 0.4907
vn 0.0571 0.0368 0.9977
vn -0.2076 0.8759 -0.4356
vn 0.3167 -0.6843 -0.6568
vn 0.9302 0.3028 0.2073
vn 0.9769 0.1256 0.1727
vn 0.9730 0.0055 -0.2308
vn 0.0433 -0.9328 0.3579
vn -0.0185 -0.9051 0.4248
vn -0.0192 -0.9356 0.3524
vn -0.9551 -0.2945 -0.0341
vn -0.9555 -0.2934 -0.0308
vn -0.9551 -0.2944 -0.0341
vn -0.9546 -0.2955 -0.0374
vn 0.9610 0.2227 0.1642
vn 0.9609 0.2228 0.1647
vn 0.9622 0.2213 0.1587
vn 0.9611 0.2245 0.1608
vn 0.9620 0.2359 0.1373
vn -0.9559 -0.2892 -0.0507
vn -0.9565 -0.2872 -0.0513
vn -0.9692 -0.2341 -0.0760
vn -0.9570 -0.2835 -0.0613
vn -0.9570 -0.2837 -0.0605
vn -0.9576 -0.2498 -0.1434
vn 0.9568 0.2484 0.1509
vn 0.9626 0.2407 0.1245
vn 0.9618 0.2362 0.1385
vn 0.7548 -0.6559 -0.0114
vn -0.8157 0.5588 0.1497
vn -0.9458 -0.2363 -0.2227
vn 0.9079 0.2782 0.3136
vn 0.9501 0.2425 0.1962
vn -0.9662 -0.2333 -0.1097
vn -0.9483 -0.3172 -0.0091
vn -0.9582 -0.2783 -0.0658
vn 0.9604 0.2354 0.1488
vn 0.9560 0.2532 0.1485
vn 0.9601 0.2362 0.1497
vn 0.9607 0.2350 0.1477
vn 0.9607 0.2350 0.1476
vn -0.9584 -0.2785 -0.0629
vn -0.7921 -0.5831 0.1807
vn -0.9428 0.0683 0.3262
vn -0.0523 -0.9430 -0.3285
vn 0.1421 0.8471 0.5122
vn -0.9070 -0.4109 0.0921
vn 0.9704 0.1869 0.1527
vn -0.9667 -0.2557 0.0038
vn -0.9563 -0.2893 -0.0429
vn -0.9554 -0.2945 -0.0237
vn -0.9554 -0.2945 -0.0236
vn 0.9600 0.2187 0.1750
vn 0.9584 0.2235 0.1774
vn 0.9548 0.2014 0.2185
vn 0.9548 0.2012 0.2191
vn 0.9549 0.2018 0.2177
vn -0.0508 -0.9138 -0.4030
vn -0.4655 -0.1478 0.8726
vn -0.3824 0.8076 -0.4489
vn -0.0903 -0.5544 0.8274
vn 0.7835 0.5095 -0.3557
vn 0.0696 -0.9931 -0.0949
vn -0.8087 -0.4446 0.3852
vn -0.8079 -0.4449 0.3865
vn -0.8094 -0.4444 0.3839
vn -0.9117 -0.4108 -0.0055
vn 0.5542 0.4764 -0.6826
vn -0.2807 0.9597 -0.0117
vn 0.8924 0.2942 0.3422
vn 0.9624 0.2459 0.1151
vn 0.5416 0.7048 -0.4581
vn -0.6023 0.5116 0.6128
vn 0.1928 0.7516 -0.6308
vn -0.0654 -0.7374 0.6723
vn 0.9336 0.2783 0.2255
vn -0.9083 -0.4138 -0.0619
vn -0.9543 -0.2912 -0.0674
vn 0.9233 0.3722 0.0949
vn 0.9622 0.2482 0.1118
vn 0.8805 0.1635 -0.4449
vn 0.9677 0.1939 0.1614
vn 0.9626 0.2698 -0.0261
vn 0.9913 0.0309 0.1276
vn -0.9666 -0.2398 0.0902
vn -0.8027 0.5830 0.1255
vn -0.9427 -0.3304 0.0468
vn -0.8247 -0.0195 0.5652
vn -0.7480 -0.5718 0.3369
vn -0.3382 -0.1281 -0.9323
vn 0.7322 -0.6320 0.2539
vn 0.6478 0.1434 0.7482
vn 0.9797 0.0972 0.1755
vn 0.8666 -0.1812 0.4649
vn 0.8469 -0.1457 0.5114
vn 0.8038 -0.2818 0.5240
vn -0.2438 0.5722 0.7831
vn 0.5184 0.6964 -0.4963
vn 0.3750 -0.6734 -0.6371
vn 0.6443 0.7364 0.2064
vn 0.9656 0.2018 0.1640
vn 0.9650 0.2081 0.1599
vn 0.9653 0.2035 0.1634
vn 0.5655 -0.7684 0.2997
vn -0.9492 -0.3116 -0.0441
vn -0.2877 -0.4856 0.8255
vn -0.9510 -0.3051 -0.0509
vn -0.9506 -0.3060 -0.0516
vn -0.9508 -0.3055 -0.0516
vn -0.9512 -0.3039 -0.0538
vn 0.9647 0.2109 0.1575
vn 0.9649 0.2079 0.1604
vn 0.9647 0.2115 0.1572
vn 0.9646 0.2118 0.1572
vn -0.9543 -0.2931 -0.0587
vn -0.9513 -0.3039 -0.0520
vn -0.9512 -0.3031 -0.0572
vn -0.9512 -0.3034 -0.0569
vn -0.9514 -0.3020 -0.0600
vn -0.9533 -0.2972 -0.0540
vn -0.9546 -0.2929 -0.0541
vn -0.9531 -0.2972 -0.0578
vn 0.9645 0.2098 0.1606
vn 0.9645 0.2109 0.1588
vn 0.9645 0.2089 0.1614
vn 0.9645 0.2080 0.1628
vn 0.9646 0.2074 0.1631
vn -0.9527 -0.2997 -0.0499
vn -0.9478 -0.3142 -0.0547
vn -0.9460 -0.3239 -0.0125
vn -0.9566 -0.2842 -0.0639
vn -0.9562 -0.2865 -0.0606
vn 0.9633 0.2035 0.1748
vn 0.9642 0.2003 0.1740
vn 0.9641 0.2003 0.1741
vn 0.9607 0.2089 0.1828
vn 0.7017 0.4483 -0.5537
vn 0.0282 0.4552 0.8900
vn 0.4490 -0.2142 -0.8675
vn 0.0464 -0.7191 -0.6934
vn 0.2846 -0.6227 -0.7289
vn 0.7676 -0.6409 -0.0105
vn 0.1107 -0.6774 0.7272
vn 0.7693 0.4302 0.4723
vn -0.2788 0.5001 0.8199
vn 0.4644 -0.0008 -0.8856
vn 0.3985 0.6706 -0.6257
vn 0.3973 -0.4152 0.8184
vn 0.4584 -0.4083 0.7894
vn 0.1482 -0.8962 0.4181
vn 0.0846 -0.1490 -0.9852
vn -0.7330 0.0575 -0.6778
vn -0.8450 -0.0900 -0.5271
vn -0.9524 -0.3020 -0.0417
vn -0.9530 -0.2998 -0.0439
vn -0.9530 -0.2998 -0.0438
vn -0.9536 -0.2976 -0.0462
vn 0.9638 0.2386 0.1189
vn 0.9640 0.2174 0.1532
vn 0.9631 0.2244 0.1485
vn 0.9631 0.2191 0.1566
vn 0.9625 0.2382 0.1301
vn 0.9630 0.2341 0.1334
vn 0.9631 0.2334 0.1339
vn -0.9557 -0.2863 -0.0682
vn -0.9559 -0.2850 -0.0702
vn -0.9585 -0.2739 -0.0795
vn -0.9578 -0.2761 -0.0801
vn -0.9578 -0.2762 -0.0801
vn -0.9570 -0.2785 -0.0808
vn 0.9633 0.2316 0.1360
vn 0.9647 0.2270 0.1337
vn 0.9605 0.2393 0.1417
vn 0.9603 0.2429 0.1373
vn 0.9603 0.2428 0.1373
vn 0.9611 0.2195 0.1676
vn 0.9610 0.2256 0.1601
vn 0.9607 0.2341 0.1495
vn -0.9594 -0.2677 -0.0885
vn -0.9593 -0.2689 -0.0868
vn -0.9095 -0.4029 0.1023
vn -0.9590 -0.2691 -0.0888
vn -0.8148 -0.5569 0.1612
vn 0.9608 0.2483 0.1231
vn 0.8335 0.5414 -0.1107
vn 0.1666 -0.8030 0.5722
vn 0.4637 -0.6662 0.5841
vn 0.6990 -0.4878 0.5229
vn 0.8164 -0.2660 0.5125
vn 0.8469 -0.2473 0.4708
vn 0.1936 0.7737 0.6033
vn -0.2572 0.2161 0.9419
vn -0.4836 -0.7832 0.3909
vn -0.8985 -0.4046 0.1700
vn -0.8869 -0.4545 0.0823
vn -0.8843 -0.4536 0.1104
vn 0.9843 -0.0295 0.1741
vn 0.9841 -0.0397 0.1730
vn 0.9772 0.0026 0.2121
vn 0.9699 0.0741 0.2318
vn 0.9699 0.0740 0.2318
vn 0.9715 0.1395 0.1919
vn 0.9714 0.1395 0.1919
vn 0.9714 0.1395 0.1920
vn -0.9267 -0.3755 -0.0169
vn -0.9267 -0.3755 -0.0170
vn -0.9338 -0.3563 -0.0330
vn -0.9338 -0.3563 -0.0331
vn -0.9472 -0.3157 -0.0555
vn -0.9462 -0.3182 -0.0586
vn 0.9687 0.1859 0.1645
vn 0.9675 0.2091 0.1420
vn 0.9672 0.2084 0.1452
vn 0.9673 0.2080 0.1454
vn 0.9677 0.2095 0.1405
vn -0.9528 -0.2946 -0.0732
vn -0.9517 -0.2985 -0.0718
vn -0.9531 -0.2932 -0.0750
vn -0.9538 -0.2906 -0.0767
vn -0.9537 -0.2904 -0.0788
vn 0.9649 0.2293 0.1279
vn 0.9649 0.2284 0.1293
vn 0.9647 0.2299 0.1281
vn 0.9646 0.2305 0.1278
vn 0.9643 0.2335 0.1249
vn -0.9561 -0.2797 -0.0874
vn -0.9559 -0.2810 -0.0859
vn -0.9648 -0.0991 -0.2435
vn -0.9566 -0.2772 -0.0895
vn -0.9576 -0.2729 -0.0919
vn 0.9636 0.2379 0.1218
vn 0.9637 0.2383 0.1205
vn 0.9368 0.3486 -0.0307
vn -0.6350 0.7407 -0.2191
vn -0.9266 -0.3723 0.0533
vn -0.8043 -0.5861 0.0985
vn -0.9615 -0.2304 -0.1498
vn -0.1334 -0.8513 0.5074
vn -0.9055 -0.4234 0.0270
vn -0.9055 -0.4234 0.0269
vn -0.9055 -0.4235 0.0268
vn 0.9707 0.1715 0.1684
vn -0.9452 -0.3206 -0.0616
vn 0.9680 0.2116 0.1352
vn -0.9550 -0.2839 -0.0854
vn 0.9630 0.2400 0.1223
vn -0.9513 -0.3020 -0.0617
vn -0.9513 -0.3019 -0.0617
vn -0.9514 -0.3019 -0.0616
vn -0.7193 -0.6211 0.3110
vn -0.4862 0.7212 0.4935
vn 0.2388 -0.0425 -0.9701
vn -0.4508 -0.3986 0.7986
vn -0.2356 0.3921 0.8893
vn 0.9647 0.2111 0.1574
vn 0.9647 0.2111 0.1573
vn -0.9524 -0.2998 -0.0559
vn 0.9650 0.1970 0.1733
vn -0.9340 -0.3570 -0.0170
vn -0.9396 -0.3422 -0.0098
vn -0.9315 -0.3629 -0.0241
vn -0.3268 -0.3284 0.8862
vn 0.9619 0.2059 0.1797
vn 0.9619 0.2088 0.1763
vn 0.9619 0.2075 0.1777
vn -0.9562 -0.2838 -0.0720
vn -0.9584 -0.2734 -0.0819
vn 0.9611 0.2489 0.1195
vn 0.9593 0.1969 0.2023
vn 0.9590 0.1931 0.2076
vn 0.9590 0.1935 0.2071
vn -0.9553 -0.2913 -0.0503
vn 0.9611 0.2266 0.1579
vn -0.9582 -0.2784 -0.0653
vn 0.8436 -0.1829 -0.5049
vn -0.9541 -0.2994 -0.0012
vn -0.9542 -0.2993 -0.0012
vn 0.8577 0.0373 0.5128
vn 0.8577 0.0374 0.5127
vn -0.9600 -0.2796 -0.0174
vn 0.9517 0.2399 0.1917
vn -0.9582 -0.2855 0.0183
vn -0.9582 -0.2855 0.0182
vn 0.9393 0.2094 0.2720
vn -0.8566 -0.3213 0.4037
vn -0.8567 -0.3213 0.4036
vn -0.9174 -0.3141 0.2444
vn -0.9172 -0.3142 0.2449
vn -0.9173 -0.3142 0.2445
vn 0.9464 0.2301 0.2267
vn -0.9440 -0.3027 0.1314
vn 0.9280 0.3355 0.1622
vn -0.9633 -0.2607 -0.0635
vn -0.9422 -0.2702 0.1981
vn -0.9729 -0.1807 0.1440
vn -0.2657 0.9460 0.1859
vn -0.3119 0.8706 0.3806
vn 0.0431 -0.0083 0.9990
vn 0.0433 -0.0083 0.9990
vn 0.0433 -0.0084 0.9990
vn -0.0900 -0.0210 0.9957
vn 0.3714 -0.0762 0.9254
vn 0.3001 0.1101 0.9475
vn 0.3370 0.0069 0.9415
vn -0.9668 -0.2518 0.0436
vn -0.9668 -0.2517 0.0437
vn -0.9668 -0.2517 0.0436
vn 0.8971 0.3204 0.3041
vn -0.9653 -0.2555 -0.0543
vn 0.9532 0.2583 0.1570
vn -0.9667 -0.2486 -0.0606
vn 0.9441 0.2746 0.1826
vn -0.4975 -0.2048 0.8429
vn -0.6866 -0.1403 0.7133
vn -0.1991 0.7717 0.6040
vn -0.8771 -0.1173 0.4658
vn -0.8771 -0.1172 0.4658
vn -0.9519 -0.1834 0.2455
vn -0.9519 -0.1836 0.2452
vn -0.9519 -0.1834 0.2456
vn 0.9128 0.2881 0.2895
vn 0.9128 0.2881 0.2896
vn 0.7267 -0.6855 0.0450
vn 0.3981 -0.7639 0.5080
vn 0.4509 -0.7708 0.4500
vn 0.1562 -0.1875 0.9698
vn -0.7534 0.0290 0.6569
vn -0.7565 0.0272 0.6534
vn -0.7531 0.0290 0.6572
vn -0.9492 -0.1139 0.2932
vn -0.9493 -0.1138 0.2932
vn 0.9228 0.2954 0.2473
vn 0.9194 0.2976 0.2574
vn 0.9204 0.2969 0.2544
vn -0.9718 -0.2340 -0.0299
vn 0.9484 0.2722 0.1625
vn -0.9671 -0.2451 -0.0678
vn 0.9533 0.2675 0.1404
vn 0.6512 0.4754 0.5915
vn 0.8995 -0.0086 0.4369
vn -0.5442 -0.3497 0.7626
vn -0.1685 0.9813 -0.0931
vn 0.9412 0.2882 0.1765
vn -0.9726 -0.2286 -0.0425
vn 0.9353 0.2989 0.1895
vn 0.9353 0.2988 0.1895
vn 0.8665 0.3814 0.3220
vn 0.8665 0.3816 0.3219
vn 0.8665 0.3815 0.3219
vn 0.9839 0.1333 0.1188
vn -0.9815 -0.1908 -0.0133
vn -0.9815 -0.1909 -0.0133
vn -0.3069 0.7477 0.5888
vn 0.0181 0.8413 0.5403
vn 0.3441 0.7746 0.5306
vn -0.9860 -0.0583 0.1563
vn -0.9861 -0.0589 0.1557
vn -0.9859 -0.0579 0.1569
vn 0.1355 -0.2986 -0.9447
vn 0.1582 -0.8790 -0.4498
vn 0.1322 -0.9065 -0.4009
vn -0.9327 -0.3043 -0.1935
vn -0.5748 -0.7838 0.2352
vn -0.8587 -0.4111 -0.3059
vn 0.0876 0.7866 -0.6112
vn 0.8008 0.4971 0.3340
vn 0.9198 -0.0911 0.3816
vn 0.7912 0.4668 0.3952
vn 0.9474 0.2875 0.1405
vn 0.9488 0.2878 0.1304
vn -0.9727 -0.2204 -0.0731
vn -0.9727 -0.2205 -0.0730
vn -0.9793 -0.1955 -0.0529
vn 0.9194 0.3484 0.1826
vn 0.9194 0.3485 0.1826
vn -0.9942 -0.1068 0.0110
vn -0.9942 -0.1069 0.0111
vn 0.7838 0.5263 0.3296
vn 0.2404 0.1697 0.9557
vn 0.3502 0.1151 0.9296
vn 0.2042 0.1543 0.9667
vn 0.1150 0.0594 0.9916
vn 0.2381 0.1929 0.9519
vn 0.2322 0.1953 0.9529
vn 0.1755 -0.7257 0.6653
vn 0.0733 -0.5664 0.8209
vn 0.0733 -0.5665 0.8208
vn 0.0732 -0.5673 0.8203
vn 0.1176 -0.4687 0.8755
vn 0.1163 -0.4696 0.8752
vn 0.2902 -0.1497 0.9452
vn 0.2638 -0.0874 0.9606
vn 0.3276 -0.0612 0.9428
vn 0.3215 -0.0653 0.9447
vn 0.3262 -0.0624 0.9432
vn 0.3068 0.0523 0.9503
vn 0.3116 0.0627 0.9481
vn 0.3163 0.0650 0.9464
vn 0.2648 0.0033 0.9643
vn 0.4052 0.1877 0.8947
vn 0.4090 0.1885 0.8928
vn 0.0164 -0.3616 0.9322
vn 0.0169 -0.3618 0.9321
vn 0.0160 -0.3614 0.9323
vn 0.0466 -0.1977 0.9791
vn 0.0467 -0.1978 0.9791
vn 0.0469 -0.1980 0.9791
vn 0.1100 -0.1789 0.9777
vn 0.1096 -0.1791 0.9777
vn 0.1097 -0.1791 0.9777
vn -0.0525 -0.1387 0.9889
vn -0.0528 -0.1396 0.9888
vn -0.0528 -0.1411 0.9886
vn 0.1277 -0.0008 0.9918
vn 0.0580 0.0967 0.9936
vn 0.0916 0.0635 0.9938
vn 0.2057 0.0283 0.9782
vn 0.2092 0.0496 0.9766
vn 0.2047 0.0730 0.9761
vn -0.0762 0.5685 0.8191
vn -0.1023 0.0995 0.9898
vn -0.1015 0.0981 0.9900
vn -0.1007 0.0974 0.9901
vn -0.0650 0.1544 0.9859
vn -0.0651 0.1542 0.9859
vn -0.0651 0.1540 0.9859
vn -0.1521 0.3251 0.9334
vn -0.1515 0.3253 0.9334
vn -0.1519 0.3252 0.9334
vn -0.1147 0.4264 0.8972
vn -0.1150 0.4263 0.8972
vn -0.1152 0.4262 0.8972
vn 0.0482 0.4736 0.8794
vn 0.0493 0.4735 0.8794
vn 0.0499 0.4734 0.8794
vn -0.0773 0.2980 0.9514
vn -0.0781 0.2981 0.9513
vn 0.1506 0.3116 0.9382
vn 0.1502 0.3121 0.9381
vn 0.1512 0.3111 0.9383
vn 0.1226 0.2239 0.9669
vn 0.1233 0.2234 0.9669
vn 0.1218 0.2245 0.9668
vn 0.2625 0.2105 0.9417
vn 0.2585 0.2279 0.9387
vn 0.2612 0.2238 0.9390
vn 0.3147 0.0385 0.9484
vn 0.3064 0.0494 0.9506
vn 0.2981 0.0513 0.9532
vn 0.3000 0.0805 0.9505
vn 0.3001 0.0805 0.9505
vn 0.3403 0.0916 0.9358
vn -0.2318 0.5251 0.8189
vn -0.2319 0.5261 0.8182
vn -0.2318 0.5257 0.8185
vn 0.2360 0.1833 0.9543
vn 0.2348 0.1836 0.9545
vn 0.2391 0.1824 0.9537
vn 0.3045 0.1998 0.9313
vn 0.2913 0.0949 0.9519
vn 0.2914 0.0949 0.9519
vn 0.3410 0.1083 0.9338
vn -0.1814 0.7217 0.6680
vn -0.1820 0.7219 0.6676
vn -0.1818 0.7219 0.6677
vn 0.3644 0.6754 0.6411
vn 0.2684 0.6076 0.7475
vn 0.2387 0.6717 0.7013
vn 0.2683 0.0968 0.9584
vn 0.3697 -0.0642 0.9270
vn 0.3372 0.0564 0.9397
vn 0.3403 0.0911 0.9359
vn 0.3404 0.0911 0.9359
vn 0.3406 0.0925 0.9356
vn 0.3405 0.0908 0.9359
vn 0.3404 0.0908 0.9359
vn 0.3400 0.0912 0.9360
vn 0.3521 0.0737 0.9331
vn 0.3054 0.0813 0.9488
vn 0.3097 0.0623 0.9488
vn 0.4408 -0.2040 0.8741
vn 0.4688 -0.1951 0.8615
vn 0.4588 -0.2012 0.8655
vn 0.2446 -0.3087 0.9192
vn 0.2419 -0.3118 0.9188
vn 0.2429 -0.3109 0.9189
vn 0.3153 0.0841 0.9453
vn 0.3267 0.0585 0.9433
vn 0.3202 0.0583 0.9456
vn 0.3367 0.0519 0.9402
vn 0.2958 0.0824 0.9517
vn 0.2968 0.0824 0.9514
vn 0.2989 0.0825 0.9507
vn 0.3130 0.0841 0.9460
vn 0.3129 0.0840 0.9461
vn 0.3090 0.1177 0.9437
vn 0.2643 0.1052 0.9587
vn 0.2618 0.1051 0.9594
vn 0.2659 0.1052 0.9582
vn 0.2664 0.1412 0.9535
vn 0.2666 0.1412 0.9534
vn 0.2593 0.1390 0.9557
vn 0.2019 0.1019 0.9741
vn 0.0140 0.1577 0.9874
vn 0.2727 -0.0251 0.9618
vn 0.2664 -0.0282 0.9635
vn 0.2708 -0.0264 0.9623
vn 0.3538 -0.0052 0.9353
vn 0.2605 0.4424 0.8582
vn 0.2701 0.4525 0.8499
vn 0.2504 0.4405 0.8621
vn 0.2063 -0.3272 0.9222
vn 0.2101 -0.3267 0.9215
vn 0.2067 -0.3272 0.9221
vn 0.1835 -0.4543 0.8717
vn -0.8249 0.4288 0.3684
vn 0.9802 0.1157 -0.1604
vn 0.5236 -0.5751 0.6286
vn 0.9330 0.0982 0.3461
vn 0.9645 -0.2299 0.1296
vn -0.9565 0.2790 -0.0852
vn -0.9525 -0.0321 -0.3030
vn -0.9581 0.2728 -0.0873
vn -0.9536 0.2897 -0.0819
vn -0.9609 0.0096 -0.2766
vn -0.9541 0.2887 -0.0800
vn -0.9707 0.2312 -0.0656
vn 0.9645 -0.2291 0.1310
vn 0.9751 -0.1980 0.1003
vn 0.8579 -0.1259 0.4981
vn 0.9486 -0.2492 0.1954
vn 0.9699 -0.1764 0.1679
vn -0.9397 0.3394 -0.0413
vn -0.9344 0.3552 -0.0282
vn -0.9247 0.3804 -0.0128
vn -0.9247 0.3805 -0.0128
vn 0.9714 -0.1349 0.1953
vn 0.9696 -0.1049 0.2210
vn 0.9648 -0.0404 0.2599
vn 0.9648 -0.0404 0.2598
vn -0.8904 0.4527 0.0481
vn -0.8904 0.4526 0.0481
vn -0.8465 0.5201 0.1138
vn -0.7703 0.6109 0.1830
vn 0.9215 0.1407 0.3619
vn 0.9215 0.1408 0.3619
vn 0.7977 0.3670 0.4786
vn 0.7977 0.3669 0.4787
vn 0.7976 0.3669 0.4787
vn 0.5872 0.5839 0.5606
vn 0.5872 0.5839 0.5605
vn -0.3445 0.8268 0.4447
vn -0.3444 0.8268 0.4447
vn 0.0037 0.8343 0.5514
vn 0.1398 0.8119 0.5668
vn 0.2686 0.7700 0.5788
vn 0.2686 0.7699 0.5788
vn 0.2687 0.7699 0.5788
vn 0.8915 -0.0128 0.4528
vn 0.7690 -0.4243 0.4782
vn 0.6271 -0.6326 0.4545
vn 0.9380 0.0194 0.3460
vn 0.9646 -0.2139 0.1541
vn 0.9651 -0.2172 0.1465
vn 0.9644 -0.2232 0.1418
vn -0.9559 0.2875 -0.0596
vn -0.9633 0.0420 -0.2651
vn -0.8755 -0.3245 0.3581
vn -0.9529 0.3001 -0.0441
vn -0.9486 0.3144 -0.0361
vn -0.9486 0.3144 -0.0360
vn 0.9632 -0.1997 0.1797
vn 0.9633 -0.2010 0.1781
vn 0.9633 -0.2021 0.1768
vn 0.9638 -0.1740 0.2019
vn 0.9641 -0.1779 0.1974
vn 0.9639 -0.1755 0.2002
vn 0.9572 -0.1704 0.2338
vn 0.9573 -0.1710 0.2331
vn 0.9573 -0.1707 0.2335
vn -0.9369 0.3491 0.0166
vn -0.9370 0.3491 0.0165
vn -0.9200 0.3854 0.0715
vn -0.8448 0.4827 0.2308
vn -0.8448 0.4827 0.2307
vn 0.8965 0.0269 0.4423
vn 0.8931 0.0332 0.4486
vn 0.8907 0.0376 0.4530
vn -0.9569 -0.1853 0.2238
vn -0.9920 0.1116 -0.0586
vn -0.9707 0.2333 -0.0572
vn 0.9526 -0.1216 0.2787
vn 0.9526 -0.1217 0.2787
vn -0.9048 0.4162 0.0903
vn -0.9050 0.4159 0.0900
vn -0.9071 0.4123 0.0849
vn -0.9307 0.3634 0.0427
vn -0.9306 0.3636 0.0430
vn -0.9306 0.3635 0.0427
vn -0.9331 0.3591 0.0191
vn -0.9334 0.3584 0.0181
vn -0.9333 0.3587 0.0185
vn 0.9624 -0.1658 0.2150
vn 0.9620 -0.1648 0.2175
vn 0.9628 -0.1669 0.2126
vn 0.9637 -0.1715 0.2047
vn -0.9415 0.3369 -0.0054
vn -0.9442 0.3293 -0.0035
vn -0.9420 0.3355 -0.0026
vn -0.9433 0.3316 -0.0159
vn -0.9329 0.3594 -0.0242
vn -0.9476 0.2870 -0.1401
vn 0.9459 -0.2995 0.1252
vn 0.8498 -0.5170 -0.1026
vn -0.4746 -0.1452 -0.8681
vn 0.9545 -0.2982 -0.0007
vn 0.8629 0.4759 -0.1700
vn 0.8431 0.1627 -0.5125
vn 0.3851 -0.5220 -0.7611
vn -0.4121 0.5896 0.6947
vn 0.8384 -0.5155 -0.1767
vn 0.0592 0.4049 0.9124
vn 0.0762 0.4014 0.9127
vn 0.0653 0.4037 0.9126
vn 0.7063 0.5017 0.4994
vn -0.2561 0.8872 0.3839
vn 0.2383 0.9595 0.1501
vn -0.0371 -0.2080 0.9774
vn 0.9062 0.4074 -0.1129
vn 0.2061 -0.8677 0.4524
vn -0.5012 -0.2822 -0.8180
vn -0.2038 0.4102 -0.8889
vn 0.1032 -0.8886 0.4469
vn -0.9529 0.3032 -0.0107
vn -0.9530 0.3029 -0.0113
vn -0.9529 0.3030 -0.0110
vn 0.9560 -0.2103 0.2047
vn 0.1127 -0.8940 0.4336
vn 0.9586 -0.2528 0.1314
vn 0.9575 -0.2178 0.1893
vn 0.9574 -0.2179 0.1893
vn -0.4900 -0.4519 0.7454
vn -0.6796 0.7335 -0.0118
vn 0.1618 -0.7867 0.5958
vn 0.1980 -0.9674 0.1579
vn -0.0056 0.8521 -0.5233
vn 0.9359 0.3234 0.1396
vn -0.9321 0.3621 0.0047
vn 0.9375 -0.2831 0.2023
vn -0.8832 -0.1004 0.4581
vn 0.2121 0.7752 -0.5951
vn -0.9616 0.2652 -0.0701
vn 0.9610 -0.2213 0.1657
vn 0.7403 0.5527 -0.3828
vn 0.7539 0.3744 -0.5399
vn -0.4505 -0.8403 0.3015
vn -0.2869 0.7745 -0.5637
vn -0.7837 -0.5973 -0.1708
vn -0.6459 -0.1077 0.7558
vn 0.1589 -0.9857 0.0568
vn 0.9579 -0.1806 0.2233
vn 0.9579 -0.1805 0.2233
vn 0.9519 -0.1514 0.2664
vn 0.9519 -0.1514 0.2665
vn -0.9328 0.3568 0.0506
vn -0.9331 0.3561 0.0494
vn -0.9323 0.3578 0.0522
vn -0.3283 0.9255 0.1887
vn -0.9128 0.3870 0.1307
vn -0.9121 0.3883 0.1314
vn -0.0643 0.5568 0.8282
vn -0.0706 0.5378 0.8401
vn -0.0673 0.5476 0.8340
vn 0.9579 -0.1860 0.2187
vn 0.9577 -0.1902 0.2161
vn 0.9577 -0.1960 0.2106
vn 0.9197 -0.2413 0.3096
vn -0.8836 0.4416 0.1558
vn -0.9211 0.3697 -0.1220
vn -0.9882 -0.0261 0.1506
vn 0.9584 -0.2521 0.1339
vn 0.7482 -0.6629 -0.0258
vn 0.8975 -0.1944 0.3958
vn 0.8860 -0.1043 0.4519
vn -0.3494 0.0308 0.9365
vn -0.1662 0.6447 0.7461
vn 0.0276 0.2325 0.9722
vn 0.3124 -0.0481 0.9487
vn -0.0877 0.9507 0.2976
vn -0.5044 -0.5630 0.6547
vn 0.7997 -0.1847 0.5714
vn 0.9278 -0.1960 0.3175
vn 0.9094 0.0315 0.4148
vn -0.7625 0.6428 -0.0729
vn -0.8332 -0.5064 -0.2222
vn -0.9345 0.3084 0.1779
vn -0.9526 0.2951 0.0739
vn -0.9526 0.2952 0.0739
vn -0.4430 -0.7934 -0.4173
vn 0.1575 0.6569 -0.7373
vn 0.4410 0.7839 -0.4370
vn -0.1589 -0.9841 0.0793
vn 0.1556 0.3173 0.9355
vn 0.4242 0.8402 0.3378
vn -0.4611 -0.5425 0.7021
vn 0.2193 0.6926 -0.6871
vn -0.9591 0.2831 -0.0000
vn -0.9592 0.2828 0.0012
vn -0.9591 0.2830 -0.0000
vn -0.9590 0.2832 -0.0011
vn 0.9510 -0.2295 0.2071
vn 0.9505 -0.2284 0.2106
vn 0.9507 -0.2290 0.2091
vn 0.9511 -0.2299 0.2062
vn 0.9519 -0.2294 0.2029
vn -0.9591 0.2829 -0.0076
vn -0.0000 -0.0000 -1.0000
vn -0.9591 0.2828 -0.0076
vn -0.9590 0.2832 -0.0077
vn -0.9590 0.2831 -0.0078
vn -0.9586 0.2847 -0.0061
vn -0.9586 0.2847 -0.0060
vn -0.9586 0.2848 -0.0061
vn 0.9520 -0.2294 0.2029
vn 0.9519 -0.2294 0.2030
vn 0.9371 -0.2671 0.2247
vn -0.2058 -0.8796 0.4289
vn 0.5324 0.8005 0.2754
vn 0.4892 0.1156 0.8645
vn 0.6985 0.6698 0.2520
vn -0.1948 0.7173 -0.6690
vn -0.6465 -0.7603 -0.0637
vn 0.7187 -0.3277 0.6132
vn 0.7630 0.4057 0.5032
vn 0.9252 -0.1750 0.3368
vn -0.0566 0.8428 -0.5352
vn -0.9169 0.3989 -0.0134
vn 0.7460 -0.2637 -0.6115
vn 0.6858 -0.7196 0.1083
vn 0.4644 0.0675 -0.8831
vn 0.7794 -0.6112 0.1379
vn -0.7255 0.5893 0.3555
vn -0.9827 -0.0967 0.1578
vn 0.2227 0.9031 0.3671
vn 0.0319 -0.9941 -0.1037
vn -0.9669 0.2547 0.0182
vn -0.9668 0.2547 0.0183
vn -0.9673 0.2512 0.0346
vn -0.9673 0.2511 0.0347
vn -0.9673 0.2511 0.0348
vn 0.9370 -0.2584 0.2350
vn 0.9361 -0.2569 0.2403
vn 0.9370 -0.2585 0.2350
vn -0.5973 0.7884 -0.1474
vn 0.9583 -0.1685 0.2308
vn 0.2437 -0.3555 -0.9023
vn -0.2471 0.0591 0.9672
vn -0.2454 0.0688 0.9670
vn -0.2514 0.0448 0.9669
vn -0.0952 0.0217 0.9952
vn -0.0908 0.0217 0.9956
vn -0.0904 0.0262 0.9956
vn 0.1029 -0.0170 0.9945
vn 0.1072 -0.0298 0.9938
vn 0.1032 -0.0373 0.9940
vn -0.2347 0.1063 0.9662
vn -0.2345 0.1070 0.9662
vn -0.2398 0.0906 0.9666
vn -0.6474 0.5846 0.4890
vn -0.9516 0.2960 -0.0830
vn -0.9992 0.0399 0.0100
vn 0.4244 -0.8799 -0.2136
vn 0.6934 0.3910 -0.6052
vn 0.8432 -0.2347 0.4836
vn 0.1091 -0.1541 -0.9820
vn -0.1308 -0.1271 -0.9832
vn -0.6734 -0.7173 -0.1790
vn 0.3992 -0.7863 0.4716
vn 0.1918 0.1609 0.9681
vn 0.3988 0.1647 0.9021
vn -0.0346 0.8191 -0.5726
vn -0.6529 0.7154 -0.2490
vn 0.7216 0.6899 0.0581
vn 0.3769 0.6488 0.6611
vn -0.4770 0.5471 0.6879
vn 0.9648 -0.1640 0.2055
vn 0.9534 -0.2510 0.1673
vn -0.9634 0.2636 -0.0494
vn -0.9828 0.1802 -0.0412
vn -0.9631 0.2642 -0.0507
vn -0.9630 0.2611 -0.0663
vn -0.9638 0.2562 -0.0737
vn -0.9628 0.2620 -0.0655
vn 0.9550 -0.2525 0.1555
vn 0.9559 -0.2522 0.1502
vn 0.9555 -0.2529 0.1519
vn 0.9564 -0.2536 0.1447
vn 0.9576 -0.2516 0.1401
vn 0.1933 -0.9660 -0.1715
vn -0.0185 0.9010 0.4334
vn -0.9628 0.2618 -0.0667
vn -0.9406 0.2746 -0.1997
vn 0.9379 -0.3188 0.1366
vn 0.9585 -0.2537 0.1298
vn 0.7342 -0.2795 0.6188
vn -0.7599 0.3165 -0.5677
vn -0.9620 0.2607 -0.0808
vn -0.9617 0.2592 -0.0888
vn -0.0263 0.7724 -0.6346
vn 0.9547 -0.2632 0.1392
vn 0.5007 0.1985 -0.8425
vn 0.5331 -0.4386 0.7235
vn -0.7424 0.0456 0.6684
vn 0.7862 0.1107 -0.6080
vn -0.5768 0.4474 -0.6835
vn 0.1606 0.8669 -0.4719
vn -0.2649 -0.4602 0.8474
vn 0.9472 -0.2764 0.1625
vn 0.9456 -0.2780 0.1689
vn 0.9469 -0.2768 0.1638
vn 0.9347 -0.2862 0.2108
vn 0.9347 -0.2862 0.2106
vn 0.9348 -0.2861 0.2105
vn -0.9748 0.2230 -0.0076
vn -0.9748 0.2229 -0.0077
vn -0.9739 0.2243 0.0342
vn -0.9769 0.1911 0.0956
vn 0.9107 -0.2988 0.2852
vn 0.9106 -0.2989 0.2854
vn 0.9106 -0.2989 0.2855
vn 0.7917 -0.3546 0.4975
vn 0.8070 -0.3511 0.4749
vn 0.7977 -0.3532 0.4888
vn -0.3351 -0.2353 0.9123
vn -0.3348 -0.2354 0.9124
vn -0.0715 -0.2504 0.9655
vn -0.0715 -0.2503 0.9655
vn -0.0714 -0.2504 0.9655
vn -0.3014 0.8766 0.3753
vn -0.1140 -0.8738 0.4728
vn -0.7187 -0.6932 -0.0543
vn -0.9750 0.2212 0.0209
vn -0.9752 0.2198 0.0264
vn -0.9745 0.2233 0.0206
vn 0.9312 -0.2862 0.2258
vn 0.9299 -0.2870 0.2301
vn 0.9311 -0.2862 0.2259
vn 0.9324 -0.2854 0.2217
vn 0.9361 -0.2819 0.2102
vn 0.9385 -0.2793 0.2032
vn 0.9380 -0.2800 0.2045
vn -0.9734 0.2289 -0.0013
vn -0.9734 0.2290 -0.0016
vn -0.9734 0.2290 -0.0015
vn -0.9717 0.2358 -0.0141
vn -0.9724 0.2332 -0.0022
vn -0.9721 0.2344 -0.0051
vn -0.9715 0.2365 -0.0189
vn 0.9393 -0.2783 0.2006
vn 0.9395 -0.2782 0.1997
vn 0.9419 -0.2760 0.1913
vn 0.9419 -0.2761 0.1913
vn 0.9419 -0.2762 0.1913
vn 0.9419 -0.2758 0.1918
vn -0.9713 0.2369 -0.0202
vn -0.9713 0.2369 -0.0203
vn -0.9712 0.2376 -0.0202
vn -0.9710 0.2381 -0.0205
vn -0.9712 0.2374 -0.0210
vn -0.9709 0.2386 -0.0210
vn -0.9721 0.2329 -0.0285
vn 0.9421 -0.2748 0.1921
vn 0.9423 -0.2751 0.1908
vn 0.9411 -0.2753 0.1964
vn 0.9413 -0.2749 0.1960
vn 0.9400 -0.2757 0.2008
vn -0.9694 0.2440 -0.0284
vn -0.9695 0.2437 -0.0276
vn -0.9708 0.2397 -0.0117
vn -0.9701 0.2424 -0.0110
vn -0.9717 0.2361 -0.0021
vn -0.9718 0.2358 -0.0000
vn 0.9385 -0.2753 0.2081
vn 0.9385 -0.2753 0.2082
vn 0.9385 -0.2754 0.2082
vn 0.9290 -0.2819 0.2397
vn 0.9307 -0.2791 0.2365
vn 0.9324 -0.2762 0.2331
vn -0.9728 0.2274 0.0445
vn -0.9728 0.2273 0.0449
vn -0.9728 0.2274 0.0443
vn -0.9732 0.2212 0.0632
vn -0.9730 0.2196 0.0709
vn -0.9730 0.2198 0.0705
vn -0.9662 0.1949 0.1687
vn -0.9662 0.1949 0.1685
vn -0.9662 0.1949 0.1686
vn 0.8914 -0.2971 0.3424
vn 0.8913 -0.2972 0.3424
vn 0.7682 -0.2881 0.5718
vn 0.7681 -0.2880 0.5718
vn -0.4801 -0.0686 0.8745
vn 0.2507 -0.2352 0.9391
vn 0.2499 -0.2351 0.9393
vn 0.2515 -0.2354 0.9388
vn 0.8689 -0.2924 0.3994
vn 0.8689 -0.2924 0.3993
vn 0.9147 -0.2845 0.2870
vn 0.9146 -0.2845 0.2872
vn -0.9702 0.2294 0.0780
vn -0.9702 0.2293 0.0780
vn -0.9702 0.2293 0.0781
vn -0.9714 0.2363 0.0239
vn -0.9714 0.2362 0.0239
vn -0.9699 0.2425 -0.0205
vn -0.1129 -0.9839 -0.1388
vn 0.7035 -0.0099 0.7106
vn 0.9439 -0.2659 0.1959
vn -0.7293 0.1572 -0.6659
vn 0.8981 -0.1580 0.4103
vn -0.6929 0.7150 -0.0935
vn 0.9560 -0.2674 0.1207
vn 0.9762 -0.2069 -0.0654
vn 0.9131 -0.4025 -0.0655
vn -0.8333 0.5484 -0.0700
vn -0.7919 0.4266 -0.4370
vn -0.8961 0.2829 -0.3419
vn 0.8200 -0.3574 0.4470
vn 0.9527 -0.2184 0.2112
vn 0.3537 0.3327 -0.8742
vn 0.1509 -0.9621 0.2272
vn 0.3835 -0.9233 0.0222
vn 0.1236 -0.4082 0.9045
vn -0.9844 0.1187 0.1296
vn -0.9844 0.1187 0.1297
vn 0.8597 -0.3890 0.3310
vn 0.8600 -0.3888 0.3305
vn 0.8610 -0.3881 0.3288
vn 0.9042 -0.3338 0.2664
vn 0.9041 -0.3340 0.2667
vn 0.9042 -0.3338 0.2666
vn 0.9388 -0.2940 0.1797
vn 0.9390 -0.2937 0.1788
vn 0.9389 -0.2939 0.1793
vn -0.9801 0.1985 -0.0025
vn -0.9801 0.1985 -0.0024
vn -0.9749 0.2196 -0.0357
vn -0.9756 0.2165 -0.0352
vn -0.9742 0.2227 -0.0362
vn 0.9437 -0.2880 0.1628
vn 0.9442 -0.2875 0.1606
vn 0.9413 -0.2911 0.1709
vn 0.9421 -0.2899 0.1686
vn 0.9391 -0.2937 0.1782
vn -0.9720 0.2285 -0.0541
vn -0.9713 0.2311 -0.0567
vn -0.9719 0.2288 -0.0549
vn -0.9717 0.2292 -0.0564
vn -0.9694 0.2366 -0.0648
vn -0.9701 0.2352 -0.0607
vn -0.9699 0.2354 -0.0624
vn 0.9482 -0.2809 0.1481
vn 0.9489 -0.2790 0.1479
vn 0.9491 -0.2783 0.1473
vn 0.9527 -0.2731 0.1333
vn 0.9496 -0.2784 0.1440
vn -0.9696 0.2361 -0.0649
vn -0.9693 0.2370 -0.0658
vn -0.9690 0.2379 -0.0667
vn -0.9689 0.2381 -0.0675
vn 0.9500 -0.2763 0.1454
vn 0.9498 -0.2762 0.1472
vn 0.9507 -0.2751 0.1432
vn 0.9507 -0.2750 0.1431
vn 0.9507 -0.2750 0.1430
vn 0.9506 -0.2758 0.1425
vn 0.9460 -0.1397 0.2925
vn 0.9507 -0.2748 0.1436
vn -0.9688 0.2386 -0.0671
vn -0.9688 0.2385 -0.0670
vn -0.7880 0.5700 -0.2330
vn -0.9689 0.2384 -0.0665
vn -0.9691 0.2380 -0.0648
vn 0.9505 -0.2752 0.1442
vn 0.9471 -0.2766 0.1628
vn 0.4221 -0.7796 0.4626
vn 0.5391 0.6314 0.5574
vn -0.3484 0.6685 -0.6570
vn -0.3959 -0.8137 -0.4256
vn -0.1640 -0.9837 0.0741
vn -0.1639 -0.7280 -0.6657
vn -0.9731 0.2276 -0.0362
vn -0.9721 0.2308 -0.0409
vn -0.9731 0.2274 -0.0357
vn -0.9741 0.2240 -0.0305
vn 0.9357 -0.2935 0.1958
vn 0.9368 -0.2928 0.1917
vn 0.9335 -0.2978 0.1996
vn 0.9345 -0.2945 0.2000
vn 0.9262 -0.3010 0.2272
vn 0.9262 -0.3009 0.2272
vn -0.9793 0.1982 0.0408
vn -0.9793 0.1981 0.0407
vn -0.9793 0.1983 0.0408
vn -0.9827 0.1571 0.0981
vn -0.9827 0.1570 0.0981
vn -0.0055 -0.1899 0.9818
vn -0.0660 -0.4614 0.8848
vn -0.0793 -0.0472 0.9957
vn 0.6539 0.2364 0.7187
vn 0.8186 -0.5656 0.0994
vn 0.8109 0.3838 0.4418
vn 0.9007 0.1866 -0.3923
vn 0.8660 0.2493 -0.4334
vn 0.8190 -0.5356 -0.2059
vn 0.9235 0.0491 -0.3806
vn 0.2693 -0.9551 -0.1236
vn 0.2113 0.3518 0.9119
vn -0.1316 -0.5877 0.7983
vn 0.3899 0.9087 0.1493
vn -0.9676 0.2522 0.0158
vn -0.9246 0.3157 -0.2133
vn 0.5251 -0.5008 0.6880
vn 0.0333 -0.8802 -0.4734
vn 0.5983 -0.4021 0.6930
vn 0.9252 -0.2317 0.3006
vn -0.8959 0.3887 0.2150
vn 0.9556 -0.2716 0.1140
vn 0.0307 -0.3463 -0.9376
vn 0.1901 -0.1912 0.9630
vn -0.0941 0.1366 0.9861
vn 0.6424 -0.4738 -0.6024
vn 0.6771 -0.2408 0.6954
vn 0.6451 -0.7444 -0.1724
vn -0.0456 -0.8410 -0.5391
vn 0.5894 -0.6168 -0.5217
vn 0.1760 0.5304 0.8293
vn -0.0953 -0.9952 -0.0227
vn 0.6492 -0.1284 0.7497
vn -0.0081 -0.9991 -0.0412
vn 0.8125 -0.4762 0.3361
vn 0.8125 -0.4763 0.3362
vn 0.6359 -0.2231 0.7388
vn 0.9046 -0.3579 0.2316
vn 0.9072 -0.3099 0.2846
vn -0.3820 0.9211 0.0745
vn -0.9877 0.0963 -0.1233
vn -0.9812 0.1925 -0.0147
vn -0.9880 0.0124 0.1540
vn 0.5390 -0.4115 -0.7350
vn -0.3691 -0.8203 -0.4369
vn -0.0055 0.9330 0.3598
vn 0.7367 0.1403 0.6615
vn 0.9889 -0.1481 -0.0123
vn 0.9323 -0.3164 0.1753
vn 0.9379 -0.3058 0.1637
vn 0.8913 -0.3481 0.2904
vn 0.9385 -0.3044 0.1627
vn -0.9769 0.2085 -0.0460
vn -0.9771 0.2075 -0.0475
vn -0.9646 0.1529 -0.2149
vn -0.9506 0.2795 -0.1354
vn -0.9652 -0.2206 0.1402
vn 0.9954 0.0775 -0.0561
vn 0.9095 -0.3274 0.2562
vn -0.9754 -0.1046 -0.1939
vn -0.9759 0.1932 -0.1019
vn -0.9759 0.2160 -0.0316
vn -0.9765 0.2113 -0.0421
vn -0.9768 0.2107 -0.0394
vn -0.9756 0.2139 -0.0501
vn 0.9396 -0.3019 0.1616
vn 0.9406 -0.2999 0.1591
vn 0.9387 -0.3031 0.1642
vn 0.9385 -0.3033 0.1649
vn 0.9378 -0.3044 0.1667
vn -0.9803 0.1963 -0.0235
vn -0.9805 0.1954 -0.0189
vn -0.9804 0.1959 -0.0223
vn -0.9788 0.2026 -0.0311
vn -0.9790 0.2008 -0.0355
vn -0.9803 0.1951 -0.0296
vn 0.9317 -0.3150 0.1807
vn 0.9318 -0.3149 0.1807
vn 0.9257 -0.3252 0.1933
vn 0.9247 -0.3274 0.1944
vn 0.9247 -0.3273 0.1945
vn 0.9237 -0.3295 0.1956
vn -0.9876 0.1560 0.0187
vn -0.9877 0.1552 0.0197
vn -0.9877 0.1551 0.0200
vn -0.9858 0.1669 0.0209
vn -0.9861 0.1645 0.0241
vn -0.9861 0.1643 0.0242
vn -0.9861 0.0205 0.1647
vn -0.9861 0.0202 0.1650
vn -0.9861 0.0200 0.1652
vn 0.7844 -0.4604 0.4156
vn 0.7845 -0.4603 0.4156
vn 0.1602 -0.6407 0.7509
vn -0.9576 -0.0504 0.2835
vn -0.9577 -0.0504 0.2835
vn 0.6891 -0.5169 0.5080
vn 0.6897 -0.5165 0.5074
vn 0.6886 -0.5171 0.5083
vn 0.8993 -0.3561 0.2538
vn 0.8997 -0.3556 0.2531
vn 0.9001 -0.3552 0.2524
vn 0.9298 -0.3149 0.1907
vn 0.9300 -0.3145 0.1901
vn 0.9305 -0.3137 0.1891
vn -0.9823 0.1866 -0.0153
vn -0.9778 0.2062 -0.0382
vn -0.9778 0.2062 -0.0383
vn -0.9724 0.2262 -0.0572
vn -0.9712 0.2296 -0.0634
vn -0.9717 0.2281 -0.0615
vn 0.9392 -0.3007 0.1660
vn 0.9386 -0.3029 0.1650
vn 0.9407 -0.2968 0.1642
vn 0.9532 -0.2744 0.1270
vn 0.9544 -0.2720 0.1234
vn 0.9541 -0.2725 0.1243
vn 0.9574 -0.2641 0.1169
vn 0.9562 -0.2649 0.1242
vn 0.9512 -0.2777 0.1344
vn -0.9703 0.2324 -0.0673
vn -0.9707 0.2311 -0.0664
vn -0.9682 0.2372 -0.0796
vn -0.8866 0.0449 -0.4603
vn -0.9672 0.2408 -0.0812
vn -0.9937 0.0682 0.0894
vn 0.9520 -0.2753 0.1334
vn 0.9517 -0.2760 0.1343
vn 0.9523 -0.2748 0.1327
vn 0.9946 -0.0978 -0.0333
vn -0.2972 -0.7704 0.5640
vn -0.2972 -0.7705 0.5639
vn 0.0587 -0.8073 0.5872
vn 0.4711 -0.7382 0.4829
vn 0.4712 -0.7382 0.4828
vn 0.4711 -0.7382 0.4828
vn -0.8631 -0.3794 0.3333
vn -0.8631 -0.3794 0.3332
vn -0.8632 -0.3794 0.3332
vn -0.9729 -0.1497 0.1762
vn -0.9964 0.0001 0.0852
vn -0.9964 -0.0000 0.0852
vn 0.8279 -0.4830 0.2851
vn 0.8729 -0.4230 0.2431
vn 0.9083 -0.3716 0.1923
vn 0.9082 -0.3716 0.1923
vn -0.9895 0.1431 -0.0186
vn -0.9869 0.1584 -0.0305
vn -0.9869 0.1584 -0.0304
vn -0.9869 0.1583 -0.0306
vn -0.9775 0.2033 -0.0563
vn -0.9777 0.2013 -0.0593
vn -0.9777 0.2013 -0.0595
vn 0.9292 -0.3307 0.1647
vn 0.9299 -0.3294 0.1635
vn 0.9292 -0.3307 0.1648
vn 0.9357 -0.3187 0.1511
vn 0.9472 -0.2910 0.1345
vn 0.9451 -0.2950 0.1408
vn 0.9463 -0.2925 0.1379
vn -0.9730 0.2190 -0.0726
vn -0.9736 0.2172 -0.0700
vn -0.9727 0.2198 -0.0747
vn -0.9722 0.2211 -0.0771
vn -0.9719 0.2215 -0.0791
vn 0.9479 -0.2896 0.1327
vn 0.9482 -0.2894 0.1310
vn 0.9480 -0.2897 0.1316
vn 0.9523 -0.2792 0.1233
vn 0.9521 -0.2800 0.1229
vn -0.9681 0.2351 -0.0870
vn -0.9688 0.2324 -0.0859
vn -0.7122 0.5010 0.4916
vn -0.4521 0.7648 -0.4590
vn 0.4339 -0.7553 0.4912
vn -0.9147 0.3401 0.2184
vn -0.6205 -0.6078 0.4955
vn 0.7101 -0.6014 0.3662
vn 0.7101 -0.6013 0.3663
vn -0.9937 0.1114 0.0144
vn 0.9285 -0.3321 0.1660
vn -0.9779 0.1994 -0.0626
vn -0.9681 0.2349 -0.0870
vn 0.9525 -0.2785 0.1236
vn -0.9945 0.0323 0.0994
vn -0.9945 0.0308 0.1006
vn -0.9945 0.0321 0.0995
vn -0.9792 0.1989 -0.0397
vn 0.9412 -0.1146 0.3177
vn 0.9412 -0.3023 0.1506
vn 0.9412 0.1420 0.3064
vn 0.9372 -0.3059 0.1677
vn -0.9820 0.1879 -0.0191
vn -0.9824 0.1862 -0.0168
vn -0.9823 0.1865 -0.0172
vn 0.8970 -0.3594 0.2571
vn 0.8970 -0.3594 0.2572
vn -0.5828 -0.4317 0.6884
vn -0.5878 -0.4288 0.6861
vn -0.5835 -0.4313 0.6881
vn -0.9855 0.1633 0.0464
vn -0.9855 0.1634 0.0464
vn 0.9341 -0.3068 0.1827
vn 0.9497 -0.2828 0.1348
vn -0.9702 0.2301 -0.0758
vn -0.9689 0.2336 -0.0817
vn -0.9696 0.2319 -0.0785
vn -0.9836 0.1776 0.0324
vn -0.9836 0.1777 0.0324
vn 0.9339 -0.3043 0.1878
vn 0.9337 -0.3044 0.1883
vn 0.9320 -0.3069 0.1929
vn -0.9732 0.2240 -0.0512
vn 0.9490 -0.2789 0.1473
vn -0.9689 0.2382 -0.0672
vn -0.9689 0.2381 -0.0672
vn 0.9423 -0.2859 0.1739
vn 0.9426 -0.2856 0.1733
vn 0.9424 -0.2858 0.1737
vn -0.9760 0.2174 -0.0108
vn -0.9760 0.2174 -0.0109
vn 0.9117 -0.3260 0.2502
vn 0.9153 -0.3226 0.2411
vn 0.9121 -0.3255 0.2491
vn -0.8209 0.1808 -0.5417
vn -0.1196 -0.5447 -0.8301
vn -0.7049 0.1097 -0.7007
vn -0.9721 0.2330 -0.0275
vn -0.9721 0.2329 -0.0275
vn 0.9170 -0.3010 0.2619
vn 0.9170 -0.3010 0.2616
vn 0.9171 -0.3009 0.2614
vn -0.9445 0.1124 0.3088
vn -0.9445 0.1125 0.3088
vn 0.0147 -0.3184 0.9479
vn -0.4505 -0.8908 0.0600
vn -0.0374 -0.6721 0.7395
vn -0.9735 0.2281 0.0150
vn -0.9713 0.2372 -0.0191
vn 0.9426 -0.2742 0.1906
vn 0.9426 -0.2741 0.1906
vn 0.9395 -0.2761 0.2028
vn -0.9725 0.2326 0.0145
vn -0.9724 0.2327 0.0145
vn -0.9725 0.2326 0.0146
vn 0.8990 -0.2902 0.3280
vn 0.8990 -0.2903 0.3280
vn 0.8990 -0.2902 0.3279
vn -0.9016 0.1319 0.4120
vn -0.8986 0.1298 0.4191
vn -0.9017 0.1319 0.4118
vn -0.9537 0.1822 0.2392
vn -0.9538 0.1820 0.2392
vn -0.9537 0.1821 0.2392
vn 0.9379 -0.2727 0.2143
vn 0.9379 -0.2727 0.2145
vn 0.9378 -0.2600 0.2298
vn -0.9564 0.2451 0.1586
vn -0.9614 0.2258 0.1570
vn -0.9589 0.2358 0.1576
vn 0.0975 -0.0207 0.9950
vn -0.0822 0.0262 0.9963
vn 0.0392 -0.9692 0.2433
vn 0.9546 -0.2542 0.1552
vn -0.9621 0.2605 -0.0804
vn -0.7347 0.3506 0.5808
vn 0.9321 -0.2071 0.2973
vn 0.9320 -0.2071 0.2974
vn 0.9501 -0.2277 0.2131
vn -0.9593 0.2824 -0.0064
vn -0.9593 0.2824 -0.0063
vn 0.9520 -0.2291 0.2028
vn -0.9379 0.3463 -0.0205
vn -0.3466 0.2799 0.8953
vn 0.0858 0.4439 0.8920
vn -0.8239 -0.4143 0.3867
vn -0.9559 0.2898 -0.0472
vn -0.9528 0.3004 -0.0434
vn -0.9460 0.3235 0.0230
vn -0.9442 0.3278 0.0309
vn -0.9460 0.3234 0.0228
vn 0.5233 0.4540 -0.7211
vn 0.9389 -0.1234 0.3212
vn 0.9416 -0.1251 0.3127
vn 0.6565 0.1496 0.7394
vn 0.6819 0.2079 0.7013
vn 0.6687 0.1740 0.7229
vn -0.9312 0.3609 0.0501
vn -0.9333 0.3566 0.0417
vn -0.9325 0.3580 0.0481
vn 0.9629 -0.2190 0.1576
vn -0.9459 0.3239 -0.0202
vn 0.9548 -0.1393 0.2625
vn 0.9550 -0.1406 0.2613
vn 0.9544 -0.1367 0.2655
vn 0.2689 0.5699 -0.7765
vn 0.2553 0.8020 -0.5401
vn 0.5558 0.6530 -0.5144
vn 0.9596 -0.1255 0.2519
vn 0.9596 -0.1255 0.2520
vn 0.9596 -0.1254 0.2519
vn -0.9407 0.3391 -0.0015
vn 0.9642 -0.1813 0.1935
vn -0.5965 0.2618 0.7587
vn -0.9165 0.3912 -0.0834
vn 0.9709 -0.1482 0.1879
vn -0.9098 0.4145 0.0206
vn 0.9411 0.0780 0.3292
vn 0.9410 0.0780 0.3292
vn 0.9411 0.0780 0.3291
vn -0.6126 0.7219 0.3219
vn -0.6125 0.7220 0.3219
vn 0.3740 0.0686 0.9249
vn 0.2773 -0.0970 0.9559
vn 0.3460 -0.0550 0.9366
vn -0.1971 -0.7192 0.6662
vn -0.2268 -0.5251 0.8203
vn -0.2264 -0.5258 0.8199
vn -0.2259 -0.5264 0.8197
vn -0.1247 -0.4476 0.8855
vn -0.1250 -0.4474 0.8856
vn -0.1178 -0.2535 0.9601
vn -0.1611 -0.3226 0.9327
vn -0.1283 -0.2675 0.9550
vn -0.0757 -0.1984 0.9772
vn 0.0246 -0.2144 0.9764
vn 0.0267 -0.2149 0.9763
vn 0.0278 -0.2154 0.9761
vn 0.0558 -0.1912 0.9800
vn 0.0557 -0.1911 0.9800
vn 0.0552 -0.1910 0.9800
vn 0.2623 -0.1640 0.9509
vn 0.1583 -0.5567 0.8155
vn 0.0607 -0.7274 0.6835
vn 0.3150 -0.0839 0.9454
vn 0.3394 -0.0909 0.9362
vn 0.3393 -0.0909 0.9363
vn -0.1130 -0.0943 0.9891
vn -0.1136 -0.0944 0.9890
vn -0.1139 -0.0945 0.9890
vn 0.2937 -0.0760 0.9529
vn 0.3129 -0.0972 0.9448
vn 0.3164 -0.0849 0.9448
vn 0.3164 -0.0845 0.9448
vn 0.3390 -0.0908 0.9364
vn 0.0403 0.0407 0.9984
vn -0.0165 0.0577 0.9982
vn 0.0406 0.0489 0.9980
vn -0.0479 0.1382 0.9893
vn -0.0483 0.1375 0.9893
vn -0.0474 0.1391 0.9892
vn 0.0734 0.3456 0.9355
vn 0.0735 0.3455 0.9355
vn 0.0735 0.3453 0.9356
vn 0.0225 0.3276 0.9445
vn 0.0223 0.3277 0.9445
vn 0.0224 0.3277 0.9445
vn 0.1664 0.2890 0.9428
vn 0.1630 0.2902 0.9430
vn 0.1640 0.2900 0.9429
vn 0.2812 0.0150 0.9595
vn 0.2819 0.0134 0.9594
vn 0.2815 0.0143 0.9594
vn 0.3489 -0.0036 0.9371
vn 0.3001 -0.0796 0.9506
vn 0.3392 -0.0903 0.9364
vn 0.1181 0.5501 0.8267
vn 0.1192 0.5536 0.8242
vn 0.1190 0.5521 0.8253
vn 0.0749 0.5355 0.8412
vn 0.0751 0.5354 0.8413
vn 0.0746 0.5357 0.8411
vn 0.2270 0.4879 0.8429
vn 0.2266 0.4886 0.8426
vn 0.2275 0.4873 0.8431
vn 0.2859 0.2247 0.9315
vn 0.2855 0.2255 0.9315
vn 0.2864 0.2240 0.9316
vn 0.2983 0.0361 0.9538
vn 0.2986 0.0358 0.9537
vn 0.3635 0.0208 0.9313
vn 0.2900 -0.0775 0.9539
vn 0.2899 -0.0775 0.9539
vn 0.3400 -0.0907 0.9361
vn 0.3399 -0.0907 0.9361
vn 0.1691 0.7273 0.6651
vn 0.1692 0.7272 0.6653
vn 0.1691 0.7273 0.6652
vn 0.5588 0.7828 -0.2739
vn 0.5610 0.7809 -0.2748
vn 0.5559 0.7852 -0.2729
vn 0.2893 -0.0771 0.9541
vn 0.3398 -0.0902 0.9362
vn 0.3393 -0.0907 0.9363
vn 0.3394 -0.0907 0.9363
vn 0.3391 -0.0909 0.9363
vn 0.3392 -0.0909 0.9363
vn 0.3392 -0.0914 0.9363
vn 0.3395 -0.0909 0.9362
vn 0.3392 -0.0919 0.9362
vn 0.2986 -0.0810 0.9509
vn 0.3157 -0.2732 0.9087
vn 0.3048 -0.2738 0.9122
vn 0.3287 -0.2775 0.9027
vn 0.3056 -0.0645 0.9500
vn 0.3012 -0.0639 0.9514
vn 0.2949 -0.0632 0.9534
vn 0.3065 -0.0822 0.9483
vn 0.3038 -0.1751 0.9365
vn 0.2254 -0.1554 0.9618
vn 0.2256 -0.1550 0.9618
vn 0.2252 -0.1556 0.9618
vn -0.0630 -0.4618 0.8848
vn 0.3156 -0.0846 0.9451
vn 0.3174 -0.0794 0.9450
vn 0.3127 -0.0808 0.9464
vn 0.3192 -0.0739 0.9448
vn 0.2905 -0.0658 0.9546
vn 0.0922 0.0396 0.9950
vn 0.3078 -0.0821 0.9479
vn 0.3126 -0.0831 0.9462
vn 0.3264 -0.0526 0.9438
vn 0.2048 -0.0249 0.9785
vn 0.1946 -0.0170 0.9807
vn 0.2090 -0.0308 0.9774
vn 0.2924 0.0171 0.9561
vn 0.2914 0.0181 0.9564
vn 0.2879 0.0207 0.9574
vn 0.2415 0.0405 0.9696
vn 0.2437 0.0390 0.9691
vn 0.2412 0.0406 0.9696
vn 0.2467 0.0408 0.9682
vn 0.1969 -0.1557 0.9680
vn 0.2225 0.0028 0.9749
vn 0.1383 0.0951 0.9858
vn 0.1411 0.0927 0.9857
vn 0.1367 0.0960 0.9859
vn 0.2924 -0.0595 0.9544
vn 0.2983 -0.0473 0.9533
vn 0.3079 -0.0423 0.9505
vn 0.2547 -0.2043 0.9452
vn 0.2558 -0.2039 0.9450
vn 0.2583 -0.2028 0.9445
vn 0.2563 -0.0044 0.9666
vn 0.2630 -0.0094 0.9648
vn 0.2586 -0.0066 0.9660
vn 0.3361 -0.0290 0.9414
vn 0.1632 -0.2168 0.9625
vn 0.1456 -0.2356 0.9609
vn 0.1585 0.2721 0.9491
vn 0.1591 0.2724 0.9489
vn -0.4318 -0.4106 0.8031
vn -0.3180 -0.3021 0.8987
vn -0.2910 -0.2764 0.9159
vn -0.2431 -0.2520 0.9367
vn -0.3470 -0.2373 0.9074
vn -0.2362 -0.2492 0.9392
vn -0.0923 0.0120 0.9957
vn -0.0923 0.0122 0.9957
vn -0.0044 0.0164 0.9999
vn -0.0421 -0.0243 0.9988
vn 0.0940 0.1287 0.9872
vn -0.0389 -0.0234 0.9990
vn 0.2309 0.2569 0.9384
vn 0.2808 0.2882 0.9155
vn 0.2820 0.2868 0.9155
vn 0.2815 0.2875 0.9155
vn 0.2273 0.3247 0.9181
vn 0.2277 0.3242 0.9182
vn 0.2277 0.3243 0.9181
vn 0.2131 0.3166 0.9243
vn 0.2132 0.3166 0.9243
vn 0.3662 0.4334 0.8235
vn 0.4550 0.5012 0.7361
vn 0.3902 0.4654 0.7944
vn 0.4655 0.5259 0.7118
vn 0.4648 0.4901 0.7374
vn 0.0769 0.1518 0.9854
vn 0.0767 0.1522 0.9854
vn 0.0768 0.1519 0.9854
vn -0.0764 -0.0624 0.9951
vn -0.0716 -0.0659 0.9953
vn -0.1275 -0.0038 0.9918
vn -0.3478 -0.2475 0.9043
vn -0.4384 -0.3754 0.8166
vn -0.4385 -0.3753 0.8166
vn -0.4387 -0.3751 0.8166
vn -0.5447 -0.4593 0.7017
vn -0.5346 -0.4569 0.7109
vn -0.3188 -0.2951 0.9007
vn -0.5365 -0.1332 0.8333
vn -0.4311 -0.1006 0.8967
vn -0.3881 -0.0892 0.9173
vn -0.3773 -0.0920 0.9215
vn -0.3595 -0.0257 0.9328
vn -0.3637 -0.0217 0.9313
vn -0.4051 -0.1035 0.9084
vn -0.3585 -0.0840 0.9297
vn -0.0583 0.0489 0.9971
vn -0.0583 0.0488 0.9971
vn 0.0154 0.0160 0.9998
vn -0.0349 0.0020 0.9994
vn 0.0873 0.0527 0.9948
vn -0.0692 -0.0001 0.9976
vn 0.3878 0.0960 0.9167
vn 0.3877 0.0964 0.9167
vn 0.3877 0.0965 0.9167
vn 0.3732 0.1763 0.9108
vn 0.3732 0.1765 0.9108
vn 0.3730 0.1769 0.9108
vn 0.5298 0.1936 0.8257
vn 0.6532 0.2185 0.7250
vn 0.5678 0.2037 0.7976
vn 0.6686 0.2309 0.7069
vn 0.6583 0.2115 0.7225
vn 0.3742 0.0987 0.9221
vn 0.3776 0.0857 0.9220
vn 0.3477 0.1630 0.9233
vn 0.2521 0.1000 0.9625
vn 0.1406 0.0910 0.9859
vn 0.1406 0.0906 0.9859
vn 0.1406 0.0905 0.9859
vn -0.1281 0.0551 0.9902
vn -0.1089 -0.0086 0.9940
vn -0.0965 -0.0365 0.9947
vn -0.5609 -0.1023 0.8215
vn -0.5605 -0.1032 0.8217
vn -0.5608 -0.1027 0.8216
vn -0.6872 -0.1225 0.7161
vn -0.6764 -0.1302 0.7250
vn -0.0798 -0.3164 0.9453
vn 0.1537 -0.0304 0.9877
vn 0.0005 -0.3644 0.9312
vn 0.2099 -0.2178 0.9532
vn -0.0188 -0.3394 0.9404
vn -0.0228 -0.3132 0.9494
vn 0.0033 -0.2634 0.9647
vn 0.0845 -0.3152 0.9453
vn 0.0845 -0.3151 0.9453
vn 0.1181 -0.3088 0.9438
vn 0.0845 -0.3129 0.9460
vn 0.1429 -0.3055 0.9414
vn 0.0821 -0.3077 0.9479
vn 0.1712 -0.3039 0.9372
vn 0.0804 -0.2998 0.9506
vn 0.0803 -0.2997 0.9506
vn 0.1997 -0.3044 0.9314
vn 0.0787 -0.2892 0.9540
vn -0.1036 -0.1940 0.9755
vn -0.1967 -0.3339 0.9219
vn -0.0891 -0.2316 0.9687
vn 0.0471 -0.3031 0.9518
vn 0.1119 -0.3225 0.9399
vn 0.1718 -0.3844 0.9070
vn -0.0726 -0.1013 0.9922
vn -0.0220 -0.1776 0.9839
vn 0.1467 -0.0661 0.9870
vn 0.0486 -0.1716 0.9840
vn 0.0538 -0.2625 0.9634
vn 0.3981 0.0063 0.9173
vn 0.3408 0.0215 0.9399
vn 0.3405 0.0199 0.9400
vn 0.3414 0.0231 0.9396
vn 0.2519 -0.1566 0.9550
vn 0.2527 -0.1594 0.9543
vn 0.2519 -0.1554 0.9552
vn 0.1688 -0.2185 0.9611
vn 0.1747 -0.2171 0.9604
vn 0.1642 -0.2233 0.9608
vn 0.1432 -0.2027 0.9687
vn 0.1428 -0.2074 0.9678
vn 0.1431 -0.2058 0.9681
vn 0.5328 0.0457 0.8450
vn 0.5326 0.0460 0.8451
vn 0.5323 0.0464 0.8453
vn 0.3365 -0.1435 0.9307
vn 0.3373 -0.1425 0.9306
vn 0.3381 -0.1410 0.9305
vn 0.1787 -0.2185 0.9593
vn 0.1773 -0.2223 0.9587
vn 0.1781 -0.2204 0.9590
vn 0.4204 -0.2692 0.8665
vn 0.4203 -0.2696 0.8664
vn 0.4202 -0.2701 0.8663
vn 0.0917 -0.3391 0.9363
vn 0.0917 -0.3392 0.9362
vn 0.0907 -0.3394 0.9363
vn 0.0916 -0.3393 0.9362
vn 0.0903 -0.3395 0.9363
vn 0.0914 -0.3390 0.9363
vn 0.3929 -0.1903 0.8997
vn 0.1486 -0.9060 0.3964
vn -0.1402 -0.2671 0.9534
vn -0.1716 -0.3227 0.9308
vn -0.1722 -0.2982 0.9388
vn -0.4797 -0.2281 0.8473
vn -0.5068 -0.2250 0.8322
vn -0.1286 -0.2745 0.9530
vn -0.2174 -0.2097 0.9533
vn -0.3339 -0.2794 0.9003
vn -0.2573 -0.2098 0.9433
vn -0.2233 -0.1759 0.9587
vn 0.1096 -0.1797 0.9776
vn 0.1019 -0.2480 0.9634
vn 0.1024 -0.2506 0.9627
vn 0.1015 -0.2464 0.9638
vn 0.1238 -0.0572 0.9907
vn 0.1237 -0.0557 0.9908
vn 0.1238 -0.0547 0.9908
vn 0.1705 -0.0591 0.9836
vn 0.1221 -0.2331 0.9647
vn 0.1218 -0.2368 0.9639
vn 0.1219 -0.2387 0.9634
vn 0.3400 -0.0727 0.9376
vn 0.2908 -0.1512 0.9448
vn 0.3062 -0.1376 0.9420
vn -0.0498 -0.2013 0.9783
vn -0.0495 -0.2014 0.9783
vn -0.0500 -0.2013 0.9783
vn 0.2291 -0.2175 0.9488
vn 0.2269 -0.2156 0.9498
vn 0.2279 -0.2165 0.9493
vn 0.2484 -0.2489 0.9362
vn 0.2487 -0.2488 0.9361
vn 0.2484 -0.2489 0.9361
vn -0.0169 -0.1253 0.9920
vn 0.1625 -0.2949 0.9416
vn 0.1747 -0.2877 0.9417
vn 0.1291 -0.3301 0.9351
vn 0.2317 -0.2317 0.9448
vn 0.2316 -0.2316 0.9448
vn 0.2481 -0.2481 0.9364
vn 0.2481 -0.2480 0.9365
vn 0.3496 0.1979 0.9157
vn 0.3496 0.1981 0.9157
vn 0.3495 0.1986 0.9157
vn 0.2713 0.1831 0.9449
vn 0.2716 0.1821 0.9450
vn 0.2712 0.1840 0.9448
vn 0.3568 0.0199 0.9340
vn 0.3566 0.0197 0.9340
vn 0.3570 0.0204 0.9339
vn 0.2944 0.0068 0.9557
vn 0.2951 0.0066 0.9554
vn 0.2939 0.0069 0.9558
vn 0.3476 -0.0871 0.9336
vn 0.3511 -0.0793 0.9330
vn 0.3511 -0.0799 0.9329
vn 0.1641 -0.2576 0.9522
vn 0.1669 -0.2505 0.9536
vn 0.1649 -0.2463 0.9551
vn 0.2194 -0.2194 0.9507
vn 0.2194 -0.2194 0.9506
vn 0.2483 -0.2487 0.9362
vn 0.2482 -0.2487 0.9362
vn 0.4355 0.3018 0.8481
vn 0.4354 0.3033 0.8476
vn 0.4359 0.3006 0.8483
vn 0.2614 -0.0976 0.9603
vn 0.2612 -0.0962 0.9605
vn 0.2623 -0.1009 0.9597
vn 0.3252 -0.1638 0.9314
vn 0.2127 -0.2119 0.9539
vn 0.2484 -0.2484 0.9363
vn 0.2483 -0.2484 0.9363
vn 0.7741 0.5142 0.3693
vn 0.7973 -0.3923 0.4588
vn 0.4010 -0.1816 0.8979
vn -0.1895 -0.4934 0.8489
vn 0.0971 -0.5372 0.8378
vn -0.2239 -0.4668 0.8556
vn 0.2491 -0.2482 0.9361
vn 0.2474 -0.2475 0.9368
vn 0.2475 -0.2473 0.9368
vn 0.2489 -0.2490 0.9360
vn 0.2487 -0.2493 0.9360
vn 0.2480 -0.2489 0.9362
vn 0.2479 -0.2483 0.9364
vn 0.2478 -0.2483 0.9364
vn 0.2480 -0.2485 0.9363
vn 0.2481 -0.2486 0.9363
vn 0.2191 -0.2191 0.9508
vn 0.1619 -0.3430 0.9253
vn 0.1540 -0.3397 0.9278
vn 0.1694 -0.3482 0.9220
vn -0.2993 -0.4015 0.8656
vn 0.2268 -0.2147 0.9500
vn 0.2388 -0.2252 0.9446
vn 0.2316 -0.2197 0.9477
vn 0.2247 -0.2251 0.9481
vn 0.1755 -0.3035 0.9365
vn 0.0785 -0.2015 0.9763
vn 0.0814 -0.2024 0.9759
vn 0.0830 -0.2022 0.9758
vn 0.2311 -0.2316 0.9450
vn 0.2394 -0.2236 0.9448
vn 0.2166 -0.2005 0.9554
vn 0.2084 -0.2155 0.9540
vn 0.2290 -0.2286 0.9462
vn 0.2290 -0.2285 0.9462
vn 0.2568 -0.2084 0.9437
vn 0.2219 -0.1763 0.9590
vn 0.2200 -0.1731 0.9600
vn 0.2230 -0.1783 0.9584
vn 0.2401 -0.1721 0.9554
vn 0.2391 -0.1705 0.9559
vn 0.2384 -0.1696 0.9562
vn 0.1759 -0.1036 0.9789
vn 0.1760 -0.1038 0.9789
vn 0.1761 -0.1040 0.9789
vn 0.2350 -0.0843 0.9683
vn 0.0716 -0.2470 0.9664
vn 0.1964 -0.1105 0.9743
vn 0.1252 0.0247 0.9918
vn 0.1253 0.0246 0.9918
vn 0.1255 0.0240 0.9918
vn 0.1744 0.0314 0.9842
vn 0.1744 0.0313 0.9842
vn 0.1745 0.0312 0.9842
vn 0.2370 -0.1886 0.9530
vn 0.2424 -0.1838 0.9526
vn 0.2490 -0.1831 0.9510
vn 0.1155 -0.3004 0.9468
vn 0.1171 -0.3003 0.9466
vn 0.1201 -0.2998 0.9464
vn 0.4371 -0.0653 0.8971
vn 0.4408 -0.0672 0.8951
vn 0.4352 -0.0617 0.8982
vn 0.0189 -0.2835 0.9588
vn 0.0488 -0.2662 0.9627
vn -0.1854 -0.2998 0.9358
vn 0.1368 -0.0458 0.9895
vn 0.1627 0.0423 0.9858
vn 0.1225 0.0948 0.9879
vn 0.1096 0.1071 0.9882
vn -0.2033 0.3528 0.9134
vn -0.2038 0.3523 0.9134
vn -0.2042 0.3520 0.9135
vn -0.1770 0.2757 0.9448
vn -0.1800 0.2738 0.9448
vn -0.1790 0.2746 0.9448
vn -0.3085 0.4365 0.8451
vn -0.3099 0.4362 0.8448
vn -0.3076 0.4370 0.8453
vn -0.0547 0.3737 0.9259
vn -0.0554 0.3729 0.9262
vn -0.0558 0.3722 0.9265
vn 0.2581 0.2798 0.9247
vn 0.3229 -0.0956 0.9416
vn 0.3347 -0.2344 0.9127
vn 0.0581 0.1509 0.9868
vn -0.0755 0.1937 0.9782
vn -0.0760 0.1939 0.9781
vn -0.0735 0.1931 0.9784
vn 0.1855 0.2099 0.9600
vn 0.1834 0.2120 0.9599
vn 0.2326 0.1263 0.9644
vn 0.1375 0.2599 0.9558
vn 0.2842 0.0045 0.9587
vn 0.0554 0.2623 0.9634
vn 0.0583 0.2639 0.9628
vn 0.0692 0.2645 0.9619
vn 0.2769 -0.0011 0.9609
vn 0.1655 0.2256 0.9601
vn 0.1207 0.2673 0.9560
vn 0.1062 0.2497 0.9625
vn 0.1184 0.3089 0.9437
vn 0.0843 0.3156 0.9451
vn 0.0843 0.3156 0.9452
vn 0.0910 0.3389 0.9364
vn 0.0910 0.3390 0.9364
vn 0.1081 0.0575 0.9925
vn 0.0597 0.1076 0.9924
vn 0.0574 0.1055 0.9928
vn 0.0580 0.1064 0.9926
vn 0.0974 0.1346 0.9861
vn 0.1016 0.1950 0.9755
vn 0.0993 0.1986 0.9750
vn 0.0866 0.2510 0.9641
vn 0.0685 0.2654 0.9617
vn 0.0960 0.3134 0.9448
vn 0.0929 0.3146 0.9447
vn 0.0907 0.3149 0.9448
vn 0.0852 0.3164 0.9448
vn 0.0898 0.3387 0.9366
vn -0.3758 0.1807 0.9089
vn -0.3728 0.1824 0.9098
vn -0.3781 0.1802 0.9080
vn -0.2144 0.2251 0.9505
vn -0.2190 0.2243 0.9496
vn -0.2119 0.2274 0.9505
vn -0.1230 0.3005 0.9458
vn -0.1303 0.2934 0.9471
vn -0.1347 0.2850 0.9490
vn -0.4822 0.2261 0.8464
vn -0.3696 0.4068 0.8354
vn 0.1777 0.2776 0.9441
vn 0.1684 0.2858 0.9434
vn 0.1624 0.2988 0.9404
vn 0.0776 0.2896 0.9540
vn 0.0776 0.2897 0.9540
vn 0.0922 0.3389 0.9363
vn 0.0922 0.3388 0.9363
vn 0.1662 0.1669 0.9719
vn 0.3309 0.2296 0.9153
vn 0.0911 0.3390 0.9364
vn 0.0911 0.3387 0.9365
vn 0.0912 0.3389 0.9364
vn 0.0913 0.3389 0.9364
vn 0.0913 0.3388 0.9364
vn -0.3187 0.1097 0.9415
vn -0.1630 0.2091 0.9642
vn -0.1610 0.2110 0.9641
vn -0.1648 0.2079 0.9642
vn 0.0288 0.2698 0.9625
vn 0.0289 0.2701 0.9624
vn 0.0290 0.2710 0.9621
vn 0.0180 0.3435 0.9390
vn 0.0186 0.3475 0.9375
vn 0.0169 0.3406 0.9401
vn 0.1849 0.1593 0.9698
vn -0.0760 0.1299 0.9886
vn -0.0762 0.1301 0.9886
vn 0.0306 0.2645 0.9639
vn 0.0310 0.2654 0.9637
vn 0.0296 0.2626 0.9644
vn 0.0482 0.3282 0.9434
vn 0.0832 0.3120 0.9465
vn 0.0832 0.3120 0.9464
vn 0.3662 -0.0137 0.9304
vn 0.3288 -0.0177 0.9442
vn 0.3891 0.0096 0.9212
vn 0.1250 0.2473 0.9608
vn 0.1431 0.3056 0.9413
vn 0.1431 0.3056 0.9414
vn 0.0843 0.3129 0.9460
vn 0.0843 0.3128 0.9461
vn 0.3563 0.0878 0.9302
vn 0.3431 0.1000 0.9340
vn 0.2769 0.1352 0.9513
vn 0.1538 0.2396 0.9586
vn 0.1534 0.2388 0.9589
vn 0.1543 0.2413 0.9581
vn 0.1716 0.3039 0.9371
vn 0.0835 0.3076 0.9478
vn -0.0606 0.1207 0.9908
vn 0.5344 -0.0599 0.8431
vn 0.4314 0.0061 0.9021
vn 0.4244 0.0414 0.9045
vn 0.0562 0.2561 0.9650
vn 0.2951 0.1942 0.9355
vn 0.2950 0.1956 0.9353
vn 0.2951 0.1944 0.9355
vn 0.1837 0.2360 0.9542
vn 0.1828 0.2319 0.9554
vn 0.1841 0.2424 0.9526
vn 0.0722 0.3198 0.9447
vn 0.0842 0.3151 0.9453
vn 0.0842 0.3152 0.9453
vn 0.1997 0.3044 0.9314
vn 0.0810 0.2999 0.9505
vn 0.0810 0.3000 0.9505
vn -0.0238 -0.8486 0.5285
vn 0.0025 -0.8199 0.5724
vn 0.0276 -0.8428 0.5375
vn 0.0215 -0.8092 0.5871
vn -0.0977 -0.7410 0.6643
vn -0.0926 -0.7317 0.6753
vn -0.0850 -0.7248 0.6837
vn -0.1091 -0.7125 0.6932
vn -0.1091 -0.7125 0.6931
vn -0.1092 -0.7123 0.6933
vn -0.1032 -0.7011 0.7055
vn -0.1034 -0.7013 0.7054
vn -0.1031 -0.7011 0.7056
vn -0.2060 -0.4267 0.8806
vn -0.0617 -0.4512 0.8903
vn -0.2102 -0.4226 0.8816
vn -0.1784 -0.3986 0.8996
vn -0.2006 -0.3862 0.9003
vn -0.3169 -0.3597 0.8776
vn -0.0975 -0.3533 0.9304
vn -0.3202 -0.3255 0.8897
vn -0.5214 -0.2606 0.8126
vn -0.5426 -0.2603 0.7987
vn -0.5425 -0.2603 0.7987
vn -0.7523 -0.1970 0.6287
vn -0.7523 -0.1965 0.6289
vn -0.7525 -0.1977 0.6283
vn -0.0814 -0.7708 0.6318
vn -0.0652 -0.7682 0.6369
vn -0.1113 -0.7485 0.6537
vn -0.1755 -0.6619 0.7288
vn -0.1754 -0.6619 0.7288
vn -0.0660 -0.6687 0.7406
vn -0.1746 -0.6526 0.7373
vn 0.0126 -0.6679 0.7441
vn -0.2044 -0.6365 0.7437
vn -0.2043 -0.6356 0.7445
vn -0.2044 -0.6361 0.7441
vn -0.1785 -0.6278 0.7576
vn -0.2066 -0.6222 0.7551
vn -0.0125 -0.6233 0.7819
vn -0.2314 -0.6048 0.7620
vn -0.2314 -0.6052 0.7617
vn -0.2314 -0.6051 0.7617
vn -0.1856 -0.5862 0.7886
vn -0.1858 -0.5865 0.7884
vn -0.1858 -0.5867 0.7882
vn -0.3063 -0.5335 0.7884
vn -0.3053 -0.5326 0.7894
vn -0.3083 -0.5341 0.7872
vn -0.0658 -0.5651 0.8224
vn -0.2260 -0.5255 0.8203
vn -0.0009 -0.5344 0.8452
vn -0.1418 -0.5031 0.8525
vn -0.2652 -0.4813 0.8355
vn -0.1531 -0.4863 0.8603
vn -0.3026 -0.4684 0.8301
vn -0.3006 -0.4148 0.8588
vn -0.3006 -0.4149 0.8588
vn -0.3431 -0.3515 0.8710
vn -0.3082 -0.3284 0.8929
vn 0.0037 -0.7947 0.6070
vn -0.0107 -0.7691 0.6390
vn 0.0142 -0.7432 0.6689
vn -0.1630 -0.7522 0.6385
vn -0.1699 -0.7297 0.6623
vn -0.1956 -0.6969 0.6899
vn -0.2508 -0.6944 0.6745
vn -0.2565 -0.6909 0.6759
vn -0.2785 -0.6779 0.6803
vn -0.3699 -0.6226 0.6896
vn -0.3686 -0.6237 0.6893
vn -0.3725 -0.6250 0.6861
vn -0.3709 -0.6273 0.6848
vn -0.4302 -0.5576 0.7099
vn -0.4304 -0.5577 0.7097
vn -0.4304 -0.5578 0.7096
vn -0.4556 -0.5687 0.6849
vn -0.4555 -0.5683 0.6853
vn -0.4553 -0.5678 0.6858
vn -0.4532 -0.5157 0.7271
vn -0.3933 -0.5391 0.7447
vn -0.4693 -0.5129 0.7188
vn -0.5101 -0.5202 0.6849
vn -0.5112 -0.5183 0.6856
vn -0.5104 -0.5195 0.6853
vn -0.4039 -0.5493 0.7315
vn -0.5429 -0.4520 0.7078
vn -0.5482 -0.4523 0.7035
vn -0.5657 -0.4188 0.7103
vn -0.6149 -0.3863 0.6875
vn -0.5500 -0.4079 0.7288
vn -0.6149 -0.3718 0.6955
vn -0.6158 -0.3699 0.6957
vn -0.6151 -0.3711 0.6957
vn -0.4960 -0.3659 0.7874
vn -0.4960 -0.3661 0.7874
vn -0.4960 -0.3663 0.7873
vn -0.4432 -0.3721 0.8155
vn -0.4433 -0.3719 0.8156
vn -0.4433 -0.3714 0.8158
vn -0.4402 -0.3440 0.8294
vn -0.4402 -0.3444 0.8292
vn -0.4402 -0.3446 0.8291
vn -0.6703 -0.3207 0.6692
vn -0.6703 -0.3205 0.6693
vn -0.6703 -0.3206 0.6692
vn -0.6618 -0.3047 0.6850
vn -0.6617 -0.3046 0.6851
vn -0.6509 -0.2897 0.7017
vn -0.6182 -0.3046 0.7246
vn -0.6886 -0.2725 0.6720
vn -0.6849 -0.2652 0.6787
vn -0.6849 -0.2650 0.6787
vn -0.6849 -0.2654 0.6786
vn -0.5680 -0.2951 0.7683
vn -0.5682 -0.2954 0.7681
vn -0.5681 -0.2952 0.7682
vn -0.0221 -0.3526 0.9355
vn -0.0221 -0.3524 0.9356
vn -0.0221 -0.3527 0.9355
vn -0.0045 -0.5593 0.8290
vn -0.0241 -0.5807 0.8138
vn -0.0824 -0.5971 0.7979
vn -0.0707 -0.5997 0.7971
vn 0.0486 -0.7923 0.6082
vn 0.0766 -0.7691 0.6345
vn -0.4009 -0.5076 0.7626
vn -0.4599 -0.4825 0.7454
vn -0.4599 -0.4825 0.7455
vn -0.4598 -0.4824 0.7456
vn -0.4501 -0.4336 0.7807
vn -0.4501 -0.4339 0.7805
vn -0.4502 -0.4340 0.7804
vn -0.0322 -0.4976 0.8668
vn -0.5004 -0.4128 0.7611
vn -0.5004 -0.4127 0.7611
vn -0.0451 -0.4597 0.8869
vn -0.0191 -0.3959 0.9181
vn 0.0338 -0.4050 0.9137
vn -0.1105 -0.3909 0.9138
vn -0.0839 -0.3567 0.9304
vn -0.1545 -0.7298 0.6660
vn -0.1549 -0.7296 0.6661
vn -0.1547 -0.7297 0.6660
vn -0.1888 -0.5140 0.8367
vn -0.1891 -0.5140 0.8367
vn -0.1890 -0.5140 0.8367
vn -0.2076 -0.5767 0.7902
vn -0.1901 -0.5296 0.8267
vn -0.1932 -0.5384 0.8203
vn -0.1990 -0.2343 0.9516
vn -0.2377 -0.3461 0.9076
vn -0.2072 -0.1173 0.9712
vn -0.2161 0.1724 0.9610
vn -0.2352 0.1178 0.9648
vn -0.1902 0.3864 0.9025
vn -0.2042 0.4943 0.8450
vn -0.2041 0.4943 0.8450
vn -0.2032 0.4943 0.8452
vn -0.1474 0.6654 0.7318
vn -0.1481 0.6652 0.7318
vn -0.1468 0.6651 0.7322
vn -0.2002 0.7245 0.6596
vn -0.1979 0.7299 0.6543
vn -0.2000 0.7282 0.6556
vn -0.4771 0.4405 0.7605
vn -0.4233 0.5685 0.7054
vn -0.4841 0.4202 0.7675
vn -0.5392 0.3621 0.7603
vn -0.5653 0.2303 0.7921
vn -0.5733 0.1526 0.8050
vn -0.6173 0.1543 0.7714
vn -0.6183 0.1513 0.7712
vn -0.6226 0.1388 0.7701
vn -0.6218 -0.1595 0.7668
vn -0.6191 -0.1344 0.7737
vn -0.6197 -0.1407 0.7721
vn -0.6648 -0.1432 0.7331
vn -0.6648 -0.1397 0.7339
vn -0.6637 -0.1229 0.7378
vn -0.7143 -0.1823 0.6757
vn -0.6761 -0.2878 0.6783
vn -0.7347 -0.0071 0.6784
vn -0.7452 -0.1150 0.6568
vn -0.7715 -0.0086 0.6362
vn -0.4554 0.5219 0.7212
vn -0.4548 0.5223 0.7214
vn -0.4973 0.5103 0.7017
vn -0.6237 0.1352 0.7699
vn -0.6619 0.1361 0.7371
vn -0.6625 0.1339 0.7370
vn -0.6656 0.1225 0.7361
vn -0.6634 -0.1190 0.7387
vn -0.7042 -0.1185 0.7000
vn -0.6901 0.1754 0.7022
vn -0.6899 0.1754 0.7023
vn -0.6898 0.1754 0.7024
vn -0.7037 0.1237 0.6997
vn -0.7038 0.1237 0.6996
vn -0.7037 0.1237 0.6996
vn -0.7245 0.1234 0.6781
vn -0.7489 0.1272 0.6503
vn -0.6222 -0.1654 0.7652
vn -0.5731 -0.1482 0.8060
vn -0.5719 -0.1783 0.8007
vn -0.5694 -0.1228 0.8128
vn -0.5726 0.1542 0.8052
vn -0.5114 0.1612 0.8441
vn -0.5314 0.0084 0.8471
vn -0.5304 -0.0408 0.8468
vn -0.5194 0.3090 0.7967
vn -0.4600 0.3087 0.8325
vn -0.4801 0.1177 0.8693
vn -0.4600 0.3085 0.8326
vn -0.3967 0.5634 0.7247
vn -0.4038 0.5506 0.7306
vn -0.3931 0.5760 0.7167
vn -0.3400 0.5773 0.7424
vn -0.3978 0.4148 0.8183
vn -0.4018 0.3691 0.8381
vn -0.4408 -0.5670 0.6958
vn -0.4406 -0.5671 0.6959
vn -0.4405 -0.5672 0.6959
vn -0.3975 -0.5694 0.7196
vn -0.3909 -0.5779 0.7164
vn -0.3995 -0.5510 0.7326
vn -0.3644 -0.6155 0.6988
vn -0.3423 -0.5736 0.7442
vn -0.3398 -0.5887 0.7335
vn -0.3278 -0.6479 0.6876
vn -0.3419 -0.4456 0.8274
vn -0.3297 -0.5041 0.7982
vn -0.3132 -0.6018 0.7347
vn -0.2920 -0.4685 0.8338
vn -0.2828 -0.5454 0.7890
vn -0.2800 -0.4921 0.8243
vn -0.2773 -0.4981 0.8216
vn -0.2095 -0.5813 0.7862
vn -0.2166 -0.7352 0.6423
vn -0.2165 -0.7352 0.6423
vn -0.2023 -0.7042 0.6806
vn -0.2046 -0.7177 0.6656
vn -0.1340 -0.7449 0.6536
vn -0.2317 0.4915 0.8395
vn -0.2607 0.4024 0.8775
vn -0.2195 0.5141 0.8292
vn -0.2864 0.5320 0.7968
vn -0.2843 0.5343 0.7960
vn -0.2781 0.5499 0.7876
vn -0.2759 0.5539 0.7856
vn -0.3271 0.5645 0.7579
vn -0.2896 0.6408 0.7110
vn -0.2918 0.6473 0.7042
vn -0.2685 0.3749 0.8873
vn -0.3046 0.2823 0.9097
vn -0.3323 0.1840 0.9251
vn -0.2970 0.3082 0.9038
vn -0.3767 0.1204 0.9185
vn -0.3585 0.3184 0.8775
vn -0.3764 0.1295 0.9174
vn -0.3463 0.3473 0.8715
vn -0.4287 0.1361 0.8931
vn -0.4356 0.1233 0.8917
vn -0.4788 0.1188 0.8698
vn -0.2723 0.1174 0.9550
vn -0.2706 0.1249 0.9546
vn -0.2642 0.1521 0.9524
vn -0.2629 0.1572 0.9519
vn -0.3396 0.1558 0.9276
vn -0.2714 -0.1756 0.9463
vn -0.2686 -0.3459 0.8990
vn -0.2658 -0.2268 0.9370
vn -0.2627 -0.1249 0.9568
vn -0.2709 -0.1561 0.9499
vn -0.3323 -0.1583 0.9298
vn -0.3301 -0.1431 0.9330
vn -0.3221 -0.0928 0.9421
vn -0.3194 -0.0774 0.9445
vn -0.3802 -0.0788 0.9215
vn -0.3804 -0.0784 0.9215
vn -0.4320 -0.0777 0.8985
vn -0.4316 -0.0777 0.8987
vn -0.4821 -0.0784 0.8726
vn -0.4824 -0.0774 0.8725
vn -0.5309 -0.0781 0.8438
vn -0.5377 -0.1099 0.8360
vn -0.5664 -0.2172 0.7950
vn -0.2967 -0.3459 0.8901
vn -0.3497 -0.3519 0.8682
vn -0.3535 -0.3776 0.8559
vn -0.4070 -0.3542 0.8420
vn -0.4078 -0.3898 0.8257
vn -0.4077 -0.3835 0.8287
vn -0.4065 -0.3461 0.8456
vn -0.4277 0.5595 0.7100
vn -0.4537 -0.3461 0.8212
vn -0.4537 -0.3460 0.8212
vn -0.5006 -0.3421 0.7952
vn -0.5004 -0.3461 0.7936
vn -0.5005 -0.3455 0.7938
vn -0.5007 -0.3413 0.7955
vn -0.5503 -0.3748 0.7461
vn -0.6662 0.1201 0.7360
vn 0.2310 -0.7075 0.6679
vn 0.2296 -0.7082 0.6676
vn 0.2304 -0.7079 0.6677
vn 0.0932 -0.5389 0.8372
vn 0.0930 -0.5390 0.8372
vn 0.0931 -0.5389 0.8372
vn 0.1090 -0.6027 0.7905
vn 0.1006 -0.5540 0.8264
vn 0.1022 -0.5632 0.8200
vn -0.0550 -0.3030 0.9514
vn -0.0549 -0.3030 0.9514
vn -0.0329 -0.4188 0.9075
vn -0.0328 -0.4188 0.9075
vn -0.0330 -0.4188 0.9075
vn -0.1211 -0.2049 0.9713
vn -0.2733 0.0415 0.9610
vn -0.2734 0.0415 0.9610
vn -0.2710 0.0277 0.9622
vn -0.2711 0.0277 0.9622
vn -0.4112 0.3254 0.8515
vn -0.4113 0.3254 0.8515
vn -0.4148 0.3806 0.8265
vn -0.4150 0.3806 0.8264
vn -0.6359 0.1486 0.7573
vn -0.6530 0.2851 0.7016
vn -0.6300 0.1156 0.7679
vn -0.6334 -0.0003 0.7738
vn -0.6109 -0.0665 0.7889
vn -0.5728 -0.1549 0.8050
vn -0.6116 -0.1764 0.7713
vn -0.6111 -0.1793 0.7710
vn -0.6088 -0.1902 0.7701
vn -0.4602 -0.4479 0.7666
vn -0.4707 -0.4249 0.7733
vn -0.4682 -0.4301 0.7719
vn -0.5062 -0.4542 0.7331
vn -0.5077 -0.4513 0.7339
vn -0.5139 -0.4378 0.7378
vn -0.5269 -0.5104 0.6796
vn -0.4356 -0.5874 0.6820
vn -0.5620 -0.4795 0.6740
vn -0.5744 -0.4821 0.6616
vn -0.5722 -0.4909 0.6570
vn -0.6578 0.1955 0.7274
vn -0.6578 0.1954 0.7274
vn -0.6577 0.1954 0.7275
vn -0.6869 0.1961 0.6998
vn -0.6082 -0.1938 0.7697
vn -0.6413 -0.2137 0.7369
vn -0.6408 -0.2159 0.7367
vn -0.6381 -0.2268 0.7358
vn -0.5155 -0.4344 0.7386
vn -0.5501 -0.4558 0.6997
vn -0.5502 -0.4558 0.6997
vn -0.5502 -0.4558 0.6996
vn -0.6858 -0.1923 0.7020
vn -0.6856 -0.1922 0.7021
vn -0.6855 -0.1921 0.7023
vn -0.6710 -0.2460 0.6994
vn -0.6711 -0.2460 0.6994
vn -0.6898 -0.2574 0.6767
vn -0.7164 -0.2818 0.6382
vn -0.6984 -0.2512 0.6701
vn -0.7130 -0.2990 0.6343
vn -0.7034 -0.2679 0.6583
vn -0.4578 -0.4526 0.7653
vn -0.4233 -0.4146 0.8056
vn -0.4066 -0.4396 0.8009
vn -0.4321 -0.3911 0.8126
vn -0.5731 -0.1527 0.8051
vn -0.5234 -0.1159 0.8441
vn -0.4667 -0.2590 0.8457
vn -0.4365 -0.3002 0.8481
vn -0.6046 0.0076 0.7965
vn -0.5532 0.0381 0.8322
vn -0.5436 0.0015 0.8394
vn -0.5557 0.0706 0.8284
vn -0.6261 0.2915 0.7233
vn -0.6253 0.2749 0.7304
vn -0.6274 0.2980 0.7194
vn -0.5839 0.3350 0.7394
vn -0.5586 0.1839 0.8088
vn -0.5440 0.1543 0.8247
vn -0.0971 -0.7133 0.6941
vn -0.0972 -0.7132 0.6942
vn -0.0972 -0.7131 0.6943
vn -0.0608 -0.6908 0.7205
vn -0.0552 -0.6986 0.7134
vn -0.0695 -0.6768 0.7329
vn -0.0065 -0.7122 0.7020
vn -0.0071 -0.6682 0.7439
vn 0.0003 -0.6788 0.7344
vn 0.0363 -0.7184 0.6947
vn -0.0510 -0.5905 0.8054
vn -0.0738 -0.5399 0.8385
vn 0.0539 -0.6951 0.7169
vn -0.0891 -0.4627 0.8820
vn 0.0169 -0.5889 0.8080
vn -0.0699 -0.4770 0.8761
vn 0.0096 -0.5705 0.8213
vn 0.1103 -0.6076 0.7865
vn 0.1817 -0.7465 0.6401
vn 0.1816 -0.7464 0.6402
vn 0.1844 -0.7097 0.6800
vn 0.1919 -0.7198 0.6672
vn 0.2062 -0.7417 0.6382
vn -0.4800 0.3490 0.8048
vn -0.4799 0.3505 0.8042
vn -0.4815 0.3585 0.7998
vn -0.4814 0.3606 0.7989
vn -0.5180 0.3535 0.7789
vn -0.5174 0.3522 0.7799
vn -0.5164 0.3429 0.7847
vn -0.5162 0.3415 0.7854
vn -0.5649 0.3249 0.7585
vn -0.5703 0.4155 0.7086
vn -0.5787 0.4242 0.6966
vn -0.3444 0.0638 0.9366
vn -0.3200 0.0155 0.9473
vn -0.3861 0.1770 0.9053
vn -0.4401 0.1460 0.8860
vn -0.4833 0.1213 0.8670
vn -0.4846 0.1280 0.8653
vn -0.4894 0.1546 0.8582
vn -0.4904 0.1596 0.8568
vn -0.5378 0.1303 0.8330
vn -0.5345 0.0988 0.8394
vn -0.5183 -0.0397 0.8543
vn -0.3112 -0.0034 0.9503
vn -0.3048 -0.0327 0.9519
vn -0.3413 -0.0612 0.9379
vn -0.3414 -0.0611 0.9379
vn -0.3248 -0.1996 0.9245
vn -0.3760 -0.0894 0.9223
vn -0.3498 -0.1538 0.9241
vn -0.3686 -0.1223 0.9215
vn -0.3139 -0.3217 0.8933
vn -0.4133 -0.1476 0.8985
vn -0.3168 -0.3182 0.8935
vn -0.4143 -0.1466 0.8983
vn -0.4692 -0.1799 0.8646
vn -0.1456 -0.2868 0.9469
vn -0.0602 -0.4343 0.8988
vn -0.1169 -0.3293 0.9370
vn -0.1652 -0.2395 0.9567
vn -0.1564 -0.2710 0.9498
vn -0.2023 -0.2986 0.9327
vn -0.2031 -0.2974 0.9329
vn -0.2604 -0.3332 0.9062
vn -0.2996 -0.4300 0.8517
vn -0.2638 -0.4705 0.8421
vn -0.3661 -0.3015 0.8804
vn -0.4210 -0.3329 0.8438
vn -0.4105 -0.3642 0.8360
vn -0.3814 -0.4708 0.7955
vn -0.1241 -0.4603 0.8790
vn -0.1987 -0.4839 0.8523
vn -0.1861 -0.5138 0.8375
vn -0.6562 0.2813 0.7003
vn -0.2321 -0.5255 0.8185
vn -0.2445 -0.4971 0.8325
vn -0.2620 -0.5463 0.7956
vn -0.2604 -0.5500 0.7935
vn -0.2608 -0.5495 0.7937
vn -0.2627 -0.5460 0.7955
vn -0.2878 -0.6014 0.7453
vn -0.6374 -0.2293 0.7356
vn 0.2973 -0.4110 0.8618
vn 0.2977 -0.4105 0.8619
vn 0.3954 -0.4312 0.8110
vn 0.3956 -0.4315 0.8107
vn 0.3956 -0.4314 0.8108
vn 0.5050 -0.4787 0.7182
vn 0.5054 -0.4782 0.7183
vn 0.5053 -0.4783 0.7183
vn 0.5234 -0.5184 0.6763
vn 0.5233 -0.5185 0.6762
vn 0.5230 -0.5189 0.6761
vn 0.4890 -0.5624 0.6668
vn 0.4745 -0.5550 0.6832
vn 0.3872 -0.5229 0.7594
vn -0.1896 -0.6070 0.7718
vn -0.1686 -0.6212 0.7653
vn -0.1730 -0.6184 0.7666
vn -0.1944 -0.6036 0.7732
vn -0.4211 -0.4810 0.7690
vn -0.4419 -0.4583 0.7711
vn -0.4386 -0.4621 0.7708
vn -0.4166 -0.4861 0.7682
vn -0.6266 -0.2839 0.7258
vn -0.6267 -0.2839 0.7257
vn -0.6972 -0.1596 0.6989
vn -0.6683 -0.1989 0.7168
vn -0.6213 -0.2582 0.7398
vn -0.6702 -0.1632 0.7240
vn -0.6704 -0.1635 0.7238
vn -0.6701 -0.1630 0.7241
vn -0.5534 0.1234 0.8237
vn -0.5534 0.1231 0.8238
vn -0.5534 0.1232 0.8237
vn -0.5285 0.0870 0.8444
vn -0.5283 0.0873 0.8445
vn -0.5285 0.0871 0.8445
vn -0.3013 -0.0881 0.9494
vn -0.3014 -0.0882 0.9494
vn -0.1697 -0.1305 0.9768
vn -0.1696 -0.1304 0.9768
vn -0.1697 -0.1304 0.9768
vn 0.1337 -0.3689 0.9198
vn 0.0991 -0.3646 0.9259
vn 0.2196 -0.4263 0.8775
vn 0.1836 -0.4661 0.8654
vn 0.1701 -0.4566 0.8733
vn 0.1285 -0.4280 0.8946
vn 0.3489 -0.5058 0.7890
vn 0.3999 -0.5757 0.7132
vn 0.2004 -0.5113 0.8357
vn 0.2035 -0.5137 0.8335
vn 0.1612 -0.3180 0.9343
vn 0.1611 -0.3181 0.9343
vn -0.0166 -0.2603 0.9654
vn -0.0165 -0.2601 0.9654
vn -0.0162 -0.2598 0.9655
vn -0.6272 -0.3581 0.6917
vn -0.6271 -0.3580 0.6918
vn -0.4340 -0.5161 0.7384
vn -0.4348 -0.5156 0.7383
vn -0.4346 -0.5156 0.7384
vn -0.4578 -0.5493 0.6991
vn -0.4535 -0.5530 0.6989
vn -0.4660 -0.5410 0.7001
vn -0.2475 -0.6707 0.6992
vn -0.2474 -0.6707 0.6993
vn -0.2474 -0.6707 0.6992
vn -0.0927 -0.7284 0.6789
vn -0.2054 -0.6825 0.7015
vn -0.1887 -0.6886 0.7002
vn -0.4775 -0.5817 0.6585
vn -0.4776 -0.5819 0.6583
vn -0.4775 -0.5814 0.6588
vn -0.4609 -0.5459 0.6997
vn -0.5412 -0.5320 0.6512
vn -0.4630 -0.5962 0.6559
vn -0.4566 -0.5992 0.6576
vn -0.3828 -0.6801 0.6252
vn -0.3901 -0.6907 0.6089
vn -0.3831 -0.6684 0.6376
vn -0.2216 -0.7151 0.6630
vn -0.2216 -0.7151 0.6629
vn -0.2791 -0.6977 0.6597
vn -0.2786 -0.6974 0.6603
vn -0.2778 -0.6973 0.6608
vn -0.5830 0.0526 0.8107
vn -0.5848 0.0550 0.8093
vn -0.5931 0.0666 0.8024
vn -0.5949 0.0688 0.8008
vn -0.6276 0.0503 0.7769
vn -0.6670 0.0876 0.7399
vn -0.6202 0.0392 0.7835
vn -0.6548 0.0704 0.7525
vn -0.6499 -0.0030 0.7600
vn -0.6999 0.0723 0.7106
vn -0.7141 0.0795 0.6955
vn -0.5754 -0.1230 0.8086
vn -0.5492 -0.1367 0.8245
vn -0.6729 -0.0035 0.7397
vn -0.6788 -0.0749 0.7305
vn -0.6920 -0.0569 0.7197
vn -0.6892 -0.0583 0.7222
vn -0.7090 -0.0842 0.7001
vn -0.7126 -0.0940 0.6952
vn -0.3320 -0.1172 0.9360
vn -0.2564 -0.1760 0.9504
vn -0.4230 -0.0399 0.9053
vn -0.4541 -0.0937 0.8860
vn -0.4541 -0.0938 0.8860
vn -0.4790 -0.1368 0.8671
vn -0.4838 -0.1310 0.8653
vn -0.5013 -0.1105 0.8582
vn -0.5045 -0.1063 0.8568
vn -0.5304 -0.1563 0.8332
vn -0.5126 -0.1819 0.8391
vn -0.5270 -0.2199 0.8209
vn -0.5271 -0.2200 0.8208
vn -0.5500 -0.2595 0.7938
vn -0.5499 -0.2597 0.7938
vn -0.5500 -0.2596 0.7938
vn -0.5767 -0.3065 0.7572
vn -0.2360 -0.1928 0.9524
vn -0.2410 -0.1870 0.9523
vn -0.1693 -0.2779 0.9456
vn -0.2537 -0.2195 0.9420
vn -0.2159 -0.2578 0.9418
vn -0.2325 -0.2440 0.9415
vn -0.0772 -0.3885 0.9182
vn -0.2580 -0.2905 0.9214
vn -0.0619 -0.4014 0.9138
vn -0.2573 -0.2908 0.9215
vn -0.1089 -0.4391 0.8918
vn -0.2832 -0.3357 0.8984
vn -0.1131 -0.4346 0.8935
vn -0.2843 -0.3350 0.8983
vn -0.3120 -0.3859 0.8682
vn -0.3159 -0.3819 0.8685
vn -0.3365 -0.3629 0.8690
vn -0.3423 -0.3573 0.8690
vn -0.2610 -0.4635 0.8467
vn -0.3560 -0.3963 0.8463
vn -0.3032 -0.4436 0.8434
vn -0.3337 -0.4208 0.8435
vn -0.3600 -0.4678 0.8072
vn -0.3702 -0.4584 0.8080
vn -0.4057 -0.4250 0.8092
vn -0.4158 -0.4152 0.8092
vn 0.3904 -0.4999 0.7731
vn 0.2339 -0.4204 0.8767
vn -0.0291 -0.2849 0.9581
vn -0.0668 -0.3507 0.9341
vn 0.1159 -0.4190 0.9006
vn -0.0781 -0.4941 0.8659
vn 0.0117 -0.5493 0.8356
vn -0.1036 -0.4769 0.8728
vn -0.1305 -0.5477 0.8265
vn -0.1239 -0.5796 0.8054
vn -0.0316 -0.6348 0.7720
vn -0.1553 -0.5588 0.8146
vn 0.0967 -0.5391 0.8367
vn 0.0699 -0.5187 0.8521
vn 0.4002 -0.6080 0.6857
vn 0.3260 -0.5838 0.7435
vn 0.3469 -0.5898 0.7292
vn 0.3317 -0.6258 0.7059
vn 0.2736 -0.6193 0.7360
vn 0.2574 -0.6484 0.7165
vn 0.0298 -0.5645 0.8249
vn 0.0504 -0.6012 0.7975
vn 0.1827 -0.6514 0.7364
vn 0.0146 -0.5813 0.8135
vn 0.0011 -0.6522 0.7580
vn 0.2105 -0.6616 0.7197
vn 0.2559 -0.6109 0.7492
vn -0.2267 -0.6362 0.7375
vn -0.2107 -0.6470 0.7328
vn -0.2135 -0.6453 0.7335
vn -0.2298 -0.6341 0.7383
vn -0.4339 -0.5162 0.7384
vn -0.7349 0.2088 0.6452
vn -0.7351 0.2087 0.6451
vn -0.7228 0.1597 0.6723
vn -0.7238 0.1592 0.6714
vn -0.7223 0.1599 0.6728
vn -0.4915 -0.0880 0.8664
vn -0.4748 -0.0307 0.8795
vn -0.5002 -0.0499 0.8645
vn -0.4826 -0.0985 0.8703
vn -0.2735 -0.2436 0.9305
vn -0.3647 -0.1392 0.9207
vn -0.3317 -0.1653 0.9288
vn -0.2583 -0.2539 0.9321
vn -0.2007 -0.2862 0.9369
vn -0.2007 -0.2866 0.9368
vn -0.2007 -0.2864 0.9368
vn -0.1170 -0.3520 0.9287
vn -0.1129 -0.3521 0.9291
vn -0.1453 -0.4512 0.8805
vn -0.6229 0.0759 0.7786
vn -0.5597 0.0794 0.8249
vn -0.6048 0.0715 0.7931
vn -0.7192 -0.0473 0.6932
vn -0.7060 -0.1289 0.6964
vn -0.6624 -0.1838 0.7262
vn -0.6628 -0.1840 0.7259
vn -0.6626 -0.1840 0.7261
vn -0.3153 -0.2563 0.9137
vn -0.2569 -0.3290 0.9087
vn -0.3795 -0.2471 0.8916
vn -0.3298 -0.3252 0.8863
vn -0.2772 -0.3547 0.8929
vn -0.1967 -0.4199 0.8860
vn -0.3867 -0.2875 0.8763
vn -0.4104 -0.2782 0.8684
vn -0.3891 -0.2903 0.8743
vn -0.2965 -0.3724 0.8794
vn -0.3539 -0.3502 0.8672
vn -0.4933 -0.2631 0.8291
vn -0.4845 -0.2776 0.8296
vn -0.3986 -0.3774 0.8359
vn -0.5679 -0.2031 0.7976
vn -0.5684 -0.2047 0.7969
vn -0.5682 -0.2036 0.7973
vn -0.4059 -0.4030 0.8203
vn -0.0955 -0.6177 0.7806
vn -0.3622 -0.4753 0.8018
vn -0.3169 -0.5500 0.7727
vn -0.3316 -0.5581 0.7607
vn -0.4825 -0.4190 0.7692
vn -0.4828 -0.4192 0.7689
vn -0.4826 -0.4191 0.7691
vn -0.5084 -0.3897 0.7679
vn -0.5085 -0.3898 0.7678
vn -0.5650 -0.3378 0.7528
vn -0.5604 -0.3377 0.7563
vn -0.5635 -0.3371 0.7542
vn -0.4583 -0.6090 0.6473
vn -0.4362 -0.6451 0.6273
vn -0.4656 -0.6052 0.6458
vn -0.4342 -0.6578 0.6155
vn -0.5437 -0.5298 0.6510
vn -0.4324 -0.6995 0.5690
vn -0.3961 -0.7150 0.5761
vn -0.4035 -0.6576 0.6362
vn -0.3598 -0.7069 0.6090
vn -0.3742 -0.6878 0.6220
vn -0.4232 -0.6561 0.6249
vn -0.3679 -0.6534 0.6616
vn -0.2371 -0.7025 0.6710
vn -0.2373 -0.7025 0.6710
vn -0.2378 -0.7025 0.6708
vn 0.0255 -0.7200 0.6935
vn 0.0255 -0.7181 0.6955
vn 0.0226 -0.7200 0.6936
vn 0.1253 -0.7048 0.6982
vn 0.1247 -0.7053 0.6979
vn 0.1251 -0.7050 0.6980
vn 0.1215 -0.6985 0.7052
vn 0.1212 -0.6975 0.7063
vn 0.1212 -0.6966 0.7071
vn 0.0169 -0.6736 0.7389
vn 0.0141 -0.6765 0.7363
vn 0.0049 -0.6790 0.7341
vn -0.2372 -0.5902 0.7716
vn -0.3556 -0.5342 0.7670
vn -0.3225 -0.5407 0.7769
vn -0.3774 -0.5151 0.7696
vn -0.3684 -0.6527 0.6620
vn -0.3606 -0.6433 0.6754
vn -0.2886 -0.6659 0.6880
vn -0.2880 -0.6652 0.6889
vn -0.2860 -0.6646 0.6902
vn -0.2589 -0.6561 0.7089
vn -0.2602 -0.6572 0.7073
vn -0.2606 -0.6584 0.7061
vn -0.2093 -0.6691 0.7131
vn -0.2140 -0.6727 0.7083
vn -0.2106 -0.6710 0.7109
vn -0.1653 -0.6596 0.7332
vn -0.1695 -0.6609 0.7311
vn -0.1637 -0.6580 0.7350
vn -0.0976 -0.6744 0.7319
vn -0.1094 -0.6794 0.7255
vn -0.1009 -0.6776 0.7285
vn -0.3502 -0.4831 0.8025
vn -0.3857 -0.4599 0.7998
vn -0.3850 -0.4553 0.8028
vn -0.1037 -0.4701 0.8765
vn -0.1912 -0.3992 0.8967
vn -0.0487 -0.4543 0.8895
vn 0.0686 -0.4724 0.8787
vn 0.0242 -0.4139 0.9100
vn 0.1721 -0.5098 0.8429
vn 0.4356 -0.5562 0.7077
vn 0.2674 -0.5107 0.8171
vn 0.3533 -0.5300 0.7709
vn -0.2417 -0.3433 0.9076
vn -0.0149 -0.4276 0.9038
vn 0.2510 -0.4850 0.8377
vn 0.2500 -0.4827 0.8394
vn 0.2500 -0.4810 0.8403
vn 0.3205 -0.4796 0.8169
vn 0.3205 -0.4795 0.8169
vn -0.0938 -0.3756 0.9220
vn 0.1808 -0.4469 0.8761
vn 0.1654 -0.4012 0.9010
vn 0.1542 -0.3702 0.9161
vn -0.0979 -0.3419 0.9346
vn 0.0505 -0.3968 0.9165
vn 0.0402 -0.3743 0.9264
vn 0.0265 -0.3607 0.9323
vn -0.2269 -0.2947 0.9283
vn -0.1478 -0.3135 0.9380
vn 0.5361 -0.5357 0.6524
vn 0.5364 -0.5354 0.6524
vn 0.5362 -0.5356 0.6524
vn 0.4789 -0.5631 0.6735
vn 0.4636 -0.5823 0.6678
vn 0.4205 -0.5930 0.6867
vn 0.4205 -0.5932 0.6865
vn 0.4203 -0.5937 0.6862
vn 0.4154 -0.6127 0.6724
vn 0.3443 -0.6283 0.6977
vn 0.3404 -0.6400 0.6889
vn -0.2150 -0.5379 0.8151
vn -0.1203 -0.6100 0.7832
vn -0.1375 -0.6018 0.7867
vn 0.1231 -0.6421 0.7566
vn 0.1230 -0.6425 0.7563
vn 0.1231 -0.6419 0.7568
vn 0.0506 -0.6307 0.7744
vn 0.0509 -0.6306 0.7744
vn 0.0507 -0.6307 0.7744
vn -0.0498 -0.6311 0.7741
vn -0.0496 -0.6310 0.7742
vn -0.0499 -0.6312 0.7740
vn 0.2334 -0.6587 0.7153
vn 0.2338 -0.6632 0.7109
vn 0.2083 -0.6854 0.6977
vn 0.2078 -0.6860 0.6973
vn 0.2080 -0.6857 0.6975
vn 0.0212 -0.7217 0.6919
vn -0.0633 -0.7242 0.6866
vn -0.0661 -0.7212 0.6896
vn -0.2875 -0.7073 0.6458
vn -0.2859 -0.7071 0.6468
vn -0.2850 -0.7064 0.6479
vn -0.4227 -0.6913 0.5861
vn -0.1551 -0.7274 0.6684
vn -0.1800 -0.7423 0.6454
vn -0.1649 -0.7316 0.6615
vn -0.3610 -0.7119 0.6024
vn -0.1932 -0.7445 0.6390
vn -0.2530 -0.7173 0.6493
vn -0.2429 -0.7076 0.6636
vn -0.2577 -0.7222 0.6419
vn -0.2681 -0.7316 0.6267
vn -0.4022 -0.7375 0.5424
vn -0.5058 -0.5430 0.6703
vn -0.5539 -0.4844 0.6772
vn -0.4786 -0.5687 0.6690
vn -0.4237 -0.5909 0.6865
vn -0.4237 -0.5911 0.6864
vn -0.4237 -0.5912 0.6863
vn -0.3707 -0.6015 0.7077
vn -0.4302 -0.5627 0.7059
vn -0.3062 -0.6387 0.7059
vn -0.2690 -0.6149 0.7413
vn -0.5603 -0.4690 0.6827
vn -0.5604 -0.4687 0.6828
vn -0.5602 -0.4693 0.6826
vn -0.5769 -0.4611 0.6742
vn -0.5828 -0.4502 0.6765
vn -0.6190 -0.3755 0.6899
vn -0.5751 -0.4611 0.6757
vn -0.4738 -0.5188 0.7116
vn -0.4743 -0.5211 0.7096
vn -0.4734 -0.5247 0.7075
vn -0.4917 -0.4859 0.7226
vn -0.4913 -0.4813 0.7259
vn -0.4902 -0.4799 0.7276
vn -0.5041 -0.4634 0.7288
vn -0.6263 -0.3590 0.6920
vn -0.5906 -0.3648 0.7198
vn -0.5966 -0.3640 0.7153
vn -0.5992 -0.3654 0.7124
vn -0.6754 -0.2580 0.6908
vn -0.6751 -0.2585 0.6909
vn -0.6752 -0.2585 0.6909
vn -0.6323 -0.3122 0.7090
vn -0.6379 -0.3117 0.7042
vn -0.6343 -0.3127 0.7070
vn -0.7170 -0.0220 0.6968
vn -0.7175 -0.0199 0.6963
vn -0.7170 -0.0208 0.6968
vn -0.6184 -0.1358 0.7740
vn -0.6186 -0.1363 0.7738
vn -0.6185 -0.1361 0.7739
vn -0.5800 -0.1115 0.8070
vn -0.5800 -0.1116 0.8070
vn -0.5800 -0.1114 0.8070
vn -0.4760 -0.1623 0.8643
vn -0.4583 -0.1347 0.8785
vn -0.7290 0.0549 0.6823
vn -0.7364 0.0538 0.6744
vn -0.7338 0.0571 0.6770
vn -0.7263 0.0578 0.6850
vn -0.7321 0.1132 0.6717
vn -0.7230 0.1205 0.6802
vn -0.7295 0.1505 0.6672
vn -0.4932 -0.1049 0.8636
vn -0.6094 -0.0198 0.7926
vn -0.6093 -0.0198 0.7927
vn -0.5703 -0.2604 0.7790
vn -0.6313 -0.0462 0.7741
vn -0.6314 -0.0463 0.7741
vn -0.6313 -0.0462 0.7742
vn -0.2028 -0.4632 0.8628
vn -0.3073 -0.4293 0.8493
vn -0.2305 -0.4956 0.8374
vn -0.4195 -0.3989 0.8154
vn -0.4805 -0.3533 0.8027
vn -0.4800 -0.3528 0.8032
vn -0.4803 -0.3531 0.8029
vn -0.4392 -0.7130 0.5466
vn -0.4342 -0.7350 0.5209
vn -0.4003 -0.7007 0.5905
vn -0.4433 -0.7012 0.5584
vn -0.2762 -0.7175 0.6394
vn -0.3733 -0.5602 0.7394
vn -0.2991 -0.5878 0.7517
vn -0.2131 -0.6248 0.7511
vn -0.2325 -0.5296 0.8158
vn -0.2012 -0.5178 0.8315
vn -0.2766 -0.4734 0.8363
vn -0.3423 -0.4292 0.8358
vn 0.1296 -0.5967 0.7919
vn 0.1298 -0.5960 0.7925
vn 0.1294 -0.5971 0.7916
vn 0.2336 -0.6088 0.7581
vn 0.2335 -0.6093 0.7578
vn 0.2340 -0.6101 0.7570
vn -0.1234 -0.5380 0.8339
vn -0.1231 -0.5376 0.8341
vn -0.1240 -0.5383 0.8335
vn -0.0902 -0.5286 0.8441
vn -0.1873 -0.4796 0.8573
vn -0.2742 -0.4211 0.8646
vn -0.0098 -0.5430 0.8396
vn 0.0125 -0.5218 0.8529
vn 0.1591 -0.5571 0.8150
vn 0.1591 -0.5571 0.8151
vn 0.2276 -0.5521 0.8021
vn -0.5307 0.5501 0.6448
vn -0.5308 0.5500 0.6448
vn -0.5505 0.5172 0.6554
vn -0.5416 0.5180 0.6620
vn -0.5564 0.5099 0.6561
vn -0.4433 0.1167 0.8888
vn -0.4201 0.1372 0.8970
vn -0.4422 0.1079 0.8904
vn -0.3804 -0.0819 0.9212
vn -0.3496 -0.0081 0.9369
vn -0.3535 -0.1525 0.9229
vn -0.2710 -0.2644 0.9255
vn -0.2906 -0.2577 0.9215
vn -0.2774 -0.2284 0.9332
vn -0.4973 0.3492 0.7942
vn -0.4971 0.3491 0.7944
vn -0.4593 0.3183 0.8293
vn -0.4732 0.3180 0.8216
vn -0.4812 0.3212 0.8156
vn -0.3597 0.1055 0.9271
vn -0.3287 -0.2510 0.9105
vn -0.4744 0.1041 0.8741
vn -0.4189 -0.1285 0.8989
vn -0.4544 -0.0853 0.8867
vn -0.5388 0.0589 0.8404
vn -0.5366 0.1264 0.8343
vn -0.5039 -0.0998 0.8580
vn -0.5950 0.1548 0.7887
vn -0.5882 0.1503 0.7947
vn -0.5990 0.1542 0.7858
vn -0.6444 0.3245 0.6924
vn -0.6739 0.2451 0.6970
vn -0.6612 0.1629 0.7323
vn -0.6627 0.1625 0.7310
vn -0.6619 0.1624 0.7318
vn -0.6500 0.0510 0.7582
vn -0.6499 0.0509 0.7583
vn -0.6162 -0.0597 0.7853
vn -0.6077 -0.0975 0.7882
vn -0.6083 -0.0978 0.7876
vn -0.6081 -0.0977 0.7878
vn -0.5524 -0.2769 0.7863
vn -0.5686 -0.1907 0.8002
vn -0.5437 -0.2640 0.7967
vn -0.6010 0.0640 0.7967
vn -0.6020 0.0621 0.7961
vn -0.5998 0.0650 0.7975
vn -0.5353 -0.1289 0.8348
vn -0.5128 -0.2412 0.8239
vn -0.5185 -0.2246 0.8251
vn -0.5209 -0.2512 0.8158
vn -0.5177 -0.3598 0.7763
vn -0.6885 -0.3250 0.6483
vn -0.6889 -0.3253 0.6478
vn -0.6886 -0.3251 0.6481
vn -0.6926 -0.3264 0.6433
vn -0.6564 -0.4127 0.6315
vn -0.6933 -0.3657 0.6210
vn -0.7311 -0.2146 0.6476
vn -0.7232 -0.4462 0.5271
vn -0.7090 -0.3898 0.5877
vn -0.6925 -0.4553 0.5596
vn -0.7467 -0.3996 0.5317
vn -0.7067 -0.4166 0.5719
vn -0.7096 -0.3987 0.5810
vn -0.7163 -0.3488 0.6044
vn -0.7200 -0.3130 0.6193
vn -0.6812 -0.4088 0.6074
vn -0.6466 -0.4208 0.6363
vn -0.6448 -0.4201 0.6385
vn -0.6410 -0.4216 0.6414
vn -0.6248 -0.4299 0.6518
vn -0.6545 -0.3697 0.6595
vn -0.6272 -0.4059 0.6647
vn -0.4165 -0.6012 0.6820
vn -0.4168 -0.6019 0.6812
vn -0.4165 -0.6037 0.6797
vn -0.3111 -0.6449 0.6981
vn -0.3000 -0.6438 0.7040
vn -0.2830 -0.6393 0.7150
vn -0.2709 -0.6631 0.6978
vn -0.2263 -0.6697 0.7074
vn -0.4351 -0.4807 0.7614
vn -0.4327 -0.4800 0.7631
vn -0.4392 -0.4795 0.7597
vn -0.5367 -0.3197 0.7809
vn -0.4593 -0.4536 0.7638
vn -0.5260 -0.3607 0.7702
vn -0.5324 -0.4946 0.6870
vn -0.5333 -0.4945 0.6863
vn -0.5320 -0.4944 0.6874
vn -0.4388 -0.5487 0.7116
vn -0.4413 -0.5479 0.7107
vn -0.4400 -0.5486 0.7110
vn -0.3443 -0.6071 0.7162
vn -0.3468 -0.6065 0.7155
vn -0.3432 -0.6067 0.7170
vn -0.5436 -0.4754 0.6918
vn -0.5435 -0.4754 0.6918
vn -0.5437 -0.4754 0.6916
vn -0.5231 -0.4560 0.7200
vn -0.5232 -0.4561 0.7199
vn -0.6801 -0.2968 0.6703
vn -0.5009 -0.4973 0.7084
vn -0.4986 -0.4938 0.7124
vn -0.4998 -0.4964 0.7098
vn -0.5767 -0.2615 0.7740
vn -0.5262 -0.2762 0.8042
vn -0.5550 -0.2152 0.8035
vn -0.4803 -0.3012 0.8237
vn -0.3883 -0.3496 0.8526
vn -0.3960 -0.3120 0.8636
vn -0.3689 -0.3477 0.8620
vn -0.3556 -0.3107 0.8815
vn -0.3901 -0.2624 0.8826
vn -0.4248 -0.1748 0.8882
vn -0.2485 -0.4735 0.8450
vn -0.2960 -0.3781 0.8772
vn -0.2871 -0.3876 0.8760
vn -0.2800 -0.3771 0.8828
vn -0.2803 -0.3660 0.8874
vn -0.2602 -0.3605 0.8957
vn -0.1628 -0.4770 0.8637
vn -0.1622 -0.4771 0.8638
vn -0.1615 -0.4774 0.8637
vn -0.1508 -0.4796 0.8644
vn -0.2076 -0.3385 0.9178
vn -0.0833 -0.5410 0.8369
vn -0.0821 -0.5406 0.8373
vn -0.0800 -0.5410 0.8372
vn -0.0082 -0.5728 0.8196
vn -0.0101 -0.5725 0.8199
vn -0.0113 -0.5727 0.8197
vn 0.1324 -0.7212 0.6799
vn 0.0214 -0.6002 0.7996
vn 0.0400 -0.6206 0.7831
vn 0.0895 -0.6308 0.7707
vn 0.0876 -0.6307 0.7711
vn 0.0862 -0.6310 0.7710
vn 0.1365 -0.6691 0.7306
vn 0.1590 -0.6037 0.7812
vn 0.1758 -0.5596 0.8099
vn -0.2350 -0.3304 0.9141
vn -0.0720 -0.4698 0.8798
vn -0.0634 -0.4500 0.8908
vn -0.0562 -0.4339 0.8992
vn -0.2624 -0.2431 0.9338
vn -0.1819 -0.3426 0.9217
vn -0.2066 -0.2561 0.9443
vn -0.1734 -0.3084 0.9353
vn -0.2901 -0.1941 0.9371
vn 0.2165 -0.7610 0.6116
vn 0.1409 -0.7314 0.6672
vn 0.1141 -0.7373 0.6659
vn 0.0670 -0.7214 0.6893
vn 0.0696 -0.7208 0.6896
vn 0.0681 -0.7210 0.6896
vn 0.0376 -0.7208 0.6922
vn 0.0228 -0.7155 0.6982
vn 0.0120 -0.7305 0.6828
vn -0.1509 -0.6366 0.7563
vn -0.1484 -0.6358 0.7574
vn -0.1473 -0.6351 0.7583
vn -0.2356 -0.5641 0.7914
vn -0.2340 -0.5638 0.7921
vn -0.2350 -0.5638 0.7917
vn -0.2798 -0.5525 0.7851
vn -0.2787 -0.5525 0.7855
vn -0.2801 -0.5527 0.7849
vn -0.0794 -0.6977 0.7119
vn -0.0984 -0.7084 0.6989
vn -0.0940 -0.7028 0.7051
vn -0.2704 -0.5716 0.7747
vn -0.2711 -0.5717 0.7744
vn -0.2724 -0.5714 0.7741
vn -0.3235 -0.5611 0.7619
vn -0.3222 -0.5612 0.7624
vn -0.3215 -0.5610 0.7628
vn -0.3913 -0.5025 0.7710
vn -0.3933 -0.5030 0.7696
vn -0.3984 -0.5015 0.7680
vn -0.1204 -0.6962 0.7076
vn -0.1189 -0.6996 0.7046
vn -0.1586 -0.7001 0.6962
vn -0.3288 -0.6482 0.6868
vn -0.4286 -0.5876 0.6863
vn -0.4471 -0.5805 0.6805
vn -0.5652 -0.4957 0.6594
vn -0.5647 -0.4957 0.6599
vn -0.5644 -0.4955 0.6602
vn -0.6252 -0.4621 0.6289
vn -0.6252 -0.4623 0.6288
vn -0.6250 -0.4638 0.6279
vn -0.7177 -0.3901 0.5769
vn -0.5323 -0.5374 0.6541
vn -0.5367 -0.5412 0.6473
vn -0.5369 -0.5415 0.6469
vn -0.5367 -0.5412 0.6474
vn -0.6593 -0.4352 0.6132
vn -0.6865 -0.4166 0.5960
vn -0.6559 -0.4408 0.6128
vn -0.6715 -0.4008 0.6232
vn -0.6705 -0.4059 0.6210
vn -0.7394 -0.1754 0.6501
vn -0.7247 -0.1946 0.6610
vn -0.7001 -0.2325 0.6751
vn -0.6968 -0.2492 0.6725
vn -0.6895 -0.2451 0.6815
vn -0.6868 -0.2445 0.6845
vn -0.6860 -0.2446 0.6853
vn -0.5757 -0.4101 0.7074
vn -0.6201 -0.2748 0.7348
vn -0.6004 -0.3214 0.7323
vn -0.7293 -0.1676 0.6633
vn -0.6842 -0.2278 0.6928
vn -0.6845 -0.2276 0.6926
vn -0.6644 -0.2393 0.7080
vn -0.6651 -0.2392 0.7074
vn -0.6642 -0.2392 0.7083
vn -0.7302 -0.0769 0.6789
vn -0.7246 -0.0717 0.6854
vn -0.7250 -0.0733 0.6848
vn -0.5987 -0.2616 0.7571
vn -0.5443 -0.3934 0.7409
vn -0.6079 -0.2500 0.7537
vn -0.5798 -0.3071 0.7547
vn -0.7203 -0.0665 0.6905
vn -0.7301 -0.0294 0.6827
vn -0.7303 -0.0292 0.6825
vn -0.7302 -0.0294 0.6826
vn -0.7247 0.0394 0.6879
vn -0.7237 0.0409 0.6889
vn -0.7241 0.0398 0.6886
vn -0.6849 -0.1128 0.7198
vn -0.6858 -0.1133 0.7189
vn -0.6863 -0.1138 0.7183
vn -0.6670 -0.0875 0.7399
vn -0.6659 -0.0864 0.7410
vn -0.6652 -0.0860 0.7417
vn -0.6531 -0.1131 0.7488
vn -0.6532 -0.1132 0.7487
vn -0.6533 -0.1133 0.7485
vn -0.6987 0.1026 0.7080
vn -0.6986 0.1028 0.7081
vn -0.6986 0.1029 0.7081
vn -0.7032 0.1045 0.7033
vn -0.7036 0.1046 0.7029
vn -0.7029 0.1044 0.7036
vn -0.6356 0.3468 0.6898
vn -0.6358 0.3463 0.6898
vn -0.6359 0.3457 0.6900
vn -0.6082 0.2144 0.7643
vn -0.6074 0.2149 0.7648
vn -0.6079 0.2146 0.7645
vn -0.6058 0.4134 0.6798
vn -0.6124 0.4178 0.6711
vn -0.6074 0.4164 0.6765
vn -0.6003 0.4137 0.6844
vn -0.5807 0.4587 0.6726
vn -0.5706 0.4587 0.6812
vn -0.5365 0.3297 0.7768
vn -0.5370 0.3296 0.7765
vn -0.5367 0.3297 0.7767
vn -0.5591 0.5096 0.6540
vn -0.4845 0.1012 0.8689
vn -0.4740 0.1385 0.8695
vn -0.5345 0.3179 0.7831
vn -0.5341 0.3183 0.7832
vn -0.5337 0.3193 0.7831
vn -0.5414 0.1791 0.8215
vn -0.5379 0.1780 0.8240
vn -0.5397 0.1790 0.8226
vn -0.3880 -0.2517 0.8866
vn -0.4717 -0.1500 0.8689
vn -0.5404 0.1797 0.8220
vn -0.5734 0.2526 0.7794
vn -0.5733 0.2526 0.7794
vn -0.4320 -0.2634 0.8626
vn -0.5394 -0.1096 0.8349
vn -0.5760 -0.0349 0.8167
vn -0.5757 -0.0346 0.8169
vn -0.5759 -0.0348 0.8168
vn -0.6934 0.0632 0.7178
vn -0.6931 0.0635 0.7181
vn -0.6936 0.0630 0.7176
vn -0.6671 -0.4568 0.5885
vn -0.6615 -0.4582 0.5937
vn -0.5808 -0.3276 0.7452
vn -0.5987 -0.2966 0.7441
vn -0.5086 -0.4229 0.7500
vn -0.4189 -0.3499 0.8379
vn -0.5024 -0.2160 0.8372
vn -0.3572 -0.3867 0.8502
vn -0.4187 -0.3967 0.8169
vn -0.4180 -0.3939 0.8186
vn -0.4199 -0.3978 0.8157
vn -0.1022 -0.6151 0.7818
vn -0.1036 -0.6154 0.7813
vn -0.1043 -0.6158 0.7810
vn -0.2868 -0.4648 0.8377
vn -0.2333 -0.4861 0.8422
vn -0.1423 -0.5723 0.8076
vn -0.1426 -0.5726 0.8073
vn -0.1428 -0.5734 0.8068
vn -0.0523 0.8438 0.5341
vn 0.0088 0.8113 0.5845
vn 0.3071 0.5929 0.7445
vn 0.3071 0.5934 0.7440
vn 0.3071 0.5933 0.7441
vn 0.2899 0.5633 0.7737
vn 0.2899 0.5635 0.7736
vn 0.2899 0.5632 0.7738
vn 0.3538 0.4831 0.8009
vn 0.3566 0.4845 0.7988
vn 0.3577 0.4861 0.7974
vn 0.4376 0.4405 0.7839
vn 0.4372 0.4395 0.7847
vn 0.4391 0.4413 0.7826
vn 0.3777 0.4316 0.8192
vn 0.3793 0.4329 0.8178
vn 0.3774 0.4307 0.8198
vn 0.4551 0.3764 0.8070
vn 0.4590 0.3783 0.8038
vn 0.4579 0.3769 0.8052
vn 0.4730 0.2350 0.8491
vn 0.5134 0.2577 0.8185
vn 0.5047 0.2343 0.8309
vn 0.5437 0.2579 0.7987
vn 0.5440 0.2570 0.7988
vn 0.5439 0.2575 0.7987
vn 0.7170 0.2112 0.6644
vn 0.7161 0.2172 0.6633
vn 0.7231 0.2230 0.6538
vn 0.7404 0.1856 0.6460
vn 0.7404 0.1856 0.6461
vn 0.7404 0.1855 0.6461
vn 0.4327 0.4996 0.7505
vn 0.4362 0.5023 0.7466
vn 0.4354 0.5008 0.7481
vn 0.5585 0.2925 0.7762
vn 0.5584 0.2926 0.7763
vn 0.5584 0.2925 0.7762
vn 0.0310 0.8029 0.5953
vn 0.0788 0.7601 0.6450
vn 0.2302 0.6648 0.7106
vn 0.2299 0.6635 0.7119
vn 0.2301 0.6638 0.7116
vn 0.2215 0.7168 0.6612
vn 0.2226 0.7166 0.6610
vn 0.2220 0.7166 0.6612
vn 0.2847 0.6739 0.6818
vn 0.2848 0.6742 0.6815
vn 0.2878 0.6802 0.6742
vn 0.3471 0.6321 0.6928
vn 0.3762 0.6208 0.6878
vn 0.3761 0.6208 0.6878
vn 0.3762 0.6207 0.6879
vn 0.4371 0.5565 0.7066
vn 0.4368 0.5560 0.7072
vn 0.4369 0.5561 0.7070
vn 0.4420 0.5590 0.7016
vn 0.4420 0.5592 0.7014
vn 0.4419 0.5594 0.7012
vn 0.5462 0.4638 0.6976
vn 0.5985 0.3985 0.6950
vn 0.6149 0.3774 0.6924
vn 0.6148 0.3778 0.6923
vn 0.6144 0.3783 0.6924
vn 0.6594 0.3230 0.6789
vn 0.6545 0.3198 0.6851
vn 0.6522 0.3196 0.6874
vn 0.6495 0.3136 0.6927
vn 0.6795 0.2755 0.6800
vn 0.6775 0.2669 0.6854
vn 0.7211 0.2285 0.6541
vn 0.2507 0.2588 0.9328
vn 0.3241 0.2938 0.8992
vn 0.3243 0.3256 0.8882
vn 0.3141 0.3336 0.8888
vn 0.3709 0.3530 0.8589
vn 0.3522 0.3593 0.8642
vn 0.3479 0.3633 0.8643
vn 0.2389 0.4164 0.8772
vn 0.2254 0.5693 0.7906
vn 0.2251 0.5688 0.7911
vn 0.2254 0.5697 0.7903
vn 0.1961 0.6361 0.7463
vn 0.1961 0.6361 0.7462
vn 0.2003 0.6677 0.7170
vn 0.2003 0.6678 0.7169
vn 0.1506 0.6913 0.7067
vn 0.1499 0.6902 0.7079
vn 0.1500 0.6906 0.7075
vn 0.1707 0.7040 0.6894
vn 0.1703 0.7037 0.6898
vn 0.1700 0.7032 0.6903
vn 0.1207 0.7323 0.6702
vn 0.1210 0.7329 0.6694
vn 0.1213 0.7332 0.6691
vn 0.0184 0.7805 0.6249
vn 0.1963 0.3351 0.9215
vn 0.1437 0.3416 0.9288
vn 0.0971 0.3526 0.9307
vn 0.2077 0.4402 0.8735
vn 0.1698 0.4825 0.8593
vn 0.1882 0.5175 0.8347
vn 0.2014 0.5190 0.8307
vn 0.1934 0.5232 0.8299
vn 0.0407 0.7549 0.6546
vn 0.0213 0.3416 0.9396
vn 0.0080 0.3680 0.9298
vn -0.0799 0.3661 0.9271
vn -0.0604 0.3106 0.9486
vn -0.2307 0.4822 0.8451
vn 0.0491 0.4155 0.9083
vn 0.0535 0.4180 0.9069
vn 0.0207 0.4111 0.9114
vn 0.0118 0.4115 0.9113
vn 0.0610 0.4772 0.8767
vn 0.0612 0.4772 0.8767
vn 0.0609 0.4772 0.8767
vn 0.0072 0.5541 0.8324
vn -0.0975 0.5361 0.8385
vn -0.0545 0.5459 0.8361
vn -0.0109 0.5933 0.8049
vn -0.0109 0.5931 0.8051
vn -0.0109 0.5930 0.8052
vn 0.0403 0.6009 0.7983
vn 0.0372 0.6219 0.7822
vn 0.0363 0.6273 0.7779
vn 0.0330 0.6478 0.7611
vn -0.0697 0.6672 0.7416
vn -0.0696 0.6673 0.7415
vn 0.0387 0.7037 0.7094
vn 0.0389 0.7036 0.7096
vn 0.0392 0.7034 0.7097
vn -0.0465 0.7349 0.6766
vn -0.1047 0.7199 0.6861
vn -0.0958 0.7350 0.6713
vn 0.0259 0.7558 0.6543
vn 0.0259 0.7560 0.6541
vn -0.1067 0.7775 0.6198
vn -0.0617 0.7935 0.6055
vn -0.1915 0.7359 0.6494
vn -0.2074 0.7186 0.6637
vn -0.2074 0.7187 0.6637
vn -0.2188 0.6568 0.7217
vn -0.1742 0.6208 0.7644
vn -0.2082 0.6404 0.7393
vn -0.2587 0.5453 0.7974
vn -0.2595 0.5452 0.7971
vn -0.2574 0.5451 0.7979
vn -0.2618 0.5161 0.8155
vn -0.1884 0.4052 0.8946
vn -0.2459 0.4797 0.8423
vn -0.3177 0.2986 0.8999
vn -0.2437 0.2703 0.9314
vn -0.3214 0.2741 0.9064
vn -0.3640 0.3566 0.8604
vn -0.3643 0.3495 0.8632
vn -0.3961 0.3343 0.8552
vn -0.3729 0.6233 0.6873
vn -0.3729 0.6232 0.6874
vn -0.3732 0.6229 0.6876
vn -0.3901 0.6123 0.6877
vn -0.4506 0.5377 0.7126
vn -0.6220 0.0125 0.7829
vn -0.6274 -0.0716 0.7754
vn -0.6345 0.0223 0.7726
vn -0.3664 0.1260 0.9219
vn -0.3869 -0.0107 0.9221
vn -0.3551 0.0967 0.9298
vn -0.3550 0.0966 0.9299
vn -0.4422 -0.0503 0.8955
vn -0.3209 -0.1177 0.9398
vn -0.4167 -0.0954 0.9040
vn -0.4318 0.0986 0.8966
vn -0.4280 0.2440 0.8702
vn -0.4317 0.3296 0.8396
vn -0.4251 0.4022 0.8109
vn -0.4258 0.4026 0.8103
vn -0.4264 0.4035 0.8096
vn -0.4426 0.4221 0.7912
vn -0.4416 0.4216 0.7920
vn -0.4409 0.4216 0.7924
vn -0.4366 0.4482 0.7800
vn -0.4374 0.4482 0.7796
vn -0.4386 0.4482 0.7789
vn -0.4505 -0.0282 0.8923
vn -0.4592 0.1925 0.8672
vn -0.4743 0.1080 0.8737
vn -0.4725 0.1728 0.8642
vn -0.4788 0.4617 0.7467
vn -0.4783 0.4617 0.7470
vn -0.4780 0.4618 0.7472
vn -0.5136 0.0595 0.8560
vn -0.5409 -0.0853 0.8367
vn -0.5333 0.0619 0.8437
vn -0.5676 0.1001 0.8172
vn -0.5751 0.0068 0.8180
vn -0.5897 -0.0527 0.8059
vn -0.5275 0.2663 0.8068
vn -0.5638 0.1353 0.8147
vn -0.5656 0.1604 0.8090
vn -0.5845 -0.1084 0.8041
vn -0.6180 0.1274 0.7758
vn -0.6092 0.1553 0.7777
vn -0.6092 0.1553 0.7776
vn -0.5847 0.2950 0.7557
vn -0.5852 0.2947 0.7554
vn -0.5850 0.2949 0.7556
vn -0.5719 0.3331 0.7496
vn -0.5271 0.4685 0.7089
vn -0.5598 0.3504 0.7509
vn -0.7611 0.0574 0.6461
vn -0.7605 0.0570 0.6468
vn -0.7601 0.0569 0.6473
vn -0.7932 0.0386 0.6078
vn -0.7953 -0.0133 0.6061
vn -0.8198 -0.0357 0.5715
vn -0.7799 -0.0815 0.6206
vn -0.7710 0.0706 0.6330
vn -0.8080 -0.0154 0.5890
vn -0.8445 0.0067 0.5355
vn -0.8325 0.0369 0.5527
vn -0.8052 -0.0127 0.5929
vn -0.7935 -0.0123 0.6084
vn -0.7986 0.0526 0.5996
vn -0.7835 0.0869 0.6152
vn -0.7625 -0.0698 0.6432
vn -0.7655 -0.0697 0.6396
vn -0.7635 -0.0699 0.6420
vn -0.7031 -0.1688 0.6907
vn -0.7034 -0.1686 0.6905
vn -0.7037 -0.1684 0.6903
vn -0.6172 -0.3706 0.6940
vn -0.6171 -0.3674 0.6958
vn -0.6163 -0.3658 0.6974
vn -0.5476 -0.4596 0.6992
vn -0.5483 -0.4598 0.6985
vn -0.5479 -0.4598 0.6989
vn -0.5404 -0.4571 0.7064
vn -0.5403 -0.4571 0.7065
vn -0.5406 -0.4570 0.7063
vn -0.5902 -0.2880 0.7541
vn -0.5912 -0.2883 0.7532
vn -0.5906 -0.2881 0.7538
vn -0.5849 -0.3283 0.7417
vn -0.6243 -0.1538 0.7659
vn -0.6244 -0.1532 0.7659
vn -0.6244 -0.1530 0.7660
vn -0.6240 -0.1287 0.7707
vn -0.6420 0.0695 0.7635
vn -0.6286 -0.0235 0.7774
vn -0.6312 -0.3162 0.7082
vn -0.6313 -0.3162 0.7082
vn -0.6313 -0.3163 0.7081
vn -0.7341 -0.0538 0.6769
vn -0.7346 -0.0540 0.6764
vn -0.7339 -0.0537 0.6771
vn -0.7069 -0.1478 0.6917
vn -0.7068 -0.1478 0.6918
vn -0.7060 -0.1477 0.6927
vn -0.6815 -0.1420 0.7179
vn -0.6810 -0.1421 0.7184
vn -0.6812 -0.1421 0.7182
vn -0.6814 -0.1758 0.7105
vn -0.6783 -0.1748 0.7137
vn -0.6802 -0.1758 0.7116
vn -0.5910 -0.0085 0.8066
vn -0.5956 0.0276 0.8028
vn -0.5664 -0.0134 0.8240
vn -0.4786 -0.1087 0.8713
vn -0.4606 0.0017 0.8876
vn -0.4436 -0.2205 0.8687
vn -0.4253 -0.2123 0.8798
vn -0.4336 -0.0722 0.8982
vn -0.4159 -0.1861 0.8901
vn -0.2168 -0.6622 0.7173
vn -0.1660 -0.6198 0.7670
vn -0.1255 -0.5810 0.8042
vn -0.4209 -0.0717 0.9042
vn -0.3963 -0.1861 0.8991
vn -0.4006 -0.1504 0.9038
vn -0.3760 -0.0261 0.9263
vn -0.3572 -0.4295 0.8294
vn -0.3530 -0.3124 0.8819
vn -0.3472 -0.3378 0.8748
vn -0.3311 -0.3160 0.8891
vn -0.3419 -0.2646 0.9017
vn -0.3425 -0.2477 0.9063
vn -0.2903 -0.4571 0.8407
vn -0.2888 -0.4573 0.8411
vn -0.2858 -0.4593 0.8410
vn -0.2906 -0.4530 0.8428
vn -0.2920 -0.4519 0.8429
vn -0.2936 -0.4513 0.8427
vn -0.2603 -0.5245 0.8107
vn -0.1622 -0.4035 0.9005
vn -0.1909 -0.4648 0.8646
vn -0.3357 -0.1591 0.9284
vn -0.3658 0.0129 0.9306
vn -0.3562 -0.0117 0.9343
vn 0.8154 -0.5469 0.1897
vn -0.2729 -0.6748 0.6857
vn -0.2730 -0.6748 0.6857
vn -0.2770 -0.6833 0.6755
vn -0.3257 -0.6553 0.6815
vn -0.3424 -0.6317 0.6955
vn -0.3518 -0.6392 0.6838
vn -0.5261 -0.3350 0.7816
vn -0.5258 -0.3351 0.7819
vn -0.5255 -0.3351 0.7820
vn -0.4150 -0.5695 0.7096
vn -0.4562 -0.5410 0.7065
vn -0.4232 -0.5620 0.7106
vn -0.5256 -0.3354 0.7818
vn -0.4533 -0.5325 0.7148
vn -0.4572 -0.5356 0.7099
vn -0.4898 -0.5248 0.6962
vn -0.4894 -0.5248 0.6965
vn -0.4905 -0.5246 0.6958
vn -0.6171 -0.3692 0.6949
vn -0.6696 -0.2995 0.6797
vn -0.6778 -0.2832 0.6785
vn -0.7366 -0.1589 0.6574
vn -0.7355 -0.1597 0.6585
vn -0.7377 -0.1586 0.6562
vn -0.7628 -0.0772 0.6420
vn -0.7629 -0.0772 0.6419
vn -0.7630 -0.0772 0.6418
vn -0.7288 -0.2030 0.6540
vn -0.7312 -0.2077 0.6498
vn -0.7312 -0.2078 0.6497
vn -0.7314 -0.2079 0.6495
vn -0.7497 0.1339 0.6481
vn -0.7306 0.0309 0.6821
vn -0.7312 0.0314 0.6815
vn -0.7302 0.0307 0.6826
vn -0.7306 0.0596 0.6802
vn -0.7327 0.0617 0.6778
vn -0.7315 0.0600 0.6792
vn -0.7052 -0.0673 0.7058
vn -0.6998 0.0293 0.7137
vn -0.6788 0.0577 0.7320
vn -0.7325 0.1761 0.6576
vn -0.7325 0.1762 0.6575
vn -0.7325 0.1761 0.6577
vn -0.7179 0.2238 0.6592
vn -0.7180 0.2236 0.6591
vn -0.7183 0.2231 0.6590
vn -0.6983 0.1704 0.6952
vn -0.6991 0.1706 0.6944
vn -0.6995 0.1706 0.6940
vn -0.6989 0.1850 0.6909
vn -0.6991 0.1850 0.6907
vn -0.6990 0.1850 0.6908
vn -0.6715 0.3033 0.6761
vn -0.6664 0.3035 0.6810
vn -0.6705 0.3011 0.6781
vn -0.6611 0.1806 0.7282
vn -0.6676 0.1386 0.7315
vn -0.6637 -0.0500 0.7463
vn -0.6577 0.0902 0.7478
vn -0.6608 -0.0187 0.7503
vn -0.6658 0.2994 0.6835
vn -0.6114 0.3853 0.6912
vn -0.6103 0.3862 0.6916
vn -0.6105 0.3860 0.6916
vn -0.6225 0.2924 0.7259
vn -0.6228 0.2925 0.7256
vn -0.6232 0.2926 0.7252
vn -0.5688 0.3900 0.7241
vn -0.5697 0.3901 0.7234
vn -0.5681 0.3898 0.7248
vn -0.5744 0.4588 0.6780
vn -0.5723 0.4609 0.6783
vn -0.5730 0.4599 0.6783
vn -0.5213 0.4784 0.7067
vn -0.3224 0.6609 0.6777
vn -0.3175 0.6551 0.6856
vn -0.3187 0.6534 0.6867
vn -0.3134 0.6482 0.6940
vn -0.3513 0.5507 0.7572
vn -0.3476 0.5492 0.7600
vn -0.3455 0.5427 0.7656
vn -0.3434 0.3799 0.8589
vn -0.2725 0.6838 0.6769
vn -0.2647 0.6820 0.6818
vn -0.2289 0.7215 0.6534
vn -0.2287 0.7216 0.6534
vn -0.2288 0.7216 0.6534
vn -0.2912 0.5548 0.7794
vn -0.2911 0.5548 0.7794
vn -0.2908 0.5548 0.7795
vn -0.4943 -0.0247 0.8689
vn -0.4962 0.1870 0.8478
vn -0.4901 0.2769 0.8265
vn -0.4902 0.2770 0.8264
vn -0.4904 0.2771 0.8263
vn -0.5336 0.2737 0.8002
vn -0.5244 0.3393 0.7810
vn -0.5246 0.3391 0.7809
vn -0.5245 0.3392 0.7809
vn -0.8443 -0.0414 0.5343
vn -0.7895 -0.0569 0.6112
vn -0.8115 0.0079 0.5843
vn -0.7921 -0.0627 0.6072
vn -0.7721 -0.0954 0.6283
vn -0.7724 -0.0959 0.6279
vn -0.6677 0.0034 0.7444
vn -0.6705 0.0367 0.7410
vn -0.6520 -0.1136 0.7497
vn -0.5390 -0.0827 0.8382
vn -0.5425 0.0639 0.8376
vn -0.5037 -0.1458 0.8515
vn -0.5091 -0.0212 0.8605
vn -0.5980 -0.1162 0.7930
vn -0.5557 -0.1807 0.8115
vn -0.5578 -0.1787 0.8105
vn -0.5593 -0.1784 0.8095
vn -0.4418 -0.4152 0.7953
vn -0.4455 -0.4125 0.7946
vn -0.4434 -0.4147 0.7946
vn -0.3897 -0.5078 0.7682
vn -0.3923 -0.5056 0.7684
vn -0.3882 -0.5082 0.7688
vn -0.4695 -0.3228 0.8218
vn -0.4698 -0.3229 0.8216
vn -0.4690 -0.3228 0.8221
vn -0.3845 -0.4118 0.8262
vn -0.3832 -0.4121 0.8266
vn -0.3861 -0.4106 0.8261
vn -0.3034 -0.5673 0.7656
vn -0.3055 -0.5677 0.7644
vn -0.3008 -0.5652 0.7682
vn -0.3533 -0.4476 0.8215
vn -0.2753 0.2601 0.9255
vn -0.2828 0.2631 0.9224
vn -0.2543 0.3096 0.9163
vn -0.5410 0.1380 0.8296
vn -0.5025 0.1814 0.8454
vn -0.4709 0.1880 0.8619
vn -0.5410 0.1222 0.8321
vn -0.5728 -0.0057 0.8197
vn -0.5727 -0.0057 0.8198
vn -0.5722 -0.0059 0.8201
vn -0.6314 -0.1762 0.7552
vn -0.6313 -0.1763 0.7552
vn -0.6312 -0.1764 0.7553
vn -0.6278 -0.1580 0.7621
vn -0.6252 -0.1635 0.7632
vn -0.6267 -0.1619 0.7623
vn -0.6587 -0.2687 0.7028
vn -0.6450 -0.2564 0.7199
vn -0.6538 -0.2621 0.7099
vn 0.0563 0.5233 0.8503
vn -0.4451 0.2197 0.8681
vn -0.4241 0.0431 0.9046
vn -0.3776 0.0799 0.9225
vn -0.4373 0.1739 0.8823
vn -0.3647 0.2841 0.8867
vn -0.4585 0.1272 0.8795
vn -0.4543 0.2125 0.8651
vn -0.3692 -0.0088 0.9293
vn -0.3454 -0.0313 0.9379
vn -0.4481 -0.1232 0.8854
vn -0.4424 0.0209 0.8966
vn -0.3422 0.2428 0.9077
vn -0.4632 0.0538 0.8846
vn -0.4361 0.1096 0.8932
vn -0.5284 -0.0202 0.8487
vn -0.4479 -0.2178 0.8671
vn -0.3887 -0.1956 0.9004
vn -0.4760 -0.2346 0.8476
vn -0.4840 -0.3241 0.8128
vn -0.4839 -0.3242 0.8129
vn -0.4838 -0.3243 0.8129
vn -0.5448 -0.5419 0.6399
vn -0.5451 -0.5416 0.6399
vn -0.5453 -0.5415 0.6399
vn -0.5742 -0.4475 0.6856
vn -0.5741 -0.4476 0.6856
vn -0.5815 -0.4535 0.6754
vn -0.5713 -0.3646 0.7354
vn -0.5416 -0.2656 0.7976
vn -0.6092 -0.4059 0.6812
vn -0.6053 -0.3915 0.6931
vn -0.5778 -0.3116 0.7544
vn -0.6124 -0.3753 0.6957
vn -0.6222 -0.3382 0.7060
vn -0.6222 -0.3771 0.6860
vn -0.6335 -0.2934 0.7160
vn -0.6651 -0.2765 0.6936
vn -0.6848 -0.1833 0.7053
vn -0.6856 -0.1830 0.7046
vn -0.6850 -0.1832 0.7051
vn -0.6839 -0.1824 0.7064
vn -0.6837 -0.1823 0.7066
vn -0.7111 -0.0953 0.6966
vn -0.7112 -0.0951 0.6966
vn -0.7111 -0.0954 0.6966
vn -0.6745 0.4425 0.5909
vn -0.6433 0.4543 0.6163
vn -0.6984 0.3879 0.6015
vn -0.6969 -0.0854 0.7120
vn -0.6972 -0.0856 0.7118
vn -0.6971 -0.0855 0.7118
vn -0.7251 -0.0113 0.6886
vn -0.7208 -0.0111 0.6931
vn -0.7226 -0.0134 0.6912
vn -0.6960 0.1958 0.6908
vn -0.6964 0.1959 0.6904
vn -0.6961 0.1959 0.6907
vn -0.7188 -0.0120 0.6951
vn -0.7282 0.0666 0.6821
vn -0.7310 0.0902 0.6764
vn -0.7309 0.0752 0.6783
vn -0.6745 0.3637 0.6425
vn -0.6880 0.3489 0.6363
vn -0.6839 0.3580 0.6357
vn -0.6989 0.2368 0.6749
vn -0.7193 0.1942 0.6670
vn -0.7306 0.2335 0.6416
vn -0.7228 0.2093 0.6586
vn -0.7236 0.1721 0.6684
vn -0.7236 0.1673 0.6696
vn -0.7235 0.1686 0.6695
vn -0.7339 0.2327 0.6382
vn -0.7341 0.2320 0.6382
vn -0.7340 0.2324 0.6382
vn -0.7025 0.3533 0.6178
vn -0.6794 0.4160 0.6044
vn -0.6947 0.3759 0.6132
vn -0.6382 0.3031 0.7077
vn -0.6990 0.4323 0.5697
vn -0.7118 0.4168 0.5653
vn -0.7194 0.4512 0.5281
vn -0.7501 0.3908 0.5335
vn -0.6332 0.3072 0.7104
vn -0.6062 0.3668 0.7057
vn -0.5604 0.4343 0.7052
vn -0.4965 0.4860 0.7193
vn -0.4964 0.4859 0.7193
vn -0.4964 0.4860 0.7193
vn -0.4495 0.5539 0.7008
vn -0.4499 0.5542 0.7003
vn -0.4496 0.5540 0.7007
vn -0.3444 0.6402 0.6867
vn -0.3445 0.6402 0.6867
vn -0.3442 0.6402 0.6868
vn -0.2771 0.6412 0.7156
vn -0.2776 0.6412 0.7154
vn -0.2770 0.6412 0.7157
vn -0.5961 0.4864 0.6388
vn -0.7057 0.3934 0.5893
vn -0.6784 0.4102 0.6095
vn -0.7264 0.3531 0.5896
vn -0.7162 0.3275 0.6163
vn -0.6760 0.3938 0.6229
vn -0.6843 0.3605 0.6338
vn -0.4352 0.5967 0.6742
vn -0.4547 0.5501 0.7005
vn -0.3671 0.6208 0.6927
vn -0.4673 0.4982 0.7304
vn -0.2682 0.6725 0.6898
vn -0.2689 0.6723 0.6898
vn -0.2671 0.6726 0.6901
vn -0.3075 0.6334 0.7101
vn -0.3067 0.6329 0.7109
vn -0.3060 0.6315 0.7125
vn -0.4553 0.5042 0.7338
vn -0.4554 0.5042 0.7338
vn -0.4837 0.4840 0.7292
vn -0.4837 0.4840 0.7293
vn -0.4838 0.4839 0.7292
vn -0.1040 0.7316 0.6738
vn -0.0838 0.7115 0.6977
vn -0.0934 0.7174 0.6903
vn -0.2933 0.1277 0.9474
vn -0.3236 0.2054 0.9236
vn -0.3451 0.1255 0.9302
vn -0.1612 0.4074 0.8989
vn -0.2331 0.3307 0.9145
vn -0.1293 0.4197 0.8984
vn 0.1771 0.7251 0.6655
vn 0.1764 0.7264 0.6642
vn 0.1783 0.7239 0.6664
vn 0.2209 0.6436 0.7328
vn 0.1925 0.7305 0.6553
vn 0.2122 0.7245 0.6558
vn -0.0735 0.6949 0.7154
vn -0.1204 0.6570 0.7442
vn -0.1195 0.6554 0.7458
vn -0.1205 0.6523 0.7483
vn -0.1969 0.5544 0.8086
vn -0.1962 0.5543 0.8089
vn -0.1967 0.5543 0.8087
vn -0.1747 0.5570 0.8120
vn -0.1744 0.5570 0.8120
vn -0.1749 0.5570 0.8119
vn -0.2078 0.4743 0.8555
vn -0.1854 0.4972 0.8476
vn -0.0742 0.5965 0.7992
vn -0.3140 0.3465 0.8839
vn -0.2552 0.3990 0.8807
vn -0.3199 0.3153 0.8934
vn -0.2523 0.3815 0.8893
vn -0.2233 0.4006 0.8886
vn -0.1400 0.4696 0.8717
vn -0.4045 0.1315 0.9050
vn -0.0510 0.6967 0.7155
vn -0.0345 0.7129 0.7004
vn 0.0010 0.7337 0.6794
vn 0.0487 0.7261 0.6859
vn 0.0505 0.7325 0.6789
vn 0.0487 0.7289 0.6828
vn 0.0487 0.7240 0.6881
vn 0.1137 0.7350 0.6685
vn 0.0791 0.7127 0.6970
vn 0.0798 0.7037 0.7060
vn 0.1208 0.7253 0.6778
vn 0.0211 0.6323 0.7744
vn 0.0211 0.6324 0.7744
vn 0.1617 0.7386 0.6545
vn 0.1626 0.7380 0.6550
vn 0.1620 0.7383 0.6548
vn 0.1626 0.5680 0.8068
vn 0.1425 0.6100 0.7795
vn 0.1276 0.6624 0.7382
vn 0.0505 0.6059 0.7940
vn 0.0487 0.6070 0.7932
vn 0.0529 0.6033 0.7958
vn -0.0313 0.4074 0.9127
vn -0.0395 0.4465 0.8939
vn -0.0436 0.4910 0.8701
vn -0.1575 0.4096 0.8985
vn -0.4483 0.2674 0.8530
vn -0.5101 0.2005 0.8364
vn -0.4330 0.3244 0.8410
vn -0.4145 0.3990 0.8179
vn -0.4951 0.2901 0.8190
vn -0.4365 0.4029 0.8044
vn -0.3906 0.5064 0.7687
vn -0.3907 0.5065 0.7687
vn -0.3905 0.5064 0.7688
vn -0.5357 0.2868 0.7942
vn -0.4241 0.4766 0.7701
vn -0.5421 0.3538 0.7622
vn -0.5662 0.3050 0.7658
vn -0.6686 0.3733 0.6431
vn -0.6765 0.3049 0.6704
vn -0.6769 0.3054 0.6697
vn -0.6768 0.3052 0.6700
vn -0.6726 0.2978 0.6775
vn -0.6729 0.2984 0.6768
vn -0.6722 0.2975 0.6779
vn -0.6856 0.2222 0.6932
vn -0.6854 0.2222 0.6934
vn -0.6845 0.2220 0.6944
vn -0.6574 0.2120 0.7231
vn -0.6567 0.2113 0.7240
vn -0.6566 0.2112 0.7241
vn -0.6963 -0.0298 0.7171
vn -0.6966 -0.0299 0.7169
vn -0.6969 -0.0305 0.7165
vn -0.6781 0.1877 0.7106
vn -0.6781 0.1876 0.7106
vn -0.6533 0.1694 0.7379
vn -0.5757 0.3417 0.7429
vn -0.5952 0.3036 0.7440
vn -0.6520 0.1710 0.7387
vn -0.6221 0.1299 0.7721
vn -0.6225 0.1303 0.7717
vn -0.6222 0.1300 0.7720
vn -0.5856 0.2307 0.7771
vn -0.6353 0.1470 0.7582
vn -0.5782 0.1758 0.7967
vn -0.5460 -0.3397 0.7659
vn -0.5477 -0.3396 0.7647
vn -0.5487 -0.3391 0.7642
vn -0.5849 -0.2187 0.7810
vn -0.5843 -0.2192 0.7814
vn -0.5845 -0.2191 0.7812
vn -0.4748 -0.2451 0.8453
vn -0.4741 -0.2475 0.8450
vn -0.4758 -0.2441 0.8450
vn -0.5237 -0.1833 0.8319
vn -0.4837 -0.1301 0.8655
vn -0.5259 -0.1991 0.8269
vn -0.5666 -0.1669 0.8069
vn -0.5653 -0.1681 0.8076
vn -0.5645 -0.1686 0.8080
vn -0.4488 -0.1248 0.8849
vn -0.4820 -0.1096 0.8693
vn -0.5298 -0.0317 0.8475
vn -0.6341 -0.0340 0.7725
vn -0.6343 -0.0343 0.7723
vn -0.6342 -0.0341 0.7724
vn -0.5320 0.1913 0.8249
vn -0.5318 0.1912 0.8250
vn -0.5314 0.1913 0.8253
vn -0.5812 0.1296 0.8033
vn -0.4752 0.3564 0.8045
vn -0.5172 0.2537 0.8174
vn -0.6471 -0.0408 0.7613
vn -0.6469 -0.0409 0.7614
vn -0.6470 -0.0409 0.7614
vn -0.6298 0.0914 0.7713
vn -0.6302 0.0914 0.7711
vn -0.6312 0.0921 0.7702
vn -0.5825 0.1643 0.7960
vn -0.6476 0.1191 0.7526
vn -0.7083 0.2947 0.6415
vn -0.7082 0.2941 0.6418
vn -0.7082 0.2939 0.6420
vn -0.7172 0.2872 0.6350
vn -0.7176 0.2896 0.6334
vn -0.7173 0.2857 0.6355
vn -0.7098 0.3803 0.5930
vn -0.5812 0.4970 0.6443
vn -0.6399 0.4180 0.6449
vn -0.6766 0.3136 0.6662
vn -0.6396 0.3757 0.6707
vn -0.6860 0.2891 0.6677
vn -0.5739 0.5037 0.6457
vn -0.5742 0.4952 0.6520
vn -0.5345 0.5189 0.6671
vn -0.5168 0.5327 0.6702
vn -0.4939 0.5459 0.6768
vn -0.5810 0.4342 0.6884
vn -0.5820 0.4349 0.6871
vn -0.5832 0.4353 0.6858
vn -0.4793 0.5578 0.6775
vn -0.3441 0.5582 0.7550
vn -0.3444 0.5585 0.7546
vn -0.3438 0.5581 0.7552
vn -0.3508 0.4806 0.8038
vn -0.3575 0.3810 0.8527
vn -0.6146 0.2716 0.7406
vn -0.3252 0.5032 0.8007
vn -0.3254 0.5033 0.8005
vn -0.3253 0.5032 0.8006
vn -0.2449 0.5895 0.7698
vn -0.2447 0.5894 0.7699
vn -0.2448 0.5894 0.7699
vn -0.2079 0.6489 0.7319
vn -0.2077 0.6493 0.7317
vn -0.2078 0.6491 0.7318
vn -0.3538 0.3801 0.8546
vn -0.2843 0.4775 0.8314
vn -0.2838 0.4773 0.8317
vn -0.2841 0.4774 0.8315
vn -0.3837 0.2457 0.8902
vn -0.0144 0.6699 0.7423
vn -0.0159 0.6766 0.7362
vn -0.0163 0.6720 0.7403
vn -0.0567 0.6165 0.7853
vn -0.1152 0.4912 0.8634
vn -0.0240 0.5968 0.8020
vn -0.0249 0.5974 0.8016
vn -0.0227 0.5956 0.8030
vn 0.5489 0.5305 0.6460
vn 0.5488 0.5307 0.6459
vn 0.5489 0.5306 0.6459
vn 0.5128 0.5549 0.6550
vn 0.5153 0.5415 0.6642
vn 0.5111 0.5469 0.6630
vn 0.1389 0.4483 0.8830
vn 0.1765 0.4406 0.8802
vn 0.1251 0.4493 0.8846
vn -0.0737 0.3574 0.9310
vn 0.0430 0.3703 0.9279
vn 0.0018 0.3508 0.9364
vn -0.0875 0.3516 0.9321
vn -0.1584 0.3160 0.9354
vn -0.3201 0.4106 0.8538
vn -0.1451 0.5079 0.8491
vn -0.2125 0.2980 0.9306
vn -0.0481 0.1516 0.9873
vn -0.4583 0.5441 0.7028
vn 0.3415 0.4971 0.7977
vn 0.3412 0.4961 0.7984
vn 0.3413 0.4967 0.7980
vn 0.3302 0.4554 0.8268
vn 0.3168 0.4698 0.8240
vn 0.3220 0.4846 0.8133
vn 0.1174 0.3138 0.9422
vn -0.2735 0.2754 0.9216
vn -0.2734 0.2754 0.9216
vn -0.0188 0.4614 0.8870
vn -0.0944 0.4749 0.8749
vn 0.0596 0.5161 0.8544
vn 0.2833 0.6441 0.7105
vn 0.2813 0.6668 0.6901
vn 0.2819 0.6627 0.6938
vn 0.2780 0.6850 0.6734
vn 0.1257 0.6544 0.7456
vn 0.1256 0.6549 0.7452
vn 0.1256 0.6546 0.7455
vn 0.0155 0.6435 0.7653
vn 0.0168 0.6414 0.7670
vn 0.0101 0.6473 0.7621
vn -0.0401 0.4243 0.9046
vn -0.1105 0.4046 0.9078
vn -0.2033 0.3925 0.8970
vn 0.0217 0.5593 0.8287
vn 0.0217 0.5594 0.8286
vn 0.0216 0.5594 0.8286
vn 0.1352 0.6284 0.7661
vn 0.1351 0.6284 0.7661
vn -0.1525 0.5126 0.8450
vn -0.2210 0.5087 0.8321
vn -0.1531 0.5260 0.8366
vn -0.1576 0.5549 0.8168
vn -0.2886 0.4955 0.8193
vn -0.1950 0.5430 0.8168
vn -0.3263 0.4877 0.8097
vn -0.2771 0.5540 0.7850
vn -0.3378 0.5461 0.7666
vn -0.2937 0.5812 0.7589
vn -0.2006 0.5939 0.7791
vn -0.1090 0.6338 0.7658
vn -0.0226 0.6560 0.7544
vn 0.1234 0.6924 0.7109
vn 0.0078 0.6568 0.7540
vn -0.4535 0.5880 0.6698
vn -0.4017 0.6295 0.6651
vn -0.3605 0.6575 0.6616
vn -0.3980 0.6754 0.6209
vn -0.4193 0.7344 0.5337
vn -0.3698 0.7506 0.5476
vn -0.4160 0.7099 0.5683
vn -0.3294 0.6976 0.6363
vn -0.3733 0.6570 0.6550
vn -0.4113 0.6308 0.6580
vn -0.6415 0.2970 0.7073
vn -0.6409 0.2800 0.7147
vn -0.6687 0.2716 0.6921
vn -0.6688 0.2718 0.6919
vn -0.6688 0.2718 0.6920
vn -0.5283 0.3824 0.7580
vn -0.5280 0.3835 0.7578
vn -0.5280 0.3831 0.7579
vn -0.4188 0.4814 0.7700
vn -0.3853 0.4729 0.7924
vn -0.2835 0.5669 0.7735
vn -0.3011 0.5287 0.7936
vn -0.4658 0.5578 0.6870
vn -0.4658 0.5595 0.6856
vn -0.4659 0.5585 0.6863
vn -0.4815 0.5072 0.7148
vn -0.4811 0.5086 0.7141
vn -0.4815 0.5067 0.7152
vn -0.3965 0.6206 0.6765
vn -0.4830 0.5094 0.7122
vn -0.4829 0.5090 0.7126
vn -0.4830 0.5071 0.7138
vn -0.4824 0.4818 0.7315
vn -0.4824 0.4827 0.7309
vn -0.4827 0.4838 0.7300
vn -0.5684 0.3766 0.7315
vn -0.5689 0.3771 0.7308
vn -0.5699 0.3775 0.7299
vn -0.3902 0.3054 0.8686
vn -0.2883 0.3430 0.8940
vn -0.3763 0.2786 0.8836
vn -0.1658 0.3891 0.9062
vn -0.3736 0.2382 0.8965
vn -0.3480 0.2474 0.9043
vn -0.2816 0.2547 0.9251
vn -0.5465 0.1037 0.8310
vn -0.4718 0.1462 0.8695
vn -0.4787 0.1373 0.8672
vn -0.4540 0.1158 0.8835
vn -0.4532 0.1171 0.8837
vn -0.3329 0.1368 0.9330
vn -0.5378 0.0252 0.8427
vn -0.5354 0.0311 0.8440
vn -0.5358 0.0312 0.8438
vn -0.5773 -0.0343 0.8158
vn -0.5675 -0.0403 0.8224
vn -0.5511 -0.0484 0.8330
vn -0.2815 0.2718 0.9203
vn -0.3598 0.1665 0.9180
vn -0.0942 0.3749 0.9223
vn -0.0943 0.3750 0.9222
vn -0.0942 0.3748 0.9223
vn -0.2507 0.2659 0.9308
vn -0.7412 -0.1945 0.6425
vn -0.7408 -0.1953 0.6427
vn -0.7410 -0.1948 0.6426
vn -0.7207 -0.0997 0.6861
vn -0.7207 -0.0996 0.6860
vn -0.7284 -0.1000 0.6778
vn -0.7300 -0.0447 0.6820
vn -0.7190 -0.0193 0.6948
vn -0.7272 -0.0136 0.6863
vn -0.6337 0.1580 0.7573
vn -0.6330 0.1558 0.7583
vn -0.6324 0.1547 0.7590
vn -0.5718 0.2304 0.7873
vn -0.5724 0.2308 0.7868
vn -0.5720 0.2306 0.7871
vn -0.6959 0.0839 0.7132
vn -0.7065 0.0852 0.7025
vn -0.7056 0.0878 0.7031
vn -0.6138 0.2565 0.7466
vn -0.6139 0.2565 0.7465
vn -0.5694 0.3116 0.7607
vn -0.5692 0.3103 0.7614
vn -0.5691 0.3112 0.7611
vn -0.7163 0.0903 0.6919
vn -0.6791 0.1844 0.7105
vn -0.6791 0.1843 0.7105
vn -0.6791 0.1842 0.7106
vn -0.6827 0.1833 0.7073
vn -0.6828 0.1832 0.7072
vn -0.6826 0.1834 0.7074
vn -0.5997 0.4056 0.6898
vn -0.6013 0.4077 0.6872
vn -0.5126 0.5340 0.6724
vn -0.5137 0.5350 0.6708
vn -0.5137 0.5389 0.6676
vn -0.4245 0.6384 0.6421
vn -0.4250 0.6376 0.6425
vn -0.4249 0.6378 0.6424
vn -0.4776 0.5958 0.6457
vn -0.4784 0.5939 0.6469
vn -0.4780 0.5927 0.6482
vn -0.4214 0.6640 0.6177
vn -0.4317 0.6592 0.6156
vn -0.4431 0.6510 0.6163
vn -0.3222 0.7260 0.6076
vn -0.4080 0.6966 0.5901
vn -0.3689 0.7074 0.6029
vn -0.5539 0.4953 0.6693
vn -0.5581 0.5134 0.6519
vn -0.5559 0.5063 0.6593
vn -0.5572 0.5217 0.6460
vn -0.3766 0.6909 0.6171
vn -0.4397 0.6884 0.5768
vn -0.4552 0.7105 0.5366
vn -0.3098 0.7065 0.6362
vn -0.2316 0.7203 0.6539
vn -0.2782 0.7026 0.6549
vn -0.3882 0.6682 0.6347
vn -0.2921 0.6865 0.6659
vn -0.2921 0.6868 0.6656
vn -0.2921 0.6872 0.6651
vn -0.2405 0.6866 0.6862
vn -0.2389 0.6864 0.6869
vn -0.2382 0.6859 0.6876
vn -0.4015 0.5874 0.7027
vn -0.2959 0.6368 0.7120
vn -0.4031 0.5866 0.7024
vn -0.2361 0.6367 0.7341
vn -0.2350 0.6366 0.7345
vn -0.2367 0.6369 0.7337
vn -0.3966 0.5381 0.7437
vn -0.0821 0.7321 0.6762
vn -0.0792 0.7278 0.6812
vn -0.0802 0.7298 0.6790
vn -0.1281 0.7103 0.6921
vn -0.1281 0.7103 0.6922
vn -0.1281 0.7102 0.6923
vn -0.0819 0.7244 0.6845
vn -0.1218 0.6725 0.7300
vn -0.1218 0.6726 0.7299
vn -0.1214 0.6728 0.7298
vn -0.1214 0.6727 0.7299
vn -0.1215 0.6726 0.7300
vn 0.0376 0.7231 0.6897
vn 0.0585 0.6896 0.7219
vn 0.1101 0.7207 0.6844
vn 0.1105 0.7206 0.6845
vn 0.1103 0.7206 0.6845
vn 0.1388 0.6943 0.7062
vn 0.3423 0.6342 0.6932
vn 0.3435 0.6364 0.6907
vn 0.3429 0.6366 0.6908
vn 0.3425 0.6367 0.6909
vn 0.2239 0.6003 0.7678
vn 0.1020 0.4924 0.8644
vn 0.1084 0.4691 0.8765
vn 0.4128 0.6058 0.6802
vn 0.4179 0.6120 0.6714
vn 0.4146 0.6064 0.6785
vn 0.4127 0.5988 0.6864
vn 0.4670 0.5784 0.6688
vn 0.4680 0.5679 0.6772
vn 0.3355 0.5374 0.7737
vn 0.3357 0.5373 0.7737
vn 0.3358 0.5371 0.7738
vn 0.5093 0.5588 0.6545
vn 0.1385 0.4795 0.8666
vn 0.2920 0.5314 0.7952
vn 0.2921 0.5314 0.7952
vn -0.2259 0.4170 0.8804
vn -0.0445 0.5390 0.8411
vn 0.0061 0.5631 0.8264
vn 0.0292 0.5937 0.8041
vn 0.0281 0.5913 0.8059
vn 0.0283 0.5895 0.8072
vn 0.2748 0.5731 0.7720
vn 0.2405 0.5692 0.7862
vn 0.2404 0.5692 0.7862
vn 0.2405 0.5691 0.7863
vn -0.3172 0.3965 0.8615
vn -0.0730 0.5888 0.8050
vn -0.3947 0.6854 0.6119
vn -0.4487 0.6722 0.5889
vn -0.3973 0.7096 0.5820
vn -0.4087 0.6764 0.6127
vn -0.4537 0.6460 0.6139
vn -0.3341 0.7563 0.5625
vn -0.4091 0.7045 0.5799
vn -0.4567 0.6441 0.6136
vn -0.4543 0.6419 0.6178
vn -0.4947 0.5864 0.6414
vn -0.4934 0.5865 0.6423
vn -0.4936 0.5866 0.6420
vn -0.3075 0.5982 0.7400
vn -0.3306 0.5790 0.7453
vn -0.4209 0.5093 0.7507
vn -0.2475 0.5350 0.8078
vn -0.6154 0.1028 0.7815
vn -0.6155 0.1033 0.7813
vn -0.6153 0.1025 0.7816
vn -0.4089 0.4147 0.8129
vn -0.4088 0.4141 0.8133
vn -0.4087 0.4155 0.8126
vn -0.4136 0.3897 0.8229
vn -0.3078 0.4511 0.8377
vn -0.2221 0.4972 0.8387
vn -0.2824 0.4117 0.8665
vn -0.4508 0.3016 0.8401
vn -0.2777 0.4229 0.8626
vn -0.4839 0.3005 0.8219
vn -0.4847 0.3008 0.8213
vn -0.4850 0.3011 0.8210
vn -0.4700 0.2449 0.8480
vn -0.5768 0.1334 0.8059
vn -0.5771 0.1342 0.8056
vn -0.5769 0.1337 0.8058
vn -0.6476 -0.0176 0.7618
vn -0.6444 -0.0201 0.7644
vn -0.6455 -0.0186 0.7636
vn -0.5515 0.0915 0.8291
vn -0.4153 -0.3572 0.8366
vn -0.4152 -0.3572 0.8366
vn -0.4153 -0.3571 0.8366
vn -0.4429 -0.3915 0.8066
vn -0.4428 -0.3916 0.8066
vn -0.4432 -0.3913 0.8065
vn -0.2895 -0.1036 0.9516
vn -0.2894 -0.1036 0.9516
vn -0.3788 -0.1811 0.9076
vn -0.3789 -0.1810 0.9076
vn -0.2383 0.0021 0.9712
vn -0.1003 0.2583 0.9609
vn -0.1002 0.2582 0.9609
vn -0.1002 0.2581 0.9609
vn -0.1450 0.2196 0.9648
vn 0.0288 0.4299 0.9024
vn 0.0289 0.4298 0.9024
vn 0.0705 0.5302 0.8449
vn 0.0707 0.5301 0.8450
vn 0.0714 0.5297 0.8452
vn 0.2049 0.6520 0.7300
vn 0.2050 0.6502 0.7316
vn 0.2045 0.6516 0.7305
vn 0.1892 0.7279 0.6590
vn -0.1749 0.6353 0.7522
vn -0.0809 0.7055 0.7040
vn -0.1749 0.6351 0.7524
vn -0.3386 0.5205 0.7838
vn -0.3492 0.5123 0.7846
vn -0.4204 0.4183 0.8052
vn -0.4575 0.4421 0.7715
vn -0.4598 0.4402 0.7713
vn -0.4684 0.4326 0.7703
vn -0.6178 0.1736 0.7669
vn -0.6029 0.1939 0.7739
vn -0.6065 0.1889 0.7723
vn -0.6465 0.2100 0.7335
vn -0.6447 0.2127 0.7343
vn -0.6355 0.2264 0.7382
vn -0.6779 0.2615 0.6871
vn -0.7191 0.2337 0.6544
vn -0.1721 0.6600 0.7313
vn -0.1722 0.6600 0.7313
vn -0.1715 0.6945 0.6988
vn -0.4711 0.4302 0.7701
vn -0.5042 0.4498 0.7372
vn -0.5165 0.4377 0.7360
vn -0.6334 0.2294 0.7390
vn -0.6694 0.2482 0.7002
vn -0.6695 0.2482 0.7002
vn -0.5037 0.5028 0.7025
vn -0.5032 0.5023 0.7031
vn -0.5034 0.5026 0.7029
vn -0.5475 0.4586 0.7000
vn -0.5649 0.5083 0.6500
vn -0.5713 0.4981 0.6523
vn -0.5656 0.5059 0.6513
vn -0.5690 0.4956 0.6562
vn -0.6209 0.1691 0.7654
vn -0.5705 0.1587 0.8058
vn -0.5843 0.1308 0.8009
vn -0.5544 0.1785 0.8129
vn -0.4187 0.4191 0.8056
vn -0.3686 0.3970 0.8406
vn -0.3728 0.3928 0.8406
vn -0.3933 0.3721 0.8407
vn -0.2674 0.5543 0.7882
vn -0.2108 0.5214 0.8269
vn -0.2953 0.4314 0.8525
vn -0.3229 0.3898 0.8624
vn -0.0673 0.6832 0.7271
vn -0.1050 0.6584 0.7453
vn -0.0282 0.6414 0.7667
vn -0.0761 0.6084 0.7900
vn -0.1661 0.5391 0.8257
vn -0.6659 -0.2724 0.6945
vn -0.6659 -0.2724 0.6946
vn -0.6656 -0.2724 0.6948
vn -0.6064 -0.1915 0.7717
vn -0.6111 -0.2304 0.7573
vn -0.5697 -0.2895 0.7692
vn -0.5076 -0.1962 0.8390
vn -0.4824 -0.2438 0.8413
vn -0.5209 -0.3345 0.7854
vn -0.4909 -0.2826 0.8241
vn -0.5036 -0.3123 0.8055
vn -0.4574 -0.3401 0.8217
vn -0.4623 -0.3470 0.8160
vn -0.4816 -0.3761 0.7916
vn -0.4900 -0.3892 0.7800
vn -0.5587 -0.5156 0.6496
vn -0.5589 -0.5155 0.6495
vn -0.5263 -0.5230 0.6705
vn -0.5263 -0.5230 0.6704
vn 0.0162 0.5158 0.8566
vn -0.0200 0.4690 0.8830
vn 0.0839 0.5830 0.8081
vn 0.0467 0.6237 0.7802
vn 0.0457 0.6231 0.7808
vn 0.0389 0.6182 0.7850
vn 0.0378 0.6173 0.7858
vn -0.0020 0.6513 0.7589
vn -0.0312 0.4533 0.8908
vn -0.0529 0.4367 0.8980
vn -0.0937 0.4538 0.8862
vn -0.0937 0.4537 0.8862
vn -0.2100 0.3797 0.9010
vn -0.1266 0.4729 0.8720
vn -0.1575 0.4399 0.8841
vn -0.1262 0.4733 0.8718
vn -0.1988 0.5113 0.8361
vn -0.1771 0.2381 0.9550
vn -0.1771 0.2379 0.9550
vn -0.1771 0.2380 0.9550
vn -0.2919 0.1544 0.9439
vn -0.2198 0.2541 0.9419
vn -0.2657 0.2023 0.9426
vn -0.2444 0.2312 0.9417
vn -0.3030 0.2654 0.9153
vn -0.3832 0.2074 0.9001
vn -0.3907 0.1680 0.9051
vn -0.2785 0.3433 0.8970
vn -0.3354 0.3739 0.8647
vn -0.3604 0.3524 0.8637
vn -0.3989 0.3661 0.8407
vn -0.3218 -0.0168 0.9467
vn -0.4059 -0.1651 0.8989
vn -0.3450 -0.0618 0.9365
vn -0.2899 0.0231 0.9568
vn -0.3127 0.0004 0.9499
vn -0.3729 0.0335 0.9273
vn -0.4480 -0.0312 0.8935
vn -0.4466 -0.0650 0.8924
vn -0.3553 0.1155 0.9276
vn -0.4724 0.0238 0.8811
vn -0.4712 0.0558 0.8802
vn -0.4986 0.1061 0.8603
vn -0.4954 0.1103 0.8616
vn -0.4791 0.1323 0.8677
vn -0.4745 0.1385 0.8693
vn -0.5165 0.1626 0.8407
vn -0.5166 0.1630 0.8406
vn -0.6007 0.0903 0.7944
vn -0.4114 -0.1183 0.9037
vn -0.5537 -0.1315 0.8223
vn -0.5567 -0.0779 0.8270
vn -0.6046 -0.0466 0.7952
vn -0.6061 -0.0496 0.7939
vn -0.6059 -0.0491 0.7941
vn -0.6047 -0.0459 0.7952
vn -0.6629 -0.0478 0.7472
vn 0.5126 -0.1801 0.8395
vn 0.5126 -0.1800 0.8395
vn 0.5126 -0.1802 0.8395
vn 0.5605 -0.1872 0.8067
vn 0.5605 -0.1878 0.8066
vn 0.5605 -0.1875 0.8066
vn 0.2343 -0.1991 0.9516
vn 0.2343 -0.1990 0.9516
vn 0.3463 -0.2377 0.9075
vn 0.1175 -0.2075 0.9712
vn 0.1175 -0.2074 0.9712
vn -0.1723 -0.2161 0.9610
vn -0.1723 -0.2162 0.9610
vn -0.1598 -0.2208 0.9621
vn -0.1598 -0.2207 0.9622
vn -0.1598 -0.2209 0.9621
vn -0.4894 -0.1930 0.8504
vn -0.4894 -0.1932 0.8504
vn -0.5362 -0.1707 0.8267
vn -0.5362 -0.1706 0.8267
vn -0.5361 -0.1707 0.8267
vn -0.7139 -0.1922 0.6734
vn -0.7138 -0.1922 0.6735
vn -0.7138 -0.1922 0.6734
vn -0.7279 -0.2252 0.6477
vn -0.7278 -0.2254 0.6477
vn -0.7277 -0.2257 0.6477
vn -0.5688 -0.4424 0.6933
vn -0.5680 -0.4443 0.6928
vn -0.5690 -0.4410 0.6941
vn -0.3448 -0.5005 0.7941
vn -0.3343 -0.5046 0.7960
vn -0.3356 -0.5041 0.7958
vn -0.3708 -0.5504 0.7480
vn -0.1233 -0.5746 0.8091
vn -0.1512 -0.5678 0.8092
vn -0.1469 -0.5689 0.8092
vn -0.1523 -0.6181 0.7712
vn -0.1498 -0.6189 0.7711
vn -0.1385 -0.6225 0.7703
vn 0.1609 -0.6222 0.7662
vn 0.1351 -0.6200 0.7729
vn 0.1411 -0.6205 0.7714
vn 0.1433 -0.6657 0.7323
vn 0.1399 -0.6655 0.7331
vn 0.1234 -0.6642 0.7373
vn 0.1683 -0.6990 0.6951
vn 0.2874 -0.6758 0.6788
vn 0.1256 -0.7423 0.6582
vn -0.1357 -0.6233 0.7701
vn -0.1383 -0.6623 0.7363
vn -0.1336 -0.6636 0.7360
vn -0.1109 -0.6709 0.7332
vn 0.1196 -0.6639 0.7382
vn 0.1209 -0.7045 0.6993
vn -0.1772 -0.7026 0.6892
vn -0.1770 -0.7023 0.6896
vn -0.1777 -0.7029 0.6887
vn 0.1666 -0.6225 0.7647
vn 0.1486 -0.5736 0.8056
vn 0.1783 -0.5718 0.8008
vn 0.1228 -0.5701 0.8124
vn -0.1176 -0.5761 0.8089
vn -0.1176 -0.5292 0.8403
vn -0.3464 -0.4999 0.7938
vn -0.3464 -0.4436 0.8266
vn -0.2269 -0.4721 0.8518
vn -0.1779 -0.4776 0.8604
vn -0.5614 -0.3987 0.7252
vn -0.5182 -0.4201 0.7450
vn -0.5428 -0.3440 0.7661
vn -0.5067 -0.3606 0.7831
vn -0.4104 -0.3994 0.8198
vn 0.5694 -0.4408 0.6938
vn 0.5685 -0.4440 0.6926
vn 0.5692 -0.4422 0.6931
vn 0.4673 -0.4305 0.7722
vn 0.5614 -0.4329 0.7053
vn 0.5060 -0.4144 0.7565
vn 0.5446 -0.3991 0.7376
vn 0.5375 -0.3483 0.7679
vn 0.5711 -0.3432 0.7457
vn 0.6289 -0.3325 0.7028
vn 0.4270 -0.3447 0.8359
vn 0.4292 -0.3464 0.8341
vn 0.6361 -0.2985 0.7116
vn 0.5559 -0.2734 0.7850
vn 0.5558 -0.2734 0.7851
vn 0.5558 -0.2731 0.7852
vn 0.5557 -0.2732 0.7852
vn 0.5556 -0.2283 0.7995
vn 0.5593 -0.2282 0.7969
vn 0.5752 -0.2289 0.7854
vn 0.5791 -0.2288 0.7825
vn 0.7196 -0.2285 0.6557
vn 0.7198 -0.2279 0.6557
vn 0.7200 -0.2276 0.6556
vn 0.7216 -0.1924 0.6650
vn -0.5390 -0.2415 0.8070
vn -0.5411 -0.2404 0.8058
vn -0.5526 -0.2354 0.7995
vn -0.5557 -0.2339 0.7978
vn -0.5558 -0.2732 0.7851
vn -0.5552 -0.2736 0.7854
vn -0.5540 -0.2741 0.7861
vn -0.5538 -0.2742 0.7862
vn -0.5625 -0.3276 0.7591
vn -0.2088 -0.2700 0.9400
vn -0.1657 -0.2607 0.9511
vn -0.3463 -0.2461 0.9053
vn -0.3464 -0.3082 0.8860
vn -0.3463 -0.3083 0.8860
vn -0.3463 -0.3579 0.8672
vn -0.3527 -0.3558 0.8655
vn -0.3783 -0.3468 0.8583
vn -0.3830 -0.3452 0.8568
vn -0.3815 -0.4151 0.8259
vn -0.0328 -0.2710 0.9620
vn -0.0665 -0.2819 0.9571
vn 0.1180 -0.3249 0.9384
vn -0.0776 -0.3276 0.9416
vn 0.1186 -0.3275 0.9374
vn -0.0789 -0.3276 0.9415
vn 0.1231 -0.3730 0.9196
vn -0.0783 -0.3807 0.9214
vn 0.1439 -0.3790 0.9141
vn -0.0782 -0.3804 0.9215
vn -0.0778 -0.4396 0.8948
vn -0.0929 -0.4362 0.8950
vn -0.1435 -0.4241 0.8942
vn -0.1585 -0.4202 0.8935
vn -0.1563 -0.4780 0.8644
vn -0.1253 -0.4888 0.8634
vn 0.3134 -0.2537 0.9151
vn 0.3464 -0.2574 0.9021
vn 0.3397 -0.2567 0.9048
vn 0.1175 -0.2842 0.9515
vn 0.2058 -0.4170 0.8853
vn 0.3126 -0.4254 0.8493
vn 0.1562 -0.4139 0.8968
vn 0.1581 -0.4854 0.8599
vn 0.1528 -0.4847 0.8612
vn 0.1252 -0.4816 0.8674
vn 0.1176 -0.4806 0.8690
vn 0.1177 -0.5292 0.8403
vn 0.1176 -0.5292 0.8403
vn 0.2196 -0.5663 0.7944
vn 0.3090 -0.3125 0.8983
vn 0.3085 -0.3125 0.8984
vn 0.3085 -0.2531 0.9169
vn 0.3536 -0.4281 0.8317
vn 0.3463 -0.4434 0.8267
vn 0.3437 -0.5006 0.7946
vn 0.3466 -0.5005 0.7933
vn 0.3460 -0.5006 0.7935
vn 0.3430 -0.5006 0.7949
vn 0.3708 -0.5513 0.7474
vn -0.1070 -0.6714 0.7333
vn 0.9577 -0.2746 -0.0858
vn -0.9633 0.2677 0.0222
vn -0.9621 0.2717 0.0229
vn -0.9623 0.2712 0.0225
vn 0.1882 -0.1440 0.9715
vn 0.1881 -0.1440 0.9715
vn 0.1546 0.0296 0.9875
vn 0.1545 0.0296 0.9875
vn 0.0776 0.0527 0.9956
vn 0.0775 0.0527 0.9956
vn 0.9654 -0.2538 -0.0597
vn -0.9652 0.2553 0.0564
vn -0.9652 0.2552 0.0564
vn -0.9652 0.2554 0.0564
vn 0.1111 -0.1232 0.9861
vn 0.1112 -0.1233 0.9861
vn 0.9612 -0.2741 0.0304
vn 0.9611 -0.2747 0.0301
vn 0.9605 -0.2767 0.0303
vn -0.9593 0.2648 0.0981
vn -0.9564 0.2729 0.1042
vn -0.9574 0.2702 0.1023
vn -0.3543 -0.2588 0.8986
vn -0.2811 -0.0420 0.9588
vn -0.2628 -0.0682 0.9624
vn -0.2689 -0.0548 0.9616
vn -0.4516 -0.0734 0.8892
vn -0.3934 0.0722 0.9165
vn -0.3226 0.0625 0.9445
vn -0.2655 0.1960 0.9440
vn -0.1434 0.0674 0.9874
vn -0.2605 0.1996 0.9446
vn -0.3694 -0.0252 0.9289
vn -0.2728 0.1464 0.9509
vn -0.3426 0.1022 0.9339
vn 0.1864 0.4822 0.8560
vn 0.1148 0.4027 0.9081
vn 0.1178 0.4028 0.9077
vn 0.1121 0.4017 0.9089
vn 0.0895 0.1506 0.9845
vn 0.0897 0.1510 0.9845
vn 0.0898 0.1510 0.9845
vn 0.0069 0.1612 0.9869
vn -0.0504 0.0833 0.9952
vn -0.0806 0.0591 0.9950
vn 0.1091 0.1276 0.9858
vn 0.1098 0.1283 0.9856
vn 0.1105 0.1297 0.9854
vn 0.0424 -0.1748 0.9837
vn 0.0424 -0.1733 0.9840
vn 0.0421 -0.1725 0.9841
vn -0.0348 -0.1999 0.9792
vn -0.0347 -0.1998 0.9792
vn -0.1068 -0.4490 0.8871
vn -0.1072 -0.4489 0.8871
vn -0.1057 -0.4495 0.8870
vn -0.2552 -0.3988 0.8808
vn -0.2552 -0.3990 0.8807
vn -0.2552 -0.3985 0.8809
vn -0.0613 -0.3094 0.9490
vn -0.2024 -0.3055 0.9304
vn -0.2035 -0.2994 0.9322
vn -0.2028 -0.3020 0.9315
vn -0.2612 -0.1976 0.9448
vn -0.2540 -0.2085 0.9445
vn -0.2659 -0.1951 0.9441
vn -0.1622 0.0965 0.9820
vn -0.1741 0.0997 0.9797
vn -0.1698 0.0974 0.9807
vn -0.3541 -0.0238 0.9349
vn -0.3606 -0.0224 0.9325
vn -0.3626 -0.0212 0.9317
vn -0.2958 0.0796 0.9519
vn -0.2959 0.0796 0.9519
vn -0.3400 0.0907 0.9361
vn -0.3399 0.0906 0.9361
vn -0.0669 -0.5240 0.8491
vn -0.2916 -0.0483 0.9553
vn -0.2883 -0.0507 0.9562
vn -0.2896 -0.0499 0.9559
vn -0.3682 -0.0274 0.9293
vn -0.3015 0.0597 0.9516
vn -0.3016 0.0597 0.9516
vn -0.3521 0.0742 0.9330
vn -0.2837 -0.0094 0.9589
vn -0.3844 0.2071 0.8996
vn -0.3672 -0.0000 0.9301
vn -0.3286 0.4916 0.8065
vn -0.3402 0.0925 0.9358
vn -0.3402 0.0924 0.9358
vn -0.3410 0.1078 0.9339
vn -0.3411 0.1078 0.9338
vn -0.1071 -0.1717 0.9793
vn -0.1062 -0.1718 0.9794
vn -0.1050 -0.1717 0.9795
vn -0.2175 -0.0439 0.9751
vn -0.2197 -0.0405 0.9747
vn -0.2183 -0.0426 0.9750
vn -0.2802 0.0159 0.9598
vn -0.2724 0.0052 0.9622
vn -0.2972 0.0304 0.9543
vn -0.1403 0.2319 0.9626
vn -0.1552 0.0872 0.9840
vn -0.1675 0.1699 0.9711
vn -0.2934 0.0573 0.9543
vn -0.3226 0.1779 0.9297
vn -0.3146 0.1718 0.9335
vn -0.3065 0.1701 0.9366
vn -0.0270 0.3503 0.9362
vn -0.0274 0.3506 0.9361
vn -0.0296 0.3517 0.9356
vn -0.0237 0.3484 0.9371
vn -0.2495 0.1574 0.9555
vn -0.2473 0.1573 0.9561
vn -0.2520 0.1572 0.9549
vn -0.3038 0.1709 0.9373
vn -0.3077 0.0830 0.9479
vn -0.3077 0.0830 0.9478
vn -0.1341 -0.0172 0.9908
vn -0.1592 -0.0028 0.9872
vn -0.1618 0.2648 0.9506
vn -0.2558 0.1572 0.9539
vn -0.2525 0.1544 0.9552
vn -0.2522 0.1542 0.9553
vn -0.3039 0.2576 0.9172
vn -0.3261 0.2593 0.9091
vn -0.3142 0.2566 0.9140
vn -0.3006 0.0970 0.9488
vn 0.9745 0.2193 -0.0477
vn 0.9745 0.2195 -0.0475
vn 0.9746 0.2189 -0.0480
vn -0.9527 -0.2611 0.1553
vn -0.9527 -0.2611 0.1552
vn 0.1456 -0.0554 0.9878
vn 0.1455 -0.0554 0.9878
vn 0.0389 0.0839 0.9957
vn 0.0388 0.0836 0.9957
vn 0.0388 0.0835 0.9957
vn 0.9621 0.2606 -0.0798
vn 0.9623 0.2601 -0.0798
vn 0.9625 0.2593 -0.0798
vn 0.9402 0.3406 -0.0110
vn 0.9398 0.3416 -0.0115
vn 0.9403 0.3403 -0.0109
vn -0.9587 -0.2542 0.1278
vn 0.9616 0.2685 -0.0571
vn 0.9615 0.2686 -0.0571
vn 0.9614 0.2692 -0.0572
vn -0.9615 -0.2521 0.1092
vn -0.9618 -0.2511 0.1087
vn -0.9616 -0.2517 0.1090
vn 0.1626 -0.0536 0.9852
vn 0.9611 0.2562 -0.1035
vn 0.9611 0.2562 -0.1034
vn 0.9613 0.2555 -0.1036
vn -0.9635 -0.2509 0.0929
vn -0.9638 -0.2498 0.0938
vn -0.9637 -0.2503 0.0934
vn -0.2019 -0.1954 0.9597
vn -0.2434 -0.5308 0.8118
vn -0.5213 -0.1975 0.8302
vn -0.3232 -0.0724 0.9435
vn -0.3535 0.1142 0.9284
vn -0.4015 0.0341 0.9152
vn -0.3324 0.1314 0.9339
vn -0.1406 0.5809 0.8018
vn -0.1018 0.4007 0.9105
vn -0.1024 0.3997 0.9109
vn -0.1014 0.4012 0.9104
vn -0.0280 0.3748 0.9267
vn -0.0283 0.3745 0.9268
vn -0.0281 0.3746 0.9268
vn -0.1876 0.0036 0.9822
vn -0.1211 0.0780 0.9896
vn -0.1601 -0.0400 0.9863
vn -0.2911 -0.0029 0.9567
vn -0.2925 0.0728 0.9535
vn -0.2469 -0.0312 0.9685
vn -0.3263 -0.0525 0.9438
vn -0.3153 -0.0836 0.9453
vn -0.3390 -0.0925 0.9362
vn -0.3391 -0.0925 0.9362
vn 0.0368 0.1376 0.9898
vn 0.0379 0.1354 0.9901
vn 0.0373 0.1364 0.9900
vn -0.0521 0.0706 0.9961
vn 0.0045 0.0788 0.9969
vn -0.0448 -0.0094 0.9990
vn -0.0675 -0.0796 0.9945
vn -0.1847 -0.1342 0.9736
vn -0.2679 -0.0360 0.9628
vn -0.2476 -0.0426 0.9679
vn -0.2657 -0.0372 0.9633
vn -0.2824 -0.0652 0.9571
vn -0.3191 -0.0739 0.9448
vn -0.3135 -0.0792 0.9463
vn -0.3177 -0.0794 0.9449
vn -0.3164 -0.0846 0.9448
vn -0.3393 -0.0903 0.9363
vn 0.1286 -0.1270 0.9835
vn 0.1281 -0.1265 0.9837
vn 0.1277 -0.1263 0.9837
vn 0.0700 -0.2132 0.9745
vn 0.0931 -0.3074 0.9470
vn 0.0976 -0.3250 0.9407
vn 0.1203 -0.4242 0.8975
vn -0.2274 -0.3003 0.9264
vn -0.2142 -0.3172 0.9238
vn -0.2216 -0.3127 0.9236
vn -0.3185 -0.0441 0.9469
vn -0.3078 -0.0572 0.9497
vn -0.2976 -0.0592 0.9529
vn -0.2990 -0.0800 0.9509
vn -0.3395 -0.0914 0.9362
vn -0.3394 -0.0914 0.9362
vn 0.2014 -0.4774 0.8553
vn 0.0501 -0.4704 0.8810
vn 0.0505 -0.4713 0.8805
vn 0.0502 -0.4708 0.8808
vn -0.0460 -0.4131 0.9095
vn -0.1933 -0.1708 0.9662
vn -0.1940 -0.1707 0.9660
vn -0.1917 -0.1711 0.9664
vn -0.3047 -0.2018 0.9308
vn -0.2889 -0.0779 0.9542
vn -0.2888 -0.0779 0.9542
vn -0.3392 -0.0919 0.9362
vn -0.3394 -0.0904 0.9363
vn -0.3393 -0.0914 0.9362
vn -0.3390 -0.0904 0.9364
vn -0.3391 -0.0904 0.9364
vn -0.3396 -0.0898 0.9363
vn -0.1976 -0.3579 0.9126
vn -0.0783 -0.2692 0.9599
vn -0.0779 -0.2706 0.9595
vn -0.0783 -0.2697 0.9597
vn -0.1630 -0.2136 0.9632
vn -0.0561 -0.9364 0.3465
vn -0.0632 -0.9395 0.3366
vn -0.0473 -0.9356 0.3499
vn -0.2996 -0.0827 0.9505
vn -0.2935 -0.0824 0.9524
vn -0.2955 -0.0825 0.9518
vn -0.0312 -0.1870 0.9819
vn -0.2689 -0.1127 0.9566
vn -0.2694 -0.1127 0.9564
vn -0.2691 -0.1127 0.9565
vn -0.3081 -0.1226 0.9434
vn -0.3118 -0.0835 0.9465
vn -0.3119 -0.0835 0.9464
vn -0.2826 0.0692 0.9567
vn -0.3279 -0.0103 0.9447
vn -0.3325 -0.0200 0.9429
vn -0.3367 -0.0241 0.9413
vn -0.3134 -0.0838 0.9459
vn -0.3133 -0.0838 0.9459
vn -0.1744 0.3673 0.9136
vn -0.1910 0.2630 0.9457
vn -0.2516 0.2504 0.9349
vn -0.2691 -0.0848 0.9594
vn -0.3086 0.0704 0.9486
vn -0.3120 0.0640 0.9479
vn -0.3127 0.0580 0.9481
vn -0.3129 -0.0972 0.9448
vn -0.3131 -0.0973 0.9447
vn -0.3155 -0.0853 0.9451
vn 0.0948 0.2575 0.9616
vn 0.0953 0.2572 0.9616
vn 0.0947 0.2575 0.9616
vn 0.0999 0.1145 0.9884
vn 0.0997 0.1146 0.9884
vn 0.0995 0.1146 0.9884
vn -0.0298 -0.0857 0.9959
vn 0.0188 -0.0344 0.9992
vn -0.0056 -0.1393 0.9902
vn 0.0329 0.1262 0.9915
vn -0.1114 -0.6185 0.7779
vn -0.1083 -0.5392 0.8352
vn -0.1374 -0.6802 0.7201
vn -0.1530 -0.6264 0.7643
vn -0.0276 -0.3277 0.9444
vn 0.0151 -0.4868 0.8734
vn 0.0149 -0.4867 0.8734
vn 0.0146 -0.4867 0.8734
vn 0.0020 -0.1613 0.9869
vn 0.0023 -0.1612 0.9869
vn 0.0022 -0.1612 0.9869
vn 0.1117 0.1268 0.9856
vn 0.1118 0.1267 0.9856
vn 0.1119 0.1266 0.9856
vn 0.1805 0.3779 0.9081
vn 0.1793 0.3786 0.9080
vn 0.1798 0.3784 0.9080
vn 0.1654 0.5591 0.8124
vn 0.1728 0.4867 0.8563
vn 0.1419 0.4949 0.8573
vn -0.0901 -0.4082 0.9084
vn -0.0919 -0.3069 0.9473
vn 0.1114 0.4280 0.8969
vn -0.0461 0.2673 0.9625
vn -0.0460 0.2674 0.9625
vn -0.0459 0.2674 0.9625
vn -0.0404 0.3718 0.9274
vn 0.0403 0.1517 0.9876
vn 0.0067 -0.0427 0.9991
vn 0.0342 -0.0112 0.9994
vn 0.0571 -0.0950 0.9938
vn -0.0337 0.1230 0.9918
vn 0.2334 -0.5866 0.7755
vn 0.1347 -0.3417 0.9301
vn 0.2575 -0.6499 0.7150
vn 0.1222 -0.3697 0.9211
vn 0.1224 -0.3699 0.9210
vn 0.1223 -0.3698 0.9210
vn 0.1074 -0.2635 0.9587
vn 0.2441 -0.4003 0.8833
vn 0.2440 -0.4004 0.8833
vn 0.2440 -0.4004 0.8832
vn 0.0819 -0.1379 0.9870
vn 0.0821 -0.1378 0.9870
vn 0.0820 -0.1379 0.9870
vn 0.0390 0.1352 0.9900
vn 0.0391 0.1352 0.9900
vn 0.0393 0.1352 0.9900
vn -0.0375 0.4186 0.9074
vn -0.1254 0.6460 0.7530
vn -0.1210 0.5425 0.8313
vn -0.1375 0.6872 0.7133
vn -0.1243 0.4990 0.8577
vn 0.1344 -0.4995 0.8558
vn 0.1343 -0.4993 0.8559
vn 0.1346 -0.4997 0.8557
vn 0.0839 -0.2926 0.9526
vn -0.1159 0.4265 0.8970
vn -0.1783 0.2570 0.9498
vn -0.1784 0.2570 0.9498
vn 0.0816 0.0286 0.9963
vn 0.0816 0.0287 0.9963
vn 0.0238 -0.0232 0.9994
vn 0.0242 -0.0050 0.9997
vn -0.0176 0.0552 0.9983
vn 0.1619 -0.1297 0.9782
vn 0.1619 -0.1298 0.9782
vn 0.1620 -0.1296 0.9782
vn -0.0265 0.0618 0.9977
vn 0.5479 -0.4707 0.6916
vn 0.5470 -0.4727 0.6909
vn 0.5475 -0.4718 0.6911
vn 0.3971 -0.3308 0.8561
vn 0.3970 -0.3308 0.8561
vn 0.3330 -0.3139 0.8891
vn 0.3330 -0.3140 0.8891
vn 0.3169 -0.2138 0.9240
vn 0.2375 -0.2310 0.9435
vn 0.3177 -0.2118 0.9242
vn 0.2238 -0.2425 0.9440
vn 0.0959 0.0002 0.9954
vn 0.0467 -0.0463 0.9978
vn 0.0607 -0.0293 0.9977
vn -0.2271 0.3363 0.9140
vn -0.2273 0.3361 0.9140
vn -0.4530 0.5028 0.7361
vn -0.3598 0.4278 0.8292
vn -0.3925 0.4590 0.7971
vn -0.4547 0.5295 0.7162
vn -0.4639 0.4925 0.7364
vn 0.2736 -0.2766 0.9212
vn 0.2737 -0.2765 0.9212
vn 0.2735 -0.2767 0.9212
vn -0.2757 0.2882 0.9170
vn -0.2751 0.2885 0.9171
vn -0.2753 0.2885 0.9171
vn -0.2602 0.2579 0.9305
vn -0.5489 0.1641 0.8196
vn -0.3990 0.1167 0.9095
vn -0.1717 0.0638 0.9831
vn -0.3042 0.1458 0.9414
vn -0.0770 0.0292 0.9966
vn -0.0611 0.0778 0.9951
vn 0.0167 -0.0440 0.9989
vn 0.0628 0.0676 0.9957
vn 0.0628 0.0675 0.9957
vn 0.0408 0.0032 0.9992
vn -0.1559 0.0549 0.9862
vn 0.0308 0.0086 0.9995
vn 0.3276 -0.0554 0.9432
vn 0.3676 -0.0743 0.9270
vn 0.3680 -0.0728 0.9270
vn 0.3300 -0.0608 0.9420
vn 0.7127 -0.1512 0.6850
vn 0.7128 -0.1510 0.6850
vn 0.7126 -0.1517 0.6849
vn 0.4860 -0.0811 0.8702
vn 0.4860 -0.0812 0.8702
vn 0.4861 -0.0810 0.8702
vn 0.3094 -0.0088 0.9509
vn 0.2034 0.0061 0.9791
vn 0.2910 -0.0035 0.9567
vn 0.1922 0.0073 0.9813
vn -0.3495 0.1720 0.9210
vn -0.3503 0.1703 0.9210
vn -0.3502 0.1708 0.9210
vn -0.5238 0.1900 0.8304
vn -0.5649 0.2056 0.7991
vn -0.6574 0.2290 0.7179
vn 0.3473 -0.0822 0.9342
vn 0.3486 -0.0815 0.9337
vn 0.3462 -0.0823 0.9346
vn 0.2495 -0.3623 0.8981
vn 0.3105 -0.3321 0.8907
vn 0.1731 -0.3435 0.9231
vn 0.4204 -0.1275 0.8983
vn -0.0974 -0.9111 0.4005
vn -0.0039 -0.4496 0.8932
vn -0.2383 -0.2845 0.9286
vn -0.2261 -0.3362 0.9142
vn -0.0715 -0.3469 0.9352
vn -0.1560 -0.3100 0.9378
vn -0.1487 -0.3546 0.9231
vn -0.1567 -0.3029 0.9401
vn -0.0846 -0.3153 0.9452
vn -0.0846 -0.3152 0.9452
vn -0.0903 -0.3392 0.9364
vn 0.0370 -0.1029 0.9940
vn -0.1010 -0.3066 0.9465
vn -0.0956 -0.3133 0.9448
vn -0.0846 -0.3165 0.9448
vn -0.0846 -0.3166 0.9448
vn -0.0914 -0.3392 0.9363
vn 0.4046 -0.2403 0.8824
vn 0.4050 -0.2394 0.8824
vn 0.4046 -0.2404 0.8824
vn 0.2552 0.0231 0.9666
vn 0.2547 0.0239 0.9667
vn 0.2555 0.0227 0.9665
vn 0.2993 -0.2201 0.9284
vn 0.3712 -0.2515 0.8938
vn 0.4104 -0.2660 0.8723
vn 0.1993 -0.2742 0.9408
vn 0.2011 -0.2714 0.9412
vn 0.1992 -0.2748 0.9406
vn -0.0200 -0.3603 0.9326
vn -0.0904 -0.3396 0.9362
vn -0.1007 -0.3458 0.9329
vn 0.1596 -0.1494 0.9758
vn 0.1108 -0.0781 0.9908
vn 0.1104 -0.0783 0.9908
vn 0.1101 -0.0784 0.9908
vn 0.0571 -0.2230 0.9731
vn 0.0572 -0.2216 0.9735
vn 0.0568 -0.2201 0.9738
vn 0.0228 -0.2903 0.9567
vn 0.0228 -0.2904 0.9566
vn 0.0237 -0.2888 0.9571
vn 0.0056 -0.3470 0.9378
vn 0.0022 -0.3515 0.9362
vn 0.0021 -0.3517 0.9361
vn 0.0227 -0.3100 0.9505
vn -0.3333 0.0212 0.9426
vn -0.3333 0.0211 0.9426
vn -0.1989 -0.0526 0.9786
vn -0.1990 -0.0525 0.9786
vn -0.2575 -0.1582 0.9532
vn -0.2150 -0.1648 0.9626
vn -0.2129 -0.1672 0.9627
vn -0.0621 -0.2168 0.9742
vn -0.1474 -0.2001 0.9686
vn -0.1026 -0.3071 0.9461
vn -0.5344 0.0783 0.8416
vn -0.4356 0.0114 0.9001
vn -0.4357 0.0114 0.9000
vn -0.4358 0.0115 0.9000
vn -0.4491 -0.0358 0.8928
vn -0.0501 -0.2364 0.9704
vn -0.0613 -0.2632 0.9628
vn -0.0471 -0.2534 0.9662
vn -0.0544 -0.2538 0.9657
vn -0.0548 -0.2549 0.9654
vn -0.0723 -0.3195 0.9448
vn -0.0843 -0.3149 0.9454
vn -0.0843 -0.3150 0.9454
vn -0.1003 -0.7635 0.6379
vn 0.0065 -0.4292 0.9032
vn 0.1910 -0.5381 0.8210
vn -0.0289 0.0965 0.9949
vn -0.4968 -0.0070 0.8678
vn -0.2767 -0.1842 0.9431
vn -0.0079 -0.3738 0.9275
vn -0.0822 -0.3207 0.9436
vn -0.0708 -0.3357 0.9393
vn -0.2852 -0.3007 0.9101
vn 0.4461 -0.3642 0.8175
vn -0.2891 -0.2940 0.9110
vn -0.1324 0.0160 0.9911
vn -0.1688 0.0985 0.9807
vn -0.0521 -0.0691 0.9962
vn -0.1140 -0.0958 0.9888
vn -0.1063 -0.1196 0.9871
vn -0.1371 -0.1455 0.9798
vn -0.2259 -0.1855 0.9563
vn -0.2184 -0.1618 0.9624
vn -0.2422 -0.1725 0.9548
vn -0.2046 -0.2645 0.9424
vn -0.2032 -0.2728 0.9404
vn -0.2027 -0.2603 0.9440
vn -0.2320 -0.2320 0.9447
vn -0.2319 -0.2319 0.9447
vn -0.2487 -0.2487 0.9361
vn -0.2484 -0.2490 0.9361
vn 0.1898 -0.4713 0.8613
vn 0.1897 -0.4715 0.8613
vn 0.1899 -0.4713 0.8613
vn 0.2563 -0.1805 0.9496
vn 0.2551 -0.1803 0.9500
vn 0.2560 -0.1805 0.9497
vn 0.1356 -0.3197 0.9378
vn 0.0068 -0.3185 0.9479
vn -0.1177 -0.2958 0.9480
vn -0.1142 -0.3009 0.9468
vn -0.1149 -0.3005 0.9468
vn -0.2586 -0.1453 0.9550
vn -0.2568 -0.1445 0.9556
vn -0.2553 -0.1413 0.9565
vn -0.2185 -0.2189 0.9510
vn -0.2185 -0.2188 0.9510
vn -0.2478 -0.2483 0.9364
vn -0.1148 -0.2804 0.9530
vn -0.1132 -0.2803 0.9532
vn -0.1187 -0.2811 0.9523
vn -0.1628 -0.3275 0.9307
vn -0.2119 -0.2119 0.9541
vn -0.2118 -0.2119 0.9541
vn -0.2481 -0.2495 0.9361
vn -0.2481 -0.2495 0.9360
vn -0.2481 -0.2486 0.9363
vn -0.2488 -0.2488 0.9361
vn -0.2489 -0.2487 0.9361
vn -0.2481 -0.2481 0.9364
vn -0.2481 -0.2480 0.9365
vn -0.4509 0.3794 0.8079
vn -0.2483 -0.2479 0.9364
vn -0.2484 -0.2480 0.9364
vn 0.1716 -0.2934 0.9405
vn 0.0093 -0.2934 0.9560
vn 0.0094 -0.2932 0.9560
vn 0.0095 -0.2931 0.9560
vn 0.5406 -0.8397 0.0507
vn 0.5367 -0.8425 0.0457
vn 0.5459 -0.8362 0.0521
vn -0.2136 -0.2076 0.9546
vn -0.2136 -0.2077 0.9546
vn -0.2135 -0.2077 0.9546
vn -0.1530 -0.1848 0.9708
vn -0.1933 -0.1913 0.9623
vn -0.1715 -0.2279 0.9585
vn -0.1717 -0.2281 0.9584
vn -0.1717 -0.2280 0.9584
vn -0.2053 -0.2605 0.9434
vn -0.2281 -0.2281 0.9465
vn -0.2290 0.1776 0.9571
vn -0.2436 0.1735 0.9542
vn -0.2460 0.1789 0.9526
vn -0.2455 0.1761 0.9533
vn -0.2996 0.0502 0.9527
vn -0.2994 0.0503 0.9528
vn -0.2997 0.0501 0.9527
vn -0.3059 -0.0004 0.9521
vn -0.2820 -0.1141 0.9526
vn -0.1675 -0.2307 0.9585
vn -0.3257 -0.1704 0.9300
vn -0.3219 -0.1682 0.9317
vn -0.3200 -0.1646 0.9330
vn -0.2358 -0.1143 0.9651
vn -0.2364 -0.1157 0.9648
vn -0.2337 -0.1118 0.9659
vn -0.3002 -0.1774 0.9372
vn -0.2250 -0.2246 0.9481
vn -0.2251 -0.2247 0.9481
vn 0.0054 -0.0814 0.9967
vn -0.4289 0.3180 0.8455
vn -0.1811 -0.1995 0.9630
vn -0.2224 -0.2406 0.9448
vn -0.2319 -0.2311 0.9449
vn -0.2320 -0.2311 0.9449
vn -0.4340 -0.1006 0.8953
vn -0.4427 -0.1119 0.8897
vn -0.4368 -0.1067 0.8932
vn -0.2204 -0.2192 0.9505
vn -0.2203 -0.2191 0.9505
vn -0.1150 0.2015 0.9727
vn -0.1946 0.2306 0.9534
vn -0.2116 0.2230 0.9516
vn -0.2087 0.2565 0.9437
vn -0.2298 0.2313 0.9453
vn -0.2299 0.2314 0.9453
vn -0.2490 0.2479 0.9363
vn -0.2490 0.2479 0.9362
vn -0.0187 0.1129 0.9934
vn -0.0354 0.1061 0.9937
vn -0.0992 0.1575 0.9825
vn -0.1833 0.0864 0.9793
vn -0.2065 0.0828 0.9749
vn -0.2003 0.1971 0.9597
vn -0.0232 0.4426 0.8964
vn -0.0814 0.4816 0.8726
vn -0.3667 0.0792 0.9269
vn -0.2043 0.2076 0.9566
vn -0.3273 -0.2442 0.9128
vn -0.3286 -0.2399 0.9135
vn -0.3271 -0.2475 0.9120
vn -0.3409 -0.1663 0.9253
vn -0.3039 0.0240 0.9524
vn -0.2813 0.1339 0.9502
vn -0.2819 0.1283 0.9508
vn -0.2802 0.1211 0.9523
vn -0.3891 0.1063 0.9150
vn -0.3943 0.1128 0.9120
vn -0.3957 0.1171 0.9109
vn 0.7586 0.4297 0.4898
vn 0.0018 0.4882 0.8727
vn -0.4325 -0.3236 0.8415
vn -0.4322 -0.3242 0.8415
vn -0.4318 -0.3248 0.8415
vn -0.2491 0.2492 0.9359
vn -0.2492 0.2492 0.9359
vn -0.2484 0.2495 0.9360
vn -0.2484 0.2494 0.9360
vn -0.0415 0.5306 0.8466
vn -0.2493 0.2496 0.9357
vn -0.2493 0.2497 0.9357
vn -0.3720 0.0340 0.9276
vn -0.2555 -0.2389 0.9369
vn -0.2694 -0.0479 0.9618
vn -0.2681 -0.0454 0.9623
vn -0.2679 -0.0449 0.9624
vn -0.2838 0.0169 0.9587
vn -0.2425 0.1516 0.9582
vn -0.2443 0.1534 0.9575
vn -0.2401 0.1481 0.9594
vn -0.2812 0.1901 0.9406
vn -0.2246 0.2242 0.9483
vn -0.2247 0.2243 0.9483
vn -0.1665 -0.0422 0.9851
vn -0.1667 -0.0468 0.9849
vn -0.1673 -0.0405 0.9851
vn -0.1881 0.2533 0.9489
vn -0.4199 0.1006 0.9020
vn -0.4443 0.0991 0.8904
vn -0.4084 0.0925 0.9081
vn -0.2283 0.2287 0.9463
vn -0.2283 0.2287 0.9464
vn 0.1916 0.2625 0.9457
vn 0.1916 0.2626 0.9457
vn 0.1917 0.2622 0.9458
vn 0.1163 0.2472 0.9620
vn 0.0987 0.3177 0.9431
vn -0.0292 0.3040 0.9522
vn -0.0795 0.2552 0.9636
vn -0.1051 0.2454 0.9637
vn -0.1290 0.3515 0.9272
vn -0.1174 0.3378 0.9339
vn -0.1365 0.3559 0.9245
vn -0.2296 0.2296 0.9458
vn -0.2297 0.2297 0.9458
vn -0.3008 -0.0472 0.9525
vn -0.1181 -0.0127 0.9929
vn 0.3237 0.4290 0.8433
vn 0.0761 0.0972 0.9923
vn -0.0321 0.2008 0.9791
vn -0.0431 0.2351 0.9710
vn 0.0308 0.2797 0.9596
vn -0.1400 0.2483 0.9585
vn -0.1902 0.2868 0.9389
vn -0.3875 0.0090 0.9218
vn -0.2874 -0.0147 0.9577
vn -0.2875 -0.0151 0.9577
vn -0.2873 -0.0125 0.9578
vn -0.3560 0.0714 0.9317
vn -0.3661 0.0615 0.9285
vn -0.3634 0.0660 0.9293
vn -0.3099 0.1529 0.9384
vn -0.1475 0.2137 0.9657
vn -0.1473 0.2177 0.9648
vn -0.1474 0.2163 0.9651
vn -0.1716 0.3041 0.9371
vn -0.0810 0.2998 0.9506
vn -0.0810 0.2997 0.9506
vn -0.0913 0.3387 0.9365
vn -0.0913 0.3388 0.9364
vn -0.5277 -0.0609 0.8473
vn -0.1765 0.2229 0.9587
vn -0.1761 0.2249 0.9583
vn -0.1763 0.2239 0.9585
vn -0.1998 0.3047 0.9313
vn -0.0776 0.2897 0.9540
vn -0.0912 0.3390 0.9363
vn -0.0911 0.3391 0.9363
vn -0.5849 0.2851 0.7593
vn 0.2556 0.3039 0.9178
vn 0.1696 0.2133 0.9621
vn 0.2002 0.1682 0.9652
vn -0.2557 0.3001 0.9190
vn -0.3070 0.2886 0.9069
vn -0.3942 0.3148 0.8634
vn -0.0913 0.3387 0.9364
vn -0.0910 0.3389 0.9364
vn -0.0851 0.3401 0.9365
vn -0.0898 0.3389 0.9365
vn -0.2261 0.1827 0.9568
vn -0.2327 0.1714 0.9573
vn -0.2315 0.1766 0.9567
vn -0.1820 0.2438 0.9526
vn -0.1833 0.2419 0.9528
vn -0.1845 0.2388 0.9534
vn -0.1210 0.2097 0.9703
vn -0.1226 0.2070 0.9706
vn -0.1192 0.2142 0.9695
vn -0.1431 0.3057 0.9413
vn -0.0827 0.3075 0.9479
vn -0.1534 0.0801 0.9849
vn -0.1195 0.0669 0.9906
vn -0.1193 0.0657 0.9907
vn -0.1192 0.0656 0.9907
vn -0.1335 0.1483 0.9799
vn -0.1067 0.2535 0.9614
vn -0.1071 0.2558 0.9608
vn -0.1058 0.2491 0.9627
vn -0.1184 0.3090 0.9437
vn -0.0832 0.3128 0.9462
vn 0.2054 0.1843 0.9612
vn 0.2050 0.1847 0.9612
vn 0.1998 0.2473 0.9481
vn 0.1540 0.2713 0.9501
vn -0.0655 0.2631 0.9625
vn -0.0518 0.3201 0.9460
vn -0.0520 0.3288 0.9430
vn -0.0525 0.3241 0.9446
vn -0.0852 0.3155 0.9451
vn -0.0852 0.3156 0.9451
vn 0.0188 0.8682 0.4959
vn -0.0476 0.8596 0.5087
vn -0.0696 0.8540 0.5156
vn -0.0926 0.8289 0.5516
vn -0.1245 0.8479 0.5154
vn -0.1295 0.8448 0.5191
vn -0.1297 0.8447 0.5193
vn -0.1331 0.8423 0.5223
vn -0.1801 0.8438 0.5056
vn -0.2075 0.8323 0.5141
vn -0.2124 0.8284 0.5183
vn -0.2270 0.8237 0.5196
vn -0.2243 0.8272 0.5152
vn -0.2858 0.8079 0.5154
vn -0.2858 0.8081 0.5151
vn -0.2857 0.8081 0.5151
vn -0.2858 0.8080 0.5152
vn -0.3375 0.7879 0.5152
vn -0.3407 0.7842 0.5186
vn -0.3587 0.7794 0.5137
vn -0.2571 0.7411 0.6202
vn -0.2496 0.7422 0.6219
vn -0.2396 0.7019 0.6708
vn -0.2435 0.7005 0.6708
vn -0.1563 0.7067 0.6900
vn -0.2160 0.6646 0.7153
vn -0.1631 0.6801 0.7148
vn -0.1498 0.6342 0.7585
vn -0.1583 0.6332 0.7577
vn -0.1191 0.6413 0.7580
vn -0.1014 0.8144 0.5713
vn -0.1686 0.8030 0.5716
vn -0.1697 0.8027 0.5717
vn -0.2201 0.7879 0.5751
vn -0.2225 0.7847 0.5786
vn -0.2763 0.7810 0.5601
vn -0.3048 0.7660 0.5660
vn -0.3082 0.7605 0.5716
vn -0.1669 0.7664 0.6203
vn -0.1665 0.7659 0.6210
vn -0.1564 0.7262 0.6694
vn -0.0915 0.6670 0.7394
vn -0.0914 0.6670 0.7395
vn -0.0916 0.6671 0.7394
vn -0.1172 0.5890 0.7996
vn -0.1085 0.5951 0.7963
vn -0.1196 0.5874 0.8004
vn -0.1017 0.4974 0.8616
vn -0.1017 0.4973 0.8616
vn -0.1017 0.4974 0.8615
vn -0.1424 0.4742 0.8688
vn -0.1228 0.4795 0.8689
vn -0.1382 0.4767 0.8681
vn -0.1553 0.4719 0.8679
vn -0.1632 0.4447 0.8807
vn -0.1196 0.4176 0.9007
vn -0.1196 0.4175 0.9008
vn -0.1196 0.4176 0.9008
vn -0.1133 0.4212 0.8999
vn -0.1133 0.4211 0.8999
vn -0.1134 0.4210 0.8999
vn -0.1099 0.3653 0.9244
vn -0.1101 0.3639 0.9249
vn -0.1102 0.3646 0.9246
vn -0.1248 0.4105 0.9033
vn -0.1732 0.4798 0.8601
vn -0.1472 0.5291 0.8357
vn -0.1437 0.5275 0.8373
vn -0.1869 0.5728 0.7981
vn -0.2022 0.5591 0.8041
vn -0.1824 0.5770 0.7961
vn -0.2030 0.5588 0.8041
vn -0.2408 0.5908 0.7701
vn -0.1997 0.6189 0.7597
vn -0.2321 0.6097 0.7579
vn -0.1988 0.6205 0.7585
vn -0.2577 0.6291 0.7334
vn -0.2208 0.6616 0.7166
vn -0.2568 0.6485 0.7166
vn -0.2708 0.6545 0.7059
vn -0.2832 0.6845 0.6718
vn -0.2842 0.6850 0.6708
vn -0.2975 0.7125 0.6355
vn -0.4139 0.7574 0.5050
vn -0.4667 0.7250 0.5066
vn -0.4883 0.7030 0.5170
vn -0.5010 0.7334 0.4595
vn -0.5008 0.7333 0.4598
vn -0.5010 0.7333 0.4596
vn -0.5472 0.6994 0.4598
vn -0.5641 0.7210 0.4024
vn -0.5642 0.7210 0.4024
vn -0.5642 0.7210 0.4023
vn -0.6096 0.6830 0.4024
vn -0.6096 0.6829 0.4024
vn -0.6256 0.7008 0.3427
vn -0.6257 0.7006 0.3429
vn -0.6255 0.7007 0.3430
vn -0.6696 0.6588 0.3429
vn -0.6696 0.6587 0.3430
vn -0.6836 0.6727 0.2830
vn -0.6837 0.6727 0.2827
vn -0.7257 0.6272 0.2830
vn -0.7258 0.6271 0.2827
vn -0.7258 0.6271 0.2828
vn -0.7381 0.6375 0.2209
vn -0.7380 0.6376 0.2211
vn -0.7777 0.5884 0.2211
vn -0.7778 0.5883 0.2210
vn -0.7778 0.5884 0.2210
vn -0.7874 0.5956 0.1589
vn -0.7873 0.5958 0.1585
vn -0.7874 0.5958 0.1584
vn -0.8243 0.5435 0.1586
vn -0.8243 0.5435 0.1583
vn -0.8309 0.5481 0.0954
vn -0.8310 0.5479 0.0956
vn -0.8311 0.5478 0.0954
vn -0.8648 0.4929 0.0954
vn -0.8648 0.4930 0.0954
vn -0.8649 0.4928 0.0951
vn -0.8683 0.4950 0.0321
vn -0.8683 0.4950 0.0319
vn -0.8781 0.4784 0.0084
vn -0.8782 0.4783 0.0083
vn -0.8981 0.4374 0.0452
vn -0.8981 0.4374 0.0450
vn -0.8981 0.4374 0.0451
vn -0.9249 0.3787 0.0324
vn -0.9278 0.3722 0.0238
vn -0.9473 0.3179 0.0382
vn -0.9566 0.2909 0.0162
vn -0.9567 0.2907 0.0162
vn -0.9566 0.2908 0.0162
vn -0.9657 0.2557 0.0450
vn -0.9807 0.1931 0.0317
vn -0.9807 0.1931 0.0320
vn -0.9807 0.1931 0.0318
vn -0.9822 0.1863 0.0233
vn -0.9909 0.1291 0.0380
vn -0.9948 0.1006 0.0161
vn -0.9969 0.0647 0.0450
vn -0.9969 0.0648 0.0451
vn -0.9969 0.0647 0.0452
vn -0.9995 -0.0000 0.0320
vn -0.9997 -0.0071 0.0234
vn -0.9972 -0.0647 0.0379
vn -0.9955 -0.0933 0.0161
vn -0.9907 -0.1288 0.0449
vn -0.9907 -0.1289 0.0448
vn -0.9907 -0.1288 0.0448
vn -0.9806 -0.1934 0.0318
vn -0.9806 -0.1932 0.0317
vn -0.9807 -0.1931 0.0314
vn -0.9795 -0.2001 0.0235
vn -0.9795 -0.2002 0.0235
vn -0.9659 -0.2560 0.0380
vn -0.9587 -0.2839 0.0161
vn -0.9471 -0.3177 0.0452
vn -0.9249 -0.3787 0.0324
vn -0.9225 -0.3854 0.0234
vn -0.9225 -0.3854 0.0235
vn -0.8983 -0.4377 0.0379
vn -0.8858 -0.4637 0.0161
vn -0.8858 -0.4637 0.0160
vn -0.8676 -0.4951 0.0454
vn -0.8345 -0.5501 0.0319
vn -0.8345 -0.5501 0.0320
vn -0.8344 -0.5502 0.0320
vn -0.8239 -0.5666 0.0081
vn -0.7967 -0.6027 0.0452
vn -0.7563 -0.6534 0.0322
vn -0.7563 -0.6534 0.0320
vn -0.7439 -0.6682 0.0085
vn -0.7439 -0.6683 0.0084
vn -0.7122 -0.7006 0.0450
vn -0.7121 -0.7006 0.0448
vn -0.7121 -0.7006 0.0449
vn -0.6656 -0.7456 0.0320
vn -0.6604 -0.7506 0.0233
vn -0.6158 -0.7870 0.0380
vn -0.5933 -0.8048 0.0161
vn -0.5634 -0.8250 0.0450
vn -0.5091 -0.8601 0.0319
vn -0.5091 -0.8601 0.0318
vn -0.5091 -0.8601 0.0316
vn -0.5032 -0.8639 0.0234
vn -0.5031 -0.8639 0.0235
vn -0.4521 -0.8911 0.0379
vn -0.4266 -0.9043 0.0161
vn -0.4267 -0.9043 0.0160
vn -0.3938 -0.9181 0.0450
vn -0.3936 -0.9182 0.0448
vn -0.3936 -0.9182 0.0449
vn -0.3330 -0.9424 0.0319
vn -0.3331 -0.9423 0.0318
vn -0.3333 -0.9423 0.0316
vn -0.3265 -0.9449 0.0234
vn -0.3265 -0.9449 0.0235
vn -0.2716 -0.9617 0.0380
vn -0.2439 -0.9697 0.0160
vn -0.2439 -0.9697 0.0159
vn -0.2090 -0.9769 0.0452
vn -0.2089 -0.9769 0.0453
vn -0.2089 -0.9769 0.0454
vn -0.1454 -0.9889 0.0323
vn -0.1454 -0.9888 0.0323
vn -0.1453 -0.9889 0.0323
vn -0.1259 -0.9920 0.0084
vn -0.1259 -0.9920 0.0083
vn -0.1259 -0.9920 0.0082
vn -0.0810 -0.9957 0.0452
vn -0.0808 -0.9957 0.0451
vn -0.0809 -0.9957 0.0451
vn -0.0160 -0.9994 0.0320
vn -0.0161 -0.9994 0.0320
vn -0.0161 -0.9994 0.0319
vn 0.0032 -1.0000 0.0085
vn 0.0033 -1.0000 0.0085
vn 0.0486 -0.9978 0.0452
vn 0.1132 -0.9931 0.0317
vn 0.1131 -0.9931 0.0317
vn 0.1198 -0.9925 0.0233
vn 0.1770 -0.9835 0.0381
vn 0.2054 -0.9785 0.0160
vn 0.2054 -0.9786 0.0159
vn 0.2400 -0.9697 0.0451
vn 0.2403 -0.9697 0.0450
vn 0.2402 -0.9697 0.0450
vn 0.3030 -0.9524 0.0321
vn 0.3030 -0.9525 0.0320
vn 0.3030 -0.9525 0.0319
vn 0.3212 -0.9470 0.0087
vn 0.3212 -0.9470 0.0086
vn 0.3633 -0.9306 0.0450
vn 0.3636 -0.9305 0.0448
vn 0.3635 -0.9305 0.0449
vn 0.4236 -0.9053 0.0319
vn 0.4234 -0.9054 0.0319
vn 0.4232 -0.9055 0.0318
vn 0.4298 -0.9026 0.0233
vn 0.4297 -0.9027 0.0234
vn 0.4807 -0.8760 0.0380
vn 0.5064 -0.8622 0.0165
vn 0.5364 -0.8428 0.0452
vn 0.5363 -0.8428 0.0452
vn 0.5900 -0.8068 0.0320
vn 0.5900 -0.8067 0.0321
vn 0.5960 -0.8027 0.0232
vn 0.6410 -0.7666 0.0381
vn 0.6631 -0.7484 0.0162
vn 0.6630 -0.7485 0.0161
vn 0.6629 -0.7485 0.0161
vn 0.6890 -0.7233 0.0450
vn 0.6890 -0.7233 0.0452
vn 0.6890 -0.7233 0.0455
vn 0.7347 -0.6777 0.0316
vn 0.7347 -0.6777 0.0318
vn 0.7347 -0.6777 0.0317
vn 0.7396 -0.6726 0.0233
vn 0.7396 -0.6727 0.0233
vn 0.7770 -0.6283 0.0381
vn 0.7952 -0.6061 0.0160
vn 0.7952 -0.6061 0.0159
vn 0.8156 -0.5769 0.0449
vn 0.8157 -0.5768 0.0450
vn 0.8518 -0.5229 0.0324
vn 0.8624 -0.5061 0.0084
vn 0.8836 -0.4661 0.0455
vn 0.9121 -0.4088 0.0320
vn 0.9120 -0.4089 0.0320
vn 0.9121 -0.4086 0.0320
vn 0.9153 -0.4022 0.0234
vn 0.9152 -0.4022 0.0234
vn 0.9153 -0.4021 0.0234
vn 0.9365 -0.3485 0.0380
vn 0.9467 -0.3216 0.0162
vn 0.9468 -0.3215 0.0162
vn 0.9568 -0.2871 0.0451
vn 0.9568 -0.2871 0.0450
vn 0.9740 -0.2244 0.0316
vn 0.9785 -0.2059 0.0084
vn 0.9786 -0.2058 0.0085
vn 0.9859 -0.1613 0.0456
vn 0.9948 -0.0971 0.0320
vn 0.9957 -0.0901 0.0233
vn 0.9957 -0.0900 0.0233
vn 0.9988 -0.0324 0.0380
vn 0.9999 -0.0036 0.0160
vn 0.9985 0.0321 0.0451
vn 0.9985 0.0321 0.0452
vn 0.9985 0.0322 0.0453
vn 0.9948 0.0968 0.0320
vn 0.9948 0.0968 0.0319
vn 0.9932 0.1163 0.0084
vn 0.9932 0.1163 0.0083
vn 0.9859 0.1610 0.0450
vn 0.9859 0.1610 0.0451
vn 0.9739 0.2247 0.0320
vn 0.9698 0.2437 0.0084
vn 0.9698 0.2438 0.0085
vn 0.9567 0.2875 0.0454
vn 0.9567 0.2874 0.0454
vn 0.9368 0.3483 0.0322
vn 0.9369 0.3481 0.0322
vn 0.9368 0.3484 0.0322
vn 0.9303 0.3668 0.0083
vn 0.9303 0.3667 0.0083
vn 0.9303 0.3667 0.0081
vn 0.9118 0.4082 0.0451
vn 0.9118 0.4083 0.0452
vn 0.9117 0.4083 0.0452
vn 0.8840 0.4665 0.0322
vn 0.8839 0.4665 0.0322
vn 0.8750 0.4841 0.0084
vn 0.8749 0.4843 0.0086
vn 0.8749 0.4842 0.0085
vn 0.8512 0.5229 0.0452
vn 0.8163 0.5768 0.0320
vn 0.8162 0.5768 0.0321
vn 0.8162 0.5769 0.0321
vn 0.8053 0.5928 0.0084
vn 0.8054 0.5927 0.0083
vn 0.8055 0.5926 0.0080
vn 0.7768 0.6281 0.0449
vn 0.7767 0.6282 0.0450
vn 0.7347 0.6777 0.0315
vn 0.7301 0.6829 0.0235
vn 0.6894 0.7234 0.0383
vn 0.6686 0.7434 0.0162
vn 0.6687 0.7434 0.0161
vn 0.6410 0.7662 0.0450
vn 0.6409 0.7663 0.0452
vn 0.5900 0.8068 0.0319
vn 0.5900 0.8067 0.0320
vn 0.5845 0.8110 0.0231
vn 0.5846 0.8110 0.0232
vn 0.5363 0.8432 0.0376
vn 0.5124 0.8586 0.0161
vn 0.5124 0.8586 0.0162
vn 0.4805 0.8758 0.0453
vn 0.4235 0.9053 0.0320
vn 0.4060 0.9138 0.0084
vn 0.4061 0.9138 0.0083
vn 0.4063 0.9137 0.0082
vn 0.3639 0.9304 0.0449
vn 0.3637 0.9304 0.0449
vn 0.3023 0.9527 0.0316
vn 0.3025 0.9526 0.0315
vn 0.3026 0.9526 0.0315
vn 0.0662 0.2126 -0.9749
vn 0.2959 0.9549 0.0234
vn 0.1566 0.5761 -0.8022
vn 0.2404 0.9699 0.0381
vn 0.2124 0.9771 0.0161
vn 0.0592 0.2760 -0.9593
vn 0.1770 0.9832 0.0452
vn 0.1131 0.9931 0.0320
vn 0.0936 0.9956 0.0086
vn 0.0486 0.9978 0.0454
vn -0.0160 0.9994 0.0320
vn -0.0161 0.9994 0.0321
vn -0.0232 0.9995 0.0234
vn -0.0231 0.9995 0.0233
vn -0.0809 0.9960 0.0380
vn -0.1095 0.9939 0.0162
vn -0.1096 0.9938 0.0162
vn -0.1451 0.9884 0.0452
vn -0.1451 0.9884 0.0449
vn -0.1451 0.9884 0.0451
vn -0.2086 0.9775 0.0317
vn -0.2153 0.9763 0.0234
vn -0.2717 0.9616 0.0381
vn -0.2994 0.9540 0.0161
vn -0.2994 0.9540 0.0160
vn -0.3330 0.9419 0.0447
vn -0.3331 0.9418 0.0448
vn -0.3332 0.9418 0.0448
vn -0.3937 0.9187 0.0319
vn -0.3936 0.9187 0.0320
vn -0.3936 0.9187 0.0319
vn -0.4120 0.9112 0.0082
vn -0.4117 0.9113 0.0083
vn -0.4115 0.9114 0.0083
vn -0.4518 0.8910 0.0453
vn -0.4519 0.8909 0.0455
vn -0.4520 0.8909 0.0456
vn -0.5089 0.8602 0.0320
vn -0.5090 0.8602 0.0319
vn -0.5258 0.8506 0.0086
vn -0.5257 0.8506 0.0086
vn -0.5258 0.8506 0.0085
vn -0.5634 0.8250 0.0450
vn -0.5635 0.8249 0.0445
vn -0.5634 0.8249 0.0448
vn -0.6163 0.7868 0.0320
vn -0.6161 0.7870 0.0319
vn -0.6159 0.7872 0.0318
vn -0.6315 0.7753 0.0082
vn -0.6315 0.7753 0.0083
vn -0.6315 0.7754 0.0084
vn -0.6650 0.7455 0.0453
vn -0.6651 0.7454 0.0450
vn -0.6651 0.7454 0.0451
vn -0.7125 0.7009 0.0321
vn -0.7125 0.7009 0.0320
vn -0.7125 0.7010 0.0319
vn -0.7263 0.6873 0.0084
vn -0.7263 0.6873 0.0083
vn -0.7263 0.6874 0.0082
vn -0.7560 0.6530 0.0451
vn -0.7970 0.6032 0.0322
vn -0.7969 0.6032 0.0322
vn -0.7970 0.6031 0.0322
vn -0.8090 0.5877 0.0084
vn -0.8091 0.5876 0.0084
vn -0.8340 0.5499 0.0452
vn -0.8340 0.5499 0.0451
vn -0.4910 0.6983 0.5209
vn -0.5078 0.6523 0.5627
vn -0.5207 0.6350 0.5706
vn -0.5443 0.6128 0.5729
vn -0.5456 0.6074 0.5774
vn -0.5905 0.5812 0.5600
vn -0.6093 0.5547 0.5666
vn -0.6100 0.5475 0.5728
vn -0.6543 0.5040 0.5639
vn -0.6334 0.5279 0.5658
vn -0.6147 0.4930 0.6157
vn -0.6041 0.5032 0.6180
vn -0.5567 0.4890 0.6715
vn -0.5573 0.4885 0.6714
vn -0.4994 0.5500 0.6694
vn -0.5176 0.4689 0.7156
vn -0.4744 0.5138 0.7148
vn -0.4745 0.5133 0.7151
vn -0.4456 0.4779 0.7570
vn -0.4466 0.4764 0.7574
vn -0.4183 0.5004 0.7580
vn -0.3950 0.4919 0.7759
vn -0.4751 0.6589 0.5833
vn -0.4752 0.6240 0.6203
vn -0.4786 0.6207 0.6211
vn -0.4821 0.6085 0.6303
vn -0.5312 0.5933 0.6049
vn -0.5397 0.5716 0.6181
vn -0.5427 0.5633 0.6230
vn -0.5505 0.5407 0.6360
vn -0.5938 0.5236 0.6109
vn -0.4966 0.5520 0.6699
vn -0.4409 0.5657 0.6968
vn -0.4418 0.5415 0.7153
vn -0.4191 0.5283 0.7384
vn -0.3913 0.4502 0.8026
vn -0.3393 0.3845 0.8585
vn -0.3503 0.3534 0.8674
vn -0.3415 0.3590 0.8687
vn -0.3533 0.3502 0.8675
vn -0.3595 0.3412 0.8685
vn -0.3534 0.3080 0.8834
vn -0.3157 0.3042 0.8988
vn -0.3157 0.3041 0.8988
vn -0.3009 0.3440 0.8895
vn -0.2696 0.2772 0.9222
vn -0.2696 0.2770 0.9223
vn -0.3128 0.2912 0.9041
vn -0.3847 0.3387 0.8587
vn -0.3847 0.3386 0.8587
vn -0.3887 0.3879 0.8357
vn -0.4160 0.3631 0.8337
vn -0.3892 0.3902 0.8345
vn -0.3700 0.4081 0.8346
vn -0.3700 0.4083 0.8345
vn -0.4155 0.3660 0.8327
vn -0.5017 0.4078 0.7629
vn -0.4979 0.4093 0.7646
vn -0.4830 0.4359 0.7594
vn -0.5343 0.4134 0.7373
vn -0.5209 0.4650 0.7158
vn -0.5463 0.4334 0.7167
vn -0.5622 0.4324 0.7050
vn -0.5621 0.4324 0.7051
vn -0.5619 0.4324 0.7052
vn -0.5844 0.4526 0.6736
vn -0.5834 0.4529 0.6742
vn -0.6123 0.4648 0.6395
vn -0.6123 0.4649 0.6395
vn -0.6958 0.5008 0.5148
vn -0.7021 0.4962 0.5108
vn -0.6875 0.5204 0.5064
vn -0.6512 0.5511 0.5218
vn -0.6502 0.5551 0.5188
vn -0.6502 0.5552 0.5187
vn -0.6485 0.5603 0.5153
vn -0.6109 0.6011 0.5153
vn -0.6112 0.6009 0.5151
vn -0.6109 0.6010 0.5154
vn -0.6110 0.6009 0.5154
vn -0.5647 0.6447 0.5153
vn -0.5656 0.6408 0.5191
vn -0.5519 0.6573 0.5133
vn -0.5545 0.6520 0.5171
vn -0.5326 0.6802 0.5037
vn -0.7377 0.4510 0.5024
vn -0.7629 0.4025 0.5060
vn -0.7742 0.3653 0.5169
vn -0.7982 0.3892 0.4598
vn -0.7981 0.3892 0.4600
vn -0.7982 0.3891 0.4598
vn -0.8218 0.3366 0.4596
vn -0.8217 0.3363 0.4600
vn -0.8218 0.3365 0.4598
vn -0.8473 0.3469 0.4021
vn -0.8472 0.3470 0.4024
vn -0.8472 0.3469 0.4024
vn -0.8679 0.2917 0.4022
vn -0.8679 0.2915 0.4023
vn -0.8904 0.2988 0.3433
vn -0.8904 0.2989 0.3432
vn -0.9080 0.2408 0.3430
vn -0.9079 0.2405 0.3432
vn -0.9272 0.2458 0.2826
vn -0.9272 0.2458 0.2828
vn -0.9272 0.2458 0.2827
vn -0.9412 0.1852 0.2827
vn -0.9412 0.1854 0.2825
vn -0.9411 0.1851 0.2828
vn -0.9569 0.1883 0.2211
vn -0.9569 0.1884 0.2211
vn -0.9671 0.1260 0.2211
vn -0.9671 0.1260 0.2210
vn -0.9791 0.1275 0.1586
vn -0.9790 0.1278 0.1586
vn -0.9853 0.0639 0.1585
vn -0.9853 0.0637 0.1587
vn -0.9853 0.0639 0.1586
vn -0.9934 0.0644 0.0953
vn -0.9933 0.0644 0.0954
vn -0.9954 -0.0000 0.0954
vn -0.9955 -0.0000 0.0952
vn -0.9954 -0.0001 0.0954
vn -0.7729 0.3616 0.5214
vn -0.7519 0.3309 0.5703
vn -0.7528 0.3048 0.5834
vn -0.7914 0.2647 0.5511
vn -0.7883 0.2425 0.5655
vn -0.7867 0.2304 0.5728
vn -0.7827 0.2070 0.5870
vn -0.8188 0.1614 0.5509
vn -0.8134 0.1407 0.5644
vn -0.8306 0.1047 0.5469
vn -0.7698 0.1491 0.6206
vn -0.7450 0.2470 0.6197
vn -0.7448 0.2440 0.6210
vn -0.7694 0.1538 0.6200
vn -0.7065 0.2345 0.6678
vn -0.7063 0.2310 0.6691
vn -0.7271 0.1437 0.6714
vn -0.7254 0.1487 0.6721
vn -0.7327 0.1007 0.6730
vn -0.7034 0.0952 0.7044
vn -0.7033 0.0949 0.7045
vn -0.6892 0.1038 0.7171
vn -0.6822 0.1495 0.7157
vn -0.6823 0.1453 0.7165
vn -0.6735 0.0950 0.7331
vn -0.6372 0.1415 0.7576
vn -0.5361 0.1406 0.8324
vn -0.5302 0.1424 0.8358
vn -0.4825 0.1202 0.8676
vn -0.4820 0.1279 0.8668
vn -0.4739 0.1437 0.8688
vn -0.4403 0.1494 0.8853
vn -0.6574 0.2643 0.7056
vn -0.6669 0.2113 0.7145
vn -0.6513 0.2529 0.7154
vn -0.6662 0.2118 0.7151
vn -0.6281 0.2524 0.7361
vn -0.6238 0.1913 0.7578
vn -0.6125 0.2248 0.7578
vn -0.6247 0.1923 0.7568
vn -0.6349 0.1478 0.7583
vn -0.5880 0.2299 0.7755
vn -0.5668 0.1928 0.8010
vn -0.5652 0.1876 0.8034
vn -0.5868 0.1619 0.7934
vn -0.5873 0.1293 0.7990
vn -0.5876 0.1340 0.7980
vn -0.4835 0.1622 0.8602
vn -0.4835 0.1619 0.8603
vn -0.4835 0.1621 0.8602
vn -0.4173 0.1143 0.9016
vn -0.4026 0.1091 0.9088
vn -0.4262 0.1061 0.8984
vn -0.4677 0.0868 0.8796
vn -0.4864 0.1028 0.8677
vn -0.4931 0.0986 0.8643
vn -0.7332 0.0998 0.6727
vn -0.8567 0.0847 0.5089
vn -0.8556 0.1116 0.5055
vn -0.8347 0.1651 0.5254
vn -0.8349 0.1648 0.5251
vn -0.8350 0.1878 0.5173
vn -0.8346 0.1856 0.5187
vn -0.8341 0.2209 0.5055
vn -0.8073 0.2694 0.5251
vn -0.8075 0.2702 0.5244
vn -0.8042 0.2938 0.5166
vn -0.8047 0.2922 0.5168
vn -0.7990 0.3272 0.5046
vn -0.8635 0.0334 0.5033
vn -0.8862 0.0575 0.4598
vn -0.8861 0.0573 0.4599
vn -0.8880 -0.0002 0.4598
vn -0.8879 -0.0006 0.4599
vn -0.8880 -0.0003 0.4599
vn -0.9155 -0.0003 0.4023
vn -0.9155 -0.0006 0.4023
vn -0.9136 -0.0593 0.4024
vn -0.9135 -0.0594 0.4024
vn -0.9374 -0.0610 0.3429
vn -0.9373 -0.0610 0.3432
vn -0.9314 -0.1213 0.3432
vn -0.9314 -0.1213 0.3431
vn -0.9512 -0.1239 0.2827
vn -0.9512 -0.1237 0.2828
vn -0.9411 -0.1852 0.2827
vn -0.9412 -0.1852 0.2827
vn -0.9569 -0.1885 0.2211
vn -0.9569 -0.1884 0.2211
vn -0.9427 -0.2499 0.2211
vn -0.9544 -0.2528 0.1588
vn -0.9544 -0.2528 0.1585
vn -0.9360 -0.3142 0.1586
vn -0.9361 -0.3140 0.1586
vn -0.9437 -0.3167 0.0952
vn -0.9437 -0.3168 0.0954
vn -0.9212 -0.3772 0.0954
vn -0.9212 -0.3773 0.0953
vn -0.9212 -0.3771 0.0956
vn -0.8638 -0.0262 0.5032
vn -0.8544 -0.0686 0.5151
vn -0.8506 -0.0737 0.5206
vn -0.8561 -0.1116 0.5046
vn -0.8442 -0.1430 0.5166
vn -0.8441 -0.1447 0.5163
vn -0.8350 -0.1657 0.5246
vn -0.8344 -0.1664 0.5253
vn -0.8341 -0.2211 0.5053
vn -0.8183 -0.2502 0.5174
vn -0.8178 -0.2514 0.5177
vn -0.8068 -0.2708 0.5251
vn -0.8070 -0.2704 0.5250
vn -0.7981 -0.3267 0.5063
vn -0.7765 -0.3512 0.5231
vn -0.7847 -0.3508 0.5111
vn -0.7492 -0.3424 0.5669
vn -0.6965 -0.2621 0.6679
vn -0.6971 -0.2559 0.6698
vn -0.6642 -0.2130 0.7166
vn -0.6658 -0.2101 0.7159
vn -0.6832 -0.1480 0.7151
vn -0.6248 -0.1869 0.7581
vn -0.6401 -0.1692 0.7494
vn -0.6244 -0.1874 0.7583
vn -0.6319 -0.1271 0.7646
vn -0.6383 -0.1184 0.7606
vn -0.5809 -0.1537 0.7993
vn -0.8202 -0.1141 0.5607
vn -0.8122 -0.1319 0.5682
vn -0.8080 -0.0782 0.5840
vn -0.7821 -0.0883 0.6169
vn -0.7352 -0.1023 0.6701
vn -0.7394 -0.0957 0.6664
vn -0.7356 -0.1014 0.6698
vn -0.7308 -0.1071 0.6741
vn -0.7011 -0.1001 0.7060
vn -0.6831 -0.1520 0.7143
vn -0.6903 -0.1085 0.7154
vn -0.6623 -0.0959 0.7430
vn -0.5344 -0.1419 0.8332
vn -0.5792 -0.1552 0.8003
vn -0.6493 -0.2531 0.7172
vn -0.6567 -0.2667 0.7054
vn -0.6566 -0.2667 0.7055
vn -0.6568 -0.2668 0.7053
vn -0.5315 -0.1379 0.8358
vn -0.4919 -0.1025 0.8646
vn -0.4826 -0.1263 0.8667
vn -0.4848 -0.1088 0.8678
vn -0.4808 -0.1257 0.8678
vn -0.4520 -0.0904 0.8874
vn -0.4173 -0.1161 0.9013
vn -0.3908 -0.1117 0.9137
vn -0.4166 -0.1110 0.9023
vn -0.4453 -0.1461 0.8834
vn -0.4752 -0.1400 0.8687
vn -0.4866 -0.1624 0.8584
vn -0.4868 -0.1623 0.8583
vn -0.6104 -0.2262 0.7591
vn -0.6268 -0.2532 0.7369
vn -0.7639 -0.4011 0.5056
vn -0.7982 -0.3893 0.4598
vn -0.7982 -0.3891 0.4598
vn -0.7983 -0.3891 0.4598
vn -0.7716 -0.4395 0.4598
vn -0.7714 -0.4397 0.4600
vn -0.7955 -0.4533 0.4021
vn -0.7953 -0.4535 0.4023
vn -0.7644 -0.5037 0.4024
vn -0.7643 -0.5042 0.4020
vn -0.7644 -0.5038 0.4024
vn -0.7643 -0.5039 0.4023
vn -0.7301 -0.5523 0.4023
vn -0.7301 -0.5523 0.4024
vn -0.7301 -0.5524 0.4023
vn -0.6928 -0.5985 0.4023
vn -0.6929 -0.5984 0.4023
vn -0.7107 -0.6140 0.3432
vn -0.7108 -0.6140 0.3432
vn -0.7107 -0.6141 0.3432
vn -0.6694 -0.6589 0.3432
vn -0.6695 -0.6588 0.3431
vn -0.6836 -0.6727 0.2830
vn -0.6837 -0.6727 0.2827
vn -0.6837 -0.6727 0.2830
vn -0.6387 -0.7156 0.2828
vn -0.6387 -0.7156 0.2827
vn -0.6494 -0.7276 0.2211
vn -0.6494 -0.7276 0.2210
vn -0.6010 -0.7681 0.2211
vn -0.6010 -0.7681 0.2210
vn -0.6013 -0.7680 0.2206
vn -0.6085 -0.7775 0.1587
vn -0.6085 -0.7775 0.1586
vn -0.6084 -0.7776 0.1586
vn -0.5567 -0.8154 0.1586
vn -0.5568 -0.8154 0.1586
vn -0.5566 -0.8155 0.1583
vn -0.5611 -0.8223 0.0952
vn -0.5611 -0.8222 0.0955
vn -0.5613 -0.8221 0.0954
vn -0.5070 -0.8566 0.0954
vn -0.5069 -0.8567 0.0954
vn -0.5066 -0.8569 0.0954
vn -0.7504 -0.4280 0.5037
vn -0.7325 -0.4586 0.5031
vn -0.7207 -0.4750 0.5050
vn -0.7412 -0.4888 0.4601
vn -0.7412 -0.4889 0.4601
vn -0.7412 -0.4889 0.4600
vn -0.7049 -0.4824 0.5200
vn -0.6405 -0.5163 0.5685
vn -0.6251 -0.4749 0.6195
vn -0.6177 -0.4772 0.6251
vn -0.6085 -0.4612 0.6457
vn -0.6084 -0.4613 0.6457
vn -0.6084 -0.4614 0.6457
vn -0.5582 -0.4906 0.6691
vn -0.5872 -0.4552 0.6693
vn -0.5870 -0.4549 0.6698
vn -0.5563 -0.4923 0.6695
vn -0.5632 -0.4344 0.7029
vn -0.5166 -0.4719 0.7145
vn -0.5446 -0.4377 0.7154
vn -0.5195 -0.4682 0.7148
vn -0.5278 -0.4154 0.7408
vn -0.4808 -0.4427 0.7569
vn -0.5031 -0.4162 0.7574
vn -0.4811 -0.4424 0.7569
vn -0.4960 -0.3904 0.7756
vn -0.4496 -0.3914 0.8029
vn -0.4539 -0.3905 0.8009
vn -0.4474 -0.3952 0.8022
vn -0.3880 -0.3365 0.8580
vn -0.4158 -0.3635 0.8336
vn -0.3890 -0.3884 0.8354
vn -0.3952 -0.3871 0.8330
vn -0.4113 -0.3657 0.8349
vn -0.4496 -0.3931 0.8021
vn -0.5746 -0.5324 0.6216
vn -0.5681 -0.5352 0.6252
vn -0.5945 -0.5251 0.6090
vn -0.6109 -0.5403 0.5787
vn -0.6348 -0.5219 0.5697
vn -0.6301 -0.5832 0.5127
vn -0.6240 -0.5858 0.5172
vn -0.6541 -0.5648 0.5031
vn -0.6720 -0.5805 0.4598
vn -0.6718 -0.5806 0.4600
vn -0.6721 -0.5805 0.4598
vn -0.6723 -0.5804 0.4596
vn -0.6928 -0.5986 0.4022
vn -0.3484 -0.3562 0.8670
vn -0.3646 -0.3376 0.8678
vn -0.3490 -0.3557 0.8670
vn -0.3542 -0.3001 0.8857
vn -0.3093 -0.3063 0.9003
vn -0.3095 -0.3062 0.9002
vn -0.3055 -0.2901 0.9069
vn -0.2584 -0.2799 0.9246
vn -0.4130 -0.4376 0.7987
vn -0.4179 -0.4355 0.7973
vn -0.4394 -0.4220 0.7930
vn -0.4514 -0.4705 0.7582
vn -0.4523 -0.4686 0.7588
vn -0.4706 -0.5148 0.7166
vn -0.4731 -0.5134 0.7159
vn -0.4961 -0.5525 0.6699
vn -0.4979 -0.5520 0.6689
vn -0.5499 -0.5416 0.6358
vn -0.5697 -0.5958 0.5661
vn -0.5619 -0.5988 0.5706
vn -0.5990 -0.5757 0.5567
vn -0.6165 -0.5954 0.5152
vn -0.6125 -0.5961 0.5191
vn -0.6330 -0.6228 0.4598
vn -0.6328 -0.6230 0.4598
vn -0.6526 -0.6421 0.4024
vn -0.6525 -0.6421 0.4024
vn -0.6526 -0.6419 0.4026
vn -0.6695 -0.6588 0.3432
vn -0.3136 -0.3582 0.8794
vn -0.3330 -0.3660 0.8690
vn -0.3324 -0.3784 0.8639
vn -0.4160 -0.5020 0.7583
vn -0.4230 -0.5347 0.7316
vn -0.4361 -0.5429 0.7177
vn -0.4357 -0.5557 0.7081
vn -0.4358 -0.5556 0.7081
vn -0.4609 -0.5819 0.6701
vn -0.4618 -0.5821 0.6693
vn -0.4738 -0.6168 0.6285
vn -0.5080 -0.6236 0.5942
vn -0.5083 -0.6002 0.6176
vn -0.5310 -0.5930 0.6054
vn -0.5125 -0.6452 0.5667
vn -0.5064 -0.6914 0.5153
vn -0.5042 -0.6950 0.5126
vn -0.5318 -0.6796 0.5053
vn -0.5606 -0.6425 0.5224
vn -0.5650 -0.6411 0.5194
vn -0.5655 -0.6411 0.5189
vn -0.5705 -0.6395 0.5153
vn -0.4722 -0.7231 0.5041
vn -0.4280 -0.7561 0.4951
vn -0.3908 -0.7696 0.5050
vn -0.3667 -0.7714 0.5201
vn -0.3667 -0.7713 0.5202
vn -0.3401 -0.7940 0.5038
vn -0.3065 -0.8001 0.5157
vn -0.3058 -0.8008 0.5150
vn -0.2825 -0.8037 0.5237
vn -0.2816 -0.8035 0.5245
vn -0.2349 -0.8305 0.5051
vn -0.2050 -0.8331 0.5138
vn -0.2000 -0.8320 0.5175
vn -0.1841 -0.8345 0.5193
vn -0.1884 -0.8361 0.5152
vn -0.1245 -0.8479 0.5154
vn -0.0653 -0.8534 0.5171
vn -0.0656 -0.8545 0.5153
vn -0.0719 -0.8325 0.5493
vn -0.0284 -0.8280 0.5601
vn -0.0544 -0.7929 0.6069
vn -0.0721 -0.6954 0.7150
vn -0.0103 -0.7035 0.7106
vn -0.1468 -0.6815 0.7170
vn -0.1520 -0.6817 0.7157
vn -0.1565 -0.5799 0.7995
vn -0.1724 -0.5792 0.7968
vn -0.2003 -0.5675 0.7986
vn 0.1868 -0.6980 0.6913
vn -0.2335 -0.6168 0.7517
vn -0.2545 -0.6510 0.7152
vn -0.2175 -0.6644 0.7151
vn -0.2160 -0.6663 0.7137
vn -0.2695 -0.6577 0.7034
vn -0.2844 -0.6896 0.6660
vn -0.2370 -0.7032 0.6703
vn -0.2421 -0.7040 0.6677
vn -0.2886 -0.6906 0.6632
vn -0.3009 -0.7071 0.6400
vn -0.3010 -0.7070 0.6400
vn -0.2461 -0.7445 0.6206
vn -0.2707 -0.7473 0.6068
vn -0.3353 -0.7529 0.5664
vn -0.1366 -0.5371 0.8324
vn -0.1461 -0.5286 0.8362
vn -0.0871 -0.5398 0.8373
vn 0.0759 -0.4876 0.8697
vn 0.0911 -0.5015 0.8604
vn -0.1020 -0.5003 0.8598
vn -0.1135 -0.4812 0.8692
vn -0.1275 -0.4767 0.8697
vn -0.1304 -0.4767 0.8693
vn -0.1549 -0.4376 0.8857
vn -0.1459 -0.4754 0.8676
vn -0.1680 -0.4828 0.8595
vn -0.1098 -0.4210 0.9004
vn -0.1198 -0.3969 0.9100
vn -0.0968 -0.3696 0.9241
vn -0.0969 -0.3696 0.9241
vn 0.1179 -0.4034 0.9074
vn 0.0898 -0.4256 0.9005
vn -0.1043 -0.4251 0.8991
vn -0.0957 -0.4613 0.8821
vn -0.0278 -0.4581 0.8885
vn 0.0672 -0.5640 0.8230
vn -0.0770 -0.5849 0.8074
vn -0.0625 -0.6111 0.7891
vn -0.0078 -0.6475 0.7621
vn -0.1098 -0.6438 0.7573
vn -0.0981 -0.6699 0.7359
vn -0.0635 -0.6730 0.7370
vn -0.0523 -0.8584 0.5103
vn -0.0002 -0.8632 0.5049
vn 0.0420 -0.8616 0.5059
vn 0.0499 -0.8601 0.5078
vn 0.0433 -0.8870 0.4597
vn 0.1004 -0.8823 0.4598
vn 0.1005 -0.8823 0.4598
vn 0.1006 -0.8823 0.4599
vn 0.1037 -0.9095 0.4025
vn 0.1036 -0.9096 0.4023
vn 0.1036 -0.9097 0.4021
vn 0.1622 -0.9010 0.4024
vn 0.1622 -0.9010 0.4023
vn 0.1665 -0.9244 0.3432
vn 0.2259 -0.9117 0.3432
vn 0.2261 -0.9117 0.3431
vn 0.2258 -0.9117 0.3432
vn 0.2307 -0.9310 0.2827
vn 0.2306 -0.9311 0.2827
vn 0.2308 -0.9311 0.2824
vn 0.2907 -0.9141 0.2828
vn 0.2904 -0.9142 0.2825
vn 0.2954 -0.9295 0.2210
vn 0.2954 -0.9294 0.2212
vn 0.2954 -0.9294 0.2211
vn 0.3549 -0.9084 0.2211
vn 0.3548 -0.9084 0.2212
vn 0.3549 -0.9084 0.2210
vn 0.3593 -0.9197 0.1586
vn 0.3593 -0.9197 0.1585
vn 0.4182 -0.8944 0.1586
vn 0.4182 -0.8944 0.1585
vn 0.4179 -0.8946 0.1585
vn 0.4181 -0.8945 0.1586
vn 0.4751 -0.8655 0.1587
vn 0.4750 -0.8655 0.1587
vn 0.4751 -0.8655 0.1586
vn 0.5300 -0.8330 0.1586
vn 0.5304 -0.8328 0.1585
vn 0.5346 -0.8397 0.0952
vn 0.5346 -0.8397 0.0954
vn 0.5345 -0.8398 0.0953
vn 0.5877 -0.8034 0.0954
vn 0.5876 -0.8035 0.0954
vn 0.0600 -0.8400 0.5393
vn 0.0969 -0.8515 0.5154
vn 0.0968 -0.8515 0.5153
vn 0.1517 -0.8434 0.5154
vn 0.1517 -0.8434 0.5155
vn 0.1519 -0.8434 0.5153
vn 0.2059 -0.8321 0.5150
vn 0.2106 -0.8284 0.5190
vn 0.2108 -0.8283 0.5192
vn 0.2142 -0.8254 0.5224
vn 0.2613 -0.8223 0.5055
vn 0.2873 -0.8082 0.5141
vn 0.2915 -0.8039 0.5183
vn 0.3057 -0.7978 0.5197
vn 0.3034 -0.8016 0.5152
vn 0.3632 -0.7758 0.5159
vn 0.3597 -0.7686 0.5290
vn 0.0930 -0.8147 0.5724
vn 0.0987 -0.8109 0.5768
vn 0.0957 -0.8126 0.5749
vn 0.1468 -0.8156 0.5597
vn 0.1804 -0.8021 0.5693
vn 0.1825 -0.7997 0.5719
vn 0.1514 -0.7704 0.6193
vn 0.1070 -0.7773 0.6200
vn 0.1567 -0.7686 0.6203
vn 0.0932 -0.7658 0.6363
vn 0.1379 -0.7316 0.6676
vn 0.0937 -0.7415 0.6644
vn 0.0963 -0.7389 0.6669
vn 0.1438 -0.7286 0.6697
vn 0.0930 -0.7016 0.7065
vn 0.0934 -0.7014 0.7067
vn 0.0932 -0.7015 0.7066
vn 0.1433 -0.6842 0.7150
vn 0.1000 -0.6922 0.7148
vn 0.1396 -0.6848 0.7152
vn 0.0873 -0.6709 0.7364
vn 0.1364 -0.6387 0.7572
vn 0.0985 -0.6467 0.7564
vn 0.1357 -0.6391 0.7571
vn 0.0723 -0.6309 0.7725
vn 0.0724 -0.6296 0.7735
vn 0.0723 -0.6308 0.7726
vn 0.1074 -0.5927 0.7982
vn 0.1075 -0.5928 0.7981
vn 0.1075 -0.5929 0.7981
vn 0.0978 -0.5289 0.8430
vn 0.0921 -0.5127 0.8536
vn 0.1304 -0.4806 0.8672
vn 0.1155 -0.4825 0.8682
vn 0.1278 -0.4756 0.8703
vn 0.0727 -0.4557 0.8872
vn 0.0730 -0.4564 0.8868
vn 0.0725 -0.4554 0.8873
vn 0.1103 -0.4191 0.9012
vn 0.1103 -0.4192 0.9012
vn 0.1104 -0.4191 0.9012
vn 0.1010 -0.3636 0.9261
vn 0.1013 -0.3642 0.9258
vn 0.1011 -0.3638 0.9260
vn 0.0949 -0.4085 0.9078
vn 0.1415 -0.4431 0.8852
vn 0.1364 -0.4753 0.8692
vn 0.1599 -0.4875 0.8584
vn 0.1575 -0.5299 0.8333
vn 0.2077 -0.5469 0.8110
vn 0.1607 -0.5810 0.7979
vn 0.2015 -0.5669 0.7988
vn 0.1659 -0.5780 0.7990
vn 0.2322 -0.5901 0.7732
vn 0.2321 -0.5902 0.7732
vn 0.1773 -0.6269 0.7587
vn 0.2206 -0.6116 0.7598
vn 0.1876 -0.6233 0.7591
vn 0.2585 -0.6548 0.7102
vn 0.2611 -0.6577 0.7066
vn 0.2097 -0.6687 0.7133
vn 0.2081 -0.6663 0.7160
vn 0.1421 -0.5785 0.8032
vn 0.1395 -0.5832 0.8003
vn 0.2891 -0.6821 0.6717
vn 0.2780 -0.6863 0.6721
vn 0.3290 -0.6639 0.6716
vn 0.3338 -0.7498 0.5712
vn 0.4003 -0.7743 0.4902
vn 0.3760 -0.8045 0.4598
vn 0.3762 -0.8044 0.4597
vn 0.3231 -0.8274 0.4595
vn 0.3232 -0.8271 0.4598
vn 0.3232 -0.8271 0.4599
vn 0.2689 -0.8463 0.4598
vn 0.2690 -0.8463 0.4599
vn 0.2688 -0.8464 0.4597
vn 0.2687 -0.8466 0.4595
vn 0.2136 -0.8620 0.4597
vn 0.2136 -0.8620 0.4598
vn 0.2134 -0.8621 0.4595
vn 0.1578 -0.8740 0.4595
vn 0.1575 -0.8740 0.4597
vn 0.1574 -0.8740 0.4597
vn 0.4297 -0.7748 0.4638
vn 0.4258 -0.7758 0.4657
vn 0.4405 -0.8025 0.4024
vn 0.4405 -0.8026 0.4023
vn 0.4405 -0.8026 0.4024
vn 0.4519 -0.8234 0.3432
vn 0.4615 -0.8409 0.2827
vn 0.4614 -0.8409 0.2827
vn 0.4693 -0.8549 0.2210
vn 0.4693 -0.8550 0.2210
vn 0.4690 -0.8550 0.2212
vn 0.4771 -0.7145 0.5117
vn 0.4695 -0.7513 0.4638
vn 0.4650 -0.7567 0.4594
vn 0.4708 -0.7497 0.4650
vn 0.5246 -0.7165 0.4599
vn 0.5245 -0.7167 0.4597
vn 0.5241 -0.7168 0.4599
vn 0.5406 -0.7388 0.4023
vn 0.5406 -0.7389 0.4024
vn 0.5402 -0.7391 0.4023
vn 0.5873 -0.7022 0.4025
vn 0.5872 -0.7024 0.4023
vn 0.6025 -0.7206 0.3431
vn 0.6026 -0.7204 0.3433
vn 0.6025 -0.7207 0.3431
vn 0.6477 -0.6801 0.3433
vn 0.6476 -0.6804 0.3431
vn 0.6479 -0.6800 0.3433
vn 0.6616 -0.6944 0.2830
vn 0.6615 -0.6946 0.2828
vn 0.7053 -0.6500 0.2828
vn 0.7053 -0.6501 0.2827
vn 0.7170 -0.6611 0.2211
vn 0.7172 -0.6609 0.2209
vn 0.7582 -0.6133 0.2211
vn 0.7676 -0.6210 0.1587
vn 0.8061 -0.5700 0.1588
vn 0.8062 -0.5700 0.1587
vn 0.8064 -0.5698 0.1585
vn 0.8414 -0.5166 0.1586
vn 0.8413 -0.5167 0.1586
vn 0.8732 -0.4608 0.1588
vn 0.8731 -0.4610 0.1586
vn 0.8732 -0.4607 0.1587
vn 0.9011 -0.4036 0.1586
vn 0.9010 -0.4037 0.1586
vn 0.9253 -0.3445 0.1585
vn 0.9253 -0.3444 0.1586
vn 0.9329 -0.3473 0.0954
vn 0.9329 -0.3472 0.0954
vn 0.9534 -0.2861 0.0955
vn 0.9535 -0.2861 0.0952
vn 0.5025 -0.6869 0.5250
vn 0.5028 -0.6865 0.5253
vn 0.5027 -0.6866 0.5252
vn 0.5030 -0.6862 0.5256
vn 0.5533 -0.6622 0.5053
vn 0.5734 -0.6351 0.5175
vn 0.5749 -0.6333 0.5181
vn 0.5871 -0.6156 0.5256
vn 0.5871 -0.6157 0.5255
vn 0.6345 -0.5850 0.5052
vn 0.6503 -0.5594 0.5140
vn 0.6518 -0.5545 0.5174
vn 0.6610 -0.5414 0.5196
vn 0.6607 -0.5463 0.5148
vn 0.7000 -0.4936 0.5160
vn 0.6969 -0.4910 0.5227
vn 0.5133 -0.6394 0.5724
vn 0.5071 -0.6475 0.5689
vn 0.5291 -0.6185 0.5810
vn 0.5763 -0.6040 0.5506
vn 0.5836 -0.5836 0.5646
vn 0.5877 -0.5712 0.5730
vn 0.5947 -0.5498 0.5866
vn 0.6399 -0.5289 0.5575
vn 0.6249 -0.5047 0.5956
vn 0.6521 -0.5026 0.5676
vn 0.5972 -0.5067 0.6218
vn 0.6200 -0.4531 0.6405
vn 0.6201 -0.4531 0.6405
vn 0.5981 -0.4494 0.6635
vn 0.5706 -0.4752 0.6698
vn 0.5853 -0.4551 0.6710
vn 0.5466 -0.4393 0.7130
vn 0.5445 -0.4448 0.7111
vn 0.5438 -0.4440 0.7122
vn 0.5245 -0.4142 0.7439
vn 0.4673 -0.6404 0.6095
vn 0.4714 -0.6245 0.6226
vn 0.4669 -0.6313 0.6192
vn 0.4705 -0.6257 0.6222
vn 0.4735 -0.6207 0.6249
vn 0.4811 -0.5666 0.6690
vn 0.4528 -0.5884 0.6699
vn 0.4536 -0.5876 0.6701
vn 0.4831 -0.5614 0.6719
vn 0.4414 -0.5435 0.7140
vn 0.4226 -0.5112 0.7484
vn 0.4225 -0.5113 0.7484
vn 0.4227 -0.5111 0.7484
vn 0.4330 -0.4844 0.7602
vn 0.4164 -0.4932 0.7638
vn 0.4156 -0.5067 0.7554
vn 0.4213 -0.5052 0.7532
vn 0.3922 -0.4503 0.8021
vn 0.3920 -0.4504 0.8022
vn 0.3921 -0.4504 0.8021
vn 0.3814 -0.4472 0.8091
vn 0.3944 -0.3905 0.8318
vn 0.3837 -0.3912 0.8365
vn 0.3360 -0.3879 0.8583
vn 0.3359 -0.3880 0.8583
vn 0.3507 -0.3459 0.8703
vn 0.3420 -0.3564 0.8695
vn 0.3483 -0.3473 0.8707
vn 0.3165 -0.3012 0.8995
vn 0.3165 -0.3009 0.8996
vn 0.3165 -0.3011 0.8995
vn 0.2620 -0.2787 0.9239
vn 0.2868 -0.3089 0.9068
vn 0.3489 -0.3254 0.8788
vn 0.3536 -0.3407 0.8711
vn 0.3793 -0.3429 0.8594
vn 0.4596 -0.3915 0.7972
vn 0.4411 -0.4130 0.7968
vn 0.4569 -0.3839 0.8024
vn 0.4438 -0.4091 0.7973
vn 0.4867 -0.3949 0.7792
vn 0.4876 -0.4352 0.7568
vn 0.4960 -0.4175 0.7614
vn 0.4880 -0.4342 0.7572
vn 0.7133 -0.4798 0.5108
vn 0.7250 -0.5128 0.4597
vn 0.7250 -0.5128 0.4598
vn 0.6904 -0.5585 0.4599
vn 0.6904 -0.5585 0.4598
vn 0.6528 -0.6019 0.4599
vn 0.6529 -0.6019 0.4598
vn 0.6531 -0.6017 0.4598
vn 0.6125 -0.6430 0.4598
vn 0.6125 -0.6431 0.4597
vn 0.6124 -0.6432 0.4596
vn 0.5696 -0.6813 0.4598
vn 0.5696 -0.6813 0.4597
vn 0.5243 -0.7167 0.4599
vn 0.7510 -0.4305 0.5006
vn 0.7569 -0.4646 0.4597
vn 0.7568 -0.4645 0.4599
vn 0.7567 -0.4645 0.4599
vn 0.7567 -0.4647 0.4598
vn 0.7801 -0.4791 0.4023
vn 0.7800 -0.4792 0.4023
vn 0.7800 -0.4792 0.4024
vn 0.8004 -0.4915 0.3432
vn 0.8002 -0.4918 0.3432
vn 0.8004 -0.4915 0.3431
vn 0.8174 -0.5019 0.2827
vn 0.8174 -0.5019 0.2828
vn 0.8310 -0.5104 0.2212
vn 0.8310 -0.5104 0.2211
vn 0.8311 -0.5103 0.2211
vn 0.8310 -0.5104 0.2210
vn 0.7744 -0.3739 0.5104
vn 0.7739 -0.3661 0.5167
vn 0.7526 -0.3232 0.5737
vn 0.7556 -0.3243 0.5691
vn 0.7811 -0.3511 0.5163
vn 0.7386 -0.2742 0.6159
vn 0.7388 -0.2615 0.6211
vn 0.7029 -0.3047 0.6428
vn 0.6997 -0.2551 0.6674
vn 0.6884 -0.2958 0.6623
vn 0.6872 -0.2907 0.6657
vn 0.6983 -0.2462 0.6722
vn 0.6538 -0.2523 0.7134
vn 0.6300 -0.2346 0.7403
vn 0.6270 -0.2360 0.7424
vn 0.6235 -0.2120 0.7525
vn 0.6190 -0.2020 0.7589
vn 0.6200 -0.1791 0.7639
vn 0.6402 -0.1551 0.7524
vn 0.6392 -0.1329 0.7574
vn 0.6391 -0.1294 0.7582
vn 0.6376 -0.1083 0.7627
vn 0.6339 -0.1044 0.7664
vn 0.6340 -0.1044 0.7662
vn 0.6339 -0.1044 0.7663
vn 0.5914 -0.1112 0.7987
vn 0.5817 -0.1442 0.8005
vn 0.5818 -0.1548 0.7985
vn 0.5858 -0.1033 0.8038
vn 0.5492 -0.0978 0.8299
vn 0.5372 -0.1340 0.8328
vn 0.5446 -0.0981 0.8329
vn 0.5317 -0.1357 0.8360
vn 0.4982 -0.0894 0.8624
vn 0.5951 -0.2344 0.7687
vn 0.5952 -0.2342 0.7687
vn 0.5951 -0.2345 0.7687
vn 0.5684 -0.1943 0.7995
vn 0.5685 -0.1945 0.7994
vn 0.5685 -0.1946 0.7993
vn 0.5683 -0.1647 0.8062
vn 0.5728 -0.1728 0.8013
vn 0.4283 -0.1172 0.8960
vn 0.4236 -0.1114 0.8990
vn 0.4240 -0.1212 0.8975
vn 0.4222 -0.1272 0.8975
vn 0.3657 -0.0942 0.9260
vn 0.3666 -0.0942 0.9256
vn 0.3660 -0.0942 0.9258
vn 0.4065 -0.1266 0.9048
vn 0.6653 -0.0974 0.7402
vn 0.7309 -0.1285 0.6703
vn 0.7337 -0.1035 0.6716
vn 0.7429 -0.0901 0.6633
vn 0.7582 -0.0848 0.6464
vn 0.7582 -0.0848 0.6465
vn 0.7583 -0.0848 0.6464
vn 0.7706 -0.1375 0.6223
vn 0.7910 -0.1330 0.5972
vn 0.8117 -0.1367 0.5679
vn 0.8563 -0.0641 0.5125
vn 0.8493 -0.1060 0.5171
vn 0.8838 -0.0862 0.4598
vn 0.8838 -0.0861 0.4598
vn 0.8764 -0.1431 0.4598
vn 0.8764 -0.1432 0.4598
vn 0.8653 -0.1996 0.4598
vn 0.8653 -0.1995 0.4598
vn 0.8653 -0.1997 0.4598
vn 0.8505 -0.2552 0.4598
vn 0.8506 -0.2552 0.4598
vn 0.8506 -0.2553 0.4597
vn 0.8323 -0.3097 0.4598
vn 0.8322 -0.3098 0.4598
vn 0.8322 -0.3097 0.4599
vn 0.8104 -0.3630 0.4598
vn 0.8104 -0.3630 0.4599
vn 0.8354 -0.3742 0.4026
vn 0.8356 -0.3740 0.4024
vn 0.8356 -0.3739 0.4023
vn 0.8094 -0.4275 0.4026
vn 0.8096 -0.4275 0.4023
vn 0.8096 -0.4275 0.4021
vn 0.8306 -0.4386 0.3431
vn 0.8306 -0.4386 0.3432
vn 0.8306 -0.4385 0.3432
vn 0.8667 0.0025 0.4988
vn 0.8875 -0.0290 0.4599
vn 0.8876 -0.0291 0.4597
vn 0.8876 -0.0290 0.4597
vn 0.8876 -0.0288 0.4597
vn 0.9150 -0.0294 0.4023
vn 0.9150 -0.0296 0.4025
vn 0.9149 -0.0296 0.4025
vn 0.9150 -0.0297 0.4024
vn 0.9388 -0.0305 0.3432
vn 0.9388 -0.0306 0.3432
vn 0.9587 -0.0311 0.2827
vn 0.9587 -0.0309 0.2827
vn 0.9588 -0.0310 0.2825
vn 0.9747 -0.0316 0.2211
vn 0.9748 -0.0316 0.2210
vn 0.9749 -0.0315 0.2206
vn 0.9868 -0.0320 0.1586
vn 0.9949 -0.0320 0.0953
vn 0.9949 -0.0321 0.0954
vn 0.9949 -0.0323 0.0955
vn 0.8651 0.0284 0.5008
vn 0.8518 0.0789 0.5179
vn 0.8491 0.0876 0.5208
vn 0.8471 0.0911 0.5236
vn 0.8519 0.1391 0.5049
vn 0.8415 0.1678 0.5136
vn 0.8384 0.1714 0.5175
vn 0.8338 0.1873 0.5193
vn 0.8371 0.1840 0.5153
vn 0.8206 0.2462 0.5157
vn 0.8207 0.2461 0.5156
vn 0.8208 0.2464 0.5153
vn 0.8031 0.2989 0.5154
vn 0.8031 0.2990 0.5154
vn 0.8030 0.2988 0.5156
vn 0.7823 0.3503 0.5150
vn 0.7777 0.3544 0.5192
vn 0.7784 0.3538 0.5186
vn 0.7747 0.3569 0.5219
vn 0.7726 0.3888 0.5018
vn 0.7636 0.3094 0.5667
vn 0.7620 0.3086 0.5693
vn 0.7352 0.2668 0.6231
vn 0.7359 0.2706 0.6206
vn 0.7491 0.2323 0.6204
vn 0.6968 0.2529 0.6712
vn 0.7173 0.2215 0.6606
vn 0.7010 0.2388 0.6720
vn 0.7185 0.1680 0.6750
vn 0.7216 0.1653 0.6722
vn 0.7289 0.1309 0.6720
vn 0.6791 0.1760 0.7126
vn 0.6925 0.1605 0.7033
vn 0.6799 0.1750 0.7121
vn 0.6831 0.1166 0.7210
vn 0.6932 0.1062 0.7129
vn 0.6610 0.1064 0.7428
vn 0.7384 0.0937 0.6679
vn 0.7333 0.1252 0.6683
vn 0.7405 0.0908 0.6659
vn 0.7720 0.1372 0.6206
vn 0.7752 0.1313 0.6180
vn 0.8177 0.0890 0.5687
vn 0.8110 0.1367 0.5688
vn 0.8122 0.1410 0.5660
vn 0.8180 0.0943 0.5675
vn 0.6344 0.1542 0.7575
vn 0.6426 0.1151 0.7575
vn 0.6281 0.1574 0.7620
vn 0.6151 0.0984 0.7823
vn 0.5889 0.1418 0.7957
vn 0.5882 0.1090 0.8013
vn 0.5812 0.1614 0.7976
vn 0.5770 0.1003 0.8106
vn 0.5528 0.1006 0.8272
vn 0.5323 0.1539 0.8324
vn 0.5409 0.1108 0.8337
vn 0.5305 0.1351 0.8368
vn 0.5066 0.0942 0.8570
vn 0.5066 0.0945 0.8570
vn 0.5066 0.0943 0.8570
vn 0.4763 0.1230 0.8707
vn 0.4447 0.1008 0.8900
vn 0.4262 0.1226 0.8963
vn 0.4197 0.1219 0.8994
vn 0.4261 0.1195 0.8967
vn 0.3706 0.0922 0.9242
vn 0.3699 0.0915 0.9246
vn 0.3693 0.0914 0.9248
vn 0.4226 0.1149 0.8990
vn 0.5239 0.1744 0.8337
vn 0.5282 0.1846 0.8288
vn 0.6196 0.2406 0.7471
vn 0.6117 0.2262 0.7581
vn 0.6105 0.1938 0.7679
vn 0.6175 0.1888 0.7635
vn 0.6869 0.2700 0.6747
vn 0.6885 0.2861 0.6664
vn 0.7540 0.4255 0.5004
vn 0.7339 0.4506 0.5083
vn 0.7086 0.4842 0.5133
vn 0.7191 0.4731 0.5091
vn 0.7568 0.4646 0.4598
vn 0.7569 0.4645 0.4597
vn 0.7570 0.4643 0.4598
vn 0.7251 0.5126 0.4598
vn 0.7252 0.5126 0.4598
vn 0.7478 0.5282 0.4022
vn 0.7476 0.5285 0.4023
vn 0.7478 0.5283 0.4022
vn 0.7118 0.5758 0.4023
vn 0.7118 0.5756 0.4026
vn 0.7303 0.5907 0.3432
vn 0.6905 0.6368 0.3432
vn 0.7051 0.6503 0.2826
vn 0.7051 0.6503 0.2827
vn 0.7051 0.6505 0.2824
vn 0.6618 0.6943 0.2828
vn 0.6618 0.6944 0.2827
vn 0.6728 0.7061 0.2208
vn 0.6728 0.7061 0.2209
vn 0.6256 0.7482 0.2211
vn 0.6256 0.7481 0.2212
vn 0.6336 0.7573 0.1584
vn 0.6333 0.7575 0.1586
vn 0.5829 0.7969 0.1587
vn 0.5830 0.7969 0.1584
vn 0.5877 0.8034 0.0954
vn 0.5876 0.8035 0.0954
vn 0.5878 0.8033 0.0954
vn 0.5342 0.8400 0.0955
vn 0.5343 0.8399 0.0954
vn 0.6584 0.4926 0.5691
vn 0.6335 0.5242 0.5691
vn 0.6295 0.5299 0.5683
vn 0.6718 0.4880 0.5573
vn 0.6887 0.5039 0.5213
vn 0.6942 0.5012 0.5166
vn 0.6161 0.4813 0.6235
vn 0.6190 0.4783 0.6229
vn 0.5229 0.4202 0.7416
vn 0.4729 0.4501 0.7575
vn 0.5001 0.4191 0.7578
vn 0.4744 0.4486 0.7574
vn 0.4371 0.4847 0.7576
vn 0.4455 0.4816 0.7547
vn 0.4134 0.4979 0.7624
vn 0.4088 0.5311 0.7422
vn 0.4087 0.5311 0.7422
vn 0.4097 0.5312 0.7416
vn 0.4884 0.3956 0.7778
vn 0.4426 0.4142 0.7953
vn 0.4540 0.3913 0.8005
vn 0.4278 0.4242 0.7981
vn 0.4028 0.4471 0.7987
vn 0.3873 0.4522 0.8034
vn 0.3914 0.4529 0.8010
vn 0.3607 0.4168 0.8344
vn 0.3898 0.3918 0.8334
vn 0.3574 0.4244 0.8320
vn 0.3742 0.4029 0.8353
vn 0.3449 0.3624 0.8659
vn 0.3044 0.3107 0.9004
vn 0.3044 0.3108 0.9004
vn 0.3100 0.3088 0.8992
vn 0.4472 0.3732 0.8129
vn 0.4292 0.3637 0.8268
vn 0.4121 0.3674 0.8338
vn 0.3714 0.3459 0.8616
vn 0.3550 0.3450 0.8689
vn 0.3434 0.3223 0.8821
vn 0.3432 0.3221 0.8823
vn 0.3433 0.3222 0.8822
vn 0.2622 0.2744 0.9252
vn 0.2818 0.3129 0.9070
vn 0.2817 0.3126 0.9071
vn 0.2817 0.3124 0.9072
vn 0.3993 0.4936 0.7727
vn 0.4451 0.5439 0.7114
vn 0.4811 0.5648 0.6705
vn 0.4612 0.5762 0.6748
vn 0.4548 0.5911 0.6662
vn 0.5083 0.5944 0.6231
vn 0.5088 0.5948 0.6224
vn 0.4769 0.6502 0.5914
vn 0.5110 0.6449 0.5683
vn 0.4909 0.6786 0.5464
vn 0.5034 0.6659 0.5505
vn 0.5309 0.6351 0.5611
vn 0.5571 0.5988 0.5754
vn 0.5618 0.5972 0.5725
vn 0.5615 0.5973 0.5727
vn 0.5672 0.5955 0.5689
vn 0.6096 0.5521 0.5688
vn 0.6100 0.5521 0.5684
vn 0.4758 0.7169 0.5096
vn 0.4408 0.7456 0.4997
vn 0.4768 0.7491 0.4598
vn 0.4768 0.7492 0.4598
vn 0.4768 0.7491 0.4599
vn 0.4271 0.7785 0.4599
vn 0.4272 0.7785 0.4598
vn 0.4404 0.8026 0.4024
vn 0.4404 0.8026 0.4023
vn 0.3876 0.8293 0.4025
vn 0.3875 0.8294 0.4025
vn 0.3876 0.8294 0.4023
vn 0.3976 0.8509 0.3432
vn 0.3976 0.8510 0.3431
vn 0.3421 0.8749 0.3428
vn 0.3419 0.8749 0.3431
vn 0.3419 0.8748 0.3431
vn 0.3420 0.8748 0.3432
vn 0.2845 0.8951 0.3432
vn 0.2844 0.8952 0.3432
vn 0.2841 0.8952 0.3435
vn 0.2845 0.8951 0.3434
vn 0.2258 0.9117 0.3432
vn 0.2258 0.9117 0.3433
vn 0.2257 0.9117 0.3434
vn 0.2306 0.9311 0.2827
vn 0.2306 0.9311 0.2828
vn 0.1700 0.9440 0.2827
vn 0.1698 0.9441 0.2827
vn 0.1727 0.9599 0.2209
vn 0.1727 0.9598 0.2211
vn 0.1103 0.9690 0.2211
vn 0.1104 0.9690 0.2211
vn 0.1118 0.9810 0.1585
vn 0.1117 0.9810 0.1586
vn 0.0480 0.9862 0.1586
vn 0.0479 0.9862 0.1585
vn 0.0483 0.9861 0.1589
vn -0.0159 0.9872 0.1587
vn -0.0159 0.9872 0.1585
vn -0.0159 0.9872 0.1586
vn -0.0800 0.9841 0.1586
vn -0.0799 0.9841 0.1586
vn -0.0806 0.9922 0.0954
vn -0.1446 0.9849 0.0954
vn 0.3879 0.7704 0.5059
vn 0.3299 0.7576 0.5633
vn 0.3369 0.7870 0.5168
vn 0.3408 0.7867 0.5148
vn 0.3138 0.8029 0.5068
vn 0.2582 0.8108 0.5253
vn 0.2584 0.8106 0.5255
vn 0.2582 0.8109 0.5252
vn 0.2579 0.8113 0.5247
vn 0.2078 0.8388 0.5032
vn 0.1781 0.8396 0.5132
vn 0.1715 0.8387 0.5169
vn 0.2137 0.8619 0.4598
vn 0.2137 0.8620 0.4597
vn 0.2136 0.8620 0.4598
vn 0.1574 0.8741 0.4595
vn 0.1573 0.8740 0.4598
vn 0.1570 0.8740 0.4598
vn 0.1623 0.9010 0.4022
vn 0.1623 0.9011 0.4022
vn 0.1622 0.9010 0.4023
vn 0.1035 0.9096 0.4023
vn 0.1036 0.9095 0.4025
vn 0.1036 0.9096 0.4025
vn 0.1067 0.9332 0.3431
vn 0.1064 0.9332 0.3432
vn 0.1066 0.9332 0.3431
vn 0.0456 0.9381 0.3432
vn 0.0456 0.9382 0.3431
vn 0.0457 0.9381 0.3433
vn -0.0151 0.9391 0.3434
vn -0.0152 0.9391 0.3432
vn -0.0151 0.9390 0.3435
vn -0.0151 0.9391 0.3433
vn -0.0759 0.9362 0.3431
vn -0.0760 0.9362 0.3432
vn -0.0775 0.9560 0.2829
vn -0.0776 0.9561 0.2827
vn -0.1394 0.9491 0.2824
vn -0.1395 0.9491 0.2826
vn -0.1395 0.9491 0.2825
vn -0.1417 0.9649 0.2211
vn -0.1417 0.9648 0.2214
vn -0.1417 0.9649 0.2212
vn -0.2039 0.9537 0.2211
vn -0.2038 0.9537 0.2211
vn -0.2063 0.9655 0.1586
vn -0.2063 0.9656 0.1586
vn -0.2062 0.9656 0.1587
vn -0.2681 0.9503 0.1586
vn -0.2682 0.9502 0.1587
vn -0.2683 0.9502 0.1586
vn -0.2705 0.9580 0.0955
vn -0.2705 0.9580 0.0954
vn -0.2704 0.9580 0.0958
vn -0.3321 0.9384 0.0953
vn -0.3320 0.9384 0.0955
vn 0.2748 0.7732 0.5716
vn 0.3067 0.7527 0.5826
vn 0.2700 0.7774 0.5681
vn 0.2655 0.7383 0.6201
vn 0.2400 0.7441 0.6235
vn 0.2244 0.7105 0.6669
vn 0.2253 0.7100 0.6672
vn 0.1367 0.7300 0.6697
vn 0.1412 0.7269 0.6721
vn 0.0973 0.7357 0.6703
vn 0.0921 0.7047 0.7035
vn 0.0919 0.7047 0.7035
vn 0.0819 0.6445 0.7602
vn 0.1088 0.6446 0.7567
vn 0.1021 0.6470 0.7556
vn 0.1377 0.5834 0.8004
vn 0.1396 0.5851 0.7988
vn 0.1666 0.5790 0.7981
vn 0.1615 0.5284 0.8335
vn 0.1469 0.5304 0.8349
vn 0.2117 0.6721 0.7095
vn 0.2038 0.6704 0.7135
vn 0.1533 0.6829 0.7143
vn 0.1544 0.6830 0.7139
vn 0.1224 0.6835 0.7196
vn 0.1860 0.6266 0.7568
vn 0.1799 0.6226 0.7616
vn 0.1526 0.6281 0.7630
vn 0.1442 0.6244 0.7677
vn 0.1126 0.6445 0.7563
vn 0.2408 0.6227 0.7445
vn 0.2409 0.6226 0.7445
vn 0.2191 0.6137 0.7585
vn 0.1707 0.5796 0.7968
vn 0.2181 0.5750 0.7885
vn 0.2059 0.5675 0.7972
vn 0.2099 0.5465 0.8107
vn 0.1413 0.4459 0.8838
vn 0.1359 0.4683 0.8731
vn 0.1359 0.4686 0.8729
vn 0.1359 0.4685 0.8729
vn 0.1669 0.4833 0.8594
vn 0.1117 0.4164 0.9023
vn 0.1117 0.4163 0.9023
vn 0.1118 0.4164 0.9023
vn 0.1232 0.3945 0.9106
vn 0.0963 0.3662 0.9256
vn 0.0965 0.3650 0.9260
vn 0.0964 0.3640 0.9264
vn 0.1088 0.4830 0.8688
vn 0.0951 0.7378 0.6683
vn 0.1297 0.7760 0.6173
vn 0.0991 0.7813 0.6162
vn 0.1173 0.7805 0.6140
vn 0.0856 0.7898 0.6073
vn 0.0991 0.8216 0.5614
vn 0.0953 0.8193 0.5654
vn 0.0942 0.8186 0.5666
vn 0.0922 0.8173 0.5688
vn 0.1532 0.8081 0.5688
vn 0.1546 0.8087 0.5675
vn 0.2016 0.7996 0.5657
vn 0.2014 0.7993 0.5662
vn 0.0730 0.8545 0.5143
vn 0.0905 0.8493 0.5201
vn 0.0969 0.8515 0.5154
vn 0.1594 0.8420 0.5154
vn 0.1563 0.8404 0.5190
vn 0.8876 0.0288 0.4597
vn 0.8876 0.0290 0.4597
vn 0.8876 0.0289 0.4597
vn 0.8876 0.0289 0.4598
vn 0.8837 0.0863 0.4600
vn 0.8838 0.0862 0.4598
vn 0.8839 0.0860 0.4597
vn 0.8839 0.0862 0.4598
vn 0.8764 0.1432 0.4599
vn 0.8764 0.1431 0.4598
vn 0.8764 0.1433 0.4598
vn 0.8764 0.1432 0.4598
vn 0.8652 0.1995 0.4600
vn 0.8653 0.1995 0.4598
vn 0.8653 0.1996 0.4598
vn 0.8653 0.1997 0.4598
vn 0.8506 0.2552 0.4598
vn 0.8507 0.2551 0.4597
vn 0.8507 0.2551 0.4596
vn 0.8506 0.2552 0.4597
vn 0.8322 0.3098 0.4598
vn 0.8323 0.3097 0.4598
vn 0.8323 0.3098 0.4598
vn 0.8323 0.3096 0.4598
vn 0.8104 0.3631 0.4599
vn 0.8104 0.3630 0.4598
vn 0.8105 0.3629 0.4598
vn 0.7852 0.4148 0.4597
vn 0.7849 0.4150 0.4600
vn 0.7853 0.4147 0.4597
vn 0.7852 0.4148 0.4598
vn 0.7567 0.4646 0.4599
vn 0.9149 0.0297 0.4026
vn 0.9150 0.0295 0.4025
vn 0.9149 0.0296 0.4025
vn 0.9150 0.0297 0.4023
vn 0.9112 0.0890 0.4023
vn 0.9111 0.0890 0.4023
vn 0.9035 0.1476 0.4023
vn 0.9035 0.1477 0.4022
vn 0.9035 0.1476 0.4025
vn 0.8921 0.2058 0.4023
vn 0.8920 0.2056 0.4027
vn 0.8920 0.2057 0.4024
vn 0.8769 0.2630 0.4023
vn 0.8769 0.2634 0.4021
vn 0.8769 0.2631 0.4023
vn 0.8580 0.3193 0.4023
vn 0.8580 0.3194 0.4022
vn 0.8580 0.3195 0.4023
vn 0.8355 0.3742 0.4023
vn 0.8356 0.3741 0.4024
vn 0.8356 0.3740 0.4023
vn 0.8354 0.3743 0.4026
vn 0.8095 0.4276 0.4023
vn 0.8094 0.4275 0.4026
vn 0.8096 0.4276 0.4022
vn 0.7800 0.4790 0.4026
vn 0.7803 0.4790 0.4022
vn 0.7802 0.4790 0.4024
vn 0.7474 0.5285 0.4026
vn 0.9388 0.0305 0.3432
vn 0.9387 0.0304 0.3433
vn 0.9388 0.0306 0.3432
vn 0.9348 0.0912 0.3432
vn 0.9348 0.0911 0.3432
vn 0.9348 0.0913 0.3433
vn 0.9270 0.1514 0.3432
vn 0.9270 0.1515 0.3430
vn 0.9269 0.1512 0.3434
vn 0.9153 0.2111 0.3430
vn 0.9152 0.2111 0.3432
vn 0.9153 0.2111 0.3431
vn 0.8997 0.2699 0.3432
vn 0.8995 0.2704 0.3431
vn 0.8996 0.2703 0.3431
vn 0.8996 0.2699 0.3432
vn 0.8803 0.3276 0.3432
vn 0.8801 0.3279 0.3433
vn 0.8803 0.3275 0.3432
vn 0.8802 0.3278 0.3432
vn 0.8572 0.3839 0.3432
vn 0.8305 0.4388 0.3432
vn 0.8304 0.4390 0.3431
vn 0.8305 0.4387 0.3431
vn 0.8006 0.4914 0.3428
vn 0.8005 0.4915 0.3429
vn 0.8004 0.4914 0.3432
vn 0.8005 0.4915 0.3430
vn 0.7670 0.5422 0.3432
vn 0.7670 0.5421 0.3432
vn 0.7670 0.5422 0.3431
vn 0.9587 0.0312 0.2827
vn 0.9586 0.0313 0.2829
vn 0.9587 0.0312 0.2828
vn 0.9587 0.0312 0.2829
vn 0.9547 0.0932 0.2827
vn 0.9546 0.0933 0.2827
vn 0.9547 0.0930 0.2827
vn 0.9467 0.1546 0.2826
vn 0.9467 0.1545 0.2826
vn 0.9466 0.1547 0.2827
vn 0.9347 0.2156 0.2827
vn 0.9346 0.2158 0.2829
vn 0.9346 0.2157 0.2828
vn 0.9187 0.2757 0.2827
vn 0.9187 0.2758 0.2827
vn 0.9187 0.2757 0.2826
vn 0.8991 0.3344 0.2826
vn 0.8990 0.3345 0.2827
vn 0.8990 0.3346 0.2828
vn 0.8754 0.3921 0.2827
vn 0.8754 0.3921 0.2828
vn 0.8480 0.4481 0.2829
vn 0.8482 0.4480 0.2827
vn 0.8481 0.4480 0.2827
vn 0.8174 0.5018 0.2829
vn 0.8174 0.5018 0.2828
vn 0.8174 0.5017 0.2833
vn 0.8174 0.5017 0.2832
vn 0.7832 0.5537 0.2827
vn 0.7832 0.5538 0.2826
vn 0.7833 0.5535 0.2830
vn 0.7833 0.5536 0.2827
vn 0.7458 0.6032 0.2827
vn 0.7458 0.6032 0.2826
vn 0.7052 0.6503 0.2827
vn 0.9748 0.0316 0.2209
vn 0.9748 0.0316 0.2210
vn 0.9748 0.0317 0.2208
vn 0.9706 0.0947 0.2211
vn 0.9706 0.0948 0.2214
vn 0.9706 0.0947 0.2214
vn 0.9625 0.1572 0.2211
vn 0.9625 0.1572 0.2212
vn 0.9625 0.1572 0.2210
vn 0.9625 0.1571 0.2211
vn 0.9503 0.2192 0.2209
vn 0.9502 0.2195 0.2212
vn 0.9502 0.2193 0.2212
vn 0.9341 0.2804 0.2210
vn 0.9341 0.2803 0.2211
vn 0.9342 0.2799 0.2213
vn 0.9341 0.2802 0.2211
vn 0.9140 0.3402 0.2211
vn 0.9139 0.3406 0.2209
vn 0.9140 0.3404 0.2208
vn 0.8900 0.3987 0.2213
vn 0.8901 0.3987 0.2210
vn 0.8900 0.3987 0.2211
vn 0.8624 0.4554 0.2211
vn 0.8626 0.4553 0.2206
vn 0.8624 0.4554 0.2209
vn 0.8623 0.4556 0.2210
vn 0.8312 0.5101 0.2210
vn 0.8312 0.5101 0.2211
vn 0.8311 0.5102 0.2212
vn 0.7963 0.5631 0.2211
vn 0.7964 0.5629 0.2211
vn 0.7963 0.5631 0.2210
vn 0.7964 0.5630 0.2210
vn 0.7583 0.6132 0.2213
vn 0.7582 0.6133 0.2211
vn 0.7582 0.6134 0.2211
vn 0.7171 0.6610 0.2210
vn 0.7173 0.6609 0.2209
vn 0.7169 0.6612 0.2211
vn 0.6725 0.7063 0.2211
vn 0.9949 0.0324 0.0954
vn 0.9949 0.0323 0.0953
vn 0.9868 0.0320 0.1586
vn 0.9868 0.0321 0.1585
vn 0.9827 0.0958 0.1585
vn 0.9827 0.0959 0.1585
vn 0.9827 0.0959 0.1586
vn 0.9745 0.1592 0.1579
vn 0.9744 0.1593 0.1584
vn 0.9744 0.1592 0.1585
vn 0.9744 0.1593 0.1585
vn 0.9621 0.2221 0.1583
vn 0.9621 0.2219 0.1585
vn 0.9621 0.2219 0.1587
vn 0.9457 0.2838 0.1587
vn 0.9457 0.2836 0.1585
vn 0.9457 0.2836 0.1586
vn 0.9252 0.3446 0.1586
vn 0.9253 0.3445 0.1586
vn 0.9254 0.3443 0.1586
vn 0.9011 0.4036 0.1586
vn 0.9010 0.4037 0.1587
vn 0.8731 0.4611 0.1585
vn 0.8731 0.4610 0.1586
vn 0.8731 0.4611 0.1586
vn 0.8414 0.5166 0.1586
vn 0.8414 0.5167 0.1586
vn 0.8062 0.5700 0.1586
vn 0.8061 0.5701 0.1587
vn 0.7677 0.6208 0.1589
vn 0.7676 0.6209 0.1586
vn 0.7676 0.6210 0.1587
vn 0.7258 0.6693 0.1586
vn 0.7258 0.6693 0.1587
vn 0.7262 0.6689 0.1586
vn 0.6811 0.7148 0.1585
vn 0.6810 0.7149 0.1587
vn 0.6809 0.7150 0.1588
vn 0.6333 0.7575 0.1588
vn -0.0142 0.8879 0.4598
vn -0.0142 0.8879 0.4597
vn -0.0147 0.9154 0.4024
vn -0.0147 0.9154 0.4023
vn 0.0446 0.9144 0.4023
vn 0.0446 0.9145 0.4022
vn -0.0740 0.9125 0.4023
vn -0.0740 0.9125 0.4024
vn -0.0761 0.9362 0.3431
vn -0.1364 0.9293 0.3432
vn -0.1365 0.9293 0.3432
vn -0.1363 0.9293 0.3432
vn -0.1396 0.9490 0.2827
vn -0.2002 0.9381 0.2827
vn -0.2006 0.9380 0.2827
vn -0.2039 0.9538 0.2206
vn -0.2651 0.9385 0.2211
vn -0.2650 0.9386 0.2208
vn -0.3292 0.9308 0.1590
vn -0.3291 0.9308 0.1589
vn -0.3319 0.9385 0.0950
vn -0.3921 0.9150 0.0954
vn -0.3920 0.9150 0.0953
vn -0.0716 0.8852 0.4597
vn -0.0718 0.8851 0.4598
vn -0.0715 0.8852 0.4597
vn -0.1291 0.8785 0.4599
vn -0.1289 0.8787 0.4597
vn -0.1290 0.8786 0.4599
vn -0.1290 0.8786 0.4598
vn -0.1857 0.8684 0.4599
vn -0.1855 0.8685 0.4597
vn -0.1856 0.8684 0.4597
vn -0.1856 0.8684 0.4598
vn -0.2414 0.8546 0.4597
vn -0.2414 0.8547 0.4596
vn -0.2414 0.8547 0.4595
vn -0.2417 0.8545 0.4598
vn -0.2962 0.8372 0.4598
vn -0.2964 0.8373 0.4594
vn -0.2962 0.8372 0.4597
vn -0.3498 0.8162 0.4598
vn -0.3498 0.8163 0.4597
vn -0.3498 0.8162 0.4599
vn -0.4020 0.7921 0.4594
vn -0.4021 0.7920 0.4595
vn -0.4021 0.7919 0.4595
vn -0.4520 0.7645 0.4596
vn -0.4522 0.7643 0.4598
vn -0.4522 0.7643 0.4597
vn -0.4523 0.7641 0.4599
vn -0.5010 0.7332 0.4599
vn -0.0154 0.9591 0.2828
vn -0.0154 0.9591 0.2827
vn -0.0156 0.9751 0.2211
vn 0.0473 0.9741 0.2211
vn 0.0474 0.9741 0.2212
vn 0.0473 0.9741 0.2212
vn -0.0157 0.9751 0.2211
vn -0.0790 0.9721 0.2210
vn -0.0789 0.9721 0.2211
vn -0.0798 0.9841 0.1586
vn -0.1435 0.9769 0.1586
vn -0.1434 0.9769 0.1586
vn -0.1446 0.9849 0.0953
vn -0.2080 0.9735 0.0954
vn -0.0790 0.9721 0.2209
vn -0.0776 0.9560 0.2828
vn -0.0161 0.9953 0.0953
vn -0.0161 0.9953 0.0954
vn -0.0160 0.9953 0.0953
vn -0.0162 0.9953 0.0955
vn -0.0806 0.9922 0.0953
vn 0.0485 0.9943 0.0953
vn 0.0484 0.9943 0.0953
vn -0.0154 0.9590 0.2828
vn 0.0466 0.9581 0.2826
vn 0.0467 0.9581 0.2828
vn 0.1086 0.9530 0.2827
vn 0.1085 0.9530 0.2827
vn 0.1066 0.9332 0.3432
vn 0.1665 0.9244 0.3432
vn 0.1668 0.9243 0.3432
vn 0.2202 0.8887 0.4022
vn 0.2202 0.8886 0.4023
vn 0.2135 0.8619 0.4599
vn 0.2690 0.8463 0.4598
vn 0.3234 0.8270 0.4598
vn 0.3232 0.8271 0.4598
vn 0.3235 0.8270 0.4599
vn 0.3234 0.8270 0.4599
vn 0.3760 0.8045 0.4598
vn 0.0474 0.9741 0.2211
vn -0.0141 0.8879 0.4598
vn 0.0433 0.8869 0.4599
vn 0.0433 0.8870 0.4598
vn 0.1005 0.8823 0.4598
vn 0.1003 0.8824 0.4598
vn 0.1006 0.8823 0.4598
vn -0.1330 0.9058 0.4023
vn -0.1329 0.9058 0.4023
vn -0.1963 0.9185 0.3432
vn -0.1963 0.9184 0.3435
vn -0.2608 0.9231 0.2827
vn -0.2608 0.9231 0.2826
vn -0.2652 0.9385 0.2210
vn -0.3253 0.9194 0.2211
vn -0.3249 0.9196 0.2210
vn -0.3290 0.9309 0.1588
vn -0.3889 0.9075 0.1586
vn -0.3890 0.9075 0.1585
vn -0.4505 0.8876 0.0955
vn -0.4505 0.8877 0.0954
vn -0.1330 0.9058 0.4024
vn -0.1415 0.9649 0.2211
vn -0.1273 0.5819 0.8032
vn -0.1690 0.5891 0.7902
vn -0.1913 0.8953 0.4023
vn -0.1912 0.8953 0.4023
vn -0.2490 0.8810 0.4023
vn -0.2488 0.8811 0.4022
vn -0.2486 0.8812 0.4020
vn -0.3053 0.8631 0.4022
vn -0.3055 0.8629 0.4026
vn -0.3054 0.8630 0.4025
vn -0.3054 0.8631 0.4023
vn -0.3606 0.8415 0.4023
vn -0.3604 0.8414 0.4026
vn -0.3606 0.8415 0.4022
vn -0.3605 0.8416 0.4023
vn -0.4143 0.8164 0.4023
vn -0.4663 0.7879 0.4023
vn -0.4662 0.7879 0.4023
vn -0.4661 0.7878 0.4026
vn -0.4659 0.7880 0.4025
vn -0.5164 0.7560 0.4023
vn -0.5163 0.7560 0.4023
vn -0.5165 0.7559 0.4024
vn -0.5164 0.7559 0.4024
vn -0.1962 0.9184 0.3435
vn -0.2553 0.9038 0.3434
vn -0.2554 0.9038 0.3435
vn -0.3199 0.9043 0.2827
vn -0.3200 0.9043 0.2827
vn -0.3251 0.9195 0.2211
vn -0.3839 0.8965 0.2210
vn -0.3840 0.8964 0.2212
vn -0.3889 0.9075 0.1587
vn -0.4468 0.8805 0.1586
vn -0.4468 0.8805 0.1585
vn -0.4469 0.8805 0.1582
vn -0.4504 0.8877 0.0954
vn -0.5069 0.8567 0.0954
vn -0.5070 0.8567 0.0953
vn -0.5070 0.8567 0.0952
vn -0.2554 0.9037 0.3435
vn -0.2706 0.9580 0.0953
vn -0.3131 0.8855 0.3433
vn -0.3134 0.8855 0.3431
vn -0.3133 0.8855 0.3432
vn -0.3700 0.8633 0.3433
vn -0.3699 0.8633 0.3432
vn -0.3699 0.8634 0.3432
vn -0.4251 0.8376 0.3432
vn -0.4249 0.8377 0.3430
vn -0.4250 0.8376 0.3431
vn -0.4784 0.8083 0.3432
vn -0.4783 0.8084 0.3431
vn -0.4784 0.8084 0.3430
vn -0.5299 0.7756 0.3430
vn -0.5299 0.7755 0.3432
vn -0.5300 0.7754 0.3433
vn -0.5790 0.7396 0.3433
vn -0.5787 0.7399 0.3429
vn -0.5787 0.7399 0.3431
vn -0.6255 0.7007 0.3431
vn -0.3779 0.8817 0.2825
vn -0.3781 0.8816 0.2827
vn -0.3842 0.8963 0.2213
vn -0.4414 0.8696 0.2211
vn -0.4413 0.8697 0.2211
vn -0.4415 0.8696 0.2212
vn -0.4469 0.8804 0.1586
vn -0.5029 0.8497 0.1586
vn -0.5030 0.8497 0.1585
vn -0.5027 0.8497 0.1589
vn -0.5070 0.8567 0.0954
vn -0.5614 0.8220 0.0954
vn -0.5613 0.8221 0.0954
vn -0.5611 0.8222 0.0952
vn -0.3778 0.8817 0.2827
vn -0.4340 0.8554 0.2826
vn -0.4340 0.8554 0.2827
vn -0.4344 0.8553 0.2826
vn -0.4884 0.8255 0.2827
vn -0.4884 0.8256 0.2827
vn -0.4881 0.8258 0.2827
vn -0.5412 0.7920 0.2827
vn -0.5411 0.7920 0.2826
vn -0.5409 0.7922 0.2827
vn -0.5411 0.7921 0.2826
vn -0.5910 0.7556 0.2826
vn -0.5911 0.7554 0.2828
vn -0.5911 0.7554 0.2827
vn -0.6387 0.7157 0.2826
vn -0.6386 0.7156 0.2829
vn -0.6387 0.7156 0.2826
vn -0.6386 0.7157 0.2828
vn -0.6836 0.6728 0.2829
vn -0.4966 0.8393 0.2214
vn -0.4968 0.8392 0.2211
vn -0.4964 0.8395 0.2211
vn -0.5028 0.8497 0.1589
vn -0.5569 0.8153 0.1587
vn -0.5570 0.8152 0.1588
vn -0.5615 0.8220 0.0955
vn -0.6135 0.7839 0.0955
vn -0.6135 0.7839 0.0951
vn -0.4966 0.8393 0.2211
vn -0.5501 0.8053 0.2209
vn -0.5502 0.8053 0.2210
vn -0.5502 0.8052 0.2211
vn -0.6008 0.7682 0.2211
vn -0.6009 0.7682 0.2211
vn -0.6495 0.7275 0.2211
vn -0.6494 0.7276 0.2211
vn -0.6496 0.7275 0.2209
vn -0.6494 0.7276 0.2210
vn -0.6952 0.6840 0.2211
vn -0.6951 0.6841 0.2210
vn -0.6951 0.6841 0.2212
vn -0.7380 0.6375 0.2211
vn -0.5471 0.6994 0.4598
vn -0.6083 0.7777 0.1586
vn -0.6084 0.7776 0.1586
vn -0.6083 0.7777 0.1587
vn -0.6134 0.7840 0.0954
vn -0.6629 0.7426 0.0954
vn -0.6630 0.7425 0.0956
vn -0.6628 0.7428 0.0950
vn -0.6083 0.7776 0.1588
vn -0.3966 0.4436 0.8037
vn -0.4298 0.4310 0.7934
vn -0.4436 0.4050 0.7995
vn -0.4416 0.4111 0.7975
vn -0.5914 0.6625 0.4598
vn -0.5915 0.6625 0.4596
vn -0.6330 0.6228 0.4598
vn -0.6328 0.6230 0.4599
vn -0.6330 0.6229 0.4598
vn -0.6330 0.6229 0.4597
vn -0.6720 0.5805 0.4598
vn -0.6721 0.5804 0.4599
vn -0.6720 0.5807 0.4596
vn -0.7081 0.5359 0.4597
vn -0.7079 0.5362 0.4598
vn -0.7081 0.5359 0.4598
vn -0.7079 0.5359 0.4600
vn -0.7413 0.4887 0.4600
vn -0.7415 0.4886 0.4599
vn -0.7415 0.4885 0.4600
vn -0.7415 0.4886 0.4598
vn -0.7716 0.4397 0.4598
vn -0.7716 0.4396 0.4597
vn -0.7716 0.4397 0.4596
vn -0.7716 0.4395 0.4598
vn -0.7982 0.3892 0.4597
vn -0.6575 0.7365 0.1587
vn -0.6575 0.7366 0.1586
vn -0.7038 0.6925 0.1586
vn -0.7038 0.6924 0.1586
vn -0.7471 0.6455 0.1586
vn -0.7469 0.6457 0.1586
vn -0.7472 0.6454 0.1586
vn -0.7874 0.5957 0.1586
vn -0.4815 0.4383 0.7590
vn -0.6526 0.6421 0.4024
vn -0.6525 0.6421 0.4023
vn -0.6525 0.6422 0.4023
vn -0.6697 0.6586 0.3431
vn -0.7107 0.6140 0.3432
vn -0.7649 0.5788 0.2827
vn -0.7649 0.5788 0.2825
vn -0.7777 0.5885 0.2211
vn -0.8142 0.5368 0.2211
vn -0.8142 0.5367 0.2212
vn -0.8143 0.5368 0.2211
vn -0.8243 0.5434 0.1586
vn -0.8577 0.4892 0.1582
vn -0.8578 0.4890 0.1585
vn -0.8648 0.4930 0.0953
vn -0.8949 0.4360 0.0954
vn -0.8949 0.4359 0.0952
vn -0.6526 0.6421 0.4023
vn -0.7096 0.6981 0.0955
vn -0.7096 0.6982 0.0954
vn -0.6629 0.7427 0.0954
vn -0.7099 0.6978 0.0957
vn -0.6929 0.5985 0.4022
vn -0.6928 0.5985 0.4023
vn -0.6928 0.5984 0.4023
vn -0.7300 0.5523 0.4027
vn -0.7298 0.5527 0.4023
vn -0.7301 0.5524 0.4023
vn -0.7300 0.5525 0.4022
vn -0.7644 0.5037 0.4023
vn -0.7644 0.5038 0.4023
vn -0.7643 0.5038 0.4026
vn -0.7954 0.4534 0.4023
vn -0.7954 0.4533 0.4023
vn -0.8227 0.4012 0.4026
vn -0.8230 0.4011 0.4023
vn -0.8230 0.4010 0.4023
vn -0.8473 0.3471 0.4020
vn -0.7531 0.6510 0.0953
vn -0.7533 0.6507 0.0957
vn -0.7532 0.6508 0.0953
vn -0.7533 0.6508 0.0954
vn -0.7109 0.6139 0.3430
vn -0.7491 0.5667 0.3432
vn -0.7489 0.5668 0.3432
vn -0.7649 0.5787 0.2827
vn -0.8009 0.5279 0.2827
vn -0.8009 0.5279 0.2824
vn -0.8142 0.5367 0.2213
vn -0.8473 0.4829 0.2213
vn -0.8472 0.4829 0.2214
vn -0.8578 0.4888 0.1587
vn -0.8877 0.4323 0.1586
vn -0.8876 0.4324 0.1586
vn -0.8948 0.4361 0.0954
vn -0.9212 0.3772 0.0958
vn -0.9212 0.3771 0.0954
vn -0.9213 0.3771 0.0955
vn -0.7490 0.5666 0.3434
vn -0.7939 0.6006 0.0953
vn -0.7938 0.6006 0.0954
vn -0.7938 0.6007 0.0954
vn -0.7843 0.5170 0.3430
vn -0.7843 0.5167 0.3433
vn -0.7844 0.5166 0.3433
vn -0.7843 0.5169 0.3432
vn -0.8161 0.4652 0.3430
vn -0.8163 0.4648 0.3430
vn -0.8161 0.4651 0.3432
vn -0.8161 0.4650 0.3432
vn -0.8444 0.4114 0.3432
vn -0.8445 0.4113 0.3430
vn -0.8443 0.4114 0.3433
vn -0.8692 0.3559 0.3432
vn -0.8309 0.5483 0.0952
vn -0.8010 0.5279 0.2825
vn -0.8333 0.4752 0.2824
vn -0.8472 0.4830 0.2213
vn -0.8768 0.4270 0.2213
vn -0.8767 0.4272 0.2211
vn -0.8876 0.4325 0.1587
vn -0.9137 0.3741 0.1586
vn -0.9137 0.3742 0.1586
vn -0.9212 0.3772 0.0954
vn -0.9437 0.3168 0.0954
vn -0.9437 0.3167 0.0954
vn -0.9436 0.3169 0.0955
vn -0.8334 0.4751 0.2824
vn -0.8623 0.4202 0.2827
vn -0.8624 0.4200 0.2828
vn -0.8623 0.4203 0.2826
vn -0.8876 0.3635 0.2827
vn -0.8877 0.3635 0.2826
vn -0.8877 0.3635 0.2825
vn -0.9093 0.3053 0.2827
vn -0.9272 0.2459 0.2827
vn -0.8767 0.4273 0.2209
vn -0.9024 0.3699 0.2210
vn -0.9024 0.3699 0.2209
vn -0.9025 0.3697 0.2211
vn -0.9137 0.3742 0.1587
vn -0.9360 0.3142 0.1586
vn -0.9360 0.3141 0.1586
vn -0.9360 0.3143 0.1586
vn -0.9437 0.3169 0.0954
vn -0.9623 0.2548 0.0953
vn -0.9622 0.2550 0.0952
vn -0.9025 0.3695 0.2212
vn -0.8418 0.2826 0.4600
vn -0.8418 0.2824 0.4601
vn -0.8419 0.2826 0.4598
vn -0.8584 0.2276 0.4598
vn -0.8584 0.2275 0.4598
vn -0.8584 0.2274 0.4598
vn -0.8713 0.1716 0.4598
vn -0.8713 0.1716 0.4597
vn -0.8713 0.1715 0.4598
vn -0.8806 0.1147 0.4597
vn -0.8806 0.1147 0.4598
vn -0.9247 0.3102 0.2208
vn -0.9245 0.3105 0.2212
vn -0.9247 0.3103 0.2208
vn -0.9427 0.2499 0.2211
vn -0.9427 0.2500 0.2211
vn -0.8679 0.2913 0.4024
vn -0.8849 0.2346 0.4023
vn -0.8849 0.2345 0.4023
vn -0.9079 0.2406 0.3432
vn -0.9216 0.1814 0.3432
vn -0.9216 0.1813 0.3432
vn -0.9511 0.1237 0.2830
vn -0.9512 0.1238 0.2828
vn -0.9732 0.0626 0.2213
vn -0.9732 0.0630 0.2212
vn -0.9732 0.0630 0.2211
vn -0.9873 -0.0001 0.1587
vn -0.9873 -0.0000 0.1590
vn -0.9933 -0.0645 0.0954
vn -0.9934 -0.0645 0.0954
vn -0.9360 0.3142 0.1587
vn -0.9544 0.2530 0.1586
vn -0.9544 0.2528 0.1588
vn -0.9622 0.2550 0.0954
vn -0.9767 0.1922 0.0954
vn -0.9767 0.1923 0.0954
vn -0.9766 0.1928 0.0952
vn -0.9544 0.2529 0.1587
vn -0.8982 0.1768 0.4024
vn -0.9078 0.1183 0.4024
vn -0.9078 0.1183 0.4023
vn -0.9078 0.1183 0.4025
vn -0.9136 0.0593 0.4023
vn -0.9135 0.0594 0.4025
vn -0.9136 0.0592 0.4023
vn -0.9155 -0.0002 0.4023
vn -0.9688 0.1907 0.1586
vn -0.9687 0.1908 0.1587
vn -0.9688 0.1906 0.1586
vn -0.9314 0.1213 0.3431
vn -0.9314 0.1213 0.3432
vn -0.9512 0.1239 0.2827
vn -0.9572 0.0620 0.2827
vn -0.9573 0.0618 0.2825
vn -0.9573 0.0618 0.2826
vn -0.9752 -0.0001 0.2212
vn -0.9753 -0.0001 0.2211
vn -0.9853 -0.0640 0.1586
vn -0.9853 -0.0638 0.1587
vn -0.9871 -0.1285 0.0953
vn -0.9871 -0.1285 0.0955
vn -0.9871 0.1285 0.0955
vn -0.9767 0.1922 0.0958
vn -0.9871 0.1289 0.0952
vn -0.9373 0.0609 0.3431
vn -0.9374 0.0606 0.3430
vn -0.9373 0.0607 0.3432
vn -0.9393 -0.0002 0.3432
vn -0.9392 -0.0000 0.3434
vn -0.9372 -0.0614 0.3433
vn -0.9934 0.0643 0.0954
vn -0.9572 0.0622 0.2825
vn -0.9593 -0.0001 0.2825
vn -0.9592 -0.0001 0.2827
vn -0.9751 -0.0000 0.2216
vn -0.9732 -0.0632 0.2211
vn -0.9732 -0.0632 0.2212
vn -0.9853 -0.0641 0.1586
vn -0.9791 -0.1275 0.1586
vn -0.9790 -0.1279 0.1585
vn -0.9871 -0.1286 0.0955
vn -0.9767 -0.1922 0.0954
vn -0.9767 -0.1923 0.0954
vn -0.9592 -0.0002 0.2827
vn -0.8882 -0.0000 0.4595
vn -0.8862 -0.0577 0.4597
vn -0.8862 -0.0576 0.4596
vn -0.8862 -0.0576 0.4597
vn -0.9135 -0.0595 0.4024
vn -0.9077 -0.1183 0.4025
vn -0.9078 -0.1183 0.4024
vn -0.9078 -0.1183 0.4023
vn -0.9217 -0.1812 0.3431
vn -0.9216 -0.1813 0.3432
vn -0.9272 -0.2458 0.2827
vn -0.9272 -0.2458 0.2826
vn -0.9245 -0.3106 0.2212
vn -0.9246 -0.3104 0.2210
vn -0.9360 -0.3142 0.1585
vn -0.9137 -0.3741 0.1586
vn -0.9212 -0.3773 0.0954
vn -0.8949 -0.4360 0.0952
vn -0.8949 -0.4360 0.0953
vn -0.9572 -0.0622 0.2827
vn -0.9572 -0.0621 0.2826
vn -0.9572 -0.0624 0.2828
vn -0.9511 -0.1239 0.2828
vn -0.7763 -0.0991 0.6225
vn -0.7767 -0.1524 0.6112
vn -0.7733 -0.1555 0.6147
vn -0.7603 -0.1983 0.6186
vn -0.7575 -0.2018 0.6208
vn -0.7465 -0.2419 0.6199
vn -0.7464 -0.2419 0.6199
vn -0.7245 -0.3009 0.6201
vn -0.7252 -0.3005 0.6195
vn -0.8806 -0.1147 0.4598
vn -0.8807 -0.1147 0.4597
vn -0.8983 -0.1768 0.4022
vn -0.8982 -0.1768 0.4024
vn -0.8983 -0.1768 0.4023
vn -0.9214 -0.1816 0.3435
vn -0.9077 -0.2410 0.3435
vn -0.9079 -0.2408 0.3432
vn -0.9271 -0.2462 0.2827
vn -0.9092 -0.3056 0.2828
vn -0.9093 -0.3053 0.2827
vn -0.9093 -0.3053 0.2828
vn -0.9245 -0.3105 0.2212
vn -0.9026 -0.3695 0.2209
vn -0.9137 -0.3741 0.1587
vn -0.8876 -0.4324 0.1586
vn -0.8876 -0.4323 0.1588
vn -0.8647 -0.4931 0.0953
vn -0.8647 -0.4931 0.0954
vn -0.8806 -0.1147 0.4597
vn -0.9732 -0.0633 0.2211
vn -0.9670 -0.1263 0.2213
vn -0.9671 -0.1260 0.2210
vn -0.9791 -0.1279 0.1584
vn -0.9687 -0.1908 0.1587
vn -0.9687 -0.1908 0.1588
vn -0.9767 -0.1922 0.0953
vn -0.9622 -0.2550 0.0954
vn -0.9622 -0.2550 0.0955
vn -0.9622 -0.2550 0.0953
vn -0.9672 -0.1258 0.2208
vn -0.7216 -0.1706 0.6709
vn -0.7193 -0.1735 0.6727
vn -0.7357 -0.1531 0.6598
vn -0.7943 -0.2116 0.5695
vn -0.7957 -0.2115 0.5675
vn -0.8713 -0.1715 0.4597
vn -0.8713 -0.1717 0.4597
vn -0.8713 -0.1716 0.4598
vn -0.8584 -0.2274 0.4598
vn -0.8584 -0.2276 0.4598
vn -0.8584 -0.2275 0.4598
vn -0.8418 -0.2826 0.4599
vn -0.8419 -0.2824 0.4598
vn -0.8419 -0.2825 0.4598
vn -0.8419 -0.2826 0.4598
vn -0.8217 -0.3365 0.4599
vn -0.8219 -0.3364 0.4596
vn -0.8217 -0.3366 0.4599
vn -0.9688 -0.1907 0.1586
vn -0.7068 -0.1881 0.6820
vn -0.8849 -0.2346 0.4024
vn -0.8849 -0.2346 0.4023
vn -0.8849 -0.2345 0.4024
vn -0.9080 -0.2405 0.3430
vn -0.8905 -0.2988 0.3433
vn -0.8904 -0.2989 0.3432
vn -0.8904 -0.2987 0.3433
vn -0.9094 -0.3053 0.2827
vn -0.8877 -0.3635 0.2827
vn -0.8877 -0.3635 0.2826
vn -0.9026 -0.3696 0.2210
vn -0.8767 -0.4271 0.2212
vn -0.8767 -0.4274 0.2209
vn -0.8875 -0.4325 0.1587
vn -0.8577 -0.4891 0.1586
vn -0.8576 -0.4891 0.1588
vn -0.8310 -0.5481 0.0955
vn -0.8310 -0.5480 0.0954
vn -0.7939 -0.6006 0.0952
vn -0.7939 -0.6006 0.0953
vn -0.7532 -0.6508 0.0954
vn -0.7532 -0.6509 0.0953
vn -0.8849 -0.2345 0.4023
vn -0.9543 -0.2531 0.1588
vn -0.6092 -0.2040 0.7663
vn -0.7137 -0.2312 0.6612
vn -0.7703 -0.2838 0.5711
vn -0.7752 -0.2791 0.5667
vn -0.8679 -0.2914 0.4023
vn -0.8679 -0.2915 0.4023
vn -0.8678 -0.2915 0.4023
vn -0.8680 -0.2914 0.4022
vn -0.8474 -0.3466 0.4022
vn -0.8473 -0.3467 0.4023
vn -0.8473 -0.3468 0.4024
vn -0.8230 -0.4011 0.4023
vn -0.8229 -0.4011 0.4023
vn -0.8230 -0.4010 0.4023
vn -0.7955 -0.4534 0.4021
vn -0.9437 -0.3168 0.0955
vn -0.7503 -0.3155 0.5809
vn -0.8693 -0.3559 0.3431
vn -0.8692 -0.3559 0.3432
vn -0.8692 -0.3559 0.3433
vn -0.8623 -0.4202 0.2827
vn -0.8622 -0.4202 0.2830
vn -0.8473 -0.4830 0.2210
vn -0.8472 -0.4831 0.2211
vn -0.8578 -0.4889 0.1584
vn -0.8243 -0.5435 0.1586
vn -0.8243 -0.5435 0.1585
vn -0.7874 -0.5957 0.1586
vn -0.7875 -0.5956 0.1585
vn -0.7874 -0.5957 0.1587
vn -0.7471 -0.6455 0.1586
vn -0.7472 -0.6453 0.1590
vn -0.7471 -0.6455 0.1587
vn -0.7532 -0.6509 0.0952
vn -0.7096 -0.6981 0.0953
vn -0.8444 -0.4114 0.3431
vn -0.8442 -0.4118 0.3430
vn -0.8443 -0.4115 0.3432
vn -0.8444 -0.4114 0.3432
vn -0.8160 -0.4649 0.3434
vn -0.8159 -0.4653 0.3431
vn -0.8160 -0.4650 0.3434
vn -0.8159 -0.4650 0.3435
vn -0.7843 -0.5170 0.3430
vn -0.7842 -0.5169 0.3433
vn -0.7714 -0.4399 0.4598
vn -0.8622 -0.4201 0.2829
vn -0.8333 -0.4751 0.2827
vn -0.8333 -0.4752 0.2826
vn -0.8142 -0.5368 0.2211
vn -0.8141 -0.5370 0.2210
vn -0.8142 -0.5367 0.2212
vn -0.7777 -0.5886 0.2208
vn -0.7777 -0.5885 0.2211
vn -0.7777 -0.5885 0.2210
vn -0.7381 -0.6375 0.2210
vn -0.7381 -0.6375 0.2209
vn -0.7472 -0.6454 0.1586
vn -0.7036 -0.6927 0.1587
vn -0.7036 -0.6927 0.1586
vn -0.7038 -0.6924 0.1586
vn -0.7095 -0.6982 0.0955
vn -0.6629 -0.7426 0.0953
vn -0.6631 -0.7425 0.0954
vn -0.8008 -0.5280 0.2827
vn -0.8007 -0.5281 0.2827
vn -0.7842 -0.5170 0.3432
vn -0.7491 -0.5667 0.3432
vn -0.7490 -0.5667 0.3431
vn -0.7491 -0.5666 0.3432
vn -0.6792 -0.5094 0.5284
vn -0.6791 -0.5111 0.5268
vn -0.6791 -0.5109 0.5270
vn -0.6789 -0.5136 0.5247
vn -0.7082 -0.5358 0.4598
vn -0.7083 -0.5356 0.4598
vn -0.7082 -0.5356 0.4599
vn -0.7650 -0.5787 0.2826
vn -0.7650 -0.5786 0.2828
vn -0.7650 -0.5788 0.2824
vn -0.7648 -0.5790 0.2828
vn -0.7257 -0.6272 0.2827
vn -0.7258 -0.6271 0.2828
vn -0.7257 -0.6271 0.2829
vn -0.7379 -0.6377 0.2212
vn -0.6950 -0.6842 0.2212
vn -0.6952 -0.6840 0.2210
vn -0.6576 -0.7365 0.1586
vn -0.6575 -0.7366 0.1586
vn -0.6576 -0.7364 0.1589
vn -0.6632 -0.7423 0.0952
vn -0.6134 -0.7840 0.0953
vn -0.6135 -0.7839 0.0951
vn -0.6134 -0.7840 0.0954
vn -0.7491 -0.5666 0.3433
vn -0.7259 -0.6271 0.2826
vn -0.6952 -0.6840 0.2211
vn -0.6838 -0.6727 0.2827
vn -0.4233 -0.4869 0.7641
vn -0.5915 -0.6624 0.4598
vn -0.5914 -0.6625 0.4597
vn -0.5914 -0.6625 0.4598
vn -0.5913 -0.6625 0.4598
vn -0.5471 -0.6994 0.4599
vn -0.5472 -0.6994 0.4598
vn -0.5472 -0.6994 0.4597
vn -0.5471 -0.6995 0.4597
vn -0.5009 -0.7333 0.4598
vn -0.5008 -0.7332 0.4600
vn -0.5008 -0.7333 0.4599
vn -0.5007 -0.7333 0.4600
vn -0.4523 -0.7642 0.4598
vn -0.4523 -0.7642 0.4599
vn -0.4018 -0.7918 0.4600
vn -0.4019 -0.7918 0.4599
vn -0.3498 -0.8162 0.4598
vn -0.3499 -0.8162 0.4598
vn -0.3494 -0.8162 0.4601
vn -0.3496 -0.8162 0.4599
vn -0.2961 -0.8372 0.4598
vn -0.2959 -0.8373 0.4598
vn -0.2962 -0.8372 0.4598
vn -0.2414 -0.8546 0.4598
vn -0.2415 -0.8545 0.4599
vn -0.2415 -0.8546 0.4598
vn -0.1857 -0.8684 0.4597
vn -0.1856 -0.8685 0.4597
vn -0.1855 -0.8684 0.4598
vn -0.1856 -0.8684 0.4598
vn -0.1290 -0.8787 0.4597
vn -0.1289 -0.8786 0.4597
vn -0.1290 -0.8786 0.4598
vn -0.0719 -0.8851 0.4598
vn -0.0718 -0.8851 0.4598
vn -0.0142 -0.8879 0.4597
vn -0.0142 -0.8879 0.4598
vn -0.0139 -0.8878 0.4600
vn -0.6096 -0.6830 0.4024
vn -0.6096 -0.6829 0.4024
vn -0.6096 -0.6830 0.4023
vn -0.6097 -0.6829 0.4024
vn -0.5642 -0.7210 0.4023
vn -0.5642 -0.7209 0.4024
vn -0.5164 -0.7560 0.4022
vn -0.4663 -0.7879 0.4022
vn -0.4663 -0.7880 0.4021
vn -0.4662 -0.7879 0.4022
vn -0.4145 -0.8164 0.4021
vn -0.4143 -0.8164 0.4023
vn -0.4142 -0.8164 0.4024
vn -0.4144 -0.8164 0.4022
vn -0.3605 -0.8415 0.4023
vn -0.3604 -0.8416 0.4023
vn -0.3060 -0.8630 0.4021
vn -0.3054 -0.8629 0.4026
vn -0.3055 -0.8629 0.4025
vn -0.3053 -0.8631 0.4024
vn -0.2489 -0.8810 0.4024
vn -0.2489 -0.8810 0.4023
vn -0.2490 -0.8810 0.4024
vn -0.2491 -0.8810 0.4023
vn -0.1913 -0.8953 0.4023
vn -0.1915 -0.8953 0.4022
vn -0.1912 -0.8953 0.4024
vn -0.1914 -0.8953 0.4022
vn -0.1331 -0.9058 0.4022
vn -0.1330 -0.9058 0.4023
vn -0.1330 -0.9058 0.4024
vn -0.0740 -0.9125 0.4022
vn -0.0741 -0.9125 0.4023
vn -0.0740 -0.9125 0.4023
vn -0.0147 -0.9154 0.4023
vn -0.0151 -0.9154 0.4024
vn -0.0146 -0.9154 0.4023
vn 0.0445 -0.9144 0.4023
vn 0.0446 -0.9144 0.4023
vn -0.6255 -0.7007 0.3432
vn -0.5788 -0.7397 0.3431
vn -0.5788 -0.7398 0.3431
vn -0.5787 -0.7398 0.3432
vn -0.5298 -0.7755 0.3433
vn -0.5299 -0.7755 0.3432
vn -0.5298 -0.7756 0.3432
vn -0.4786 -0.8082 0.3431
vn -0.4786 -0.8082 0.3433
vn -0.4783 -0.8082 0.3435
vn -0.4251 -0.8376 0.3432
vn -0.4249 -0.8377 0.3430
vn -0.4252 -0.8376 0.3430
vn -0.3700 -0.8633 0.3432
vn -0.3698 -0.8634 0.3430
vn -0.3699 -0.8634 0.3430
vn -0.3133 -0.8855 0.3432
vn -0.3134 -0.8854 0.3433
vn -0.3133 -0.8854 0.3432
vn -0.2553 -0.9038 0.3435
vn -0.2554 -0.9038 0.3435
vn -0.2552 -0.9040 0.3430
vn -0.1963 -0.9185 0.3432
vn -0.1962 -0.9186 0.3432
vn -0.1364 -0.9293 0.3432
vn -0.1364 -0.9293 0.3433
vn -0.1364 -0.9294 0.3428
vn -0.1365 -0.9293 0.3432
vn -0.0761 -0.9362 0.3432
vn -0.0759 -0.9362 0.3432
vn -0.0760 -0.9362 0.3430
vn -0.0151 -0.9391 0.3432
vn 0.0457 -0.9381 0.3432
vn 0.0457 -0.9381 0.3433
vn 0.0456 -0.9381 0.3432
vn 0.1061 -0.9333 0.3432
vn 0.1061 -0.9332 0.3432
vn 0.1060 -0.9333 0.3432
vn 0.1663 -0.9244 0.3432
vn -0.6575 -0.7366 0.1587
vn -0.5911 -0.7554 0.2827
vn -0.5911 -0.7554 0.2828
vn -0.6009 -0.7682 0.2211
vn -0.5498 -0.8055 0.2211
vn -0.5499 -0.8054 0.2212
vn -0.5500 -0.8054 0.2211
vn -0.5029 -0.8497 0.1585
vn -0.5029 -0.8497 0.1586
vn -0.5068 -0.8568 0.0952
vn -0.4506 -0.8876 0.0954
vn -0.4505 -0.8877 0.0954
vn -0.6084 -0.7776 0.1587
vn -0.5409 -0.7921 0.2827
vn -0.5407 -0.7922 0.2831
vn -0.5411 -0.7920 0.2827
vn -0.4885 -0.8255 0.2827
vn -0.4887 -0.8254 0.2827
vn -0.4340 -0.8554 0.2827
vn -0.4341 -0.8554 0.2826
vn -0.4341 -0.8554 0.2827
vn -0.3778 -0.8817 0.2827
vn -0.3778 -0.8817 0.2826
vn -0.3198 -0.9043 0.2826
vn -0.3199 -0.9043 0.2826
vn -0.3199 -0.9043 0.2827
vn -0.2607 -0.9231 0.2827
vn -0.2608 -0.9231 0.2827
vn -0.2006 -0.9380 0.2827
vn -0.2004 -0.9380 0.2827
vn -0.2003 -0.9380 0.2828
vn -0.1393 -0.9490 0.2827
vn -0.1391 -0.9490 0.2829
vn -0.1392 -0.9490 0.2828
vn -0.1396 -0.9491 0.2824
vn -0.0777 -0.9561 0.2826
vn -0.0776 -0.9561 0.2827
vn -0.0154 -0.9591 0.2826
vn -0.0151 -0.9591 0.2826
vn -0.0154 -0.9591 0.2828
vn -0.0155 -0.9591 0.2828
vn 0.0467 -0.9581 0.2828
vn 0.0468 -0.9580 0.2829
vn 0.1085 -0.9530 0.2827
vn 0.1085 -0.9531 0.2827
vn 0.1084 -0.9531 0.2827
vn 0.1702 -0.9440 0.2826
vn 0.1700 -0.9440 0.2827
vn 0.1701 -0.9440 0.2825
vn 0.1700 -0.9440 0.2826
vn 0.2307 -0.9311 0.2827
vn -0.5614 -0.8220 0.0953
vn -0.4967 -0.8393 0.2210
vn -0.4967 -0.8393 0.2212
vn -0.4468 -0.8805 0.1585
vn -0.4469 -0.8805 0.1582
vn -0.4506 -0.8876 0.0953
vn -0.3920 -0.9150 0.0954
vn -0.3921 -0.9150 0.0954
vn -0.3923 -0.9149 0.0956
vn -0.4967 -0.8393 0.2211
vn -0.4413 -0.8697 0.2211
vn -0.4415 -0.8697 0.2208
vn -0.3841 -0.8964 0.2212
vn -0.3841 -0.8964 0.2211
vn -0.3254 -0.9194 0.2211
vn -0.3253 -0.9193 0.2213
vn -0.3253 -0.9194 0.2211
vn -0.3253 -0.9194 0.2210
vn -0.2651 -0.9385 0.2212
vn -0.2653 -0.9385 0.2212
vn -0.2652 -0.9385 0.2212
vn -0.2652 -0.9385 0.2211
vn -0.2038 -0.9537 0.2210
vn -0.2038 -0.9537 0.2212
vn -0.2038 -0.9537 0.2211
vn -0.1416 -0.9649 0.2210
vn -0.1415 -0.9649 0.2211
vn -0.1416 -0.9649 0.2211
vn -0.0790 -0.9720 0.2212
vn -0.0789 -0.9721 0.2210
vn -0.0157 -0.9751 0.2212
vn -0.0157 -0.9751 0.2213
vn -0.0157 -0.9751 0.2211
vn 0.0476 -0.9741 0.2212
vn 0.0477 -0.9741 0.2212
vn 0.0475 -0.9741 0.2211
vn 0.0477 -0.9741 0.2210
vn 0.1102 -0.9690 0.2211
vn 0.1101 -0.9690 0.2211
vn 0.1102 -0.9690 0.2212
vn 0.1732 -0.9597 0.2214
vn 0.1730 -0.9597 0.2213
vn 0.1729 -0.9598 0.2212
vn 0.2346 -0.9466 0.2211
vn 0.2344 -0.9466 0.2214
vn 0.2346 -0.9466 0.2210
vn 0.2345 -0.9466 0.2211
vn 0.2953 -0.9295 0.2211
vn -0.4464 -0.8806 0.1587
vn -0.3889 -0.9075 0.1586
vn -0.3886 -0.9076 0.1588
vn -0.3320 -0.9384 0.0954
vn -0.3319 -0.9385 0.0955
vn -0.3890 -0.9075 0.1585
vn -0.2031 -0.5685 0.7972
vn -0.2098 -0.6116 0.7628
vn -0.2545 -0.7846 0.5653
vn -0.2424 -0.7830 0.5729
vn -0.2773 -0.7875 0.5504
vn -0.3292 -0.9308 0.1588
vn -0.3294 -0.9308 0.1585
vn -0.3293 -0.9308 0.1586
vn -0.2684 -0.9502 0.1586
vn -0.2685 -0.9502 0.1582
vn -0.2680 -0.9503 0.1587
vn -0.2061 -0.9656 0.1587
vn -0.2064 -0.9655 0.1586
vn -0.2063 -0.9655 0.1586
vn -0.1435 -0.9768 0.1588
vn -0.1436 -0.9768 0.1587
vn -0.1437 -0.9768 0.1586
vn -0.0799 -0.9841 0.1586
vn -0.0800 -0.9842 0.1583
vn -0.0159 -0.9872 0.1587
vn -0.0159 -0.9872 0.1586
vn 0.0480 -0.9862 0.1585
vn 0.0480 -0.9862 0.1586
vn 0.1117 -0.9810 0.1586
vn 0.1116 -0.9810 0.1589
vn 0.1116 -0.9810 0.1588
vn 0.1748 -0.9718 0.1582
vn 0.1751 -0.9717 0.1585
vn 0.1749 -0.9717 0.1586
vn 0.2375 -0.9583 0.1588
vn 0.2375 -0.9584 0.1584
vn 0.2375 -0.9583 0.1587
vn 0.2992 -0.9409 0.1587
vn 0.2989 -0.9410 0.1585
vn 0.2990 -0.9410 0.1586
vn -0.1554 -0.6323 0.7590
vn -0.1556 -0.6325 0.7588
vn -0.1804 -0.6372 0.7493
vn -0.1554 -0.7268 0.6691
vn -0.1551 -0.7269 0.6690
vn -0.1646 -0.7669 0.6203
vn -0.1649 -0.7666 0.6206
vn -0.2194 -0.7793 0.5870
vn -0.2705 -0.9580 0.0954
vn -0.2706 -0.9580 0.0954
vn -0.2710 -0.9579 0.0952
vn -0.3319 -0.9385 0.0953
vn -0.2706 -0.9579 0.0954
vn -0.1328 -0.6274 0.7673
vn -0.1473 -0.8089 0.5692
vn -0.1423 -0.8095 0.5696
vn -0.1821 -0.8104 0.5568
vn -0.2080 -0.9735 0.0954
vn -0.0958 -0.7375 0.6685
vn -0.0260 -0.7529 0.6576
vn -0.1174 -0.8072 0.5785
vn -0.0965 -0.7805 0.6177
vn -0.1166 -0.8069 0.5790
vn -0.1445 -0.9849 0.0955
vn -0.1447 -0.9849 0.0953
vn -0.0806 -0.9921 0.0957
vn -0.0806 -0.9922 0.0954
vn -0.0805 -0.9922 0.0955
vn -0.0161 -0.9953 0.0954
vn 0.0484 -0.9943 0.0954
vn 0.0479 -0.9943 0.0955
vn 0.1128 -0.9890 0.0953
vn 0.1126 -0.9891 0.0953
vn 0.1126 -0.9890 0.0954
vn 0.2235 -0.7091 0.6688
vn 0.2261 -0.7065 0.6706
vn 0.2356 -0.7480 0.6205
vn 0.2369 -0.7476 0.6204
vn 0.1763 -0.9797 0.0956
vn 0.1764 -0.9797 0.0956
vn 0.1765 -0.9797 0.0953
vn 0.1762 -0.9797 0.0955
vn 0.1294 -0.5446 0.8286
vn 0.1474 -0.5319 0.8339
vn 0.2460 -0.7830 0.5713
vn 0.2489 -0.7809 0.5730
vn 0.2202 -0.8886 0.4023
vn 0.2200 -0.8885 0.4027
vn 0.2773 -0.8725 0.4022
vn 0.2773 -0.8725 0.4023
vn 0.2771 -0.8725 0.4025
vn 0.2769 -0.8726 0.4023
vn 0.3332 -0.8527 0.4024
vn 0.3331 -0.8528 0.4023
vn 0.3330 -0.8528 0.4022
vn 0.3876 -0.8293 0.4026
vn 0.3878 -0.8293 0.4023
vn 0.3876 -0.8294 0.4023
vn 0.3762 -0.8044 0.4598
vn 0.2394 -0.9662 0.0953
vn 0.2395 -0.9662 0.0954
vn 0.2394 -0.9662 0.0958
vn 0.2258 -0.9119 0.3428
vn 0.2845 -0.8952 0.3432
vn 0.2843 -0.8953 0.3430
vn 0.2904 -0.9142 0.2826
vn 0.3491 -0.8934 0.2827
vn 0.3489 -0.8935 0.2826
vn 0.4132 -0.8834 0.2209
vn 0.4130 -0.8835 0.2211
vn 0.4134 -0.8834 0.2207
vn 0.2845 -0.8951 0.3432
vn 0.3015 -0.9487 0.0954
vn 0.3016 -0.9487 0.0953
vn 0.2966 -0.7610 0.5770
vn 0.2997 -0.7565 0.5813
vn 0.3416 -0.8749 0.3432
vn 0.3417 -0.8748 0.3433
vn 0.3418 -0.8748 0.3435
vn 0.3977 -0.8509 0.3433
vn 0.3979 -0.8508 0.3431
vn 0.3976 -0.8509 0.3433
vn 0.3622 -0.9272 0.0955
vn 0.3621 -0.9273 0.0954
vn 0.3620 -0.9272 0.0958
vn 0.3622 -0.9272 0.0954
vn 0.3493 -0.8934 0.2827
vn 0.4062 -0.8689 0.2828
vn 0.4062 -0.8690 0.2827
vn 0.4063 -0.8689 0.2829
vn 0.4061 -0.8689 0.2829
vn 0.3977 -0.8509 0.3432
vn 0.4215 -0.9018 0.0954
vn 0.4214 -0.9018 0.0955
vn 0.4790 -0.8726 0.0953
vn 0.4789 -0.8727 0.0951
vn 0.4743 -0.7454 0.4683
vn 0.4915 -0.7722 0.4027
vn 0.4916 -0.7723 0.4023
vn 0.4916 -0.7722 0.4025
vn 0.5044 -0.7924 0.3432
vn 0.5044 -0.7923 0.3432
vn 0.5046 -0.7922 0.3431
vn 0.5150 -0.8092 0.2827
vn 0.5151 -0.8092 0.2826
vn 0.5236 -0.8227 0.2212
vn 0.5236 -0.8228 0.2211
vn 0.5233 -0.8229 0.2212
vn 0.5301 -0.8330 0.1585
vn 0.5405 -0.7390 0.4021
vn 0.5544 -0.7582 0.3432
vn 0.5545 -0.7581 0.3434
vn 0.5548 -0.7579 0.3432
vn 0.5663 -0.7743 0.2824
vn 0.5663 -0.7742 0.2827
vn 0.5663 -0.7743 0.2826
vn 0.5758 -0.7871 0.2212
vn 0.5758 -0.7871 0.2211
vn 0.5759 -0.7871 0.2210
vn 0.5830 -0.7969 0.1584
vn 0.5830 -0.7968 0.1587
vn 0.5829 -0.7969 0.1587
vn 0.5829 -0.7969 0.1586
vn 0.4457 -0.5287 0.7224
vn 0.4908 -0.5131 0.7042
vn 0.4966 -0.4956 0.7126
vn 0.4971 -0.4939 0.7134
vn 0.5032 -0.4743 0.7224
vn 0.5461 -0.4448 0.7099
vn 0.5231 -0.5848 0.6200
vn 0.5148 -0.6032 0.6092
vn 0.5222 -0.5860 0.6196
vn 0.5099 -0.5372 0.6719
vn 0.5109 -0.5323 0.6750
vn 0.5555 -0.5048 0.6607
vn 0.5619 -0.4842 0.6707
vn 0.6024 -0.7206 0.3432
vn 0.6151 -0.7360 0.2829
vn 0.6151 -0.7359 0.2830
vn 0.6151 -0.7359 0.2828
vn 0.6152 -0.7359 0.2827
vn 0.6255 -0.7483 0.2210
vn 0.6255 -0.7482 0.2211
vn 0.6256 -0.7481 0.2213
vn 0.6332 -0.7575 0.1588
vn 0.6331 -0.7576 0.1588
vn 0.6333 -0.7575 0.1585
vn 0.6332 -0.7575 0.1589
vn 0.6383 -0.7638 0.0956
vn 0.6384 -0.7637 0.0958
vn 0.6382 -0.7639 0.0955
vn 0.4267 -0.4387 0.7909
vn 0.5302 -0.5668 0.6306
vn 0.6315 -0.6629 0.4023
vn 0.6314 -0.6630 0.4023
vn 0.6314 -0.6629 0.4023
vn 0.6731 -0.6205 0.4023
vn 0.6730 -0.6206 0.4023
vn 0.6731 -0.6205 0.4024
vn 0.6731 -0.6206 0.4024
vn 0.7118 -0.5758 0.4023
vn 0.7117 -0.5758 0.4023
vn 0.7476 -0.5285 0.4022
vn 0.7475 -0.5285 0.4023
vn 0.7477 -0.5284 0.4021
vn 0.7251 -0.5127 0.4598
vn 0.6616 -0.6944 0.2828
vn 0.6728 -0.7061 0.2208
vn 0.6727 -0.7061 0.2211
vn 0.6726 -0.7062 0.2211
vn 0.6726 -0.7062 0.2209
vn 0.6810 -0.7149 0.1587
vn 0.6809 -0.7150 0.1585
vn 0.6811 -0.7148 0.1588
vn 0.6866 -0.7207 0.0954
vn 0.6866 -0.7208 0.0951
vn 0.6867 -0.7207 0.0954
vn 0.4795 -0.4513 0.7526
vn 0.4496 -0.4624 0.7642
vn 0.5808 -0.5365 0.6122
vn 0.5812 -0.5332 0.6147
vn 0.6478 -0.6802 0.3432
vn 0.6906 -0.6368 0.3428
vn 0.6907 -0.6367 0.3428
vn 0.7052 -0.6502 0.2826
vn 0.7458 -0.6032 0.2827
vn 0.7458 -0.6033 0.2827
vn 0.7964 -0.5629 0.2210
vn 0.7963 -0.5630 0.2211
vn 0.7962 -0.5632 0.2212
vn 0.7960 -0.5633 0.2215
vn 0.6905 -0.6367 0.3432
vn 0.7171 -0.6610 0.2211
vn 0.7259 -0.6693 0.1586
vn 0.7259 -0.6693 0.1587
vn 0.7260 -0.6691 0.1588
vn 0.7259 -0.6692 0.1586
vn 0.7315 -0.6751 0.0954
vn 0.7318 -0.6748 0.0954
vn 0.7318 -0.6749 0.0954
vn 0.7302 -0.5908 0.3431
vn 0.7302 -0.5907 0.3432
vn 0.7302 -0.5908 0.3432
vn 0.7303 -0.5907 0.3431
vn 0.7669 -0.5422 0.3433
vn 0.7669 -0.5423 0.3432
vn 0.7477 -0.5284 0.4022
vn 0.7739 -0.6261 0.0954
vn 0.7739 -0.6261 0.0953
vn 0.7739 -0.6260 0.0954
vn 0.7675 -0.6211 0.1588
vn 0.7455 -0.6035 0.2828
vn 0.7832 -0.5538 0.2827
vn 0.7832 -0.5537 0.2827
vn 0.7833 -0.5537 0.2827
vn 0.8128 -0.5747 0.0956
vn 0.8128 -0.5746 0.0953
vn 0.8129 -0.5745 0.0951
vn 0.8128 -0.5747 0.0954
vn 0.8483 -0.5208 0.0953
vn 0.8483 -0.5208 0.0955
vn 0.8483 -0.5209 0.0953
vn 0.8483 -0.5209 0.0954
vn 0.7853 -0.4147 0.4597
vn 0.7850 -0.4150 0.4600
vn 0.7852 -0.4148 0.4598
vn 0.7853 -0.4146 0.4598
vn 0.8483 -0.4478 0.2826
vn 0.8481 -0.4481 0.2829
vn 0.8305 -0.4386 0.3432
vn 0.8572 -0.3839 0.3432
vn 0.8573 -0.3838 0.3432
vn 0.8355 -0.3742 0.4023
vn 0.8582 -0.3191 0.4021
vn 0.8581 -0.3193 0.4022
vn 0.8580 -0.3194 0.4022
vn 0.8769 -0.2631 0.4023
vn 0.8769 -0.2632 0.4023
vn 0.8769 -0.2631 0.4022
vn 0.8921 -0.2058 0.4023
vn 0.8921 -0.2057 0.4024
vn 0.9035 -0.1476 0.4023
vn 0.9035 -0.1476 0.4024
vn 0.9034 -0.1473 0.4026
vn 0.9035 -0.1477 0.4023
vn 0.9112 -0.0886 0.4023
vn 0.9112 -0.0887 0.4023
vn 0.8837 -0.0860 0.4600
vn 0.8624 -0.4553 0.2212
vn 0.8624 -0.4554 0.2211
vn 0.8625 -0.4552 0.2212
vn 0.8482 -0.4479 0.2827
vn 0.8754 -0.3921 0.2827
vn 0.8756 -0.3917 0.2827
vn 0.8803 -0.3277 0.3432
vn 0.8803 -0.3275 0.3432
vn 0.8803 -0.3276 0.3432
vn 0.8803 -0.3275 0.3433
vn 0.8996 -0.2698 0.3435
vn 0.8996 -0.2701 0.3432
vn 0.8995 -0.2703 0.3431
vn 0.8996 -0.2699 0.3432
vn 0.9153 -0.2111 0.3431
vn 0.9152 -0.2111 0.3432
vn 0.9270 -0.1514 0.3432
vn 0.9270 -0.1516 0.3430
vn 0.9270 -0.1516 0.3429
vn 0.9348 -0.0912 0.3432
vn 0.9348 -0.0912 0.3433
vn 0.8803 -0.4648 0.0954
vn 0.8803 -0.4648 0.0955
vn 0.8803 -0.4647 0.0953
vn 0.7821 -0.3503 0.5154
vn 0.8624 -0.4553 0.2213
vn 0.8900 -0.3987 0.2213
vn 0.8901 -0.3986 0.2211
vn 0.9140 -0.3403 0.2208
vn 0.9140 -0.3402 0.2210
vn 0.9140 -0.3404 0.2207
vn 0.9253 -0.3446 0.1586
vn 0.9458 -0.2835 0.1586
vn 0.9457 -0.2837 0.1583
vn 0.9457 -0.2837 0.1587
vn 0.9535 -0.2858 0.0955
vn 0.9700 -0.2238 0.0954
vn 0.9700 -0.2236 0.0954
vn 0.9085 -0.4069 0.0953
vn 0.9085 -0.4069 0.0954
vn 0.9085 -0.4068 0.0954
vn 0.6502 -0.2368 0.7219
vn 0.6808 -0.2019 0.7041
vn 0.6771 -0.1842 0.7125
vn 0.6769 -0.1822 0.7132
vn 0.6724 -0.1623 0.7222
vn 0.6946 -0.1160 0.7100
vn 0.6946 -0.1159 0.7100
vn 0.7091 -0.2137 0.6719
vn 0.7076 -0.2092 0.6749
vn 0.7328 -0.1631 0.6606
vn 0.7278 -0.1415 0.6710
vn 0.7499 -0.2329 0.6193
vn 0.7496 -0.2319 0.6200
vn 0.7663 -0.1687 0.6200
vn 0.7663 -0.1689 0.6198
vn 0.8031 -0.2988 0.5155
vn 0.8031 -0.2989 0.5154
vn 0.7771 -0.2893 0.5590
vn 0.7815 -0.2597 0.5673
vn 0.7810 -0.2556 0.5698
vn 0.7841 -0.2399 0.5723
vn 0.7855 -0.2441 0.5688
vn 0.8031 -0.1774 0.5688
vn 0.8028 -0.1767 0.5695
vn 0.8990 -0.3345 0.2827
vn 0.8989 -0.3346 0.2828
vn 0.9187 -0.2758 0.2827
vn 0.9187 -0.2757 0.2827
vn 0.9347 -0.2157 0.2827
vn 0.9347 -0.2156 0.2827
vn 0.9347 -0.2156 0.2828
vn 0.9467 -0.1546 0.2827
vn 0.9466 -0.1548 0.2828
vn 0.9467 -0.1545 0.2826
vn 0.9467 -0.1547 0.2827
vn 0.9547 -0.0931 0.2828
vn 0.9547 -0.0931 0.2827
vn 0.9347 -0.0912 0.3434
vn 0.9329 -0.3471 0.0955
vn 0.4786 -0.1440 0.8662
vn 0.4767 -0.1386 0.8680
vn 0.4767 -0.1389 0.8680
vn 0.4752 -0.1330 0.8698
vn 0.8207 -0.2464 0.5154
vn 0.8209 -0.2463 0.5153
vn 0.8209 -0.2461 0.5154
vn 0.8032 -0.2990 0.5153
vn 0.8208 -0.2460 0.5155
vn 0.9140 -0.3405 0.2207
vn 0.9341 -0.2803 0.2210
vn 0.9342 -0.2801 0.2211
vn 0.9457 -0.2837 0.1585
vn 0.9621 -0.2219 0.1586
vn 0.9622 -0.2218 0.1582
vn 0.9621 -0.2219 0.1585
vn 0.9700 -0.2237 0.0953
vn 0.9824 -0.1607 0.0953
vn 0.9824 -0.1606 0.0954
vn 0.9341 -0.2801 0.2212
vn 0.8337 -0.1866 0.5197
vn 0.8350 -0.1925 0.5154
vn 0.8339 -0.1864 0.5195
vn 0.8328 -0.1814 0.5230
vn 0.9503 -0.2191 0.2212
vn 0.9503 -0.2194 0.2210
vn 0.9503 -0.2194 0.2211
vn 0.9503 -0.2193 0.2210
vn 0.9625 -0.1572 0.2211
vn 0.9625 -0.1573 0.2210
vn 0.9625 -0.1572 0.2210
vn 0.9706 -0.0946 0.2215
vn 0.9707 -0.0946 0.2211
vn 0.9547 -0.0930 0.2827
vn 0.8503 -0.1388 0.5076
vn 0.8486 -0.1085 0.5177
vn 0.9622 -0.2217 0.1583
vn 0.9745 -0.1592 0.1583
vn 0.9744 -0.1592 0.1586
vn 0.9744 -0.1593 0.1584
vn 0.9824 -0.1605 0.0955
vn 0.9907 -0.0966 0.0954
vn 0.9907 -0.0967 0.0954
vn 0.9744 -0.1593 0.1585
vn 0.9706 -0.0946 0.2211
vn 0.9827 -0.0958 0.1586
vn 0.9827 -0.0958 0.1585
vn 0.9827 -0.0959 0.1586
vn 0.9907 0.0966 0.0954
vn 0.9908 0.0967 0.0952
vn 0.9949 0.0323 0.0954
vn 0.9907 0.0967 0.0954
vn 0.9824 0.1606 0.0954
vn 0.9824 0.1607 0.0955
vn 0.9824 0.1605 0.0953
vn 0.7659 0.1703 0.6200
vn 0.7667 0.1696 0.6192
vn 0.8031 0.1777 0.5688
vn 0.8035 0.1773 0.5683
vn 0.9699 0.2238 0.0954
vn 0.9700 0.2238 0.0953
vn 0.9700 0.2238 0.0954
vn 0.9699 0.2239 0.0955
vn 0.4824 0.1454 0.8638
vn 0.6644 0.1923 0.7223
vn 0.7839 0.2406 0.5723
vn 0.7878 0.2361 0.5689
vn 0.7840 0.2403 0.5724
vn 0.7806 0.2442 0.5753
vn 0.7494 0.2324 0.6200
vn 0.9535 0.2859 0.0950
vn 0.9535 0.2861 0.0954
vn 0.9535 0.2861 0.0953
vn 0.9534 0.2861 0.0954
vn 0.6583 0.2464 0.7113
vn 0.6608 0.2448 0.7095
vn 0.7758 0.2888 0.5611
vn 0.9329 0.3472 0.0953
vn 0.9329 0.3473 0.0954
vn 0.9084 0.4070 0.0953
vn 0.9084 0.4071 0.0954
vn 0.9085 0.4069 0.0955
vn 0.8803 0.4648 0.0954
vn 0.8803 0.4647 0.0953
vn 0.8802 0.4648 0.0954
vn 0.8482 0.5211 0.0950
vn 0.8483 0.5208 0.0955
vn 0.8483 0.5209 0.0953
vn 0.8483 0.5208 0.0954
vn 0.8128 0.5747 0.0954
vn 0.8129 0.5746 0.0954
vn 0.8130 0.5744 0.0957
vn 0.5407 0.4402 0.7169
vn 0.5367 0.4407 0.7195
vn 0.5145 0.4853 0.7069
vn 0.4949 0.4919 0.7163
vn 0.4933 0.4924 0.7171
vn 0.4745 0.4983 0.7256
vn 0.4539 0.5429 0.7066
vn 0.5608 0.4852 0.6709
vn 0.5667 0.4816 0.6685
vn 0.5344 0.5042 0.6783
vn 0.5215 0.5456 0.6560
vn 0.4988 0.5525 0.6678
vn 0.6710 0.5428 0.5051
vn 0.6480 0.5624 0.5136
vn 0.6428 0.5648 0.5175
vn 0.6316 0.5757 0.5192
vn 0.6357 0.5748 0.5153
vn 0.5911 0.6205 0.5154
vn 0.5911 0.6205 0.5153
vn 0.5910 0.6207 0.5152
vn 0.5495 0.6578 0.5151
vn 0.5496 0.6575 0.5154
vn 0.5497 0.6575 0.5154
vn 0.5059 0.6917 0.5154
vn 0.4987 0.6932 0.5204
vn 0.6904 0.5584 0.4598
vn 0.6904 0.5585 0.4598
vn 0.6904 0.5585 0.4599
vn 0.6529 0.6020 0.4597
vn 0.6525 0.6023 0.4598
vn 0.6526 0.6022 0.4598
vn 0.6528 0.6020 0.4598
vn 0.6124 0.6430 0.4599
vn 0.6126 0.6428 0.4599
vn 0.6125 0.6429 0.4600
vn 0.6125 0.6430 0.4598
vn 0.5694 0.6816 0.4596
vn 0.5696 0.6813 0.4598
vn 0.5243 0.7167 0.4598
vn 0.5242 0.7167 0.4599
vn 0.5244 0.7167 0.4598
vn 0.7739 0.6260 0.0954
vn 0.7737 0.6262 0.0957
vn 0.7741 0.6259 0.0951
vn 0.5527 0.5535 0.6230
vn 0.5875 0.5316 0.6101
vn 0.5593 0.5514 0.6190
vn 0.6004 0.4880 0.6336
vn 0.6731 0.6206 0.4023
vn 0.6728 0.6206 0.4028
vn 0.6730 0.6206 0.4024
vn 0.6478 0.6801 0.3432
vn 0.6479 0.6801 0.3432
vn 0.6479 0.6800 0.3432
vn 0.6618 0.6944 0.2826
vn 0.6151 0.7360 0.2826
vn 0.6152 0.7359 0.2827
vn 0.6255 0.7482 0.2211
vn 0.5758 0.7871 0.2211
vn 0.5759 0.7871 0.2210
vn 0.5758 0.7871 0.2212
vn 0.5826 0.7971 0.1588
vn 0.5301 0.8330 0.1586
vn 0.5299 0.8330 0.1590
vn 0.5346 0.8397 0.0955
vn 0.4790 0.8726 0.0954
vn 0.4789 0.8726 0.0954
vn 0.4788 0.8727 0.0955
vn 0.6733 0.6204 0.4023
vn 0.7315 0.6751 0.0954
vn 0.7317 0.6750 0.0951
vn 0.7317 0.6749 0.0954
vn 0.6314 0.6629 0.4023
vn 0.6313 0.6628 0.4026
vn 0.6314 0.6628 0.4026
vn 0.6313 0.6629 0.4025
vn 0.5872 0.7023 0.4024
vn 0.5871 0.7023 0.4025
vn 0.5872 0.7024 0.4024
vn 0.5405 0.7389 0.4022
vn 0.5405 0.7389 0.4023
vn 0.4916 0.7723 0.4024
vn 0.4916 0.7723 0.4023
vn 0.4918 0.7721 0.4025
vn 0.4404 0.8027 0.4023
vn 0.6867 0.7206 0.0957
vn 0.6866 0.7208 0.0955
vn 0.6480 0.6799 0.3433
vn 0.6023 0.7207 0.3432
vn 0.6024 0.7207 0.3431
vn 0.6024 0.7207 0.3432
vn 0.6152 0.7360 0.2827
vn 0.5664 0.7740 0.2831
vn 0.5664 0.7741 0.2827
vn 0.5666 0.7739 0.2828
vn 0.5757 0.7873 0.2209
vn 0.5233 0.8229 0.2212
vn 0.5238 0.8227 0.2207
vn 0.5298 0.8331 0.1591
vn 0.4750 0.8655 0.1587
vn 0.4749 0.8656 0.1586
vn 0.4216 0.9018 0.0955
vn 0.4215 0.9018 0.0954
vn 0.4217 0.9017 0.0954
vn 0.6024 0.7206 0.3432
vn 0.6383 0.7638 0.0956
vn 0.6384 0.7638 0.0955
vn 0.6385 0.7637 0.0955
vn 0.5545 0.7581 0.3432
vn 0.5545 0.7581 0.3433
vn 0.5043 0.7924 0.3432
vn 0.5044 0.7924 0.3429
vn 0.5042 0.7925 0.3431
vn 0.4518 0.8235 0.3432
vn 0.4519 0.8235 0.3431
vn 0.4519 0.8234 0.3432
vn 0.5878 0.8034 0.0954
vn 0.5663 0.7742 0.2827
vn 0.5151 0.8092 0.2827
vn 0.5152 0.8091 0.2828
vn 0.5236 0.8228 0.2211
vn 0.4692 0.8550 0.2210
vn 0.4692 0.8550 0.2208
vn 0.4751 0.8655 0.1585
vn 0.4180 0.8945 0.1586
vn 0.4183 0.8944 0.1585
vn 0.3622 0.9272 0.0956
vn 0.3622 0.9272 0.0954
vn 0.3624 0.9271 0.0956
vn 0.3017 0.9486 0.0954
vn 0.3015 0.9487 0.0954
vn 0.3017 0.9486 0.0953
vn 0.2394 0.9662 0.0954
vn 0.2395 0.9662 0.0954
vn 0.2395 0.9662 0.0955
vn 0.5150 0.8092 0.2827
vn 0.4615 0.8409 0.2827
vn 0.4614 0.8409 0.2828
vn 0.4061 0.8690 0.2827
vn 0.4059 0.8690 0.2831
vn 0.4062 0.8689 0.2828
vn 0.3491 0.8934 0.2826
vn 0.3492 0.8934 0.2827
vn 0.3759 0.8045 0.4598
vn 0.3875 0.8294 0.4023
vn 0.3332 0.8527 0.4023
vn 0.2773 0.8725 0.4023
vn 0.2775 0.8724 0.4024
vn 0.2774 0.8724 0.4024
vn 0.2202 0.8886 0.4024
vn 0.2258 0.9117 0.3434
vn 0.1664 0.9244 0.3432
vn 0.1701 0.9440 0.2826
vn 0.4691 0.8550 0.2210
vn 0.4128 0.8836 0.2207
vn 0.4127 0.8837 0.2209
vn 0.4180 0.8945 0.1585
vn 0.3594 0.9196 0.1586
vn 0.3595 0.9195 0.1588
vn 0.3593 0.9196 0.1586
vn 0.3590 0.9198 0.1582
vn 0.2990 0.9410 0.1586
vn 0.2992 0.9409 0.1585
vn 0.2375 0.9584 0.1586
vn 0.2376 0.9583 0.1586
vn 0.2374 0.9584 0.1586
vn 0.1764 0.9797 0.0955
vn 0.1765 0.9797 0.0953
vn 0.1763 0.9797 0.0956
vn 0.4128 0.8836 0.2211
vn 0.3549 0.9083 0.2214
vn 0.3549 0.9084 0.2211
vn 0.3491 0.8935 0.2826
vn 0.2906 0.9141 0.2827
vn 0.2049 0.7550 0.6229
vn 0.3549 0.9084 0.2210
vn 0.2955 0.9294 0.2212
vn 0.2954 0.9294 0.2211
vn 0.2957 0.9293 0.2213
vn 0.2345 0.9466 0.2211
vn 0.2346 0.9466 0.2211
vn 0.1748 0.9717 0.1587
vn 0.1751 0.9717 0.1585
vn 0.1762 0.9797 0.0957
vn 0.1124 0.9890 0.0957
vn 0.1125 0.9891 0.0954
vn 0.1128 0.9890 0.0953
vn 0.1160 0.4829 0.8679
vn 0.1857 0.7512 0.6335
vn 0.2345 0.9467 0.2209
vn 0.2304 0.9311 0.2828
vn 0.1496 0.7776 0.6107
vn 0.1750 0.9717 0.1585
vn 0.1728 0.9598 0.2211
vn 0.1036 0.9096 0.4023
vn 0.1003 0.8823 0.4599
vn 0.1126 0.9891 0.0954
vn 0.0533 -0.7825 0.6204
vn 0.0218 -0.8172 0.5760
vn 0.0017 -0.7952 0.6064
vn 0.0340 -0.7706 0.6364
vn 0.0161 -0.7483 0.6632
vn 0.1522 -0.7327 0.6634
vn 0.1470 -0.7357 0.6611
vn 0.1535 -0.7305 0.6654
vn 0.3831 -0.6104 0.6933
vn 0.3812 -0.6085 0.6960
vn 0.3792 -0.6110 0.6949
vn 0.4596 -0.5482 0.6988
vn 0.4600 -0.5489 0.6979
vn 0.4599 -0.5484 0.6984
vn 0.4578 -0.5380 0.7078
vn 0.4576 -0.5377 0.7081
vn 0.4580 -0.5383 0.7075
vn 0.3762 -0.5639 0.7352
vn 0.3762 -0.5640 0.7351
vn 0.3049 -0.5911 0.7467
vn 0.3075 -0.5869 0.7490
vn 0.3053 -0.5893 0.7480
vn 0.1321 -0.7180 0.6834
vn 0.1316 -0.7175 0.6840
vn 0.1325 -0.7185 0.6828
vn 0.2341 -0.6794 0.6954
vn 0.2322 -0.6783 0.6971
vn 0.2336 -0.6788 0.6961
vn 0.0830 -0.7218 0.6871
vn 0.0831 -0.7217 0.6872
vn 0.0792 -0.7013 0.7085
vn 0.1593 -0.6734 0.7219
vn 0.1793 -0.6537 0.7352
vn 0.1794 -0.6537 0.7352
vn 0.1793 -0.6536 0.7352
vn 0.2346 -0.6360 0.7352
vn 0.2348 -0.6341 0.7367
vn 0.2377 -0.6312 0.7383
vn 0.1649 -0.4545 0.8753
vn 0.2200 -0.4098 0.8852
vn 0.1852 -0.3862 0.9036
vn 0.5851 -0.2831 0.7600
vn 0.4533 -0.3092 0.8360
vn 0.6098 -0.2718 0.7445
vn 0.3104 -0.3288 0.8919
vn 0.4415 -0.3030 0.8446
vn 0.4568 -0.2858 0.8424
vn 0.5153 -0.2566 0.8177
vn 0.5152 -0.2564 0.8178
vn 0.5152 -0.2559 0.8180
vn 0.0123 -0.3706 0.9287
vn 0.2227 -0.3445 0.9120
vn -0.0371 -0.3648 0.9304
vn 0.0016 -0.3536 0.9354
vn 0.7351 -0.1971 0.6487
vn 0.7350 -0.1972 0.6487
vn 0.7353 -0.1965 0.6487
vn 0.6976 -0.2469 0.6726
vn 0.6922 -0.2720 0.6685
vn 0.6518 -0.3102 0.6920
vn 0.6518 -0.3102 0.6921
vn 0.6587 -0.3256 0.6783
vn 0.6154 -0.3734 0.6942
vn 0.6154 -0.3731 0.6943
vn 0.6153 -0.3728 0.6946
vn 0.6100 -0.3866 0.6917
vn 0.4236 -0.4936 0.7595
vn 0.4236 -0.4936 0.7596
vn 0.4236 -0.4935 0.7596
vn 0.3563 -0.5211 0.7756
vn 0.5387 -0.4542 0.7096
vn 0.5441 -0.4546 0.7052
vn 0.5261 -0.4877 0.6967
vn 0.5263 -0.4897 0.6952
vn 0.5260 -0.4891 0.6958
vn 0.3802 -0.6139 0.6918
vn 0.2994 -0.6639 0.6853
vn 0.2954 -0.6679 0.6831
vn 0.0921 -0.7622 0.6408
vn 0.0938 -0.7609 0.6421
vn 0.0942 -0.7596 0.6435
vn 0.2252 -0.7139 0.6630
vn 0.2240 -0.7237 0.6527
vn 0.2217 -0.7178 0.6600
vn 0.2175 -0.7308 0.6470
vn 0.0548 -0.7869 0.6146
vn 0.0927 -0.7847 0.6130
vn 0.0902 -0.7877 0.6094
vn 0.0920 -0.7863 0.6110
vn 0.1157 -0.7654 0.6331
vn 0.1141 -0.7649 0.6340
vn 0.1147 -0.7651 0.6336
vn 0.0873 -0.6218 0.7783
vn 0.0943 -0.5498 0.8300
vn 0.1177 -0.5985 0.7925
vn 0.1163 -0.5997 0.7917
vn 0.1173 -0.5991 0.7920
vn 0.1698 -0.5715 0.8028
vn 0.2736 -0.5395 0.7963
vn 0.2743 -0.5412 0.7949
vn 0.2772 -0.5433 0.7925
vn 0.4076 -0.4434 0.7983
vn 0.4076 -0.4432 0.7984
vn 0.4076 -0.4430 0.7985
vn 0.1728 -0.5108 0.8421
vn 0.1710 -0.5149 0.8400
vn 0.1711 -0.5137 0.8407
vn 0.1966 -0.4859 0.8516
vn 0.4142 -0.4422 0.7955
vn 0.4139 -0.4436 0.7949
vn 0.4141 -0.4427 0.7953
vn 0.4200 -0.3771 0.8254
vn 0.4200 -0.3772 0.8254
vn 0.4201 -0.3772 0.8254
vn 0.4447 -0.3766 0.8127
vn 0.4447 -0.3764 0.8127
vn 0.4446 -0.3769 0.8126
vn -0.0000 -0.0001 -1.0000
vn -0.0001 -0.0000 -1.0000
s 1
usemtl Material.001
f 59//1 61//3 60//2
f 61//3 62//4 60//2
f 63//5 59//7 67//6
f 59//8 64//10 67//9
f 65//11 63//13 66//12
f 63//5 67//6 66//14
f 68//15 65//15 69//16
f 65//17 70//19 69//18
f 71//20 68//22 72//21
f 68//22 69//23 72//21
f 73//24 71//26 74//25
f 71//27 75//29 74//28
f 76//30 73//32 77//31
f 73//33 78//35 77//34
f 79//36 76//36 80//36
f 76//37 81//38 80//37
f 82//39 79//40 83//39
f 79//41 84//41 83//42
f 85//43 82//45 86//44
f 82//46 87//46 86//46
f 88//47 85//49 89//48
f 85//50 90//51 89//51
f 91//52 88//53 92//53
f 93//54 91//56 94//55
f 91//57 95//57 94//57
f 96//58 93//60 97//59
f 93//61 98//63 97//62
f 99//64 96//66 100//65
f 96//67 101//69 100//68
f 102//70 99//72 103//71
f 99//72 104//73 103//71
f 105//74 102//76 106//75
f 102//77 107//79 106//78
f 108//80 105//82 109//81
f 105//83 110//84 109//84
f 111//85 108//87 112//86
f 108//88 113//90 112//89
f 114//91 111//93 115//92
f 111//93 112//94 115//92
f 116//95 114//97 117//96
f 114//98 118//98 117//99
f 119//100 116//102 120//101
f 116//103 121//103 120//103
f 122//104 119//104 123//104
f 119//105 124//106 123//105
f 125//107 122//109 129//108
f 122//110 126//112 129//111
f 127//113 125//115 128//114
f 125//116 129//116 128//117
f 130//118 127//119 131//118
f 127//120 132//121 131//121
f 133//122 130//123 134//123
f 135//124 133//126 136//125
f 133//127 137//128 136//127
f 138//129 135//131 139//130
f 135//132 140//133 139//132
f 141//134 138//136 142//135
f 138//137 143//139 142//138
f 144//140 141//142 145//141
f 141//142 146//143 145//141
f 147//144 144//146 151//145
f 144//147 148//149 151//148
f 149//150 147//152 150//151
f 147//144 151//145 150//153
f 152//154 149//156 153//155
f 149//157 154//158 153//158
f 155//159 152//161 156//160
f 152//161 153//162 156//160
f 157//163 155//165 158//164
f 155//166 159//168 158//167
f 160//169 157//171 161//170
f 157//172 162//174 161//173
f 163//175 160//175 164//175
f 160//176 165//177 164//176
f 166//178 163//179 167//178
f 163//180 168//181 167//181
f 169//182 166//184 170//183
f 166//185 171//187 170//186
f 172//188 169//189 173//189
f 169//182 170//183 173//190
f 174//191 172//191 175//192
f 176//193 174//195 177//194
f 174//196 178//197 177//196
f 179//198 176//200 180//199
f 176//201 181//203 180//202
f 61//204 179//206 182//205
f 179//207 183//208 182//207
f 114//209 115//211 118//210
f 113//212 108//214 184//213
f 108//80 109//81 184//215
f 110//216 105//74 106//75
f 107//217 102//219 103//218
f 99//64 100//65 104//220
f 96//58 97//59 101//221
f 93//54 94//55 98//222
f 91//223 92//224 95//224
f 92//225 88//225 185//225
f 88//226 89//228 185//227
f 85//43 86//44 90//229
f 82//230 83//232 87//231
f 84//233 79//233 80//234
f 76//30 77//31 81//235
f 73//24 74//25 78//236
f 71//237 72//239 75//238
f 70//240 65//242 186//241
f 65//11 66//12 186//243
f 64//244 59//245 60//244
f 61//204 182//205 62//246
f 183//247 179//247 187//247
f 179//198 180//199 187//248
f 176//193 177//194 181//249
f 174//250 175//252 178//251
f 175//253 172//255 188//254
f 172//256 173//258 188//257
f 171//259 166//260 167//259
f 168//261 163//261 164//262
f 160//169 161//170 165//263
f 157//163 158//164 162//264
f 155//265 156//266 159//266
f 154//267 149//269 189//268
f 149//150 150//151 189//270
f 148//271 144//272 145//271
f 146//273 141//134 142//135
f 143//274 138//276 190//275
f 138//129 139//130 190//277
f 135//124 136//125 140//278
f 133//279 134//280 137//280
f 134//281 130//283 191//282
f 130//284 131//286 191//285
f 127//113 128//114 132//287
f 126//288 122//288 123//289
f 119//100 120//101 124//290
f 121//291 116//95 117//96
f 193//292 195//294 194//293
f 195//295 196//297 194//296
f 195//295 197//298 196//297
f 197//299 198//301 196//300
f 197//299 199//302 198//301
f 199//303 200//305 198//304
f 199//303 201//306 200//305
f 201//307 202//309 200//308
f 201//307 203//310 202//309
f 203//311 204//312 202//312
f 203//311 205//311 204//312
f 205//313 61//315 204//314
f 205//313 179//316 61//315
f 192//317 193//319 206//318
f 193//292 207//321 206//320
f 193//292 194//293 207//321
f 194//296 208//323 207//322
f 194//296 196//297 208//323
f 196//300 209//325 208//324
f 196//300 198//301 209//325
f 198//304 210//327 209//326
f 198//304 200//305 210//327
f 200//328 211//330 210//329
f 200//328 212//331 211//330
f 212//332 213//334 211//333
f 212//332 214//334 213//334
f 214//335 63//337 213//336
f 214//335 59//338 63//337
f 206//318 215//339 192//317
f 217//340 218//342 216//341
f 217//343 219//345 218//344
f 219//346 220//348 218//347
f 219//349 221//351 220//350
f 222//352 223//354 221//353
f 222//355 224//356 223//356
f 224//357 225//357 223//357
f 224//358 91//360 225//359
f 91//361 93//363 225//362
f 192//317 215//339 226//364
f 216//365 227//367 215//366
f 216//341 218//342 227//368
f 218//369 228//371 227//370
f 218//347 220//348 228//372
f 221//351 229//373 220//350
f 221//353 223//354 229//374
f 223//375 230//377 229//376
f 223//357 225//357 230//357
f 225//378 231//378 230//378
f 225//362 93//363 231//379
f 93//380 96//382 231//381
f 215//339 232//383 226//364
f 234//384 235//386 233//385
f 234//387 236//389 235//388
f 236//390 237//392 235//391
f 236//393 238//395 237//394
f 238//396 239//398 237//397
f 238//399 240//401 239//400
f 240//402 241//404 239//403
f 240//405 242//407 241//406
f 242//408 243//408 241//408
f 242//409 105//411 243//410
f 105//412 108//414 243//413
f 226//364 232//383 244//415
f 233//416 366//418 232//417
f 233//385 235//386 366//419
f 235//420 245//422 366//421
f 235//391 237//392 245//423
f 239//398 246//424 237//397
f 239//403 241//404 246//425
f 241//426 247//428 246//427
f 241//408 243//408 247//429
f 243//430 248//431 247//430
f 243//413 108//414 248//432
f 108//433 111//435 248//434
f 232//383 249//436 244//415
f 251//437 252//439 250//438
f 251//440 253//442 252//441
f 253//443 254//445 252//444
f 253//446 255//448 254//447
f 255//449 256//451 254//450
f 255//452 257//454 256//453
f 257//455 258//457 256//456
f 257//458 259//459 258//459
f 259//460 260//462 258//461
f 259//463 119//465 260//464
f 119//466 122//468 260//467
f 254//445 261//469 252//444
f 254//450 256//451 261//470
f 256//471 262//473 261//472
f 256//456 258//457 262//474
f 258//475 263//477 262//476
f 258//461 260//462 263//462
f 260//478 264//479 263//478
f 260//467 122//468 264//480
f 122//481 125//483 264//482
f 249//436 265//484 244//415
f 268//485 269//487 267//486
f 268//488 270//490 269//489
f 270//491 271//493 269//492
f 270//494 272//496 271//495
f 272//497 273//499 271//498
f 272//500 274//500 273//500
f 274//501 275//501 273//501
f 274//502 133//504 275//503
f 133//505 135//507 275//506
f 244//415 265//484 276//508
f 266//509 277//511 265//510
f 266//512 267//514 277//513
f 267//515 278//517 277//516
f 267//486 269//487 278//518
f 273//499 279//519 271//498
f 273//501 275//501 279//520
f 275//521 280//521 279//521
f 275//506 135//507 280//522
f 135//523 138//525 280//524
f 265//484 281//526 276//508
f 281//526 282//527 276//508
f 281//528 283//530 282//529
f 285//531 286//533 284//532
f 285//534 287//536 286//535
f 287//537 288//539 286//538
f 287//540 289//542 288//541
f 289//543 290//545 288//544
f 289//546 291//546 290//547
f 291//548 292//549 290//549
f 291//550 147//552 292//551
f 147//553 149//555 292//554
f 283//530 293//556 282//529
f 283//557 284//559 293//558
f 284//560 294//562 293//561
f 284//532 286//533 294//563
f 286//564 295//566 294//565
f 286//538 288//539 295//567
f 288//568 296//570 295//569
f 288//544 290//545 296//571
f 290//572 297//574 296//573
f 290//549 292//549 297//549
f 292//575 298//577 297//576
f 292//554 149//555 298//578
f 149//579 152//581 298//580
f 282//527 299//582 276//508
f 300//583 301//585 299//584
f 300//586 302//588 301//587
f 302//589 303//591 301//590
f 302//592 304//594 303//593
f 304//595 305//597 303//596
f 304//598 306//600 305//599
f 306//601 307//603 305//602
f 306//604 308//606 307//605
f 308//607 309//609 307//608
f 308//610 310//612 309//611
f 310//613 311//615 309//614
f 310//616 160//618 311//617
f 160//619 163//621 311//620
f 276//508 299//582 312//622
f 309//609 313//623 307//608
f 309//614 311//615 313//615
f 311//624 314//625 313//624
f 311//620 163//621 314//626
f 163//627 166//629 314//628
f 299//582 315//630 312//622
f 315//630 316//631 312//622
f 317//632 318//634 316//633
f 317//635 319//637 318//636
f 320//638 321//640 319//639
f 320//641 322//643 321//642
f 323//644 324//646 322//645
f 323//647 325//648 324//648
f 325//649 326//650 324//649
f 325//651 174//653 326//652
f 174//654 176//656 326//655
f 312//622 316//631 327//657
f 319//637 328//658 318//636
f 319//639 321//640 328//659
f 322//643 329//660 321//642
f 322//645 324//646 329//661
f 324//662 330//664 329//663
f 324//649 326//650 330//650
f 326//665 331//665 330//665
f 326//655 176//656 331//666
f 176//667 179//669 331//668
f 316//631 332//670 327//657
f 333//671 195//294 332//672
f 333//673 334//675 195//674
f 334//676 197//298 195//295
f 334//677 199//679 197//678
f 332//670 193//319 327//657
f 193//319 192//317 327//657
f 152//680 155//682 335//681
f 155//682 336//683 335//681
f 155//684 157//686 336//685
f 157//686 310//687 336//685
f 157//688 160//618 310//616
f 335//689 336//689 337//689
f 336//689 308//689 337//689
f 336//611 310//612 308//610
f 152//581 335//690 298//580
f 335//691 338//691 298//692
f 335//691 337//691 338//691
f 337//693 306//604 338//694
f 337//693 308//606 306//604
f 303//591 339//695 301//590
f 339//695 317//635 301//590
f 339//695 319//637 317//635
f 301//585 317//632 315//696
f 317//632 316//633 315//696
f 214//697 204//699 59//698
f 204//699 61//700 59//698
f 212//701 202//701 214//701
f 202//701 204//701 214//701
f 200//328 202//702 212//331
f 179//669 205//703 331//668
f 205//704 340//705 331//705
f 205//704 203//706 340//705
f 203//707 341//709 340//708
f 203//707 201//710 341//709
f 201//306 199//303 341//711
f 331//665 340//665 330//665
f 340//708 341//709 330//712
f 341//713 199//715 342//714
f 199//679 334//677 342//716
f 332//672 195//294 193//292
f 330//664 341//717 329//663
f 341//713 342//714 329//718
f 342//719 334//721 343//720
f 334//675 333//673 343//722
f 174//653 325//651 172//723
f 325//724 344//726 172//725
f 325//648 323//647 344//648
f 323//727 345//727 344//727
f 323//644 322//645 345//728
f 322//729 346//731 345//730
f 322//643 320//641 346//732
f 320//733 347//735 346//734
f 320//638 319//639 347//736
f 319//737 339//739 347//738
f 329//660 342//740 321//642
f 342//719 328//659 321//640
f 342//719 343//720 328//659
f 343//722 333//673 328//741
f 172//725 344//726 169//742
f 344//743 348//745 169//744
f 344//727 345//727 348//727
f 345//746 349//746 348//747
f 345//730 346//731 349//748
f 328//658 333//749 318//636
f 333//671 332//672 318//750
f 169//744 348//745 166//751
f 348//752 314//628 166//629
f 348//747 349//746 314//746
f 349//625 313//624 314//625
f 349//748 346//731 313//753
f 346//754 307//608 313//623
f 346//734 347//735 307//755
f 347//756 305//602 307//603
f 347//738 339//739 305//757
f 339//758 303//596 305//597
f 316//633 318//634 332//759
f 298//577 338//760 297//576
f 338//761 296//573 297//574
f 338//761 306//762 296//573
f 306//600 304//598 296//763
f 299//584 301//585 315//696
f 296//570 304//764 295//569
f 304//594 350//765 295//566
f 304//594 302//592 350//765
f 302//588 300//586 350//766
f 147//552 291//550 144//767
f 291//768 351//770 144//769
f 291//546 289//546 351//771
f 289//772 352//774 351//773
f 289//542 287//540 352//775
f 284//532 353//776 285//531
f 284//559 283//557 353//777
f 144//769 351//770 141//778
f 351//779 354//781 141//780
f 351//773 352//774 354//782
f 352//783 355//784 354//783
f 352//775 287//540 355//785
f 287//786 356//788 355//787
f 287//536 285//534 356//789
f 285//790 357//792 356//791
f 285//531 353//776 357//793
f 353//794 278//518 357//795
f 353//777 283//557 278//796
f 283//797 277//516 278//517
f 283//530 281//528 277//511
f 295//566 350//765 294//565
f 350//766 293//561 294//562
f 350//766 300//586 293//561
f 300//583 299//584 293//798
f 141//780 354//781 138//799
f 354//800 280//524 138//525
f 354//783 355//784 280//784
f 355//521 279//521 280//521
f 355//787 356//788 279//801
f 356//802 271//498 279//519
f 356//791 357//792 271//803
f 357//804 269//492 271//493
f 357//795 278//518 269//487
f 281//528 265//510 277//511
f 282//529 293//556 299//805
f 133//504 274//502 130//806
f 274//807 358//809 130//808
f 274//500 272//500 358//500
f 272//810 359//811 358//810
f 272//496 270//494 359//812
f 267//486 360//813 268//485
f 267//514 266//512 360//814
f 266//815 361//817 360//816
f 266//509 265//510 361//818
f 130//808 358//809 127//819
f 358//820 362//822 127//821
f 358//810 359//811 362//823
f 359//824 363//824 362//824
f 359//812 270//494 363//825
f 270//826 262//476 363//827
f 270//490 268//488 262//828
f 268//829 261//472 262//473
f 268//485 360//813 261//469
f 127//821 362//822 125//830
f 362//831 264//482 125//483
f 362//824 363//824 264//824
f 363//832 263//478 264//479
f 363//827 262//476 263//477
f 360//813 252//444 261//469
f 360//816 361//817 252//833
f 361//834 250//438 252//439
f 361//818 265//510 250//835
f 265//836 249//838 250//837
f 119//465 259//463 116//839
f 259//840 364//842 116//841
f 259//459 257//458 364//459
f 257//843 365//845 364//844
f 257//454 255//452 365//846
f 250//438 366//421 251//437
f 250//837 249//838 366//418
f 116//841 364//842 114//847
f 364//848 367//850 114//849
f 364//844 365//845 367//845
f 365//851 368//851 367//851
f 365//846 255//452 368//852
f 255//853 246//427 368//854
f 255//448 253//446 246//855
f 253//856 369//857 246//424
f 253//442 251//440 369//858
f 251//859 245//423 369//860
f 251//437 366//421 245//422
f 114//849 367//850 111//861
f 367//862 248//434 111//435
f 367//851 368//851 248//863
f 368//430 247//430 248//431
f 368//854 246//427 247//428
f 369//857 237//397 246//424
f 369//860 245//423 237//392
f 249//838 232//417 366//418
f 105//411 242//409 102//864
f 242//865 370//867 102//866
f 242//407 240//405 370//868
f 240//869 371//870 370//870
f 240//401 238//399 371//871
f 236//393 372//872 238//395
f 236//389 234//387 372//873
f 233//385 227//370 234//384
f 233//416 232//417 227//367
f 102//866 370//867 99//874
f 370//875 373//877 99//876
f 370//870 371//870 373//870
f 371//878 374//878 373//878
f 371//871 238//399 374//879
f 238//880 229//376 374//881
f 238//395 372//872 229//373
f 234//387 228//372 372//873
f 234//384 227//370 228//371
f 232//417 215//366 227//367
f 99//876 373//877 96//882
f 373//883 231//381 96//382
f 373//878 374//878 231//884
f 374//378 230//378 231//378
f 374//881 229//376 230//377
f 372//872 220//350 229//373
f 372//873 228//372 220//348
f 91//360 224//358 88//885
f 224//886 375//888 88//887
f 224//356 222//355 375//355
f 222//889 376//889 375//890
f 222//352 221//353 376//891
f 221//892 377//894 376//893
f 221//351 219//349 377//895
f 215//366 206//320 216//365
f 88//887 375//888 85//896
f 375//897 378//899 85//898
f 375//890 376//889 378//890
f 376//900 379//900 378//900
f 376//893 377//894 379//901
f 219//349 380//902 377//895
f 219//345 217//343 380//903
f 217//904 381//906 380//905
f 217//340 216//341 381//907
f 216//908 207//322 381//909
f 216//365 206//320 207//321
f 85//898 378//899 82//910
f 378//911 382//913 82//912
f 378//900 379//900 382//900
f 379//914 383//915 382//914
f 379//901 377//894 383//916
f 377//917 384//919 383//918
f 377//895 380//902 384//920
f 82//912 382//913 79//921
f 382//922 385//924 79//923
f 382//914 383//915 385//925
f 383//926 386//928 385//927
f 383//918 384//919 386//929
f 380//902 387//930 384//920
f 380//905 381//906 387//931
f 381//932 208//324 387//933
f 381//909 207//322 208//323
f 79//923 385//924 76//934
f 385//935 388//937 76//936
f 385//927 386//928 388//927
f 386//938 389//939 388//938
f 386//929 384//919 389//940
f 384//941 390//943 389//942
f 384//920 387//930 390//944
f 387//945 209//947 390//946
f 387//933 208//324 209//325
f 76//936 388//937 73//948
f 388//949 391//951 73//950
f 388//938 389//939 391//939
f 389//952 392//952 391//952
f 389//942 390//943 392//953
f 73//950 391//951 71//954
f 391//955 393//957 71//956
f 391//952 392//952 393//952
f 392//958 394//958 393//958
f 392//953 390//943 394//959
f 390//960 210//962 394//961
f 390//946 209//947 210//963
f 71//956 393//957 68//964
f 393//965 395//967 68//966
f 393//958 394//958 395//958
f 394//968 211//970 395//969
f 394//961 210//962 211//971
f 68//966 395//967 65//972
f 395//973 213//975 65//974
f 395//969 211//970 213//976
f 63//977 65//974 213//975
f 192//317 226//978 327//657
f 226//978 244//979 327//657
f 244//979 276//980 327//657
f 276//980 312//622 327//657
f 396//981 188//981 173//982
f 396//983 397//985 188//984
f 397//986 175//986 188//987
f 397//988 398//989 175//988
f 398//990 399//990 175//990
f 399//991 178//992 175//992
f 399//993 400//994 178//993
f 400//995 401//996 178//996
f 401//997 177//999 178//998
f 401//1000 402//1002 177//1001
s 0
f 403//1003 402//1005 404//1004
s 1
f 402//1006 405//1006 404//1006
f 402//1007 401//1007 405//1007
f 401//1008 406//1010 405//1009
f 401//1008 407//1011 406//1010
f 401//1008 400//1012 407//1011
f 400//1013 408//1013 407//1013
f 400//1013 399//1014 408//1013
f 399//1015 409//1015 408//1016
f 399//1015 398//1015 409//1015
f 398//1017 410//1017 409//1017
f 398//1017 397//1017 410//1017
f 397//1018 411//1020 410//1019
f 397//1018 396//1021 411//1020
f 404//1022 405//1023 412//1023
f 405//1024 413//1026 412//1025
f 413//1027 414//1029 412//1028
f 413//1030 415//1032 414//1031
f 415//1033 416//1035 414//1034
f 416//1036 418//1038 417//1037
f 418//1039 419//1041 417//1040
f 418//1042 420//1044 419//1043
f 420//1045 421//1047 419//1046
f 420//1048 422//1050 421//1049
f 423//1051 424//1053 421//1052
f 423//1051 425//1054 424//1053
f 425//1055 426//1057 424//1056
f 425//1055 427//1058 426//1057
f 427//1059 428//1059 426//1059
f 430//1060 431//1062 429//1061
f 430//1063 432//1065 431//1064
f 428//1066 427//1068 433//1067
f 427//1069 434//1071 433//1070
f 434//1072 435//1074 433//1073
f 434//1075 436//1076 435//1075
f 436//1077 437//1079 435//1078
f 433//1080 435//1082 438//1081
f 438//1081 435//1082 954//1083
f 954//1083 435//1082 439//1084
f 435//1085 440//1087 439//1086
f 435//1085 437//1088 440//1087
f 422//1089 420//1091 441//1090
f 418//1042 442//1092 420//1044
f 418//1038 416//1036 442//1093
f 416//1035 415//1033 442//1094
f 415//1032 413//1030 443//1095
f 413//1096 406//1098 443//1097
f 413//1026 405//1024 406//1099
f 406//1098 407//1100 443//1097
f 407//1100 408//1101 443//1097
f 408//1102 447//1104 443//1103
f 408//1102 409//1105 447//1104
f 409//1106 448//1106 447//1106
f 409//1106 410//1106 448//1106
f 410//1107 446//1109 448//1108
f 410//1107 411//1110 446//1109
f 443//1095 449//1111 415//1032
f 443//1095 447//1112 449//1111
f 447//1113 445//1115 449//1114
f 447//1113 448//1116 445//1115
f 448//1116 446//1117 445//1115
f 414//1034 416//1035 450//1118
f 416//1036 417//1037 450//1119
f 417//1040 419//1041 451//1120
f 419//1046 421//1047 451//1121
f 415//1033 449//1122 442//1094
f 449//1123 452//1125 442//1124
f 449//1123 445//1126 452//1125
f 445//1115 444//1128 452//1127
f 414//1034 450//1118 432//1129
f 450//1130 431//1064 432//1065
f 450//1119 417//1037 431//1131
f 417//1132 453//1134 431//1133
f 417//1040 451//1120 453//1135
f 451//1136 424//1138 453//1137
f 451//1121 421//1047 424//1139
f 441//1140 452//1142 444//1141
f 441//1140 420//1143 452//1142
f 420//1044 442//1092 452//1144
f 431//1133 453//1134 429//1145
f 453//1146 426//1148 429//1147
f 453//1137 424//1138 426//1149
f 436//1150 425//1152 423//1151
f 436//1150 434//1153 425//1152
f 434//1071 427//1069 425//1154
f 454//1155 181//1157 177//1156
f 456//1158 457//1159 455//1158
f 457//1160 458//1162 455//1161
f 455//1163 458//1165 181//1164
f 181//1166 458//1168 180//1167
f 460//1169 461//1171 459//1170
f 461//1171 462//1172 459//1170
f 462//1173 183//1175 459//1174
f 459//1176 458//1177 460//1177
f 458//1178 463//1178 460//1179
f 458//1180 464//1182 463//1181
f 458//1183 457//1184 464//1183
f 455//1185 454//1187 456//1186
f 454//1188 465//1190 456//1189
f 454//1188 402//1191 465//1190
f 454//1155 177//1156 402//1192
f 459//1174 183//1175 187//1193
f 459//1194 187//1196 458//1195
f 187//1197 180//1167 458//1168
f 455//1198 181//1157 454//1155
f 466//1199 182//1201 183//1200
f 466//1202 467//1204 182//1203
f 467//1205 62//1206 182//1205
f 467//1207 468//1208 62//1207
f 468//1209 469//1209 62//1209
f 469//1210 60//1211 62//1210
f 469//1212 470//1213 60//1212
f 470//1214 64//1215 60//1215
f 470//1216 471//1218 64//1217
f 471//1219 472//1221 64//1220
s 0
f 473//1222 472//1005 474//1222
s 1
f 472//1223 471//1225 474//1224
f 471//1226 470//1228 475//1227
f 470//1229 476//1231 475//1230
f 470//1229 469//1232 476//1231
f 469//1233 477//1235 476//1234
f 469//1233 468//1236 477//1235
f 468//1236 467//1237 477//1235
f 467//1204 466//1202 477//1238
f 466//1239 183//1241 462//1240
f 474//1242 471//1244 478//1243
f 471//1226 479//1246 478//1245
f 479//1247 480//1249 478//1248
f 479//1250 481//1252 480//1251
f 481//1253 482//1255 480//1254
f 481//1256 483//1258 482//1257
f 483//1259 484//1261 482//1260
f 484//1261 486//1263 485//1262
f 486//1264 487//1266 485//1265
f 486//1267 488//1269 487//1268
f 489//1270 490//1272 487//1271
f 489//1270 491//1273 490//1272
f 491//1274 492//1276 490//1275
f 491//1274 493//1277 492//1276
f 495//1278 496//1280 494//1279
f 495//1281 497//1283 496//1282
f 493//1284 499//1286 498//1285
f 499//1287 500//1288 498//1287
f 499//1289 501//1291 500//1290
f 501//1292 502//1293 500//1292
f 498//1294 500//1296 503//1295
f 500//1297 504//1299 503//1298
f 500//1297 505//1300 504//1299
f 500//1297 506//1301 505//1300
f 500//1297 502//1302 506//1301
f 488//1303 486//1305 507//1304
f 484//1261 483//1259 486//1263
f 483//1258 481//1256 508//1306
f 481//1307 509//1309 508//1308
f 481//1252 479//1250 509//1310
f 479//1311 475//1313 509//1312
f 479//1246 471//1226 475//1227
f 466//1314 513//1316 512//1315
f 466//1317 462//1319 513//1318
f 475//1313 476//1320 509//1312
f 476//1321 514//1323 509//1322
f 476//1321 477//1324 514//1323
f 477//1325 515//1327 514//1326
f 477//1325 512//1328 515//1327
f 477//1325 466//1329 512//1328
f 509//1309 514//1330 508//1308
f 514//1330 511//1331 508//1308
f 514//1330 515//1332 511//1331
f 515//1332 512//1333 511//1331
f 480//1254 482//1255 516//1334
f 482//1335 517//1335 516//1335
f 482//1260 484//1261 517//1336
f 484//1261 485//1262 517//1337
f 508//1306 510//1338 483//1258
f 508//1306 511//1339 510//1338
f 480//1254 516//1334 497//1340
f 516//1341 496//1282 497//1283
f 516//1335 517//1335 496//1335
f 517//1342 518//1344 496//1343
f 517//1337 485//1262 518//1345
f 485//1346 490//1348 518//1347
f 485//1265 487//1266 490//1349
f 507//1350 486//1352 510//1351
f 486//1263 483//1259 510//1353
f 496//1343 518//1344 494//1354
f 518//1355 492//1357 494//1356
f 518//1347 490//1348 492//1358
f 501//1359 491//1361 489//1360
f 501//1359 499//1362 491//1361
f 499//1286 493//1284 491//1363
f 520//1364 521//1365 519//1364
f 521//1366 522//1368 519//1367
f 522//1369 66//1371 67//1370
f 519//1372 522//1369 67//1370
f 66//1373 523//1373 186//1374
f 524//1375 525//1377 523//1376
f 525//1377 526//1378 523//1376
f 525//1379 527//1381 526//1380
f 523//1382 522//1384 524//1383
f 522//1385 528//1387 524//1386
f 522//1388 529//1388 528//1389
f 522//1390 521//1392 529//1391
f 519//1393 530//1394 520//1394
f 530//1395 531//1397 520//1396
f 530//1395 472//1398 531//1397
f 530//1399 64//10 472//1400
f 526//1401 186//1403 523//1402
f 523//1404 66//1371 522//1369
f 519//1405 67//1406 530//1405
f 67//9 64//10 530//1399
f 526//1407 70//1409 186//1408
f 526//1410 532//1412 70//1411
f 532//1413 69//1413 70//1413
f 532//1414 533//1416 69//1415
f 533//1417 534//1418 69//1418
f 534//1419 72//1421 69//1420
f 534//1422 535//1423 72//1422
f 535//1424 75//1426 72//1425
f 535//1427 536//1428 75//1427
f 537//1429 538//1431 536//1430
f 537//1432 539//1434 538//1433
f 543//1435 544//1437 542//1436
f 543//1438 545//1440 544//1439
f 545//1441 546//1443 544//1442
f 545//1444 547//1446 546//1445
f 547//1447 548//1449 546//1448
f 547//1450 549//1452 548//1451
f 549//1453 550//1455 548//1454
f 551//1456 552//1458 550//1457
f 551//1456 553//1459 552//1458
f 546//1448 548//1449 554//1460
f 548//1461 555//1463 554//1462
f 548//1454 550//1455 555//1464
f 550//1465 552//1465 555//1465
f 556//1466 555//1468 552//1467
f 556//1469 552//1471 557//1470
f 552//1471 553//1472 557//1470
f 549//1452 547//1450 558//1473
f 547//1474 559//1476 558//1475
f 547//1446 545//1444 559//1477
f 545//1478 560//1480 559//1479
f 545//1440 543//1438 560//1481
f 543//1482 561//1484 560//1483
f 543//1485 541//1487 561//1486
f 541//1488 540//1490 561//1489
f 558//1491 563//1491 562//1491
f 563//1492 564//1492 562//1492
f 563//1493 565//1495 564//1494
f 565//1495 566//1496 564//1494
f 565//1497 567//1499 566//1498
f 568//1500 569//1502 567//1501
f 568//1503 570//1505 569//1504
f 570//1505 571//1506 569//1504
f 570//1507 532//1509 571//1508
f 532//1509 526//1510 571//1508
f 569//1511 571//1513 572//1512
f 571//1514 527//1514 572//1514
f 571//1515 526//1517 527//1516
f 535//1518 573//1520 536//1519
f 573//1520 537//1521 536//1519
f 573//1522 574//1524 537//1523
f 574//1524 539//1525 537//1523
f 574//1526 575//1528 539//1527
f 575//1528 540//1529 539//1527
f 575//1530 561//1489 540//1490
f 576//1531 574//1533 573//1532
f 576//1534 577//1536 574//1535
f 577//1536 575//1537 574//1535
f 577//1538 561//1489 575//1530
f 534//1539 578//1540 535//1518
f 578//1540 573//1520 535//1518
f 578//1541 579//1542 573//1532
f 579//1542 576//1531 573//1532
f 579//1543 577//1536 576//1534
f 580//1544 561//1546 577//1545
f 580//1547 560//1483 561//1484
f 570//1548 533//1548 532//1548
f 533//1549 581//1550 534//1550
f 581//1550 578//1549 534//1550
f 581//1551 568//1553 578//1552
f 568//1553 579//1554 578//1552
f 568//1555 582//1557 579//1556
f 582//1557 577//1558 579//1556
f 582//1559 565//1560 577//1545
f 565//1560 580//1544 577//1545
f 565//1561 583//1563 580//1562
f 583//1563 560//1564 580//1562
f 583//1565 584//1566 560//1480
f 584//1566 559//1479 560//1480
f 584//1567 558//1475 559//1476
f 568//1553 581//1551 570//1568
f 581//1548 533//1548 570//1548
f 567//1501 582//1569 568//1500
f 565//1560 582//1559 567//1570
f 542//1571 541//1487 543//1485
f 563//1493 583//1572 565//1495
f 563//1493 584//1573 583//1572
f 558//1475 584//1567 563//1574
f 556//1575 554//1462 555//1463
f 586//1576 587//1578 585//1577
f 587//1579 588//1580 585//1579
f 585//1581 588//1583 74//1582
f 74//1584 588//1586 78//1585
f 78//1587 589//1587 77//1587
f 590//1588 591//1590 589//1589
f 591//1591 1213//1593 589//1592
f 1213//1593 592//1594 589//1592
f 592//1594 77//1595 589//1592
f 589//1596 588//1597 590//1597
f 588//1598 593//1600 590//1599
f 593//1601 588//1603 587//1602
f 585//1577 594//1604 586//1576
f 594//1605 538//1606 586//1576
f 594//1607 536//1609 538//1608
f 594//1607 75//1610 536//1609
f 589//1611 78//1585 588//1586
f 585//1612 74//1614 594//1613
f 74//28 75//29 594//1615
f 592//1616 81//1618 77//1617
f 592//1619 595//1621 81//1620
f 595//1622 80//1623 81//1622
f 595//1624 596//1626 80//1625
f 596//1627 597//1627 80//1627
f 597//1628 84//1630 80//1629
f 597//1631 598//1632 84//1631
f 598//1633 83//1634 84//1634
f 598//1635 599//1635 83//1635
f 600//1636 1254//1638 599//1637
f 600//1639 601//1641 1254//1640
f 605//1642 606//1644 604//1643
f 605//1645 607//1647 606//1646
f 607//1648 608//1650 606//1649
f 607//1651 609//1653 608//1652
f 609//1654 610//1656 608//1655
f 609//1657 611//1659 610//1658
f 611//1660 612//1662 610//1661
f 613//1663 614//1664 612//1663
f 613//1665 615//1667 614//1666
f 615//1667 616//1668 614//1666
f 608//1655 610//1656 617//1669
f 610//1670 618//1672 617//1671
f 610//1661 612//1662 618//1673
f 612//1674 614//1674 618//1675
f 619//1676 614//1678 620//1677
f 619//1679 618//1681 614//1680
f 611//1659 609//1657 621//1682
f 609//1683 622//1685 621//1684
f 609//1653 607//1651 622//1686
f 607//1687 623//1688 622//1687
f 607//1647 605//1645 623//1689
f 605//1690 624//1692 623//1691
f 605//1693 603//1695 624//1694
f 603//1696 602//1698 624//1697
f 621//1699 625//1700 1227//1700
f 625//1701 626//1703 1227//1702
f 625//1704 627//1706 626//1705
f 627//1706 628//1707 626//1705
f 627//1708 629//1710 628//1709
f 630//1711 631//1713 629//1712
f 630//1714 632//1716 631//1715
f 632//1716 633//1717 631//1715
f 632//1718 595//1720 633//1719
f 595//1720 592//1721 633//1719
f 598//1722 634//1724 599//1723
f 634//1724 600//1725 599//1723
f 634//1726 635//1728 600//1727
f 635//1728 601//1729 600//1727
f 635//1730 602//1732 601//1731
f 636//1733 634//1735 598//1734
f 636//1736 637//1738 634//1737
f 637//1738 635//1739 634//1737
f 637//1740 638//1742 635//1741
f 638//1742 602//1743 635//1741
f 638//1744 624//1697 602//1698
f 597//1745 639//1746 598//1734
f 639//1746 636//1733 598//1734
f 639//1747 637//1738 636//1736
f 640//1748 624//1750 638//1749
f 640//1751 641//1752 624//1692
f 641//1752 623//1691 624//1692
f 641//1687 622//1687 623//1688
f 632//1753 596//1754 595//1754
f 596//1755 642//1757 597//1756
f 642//1757 639//1757 597//1756
f 642//1758 643//1760 639//1759
f 643//1760 637//1761 639//1759
f 643//1762 644//1763 637//1740
f 644//1763 638//1742 637//1740
f 644//1764 645//1765 638//1749
f 645//1765 640//1748 638//1749
f 645//1766 646//1768 640//1767
f 646//1768 641//1769 640//1767
f 646//1770 647//1770 641//1771
f 647//1770 622//1770 641//1771
f 647//1772 621//1684 622//1685
f 630//1773 642//1773 632//1774
f 642//1754 596//1754 632//1753
f 630//1773 643//1773 642//1773
f 629//1712 643//1775 630//1711
f 629//1712 644//1776 643//1775
f 627//1777 644//1779 629//1778
f 627//1777 645//1780 644//1779
f 604//1781 603//1695 605//1693
f 625//1782 645//1784 627//1783
f 625//1782 646//1785 645//1784
f 625//1782 647//1786 646//1785
f 621//1684 647//1772 625//1787
f 619//1788 617//1671 618//1672
f 87//1789 648//1791 86//1790
f 648//1792 649//1794 86//1793
f 648//1795 650//1797 649//1796
f 650//1797 651//1798 649//1796
f 651//1799 656//1800 649//1800
f 656//1801 86//1793 649//1794
f 90//1802 652//1802 89//1802
f 653//1803 1030//1805 652//1804
f 1030//1805 654//1806 652//1804
f 654//1806 89//1807 652//1804
f 653//1808 652//1810 655//1809
f 652//1811 656//1811 655//1812
f 652//1813 90//1814 656//1814
f 655//1815 656//1817 657//1816
f 90//1818 86//1793 656//1801
f 656//1819 651//1821 657//1820
f 648//1822 1254//1824 650//1823
f 648//1825 599//1827 1254//1826
f 648//1828 83//232 599//1829
f 648//1828 87//231 83//232
f 654//1830 185//1830 89//1831
f 654//1832 658//1833 185//1833
f 658//1834 92//1834 185//1834
f 658//1835 659//1837 92//1836
f 659//1838 660//1838 92//1838
f 660//1839 95//1840 92//1839
f 660//1841 661//1842 95//1841
f 661//1843 94//1844 95//1844
f 661//1845 662//1845 94//1846
f 668//1847 669//1849 667//1848
f 670//1850 672//1852 671//1851
f 672//1853 673//1855 671//1854
f 674//1856 675//1856 673//1856
f 674//1857 676//1859 675//1858
f 676//1859 677//1860 675//1858
f 667//1861 669//1863 2234//1862
f 669//1864 678//1866 2234//1865
f 669//1867 670//1869 678//1868
f 670//1870 679//1872 678//1871
f 670//1850 671//1851 679//1873
f 671//1874 680//1876 679//1875
f 671//1854 673//1855 680//1877
f 673//1878 675//1879 680//1878
f 681//1880 675//1882 682//1881
f 681//1883 680//1885 675//1884
f 675//1858 677//1860 2228//1886
f 672//1852 670//1850 683//1887
f 670//1888 684//1890 683//1889
f 670//1869 669//1867 684//1891
f 669//1892 685//1894 684//1893
f 669//1849 668//1847 685//1895
f 668//1896 686//1898 685//1897
f 668//1899 666//1901 686//1900
f 666//1902 665//1904 686//1903
f 683//1905 687//1907 1011//1906
f 687//1908 688//1910 1011//1909
f 687//1911 689//1913 688//1912
f 689//1913 690//1914 688//1912
f 689//1915 691//1917 690//1916
f 692//1918 693//1920 691//1919
f 692//1921 694//1923 693//1922
f 694//1923 695//1924 693//1922
f 694//1925 658//1927 695//1926
f 658//1927 654//1928 695//1926
f 661//1929 696//1931 662//1930
f 696//1931 663//1932 662//1930
f 696//1933 697//1935 663//1934
f 697//1935 664//1936 663//1934
f 697//1937 665//1939 664//1938
f 698//1940 696//1942 661//1941
f 698//1943 699//1945 696//1944
f 699//1945 697//1946 696//1944
f 699//1947 700//1949 697//1948
f 700//1949 665//1950 697//1948
f 700//1951 686//1903 665//1904
f 660//1952 698//1940 661//1941
f 701//1953 686//1955 700//1954
f 701//1956 685//1897 686//1898
f 694//1957 659//1958 658//1958
f 659//1959 702//1961 660//1960
f 702//1961 698//1962 660//1960
f 702//1963 703//1964 698//1943
f 703//1964 699//1945 698//1943
f 703//1965 704//1966 699//1947
f 704//1966 700//1949 699//1947
f 704//1967 689//1968 700//1954
f 689//1968 701//1953 700//1954
f 689//1969 705//1971 701//1970
f 705//1971 685//1972 701//1970
f 705//1973 706//1974 685//1894
f 706//1974 684//1893 685//1894
f 706//1975 683//1889 684//1890
f 692//1976 702//1978 694//1977
f 702//1979 659//1958 694//1957
f 692//1976 703//1976 702//1978
f 691//1919 703//1980 692//1918
f 691//1919 704//1981 703//1980
f 689//1968 704//1967 691//1982
f 667//1983 666//1901 668//1899
f 687//1911 705//1984 689//1913
f 687//1911 706//1985 705//1984
f 683//1889 706//1975 687//1986
f 681//1987 679//1875 680//1876
f 707//1988 98//1990 94//1989
f 709//1991 710//1993 708//1992
f 710//1994 711//1996 708//1995
f 711//1997 712//1998 708//1998
f 712//1999 97//2001 708//2000
f 2498//2002 714//2004 713//2003
f 714//2005 101//221 713//2006
f 2498//2007 713//2009 715//2008
f 101//221 97//59 713//2006
f 713//2010 712//2012 715//2011
f 712//2012 716//2013 715//2011
f 712//2014 711//2016 716//2015
f 708//2017 707//2019 709//2018
f 707//1988 2243//2021 709//2020
f 707//1988 662//2022 2243//2021
f 707//1988 94//1989 662//2022
f 713//2023 97//2025 712//2024
f 708//2000 97//2001 98//1990
f 708//2000 98//1990 707//1988
f 714//2026 100//2026 101//2027
f 714//2028 717//2029 100//2029
f 717//2030 104//2031 100//2030
f 717//2032 718//2034 104//2033
f 718//2035 719//2037 104//2036
f 719//2038 103//2040 104//2039
f 719//2041 720//2042 103//2041
f 720//2043 107//2044 103//2044
f 720//2045 721//2046 107//2045
f 727//2047 728//2049 726//2048
f 728//2050 730//2052 729//2051
f 730//2053 731//2055 729//2054
f 730//2056 732//2058 731//2057
f 732//2059 733//2061 731//2060
f 734//2062 735//2064 733//2063
f 734//2062 736//2065 735//2064
f 736//2065 737//2066 735//2064
f 726//2067 728//2069 738//2068
f 728//2050 729//2051 738//2070
f 729//2054 731//2055 739//2071
f 731//2072 740//2074 739//2073
f 731//2060 733//2061 740//2075
f 733//2076 735//2076 740//2077
f 741//2078 735//2064 742//2079
f 741//2080 740//2082 735//2081
f 742//2079 735//2064 2470//2083
f 735//2064 737//2066 2470//2083
f 732//2058 730//2056 743//2084
f 730//2085 744//2087 743//2086
f 730//2052 728//2050 744//2088
f 728//2089 745//2091 744//2090
f 728//2049 727//2047 745//2092
f 727//2093 746//2095 745//2094
f 727//2096 725//2098 746//2097
f 725//2099 724//2101 746//2100
f 747//2102 749//2104 748//2103
f 749//2105 750//2107 748//2106
f 750//2107 751//2108 748//2106
f 750//2109 752//2111 751//2110
f 753//2112 754//2114 752//2113
f 753//2115 755//2117 754//2116
f 755//2117 756//2117 754//2116
f 755//2118 717//2120 756//2119
f 717//2120 714//2121 756//2119
f 754//2122 756//2124 2497//2123
f 756//2125 714//2127 2497//2126
f 720//2128 757//2130 721//2129
f 757//2130 722//2131 721//2129
f 757//2132 758//2134 722//2133
f 758//2134 723//2135 722//2133
f 758//2136 724//2138 723//2137
f 759//2139 757//2141 720//2140
f 759//2142 760//2143 757//2143
f 760//2143 758//2142 757//2143
f 760//2144 761//2146 758//2145
f 761//2146 724//2147 758//2145
f 761//2148 762//2149 724//2101
f 762//2149 746//2100 724//2101
f 762//2150 745//2094 746//2095
f 719//2151 763//2152 720//2140
f 763//2152 759//2139 720//2140
f 763//2153 764//2155 759//2154
f 764//2155 760//2156 759//2154
f 764//2157 765//2159 760//2158
f 765//2159 761//2160 760//2158
f 765//2161 766//2161 761//2161
f 766//2161 762//2161 761//2161
f 766//2162 745//2094 762//2150
f 755//2163 718//2164 717//2164
f 718//2165 767//2167 719//2166
f 767//2167 763//2168 719//2166
f 767//2169 764//2155 763//2153
f 768//2170 765//2172 764//2171
f 768//2173 750//2175 765//2174
f 750//2175 766//2176 765//2174
f 750//2177 769//2179 766//2178
f 769//2179 745//2180 766//2178
f 769//2181 770//2182 745//2091
f 770//2182 744//2090 745//2091
f 770//2183 743//2086 744//2087
f 753//2184 767//2186 755//2185
f 767//2164 718//2164 755//2163
f 753//2184 764//2187 767//2186
f 752//2113 764//2171 753//2112
f 752//2113 768//2170 764//2171
f 750//2175 768//2173 752//2188
f 726//2189 725//2098 727//2096
f 749//2105 769//2190 750//2107
f 747//2191 769//2193 749//2192
f 747//2191 770//2194 769//2193
f 743//2086 770//2183 747//2195
f 741//2196 739//2073 740//2074
f 772//2197 773//2197 771//2197
f 773//2198 774//2200 771//2199
f 774//2201 775//2202 771//2202
f 775//2203 110//2205 771//2204
f 775//2206 109//2208 110//2207
f 106//2209 771//2204 110//2205
f 2360//2210 777//2211 776//2210
f 777//2212 184//215 776//2213
f 2360//2214 776//2215 778//2214
f 184//215 109//81 776//2213
f 776//2216 775//2218 778//2217
f 775//2218 779//2219 778//2217
f 775//2220 774//2222 779//2221
f 771//2223 780//2224 772//2223
f 780//2225 2441//2227 772//2226
f 780//2225 721//2228 2441//2227
f 780//2225 107//2229 721//2228
f 776//2230 109//2232 775//2231
f 771//2233 106//2235 780//2234
f 106//78 107//79 780//2236
f 165//2237 161//2239 781//2238
f 161//2240 782//2240 781//2240
f 790//2241 791//2243 789//2242
f 790//2241 792//2244 791//2243
f 792//2245 793//2247 791//2246
f 792//2245 794//2248 793//2247
f 794//2249 795//2249 793//2249
f 801//2250 802//2252 800//2251
f 167//2253 803//2253 802//2253
f 167//2254 168//2256 803//2255
f 168//2257 164//2257 803//2258
f 164//2259 804//2261 803//2260
f 805//2262 784//2264 806//2263
f 784//2265 785//2267 806//2266
f 781//2268 804//2269 165//2268
f 804//2270 164//2272 165//2271
f 795//2273 794//2273 807//2273
f 794//2274 808//2276 807//2275
f 808//2277 809//2279 807//2278
f 808//2280 810//2282 809//2281
f 810//2283 811//2283 809//2283
f 813//2284 812//2286 814//2285
f 812//2287 809//2287 814//2287
f 812//2288 807//2278 809//2279
f 813//2289 814//2291 815//2290
f 814//2292 809//2292 816//2292
f 809//2293 811//2293 816//2293
f 803//2294 817//2296 802//2295
f 817//2296 800//2297 802//2295
f 817//2298 818//2300 800//2299
f 818//2300 799//2301 800//2299
f 819//2302 798//2304 799//2303
f 819//2305 820//2307 798//2306
f 820//2307 797//2308 798//2306
f 820//2309 796//2311 797//2310
f 821//2312 817//2314 803//2313
f 821//2315 822//2317 817//2316
f 822//2317 818//2318 817//2316
f 822//2319 823//2321 818//2320
f 823//2321 799//2322 818//2320
f 823//2323 824//2324 799//2303
f 824//2324 819//2302 799//2303
f 824//2325 825//2327 819//2326
f 825//2327 820//2328 819//2326
f 825//2329 826//2331 820//2330
f 826//2331 796//2332 820//2330
f 826//2333 793//2335 796//2334
f 804//2336 821//2312 803//2313
f 827//2337 822//2339 821//2338
f 827//2340 823//2321 822//2319
f 828//2341 824//2343 823//2342
f 828//2344 825//2327 824//2325
f 791//2345 793//2347 826//2346
f 783//2348 781//2350 782//2349
f 783//2348 805//2351 781//2350
f 805//2352 804//2354 781//2353
f 804//2354 805//2352 821//2355
f 805//2356 827//2337 821//2338
f 805//2262 806//2263 827//2357
f 806//2266 785//2267 827//2358
f 784//2264 805//2262 783//2359
f 829//2360 823//2361 827//2358
f 829//2362 830//2363 823//2342
f 830//2363 828//2341 823//2342
f 830//2364 831//2366 828//2365
f 831//2366 825//2367 828//2365
f 831//2368 832//2369 825//2329
f 832//2369 826//2331 825//2329
f 832//2370 789//2371 826//2346
f 789//2371 791//2345 826//2346
f 827//2358 785//2267 829//2360
f 785//2372 833//2374 829//2373
f 785//2267 786//2376 833//2375
f 786//2377 787//2379 833//2378
f 833//2374 830//2380 829//2373
f 833//2381 831//2366 830//2364
f 788//2382 832//2384 831//2383
f 788//2385 789//2371 832//2370
f 788//2382 831//2383 787//2386
f 831//2387 833//2378 787//2379
f 810//2388 792//2390 790//2389
f 810//2388 808//2391 792//2390
f 808//2276 794//2274 792//2274
f 834//2392 836//2394 835//2393
f 837//2395 836//2397 839//2396
f 836//2398 834//2400 839//2399
f 841//2401 842//2403 840//2402
f 842//2404 844//2406 843//2405
f 844//2407 845//2409 843//2408
f 845//2410 786//2376 785//2267
f 837//2411 839//2413 838//2412
f 846//2414 847//2416 838//2415
f 846//2417 848//2419 847//2418
f 848//2420 783//2420 847//2421
f 783//2422 782//2424 847//2423
f 848//2425 784//2264 783//2359
f 848//2426 845//2428 784//2427
f 845//2410 785//2267 784//2265
f 845//2429 849//2430 786//2430
f 849//2431 787//2379 786//2377
f 849//2432 850//2434 787//2433
f 852//2435 853//2437 851//2436
f 852//2438 854//2440 853//2439
f 854//2441 856//2443 855//2442
f 856//2444 857//2446 855//2445
f 858//2447 859//2449 857//2448
f 858//2450 860//2451 859//2450
f 860//2452 861//2454 859//2453
f 860//2455 810//2457 861//2456
f 850//2458 851//2460 862//2459
f 851//2461 853//2463 862//2462
f 854//2441 855//2442 853//2464
f 787//2433 850//2434 788//2465
f 850//2466 862//2468 788//2467
f 862//2468 789//2469 788//2467
f 862//2470 863//2472 789//2471
f 863//2472 790//2473 789//2471
f 863//2474 861//2475 790//2475
f 790//2476 861//2478 810//2477
f 860//2455 811//2479 810//2457
f 860//2480 914//2482 811//2481
f 914//2483 864//2485 811//2484
f 864//2486 816//2488 811//2487
f 864//2486 814//2489 816//2488
f 864//2486 865//2490 814//2489
f 865//2490 873//2491 814//2489
f 865//2490 866//2492 873//2491
f 873//2491 815//2290 814//2489
f 873//2491 874//2493 815//2290
f 869//2494 870//2495 874//2493
f 874//2493 870//2495 871//2496
f 815//2290 874//2493 813//2289
f 874//2493 872//2497 813//2289
f 874//2493 871//2496 872//2498
f 813//2289 872//2497 812//2499
f 807//2278 812//2288 875//2500
f 812//2499 872//2497 875//2501
f 875//2500 877//2502 807//2278
f 877//2503 795//2505 807//2504
f 795//2506 878//2508 793//2507
f 878//2509 796//2334 793//2335
f 878//2510 879//2512 796//2511
f 879//2513 880//2515 892//2514
f 880//2516 881//2518 892//2517
f 880//2519 882//2521 881//2520
f 883//2522 885//2524 884//2523
f 886//2525 887//2526 884//2523
f 888//2527 889//2528 887//2526
f 890//2529 891//2530 889//2529
f 798//2306 892//2532 891//2531
f 798//2306 797//2308 892//2532
f 797//2308 879//2533 892//2532
f 797//2308 796//2534 879//2533
f 798//2535 891//2537 799//2536
f 891//2538 890//2540 799//2539
f 889//2541 893//2543 890//2542
f 889//2528 888//2527 893//2544
f 799//2301 890//2545 800//2299
f 800//2251 890//2546 801//2250
f 890//2546 893//2544 801//2250
f 885//2547 883//2549 894//2548
f 883//2550 882//2552 894//2551
f 879//2553 895//2555 880//2554
f 879//2556 878//2557 895//2557
f 894//2551 882//2552 896//2558
f 882//2559 897//2561 896//2560
f 882//2562 880//2564 897//2563
f 878//2565 795//2566 895//2565
f 899//2567 900//2569 898//2568
f 902//2570 876//2572 903//2571
f 876//2572 871//2573 903//2571
f 876//2574 872//2498 871//2496
f 866//2492 904//2576 867//2575
f 865//2490 905//2577 866//2492
f 865//2490 864//2486 905//2578
f 866//2492 905//2577 904//2576
f 851//2579 850//2581 909//2580
f 850//2582 849//2584 909//2583
f 854//2585 910//2587 856//2586
f 912//2588 913//2590 841//2589
f 913//2591 842//2403 841//2401
f 846//2592 843//2594 848//2593
f 843//2595 845//2597 848//2596
f 839//2413 846//2598 838//2412
f 839//2413 843//2599 846//2598
f 839//2399 842//2404 843//2405
f 834//2400 840//2600 839//2399
f 842//2404 839//2399 840//2600
f 844//2601 849//2603 845//2602
f 842//2403 913//2591 844//2604
f 913//2605 849//2607 844//2606
f 913//2608 909//2610 849//2609
f 912//2588 909//2611 913//2590
f 912//2612 911//2614 909//2613
f 911//2614 910//2615 909//2613
f 910//2615 851//2616 909//2613
f 910//2617 852//2617 851//2617
f 862//2618 853//2620 863//2619
f 853//2621 859//2623 863//2622
f 853//2624 855//2626 859//2625
f 855//2445 857//2446 859//2627
f 910//2628 854//2440 852//2438
f 863//2629 859//2631 861//2630
f 915//2632 864//2634 914//2633
f 915//2635 905//2578 864//2486
f 858//2636 914//2638 860//2637
f 858//2639 915//2641 914//2640
f 906//2642 905//2644 915//2643
f 906//2645 904//2576 905//2577
f 907//2646 858//2648 908//2647
f 907//2646 915//2643 858//2648
f 906//2642 915//2643 907//2646
f 867//2575 868//2649 866//2492
f 866//2492 869//2494 873//2491
f 866//2492 868//2649 869//2650
f 869//2494 874//2493 873//2491
f 877//2503 895//2651 795//2505
f 876//2574 875//2652 872//2498
f 876//2574 916//2653 875//2652
f 916//2654 877//2656 875//2655
f 916//2657 900//2659 877//2658
f 900//2660 895//2662 877//2661
f 900//2569 899//2567 895//2663
f 899//2664 880//2666 895//2665
f 876//2667 902//2669 916//2668
f 902//2670 901//2672 916//2671
f 901//2673 900//2659 916//2657
f 898//2568 880//2674 899//2567
f 898//2675 897//2677 880//2676
f 882//2552 883//2550 881//2678
f 881//2679 883//2681 891//2680
f 883//2682 889//2684 891//2683
f 883//2522 884//2523 889//2528
f 892//2685 881//2687 891//2686
f 884//2523 887//2526 889//2528
f 917//2688 918//2690 886//2689
f 918//2690 919//2691 886//2689
f 920//2692 922//2694 921//2693
f 922//2695 923//2697 921//2696
f 924//2698 444//1128 445//1115
f 919//2699 918//2701 1820//2700
f 925//2702 926//2704 1820//2703
f 925//2705 927//2706 926//2706
f 927//2707 411//2709 926//2708
f 411//2710 396//2710 926//2711
f 927//2707 446//2712 411//2709
f 927//2713 924//2715 446//2714
f 924//2698 445//1115 446//1117
f 924//2716 928//2718 444//2717
f 928//2719 441//1140 444//1141
f 928//2720 929//2722 441//2721
f 930//2723 931//2723 929//2724
f 930//2725 932//2727 931//2726
f 933//2728 934//2730 932//2729
f 935//2731 937//2733 936//2732
f 938//2734 939//2736 937//2735
f 938//2737 940//2739 939//2738
f 940//2740 941//2742 939//2741
f 940//2743 436//2745 941//2744
f 929//2722 931//2746 441//2721
f 932//2747 934//2747 942//2747
f 935//2731 936//2732 934//2748
f 441//2749 931//2751 422//2750
f 931//2752 932//2754 422//2753
f 932//2755 942//2757 422//2756
f 936//2732 937//2733 939//2758
f 422//2759 942//2761 421//2760
f 942//2761 423//2762 421//2760
f 942//2763 941//2765 423//2764
f 423//2766 941//2768 436//2767
f 940//2743 943//2769 436//2745
f 943//2770 437//2772 436//2771
f 943//2773 440//2775 437//2774
f 944//2776 439//1084 440//2777
f 946//2778 948//2780 947//2779
f 948//2780 949//2781 947//2779
f 953//2782 954//1083 439//1084
f 947//2779 951//2784 954//2783
f 947//2779 949//2781 951//2784
f 949//2781 950//2785 951//2784
f 954//1083 952//2786 438//1081
f 433//1080 438//1081 955//2787
f 438//1081 952//2788 955//2787
f 952//2788 951//2784 986//2789
f 951//2784 950//2785 986//2790
f 955//2787 956//2791 433//1080
f 956//2792 428//2794 433//2793
f 428//2795 957//2797 426//2796
f 957//2798 429//1147 426//1148
f 957//2799 958//2799 429//2799
f 960//2800 961//2802 959//2801
f 961//2803 963//2805 962//2804
f 963//2806 964//2808 962//2807
f 963//2809 965//2811 964//2810
f 966//2812 967//2814 965//2813
f 968//2815 969//2817 967//2816
f 968//2818 970//2820 969//2819
f 970//2821 972//2823 971//2822
f 432//1065 430//1063 972//2824
f 430//2825 958//2827 972//2826
f 430//2825 429//2828 958//2827
f 432//1065 972//2824 414//2829
f 972//2830 973//2832 414//2831
f 972//2833 970//2835 973//2834
f 414//1029 973//2836 412//1028
f 970//2837 974//2839 973//2838
f 970//2820 968//2818 974//2840
f 968//2815 975//2842 974//2841
f 412//2843 973//2845 404//2844
f 973//2845 974//2846 404//2844
f 974//2847 975//2849 976//2848
f 403//2850 404//2852 976//2851
f 404//2853 974//2853 976//2853
f 960//2854 959//2856 977//2855
f 959//2857 958//2859 977//2858
f 963//2805 961//2803 978//2860
f 961//2802 960//2800 978//2861
f 960//2862 977//2864 978//2863
f 958//2865 979//2867 977//2866
f 958//2868 957//2869 979//2868
f 982//2870 983//2872 981//2871
f 945//2873 987//2874 946//2778
f 945//2873 944//2776 988//2875
f 945//2873 988//2875 987//2874
f 987//2874 988//2875 989//2876
f 944//2776 440//2877 988//2875
f 440//2878 943//2880 988//2879
f 935//2731 934//2748 991//2881
f 934//2882 933//2884 991//2883
f 994//2885 922//2887 920//2886
f 925//2888 924//2890 927//2889
f 995//2891 924//2893 925//2892
f 995//2894 923//2896 924//2895
f 1820//2700 918//2701 925//2892
f 918//2701 995//2891 925//2892
f 921//2897 923//2899 995//2898
f 918//2690 917//2688 921//2897
f 917//2900 920//2692 921//2693
f 921//2897 995//2898 918//2690
f 923//2901 928//2903 924//2902
f 922//2695 928//2904 923//2697
f 922//2905 930//2907 928//2906
f 930//2908 929//2910 928//2909
f 996//2911 932//2913 930//2912
f 994//2885 993//2914 922//2887
f 993//2914 930//2915 922//2887
f 993//2916 996//2911 930//2912
f 992//2917 932//2919 996//2918
f 992//2920 933//2922 932//2921
f 996//2918 993//2923 992//2917
f 934//2924 941//2924 942//2924
f 934//2925 936//2927 941//2926
f 936//2928 939//2930 941//2929
f 997//2931 988//2933 943//2932
f 938//2934 997//2934 940//2935
f 997//2936 943//2938 940//2937
f 990//2939 988//2941 997//2940
f 990//2942 989//2876 988//2875
f 997//2940 938//2943 990//2939
f 945//2873 953//2782 944//2776
f 944//2776 953//2782 439//1084
f 946//2778 947//2779 945//2873
f 947//2779 954//2783 953//2782
f 953//2782 945//2873 947//2779
f 954//2783 951//2784 952//2788
f 956//2792 957//2944 428//2794
f 986//2789 955//2787 952//2788
f 998//2945 956//2946 955//2946
f 979//2947 957//2947 956//2947
f 986//2789 998//2948 955//2787
f 998//2949 979//2951 956//2950
f 986//2952 985//2954 998//2953
f 985//2955 984//2957 998//2956
f 984//2958 983//2960 998//2959
f 983//2960 979//2961 998//2959
f 983//2872 982//2870 979//2962
f 982//2963 977//2965 979//2964
f 981//2871 977//2966 982//2870
f 981//2967 980//2968 977//2864
f 980//2968 978//2863 977//2864
f 959//2969 961//2971 971//2970
f 961//2803 962//2804 971//2972
f 958//2973 959//2975 972//2974
f 959//2976 971//2978 972//2977
f 962//2807 964//2808 971//2979
f 964//2810 965//2811 969//2819
f 965//2980 967//2816 969//2817
f 971//2981 964//2983 970//2982
f 964//2810 969//2819 970//2820
f 1000//2984 1002//2986 1001//2985
f 1040//2987 1003//2989 1002//2988
f 1040//2987 1004//2990 1003//2989
f 1004//2990 1005//2991 1003//2989
f 1005//2991 1006//2992 1003//2989
f 1005//2991 1007//2993 1006//2992
f 1007//2994 1008//2996 1006//2995
f 1011//2997 688//2999 1012//2998
f 688//2999 1013//3000 1012//2998
f 1013//3001 1015//3003 1014//3002
f 1015//3003 1016//3004 1014//3002
f 1016//3005 1017//3007 1014//3006
f 1008//3008 1009//3009 1018//3008
f 1009//3010 1019//3012 1018//3011
f 1009//3013 1010//3015 1019//3014
f 1010//3016 1011//3018 1020//3017
f 1011//3019 1012//3021 1020//3020
f 1010//3022 1020//3024 1019//3023
f 1020//3025 1012//3027 1021//3026
f 1020//3024 1022//3028 1019//3023
f 1020//3029 1023//3031 1022//3030
f 1023//3032 1024//3034 1022//3033
f 1023//3035 1017//3037 1024//3036
f 1023//3038 1014//3040 1017//3039
f 1016//3004 1026//3042 1025//3041
f 1027//3043 1029//3045 1028//3044
f 1029//3046 1030//3048 1028//3047
f 1025//3041 1026//3042 1031//3049
f 1026//3050 1032//3052 1031//3051
f 1026//3053 1027//3055 1032//3054
f 1027//3043 1028//3044 1032//3056
f 1033//3057 1031//3059 1850//3058
f 1031//3060 1032//3062 1850//3061
f 1029//3063 695//3065 1030//3064
f 695//3066 654//3068 1030//3067
f 1029//3063 693//3069 695//3065
f 1029//3070 1034//3072 693//3071
f 1034//3073 691//1919 693//1920
f 1034//3074 1035//3075 691//1917
f 1035//3076 1015//3078 1013//3077
f 691//1917 1035//3075 690//1916
f 1035//3079 1013//3081 690//3080
f 690//1914 1013//3082 688//1912
f 1011//3083 1036//3085 683//3084
f 1036//3085 672//3086 683//3084
f 1036//3087 1037//3088 672//3087
f 672//1853 1037//3089 673//1855
f 1037//3089 1038//3090 673//1855
f 1038//3091 1005//3093 1039//3092
f 1005//3094 1004//3096 1039//3095
f 673//3097 1038//3097 674//3098
f 1038//3099 1039//3101 674//3100
f 674//3102 1039//3104 676//3103
f 1039//3105 1040//3107 676//3106
f 1039//3108 1004//3110 1040//3109
f 1002//2988 1000//3111 1040//2987
f 676//1859 1040//3112 677//1860
f 1040//3112 999//3113 677//1860
f 1040//2987 1000//3111 999//3113
f 1005//3114 1038//3116 1007//3115
f 1038//3117 1037//3117 1007//3118
f 1037//3119 1036//3121 1007//3120
f 1007//3122 1036//3124 1009//3123
f 1008//3125 1007//3127 1009//3126
f 1036//3128 1010//3130 1009//3129
f 1011//3131 1010//3133 1036//3132
f 1023//3038 1020//3135 1021//3134
f 1012//3136 1013//3138 1021//3137
f 1021//3134 1014//3040 1023//3038
f 1021//3139 1013//3141 1014//3140
f 1015//3003 1026//3042 1016//3004
f 1035//3142 1034//3144 1015//3143
f 1034//3145 1026//3042 1015//3003
f 1034//3146 1027//3055 1026//3053
f 1034//3147 1029//3045 1027//3043
f 1041//3148 1042//3150 966//3149
f 1042//3150 1043//3151 966//3149
f 1042//3152 1758//3153 1043//3152
f 1046//3154 1047//3156 1045//3155
f 1047//3157 1049//3159 1048//3158
f 1049//3160 1050//3162 1048//3161
f 1049//3163 1051//3165 1050//3164
f 1051//3166 511//1339 1050//3167
f 1051//3166 510//1338 511//1339
f 1758//3168 1042//3170 1044//3169
f 1052//3171 1053//3172 1044//3171
f 1052//3173 1054//3175 1053//3174
f 1054//3176 513//3178 1053//3177
f 513//3179 1055//3181 1053//3180
s 0
f 513//3182 462//3182 1055//1005
s 1
f 1054//3183 512//3185 513//3184
f 1054//3186 1050//3188 512//3187
f 1050//3189 511//1331 512//1333
f 1051//3190 507//1350 510//1351
f 1051//3191 1056//3193 507//3192
f 1057//3194 488//3196 1056//3195
f 1057//3197 1058//3199 488//3198
f 1058//3200 1059//3202 488//3201
f 1058//3203 1060//3205 1059//3204
f 1064//3206 1065//3208 1063//3207
f 1064//3209 1066//3211 1065//3210
f 1064//3212 1067//3214 1066//3213
f 1067//3215 1068//3217 1066//3216
f 1067//3218 501//3220 1068//3219
f 1056//3193 488//3221 507//3192
f 1060//3222 1061//3224 1069//3223
f 1061//3225 1062//3227 1069//3226
f 1060//3228 1069//3230 1059//3229
f 1069//3231 1062//3233 1066//3232
f 1062//3234 1065//3236 1066//3235
f 1062//3237 1063//3239 1065//3238
f 1059//3202 487//3240 488//3201
f 1059//3241 1069//3243 487//3242
f 1069//3243 489//3244 487//3242
f 1069//3245 1068//3247 489//3246
f 489//3248 1068//3250 501//3249
f 1067//3218 502//3251 501//3220
f 1067//3252 1070//3254 502//3253
f 1070//3255 506//3257 502//3256
f 1071//3258 505//3260 506//3259
f 1071//3258 1072//3261 505//3260
f 1071//3262 1073//3264 1072//3263
f 1076//3265 1120//3267 1075//3266
f 1076//3265 1077//3268 1120//3267
f 1078//3269 1079//3270 1077//3268
f 1074//3271 1075//3266 1073//3264
f 1072//3261 1080//3272 505//3260
f 1120//3267 1077//3268 1079//3270
f 1080//3272 504//3273 505//3260
f 1080//3272 1120//3267 504//3273
f 1120//3267 1079//3270 504//3273
f 498//1294 503//1295 1081//3274
f 503//3275 1079//3270 1082//3276
f 1079//3270 1078//3269 1082//3277
f 1081//3274 1083//3278 498//1294
f 1083//3279 493//3281 498//3280
f 1083//3279 492//3282 493//3281
f 1083//3283 1084//3285 492//3284
f 1084//3286 494//1356 492//1357
f 1084//3287 1085//3289 494//3288
f 1084//3290 1086//3292 1085//3291
f 1086//3293 1088//3293 1087//3293
f 1091//3294 1092//3296 1090//3295
f 1093//3297 1094//3299 1092//3298
f 1094//3300 1095//3302 1092//3301
f 1094//3303 1096//3305 1095//3304
f 1096//3306 1097//3308 1123//3307
f 1097//3309 1098//3311 1123//3310
f 1097//3312 497//1283 1098//3313
f 497//1283 495//1281 1098//3313
f 495//3314 1085//3316 1098//3315
f 495//3314 494//3317 1085//3316
f 497//3318 1097//3320 480//3319
f 1096//3305 1094//3303 1099//3321
f 480//1249 1097//3322 478//1248
f 1097//3323 1100//3324 478//3324
f 1097//3325 1096//3327 1100//3326
f 1096//3328 1099//3330 1100//3329
f 478//3331 1100//3333 474//3332
f 1099//3334 1101//3336 1100//3335
f 473//3337 474//3339 1101//3338
f 474//3332 1100//3333 1101//3340
f 1090//3341 1089//3343 1102//3342
f 1089//3344 1088//3346 1102//3345
f 1088//3347 1086//3349 1103//3348
f 1102//3345 1088//3346 1104//3350
f 1088//3351 1103//3353 1104//3352
f 1103//3354 1086//3356 1105//3355
f 1086//3357 1122//3359 1105//3358
f 1086//3360 1084//3361 1122//3360
f 1108//3362 1082//3277 1078//3269
f 1074//3271 1073//3264 1109//3363
f 1073//3264 1071//3262 1110//3364
f 1071//3365 506//3367 1110//3366
f 1056//3368 1051//3370 1057//3369
f 1115//3371 1046//3373 1116//3372
f 1116//3374 1046//3154 1045//3155
f 1052//3375 1048//3377 1054//3376
f 1048//3378 1050//3380 1054//3379
f 1117//3381 1048//3383 1052//3382
f 1044//3384 1117//3381 1052//3382
f 1042//3170 1048//3386 1117//3385
f 1042//3387 1047//3157 1048//3158
f 1044//3169 1042//3170 1117//3385
f 1041//3148 1045//3388 1042//3150
f 1047//3389 1042//3150 1045//3388
f 1049//3390 1057//3392 1051//3391
f 1118//3393 1057//3395 1049//3394
f 1047//3396 1118//3398 1049//3397
f 1119//3399 1057//3401 1118//3400
f 1119//3402 1058//3404 1057//3403
f 1047//3156 1046//3154 1118//3405
f 1046//3406 1119//3399 1118//3400
f 1046//3373 1115//3371 1119//3407
f 1115//3408 1114//3410 1119//3409
f 1114//3410 1058//3411 1119//3409
f 1114//3412 1060//3414 1058//3413
f 1113//3415 1060//3417 1114//3416
f 1113//3418 1061//3224 1060//3222
f 1069//3419 1066//3421 1068//3420
f 1110//3422 506//3424 1070//3423
f 1064//3425 1112//3425 1067//3426
f 1112//3427 1070//3429 1067//3428
f 1112//3430 1110//3432 1070//3431
f 1111//3433 1073//3435 1110//3434
f 1111//3433 1110//3434 1112//3436
f 1109//3363 1073//3264 1111//3433
f 1073//3264 1075//3266 1120//3267
f 1073//3264 1120//3267 1072//3263
f 1120//3267 1080//3272 1072//3263
f 504//3273 1079//3270 503//3275
f 1082//3276 1081//3437 503//3275
f 1121//3438 1083//3438 1081//3438
f 1121//3439 1084//3441 1083//3440
f 1082//3276 1121//3442 1081//3437
f 1122//3443 1084//3445 1121//3444
f 1082//3446 1108//3448 1121//3447
f 1108//3449 1107//3451 1121//3450
f 1107//3452 1122//3454 1121//3453
f 1106//3455 1105//3457 1122//3456
f 1122//3456 1107//3458 1106//3455
f 1086//3459 1087//3461 1085//3460
f 1088//3462 1123//3464 1087//3463
f 1088//3346 1089//3344 1123//3465
f 1089//3466 1095//3304 1123//3467
f 1089//3343 1090//3341 1095//3302
f 1085//3468 1087//3470 1098//3469
f 1090//3341 1092//3301 1095//3302
f 1087//3471 1123//3473 1098//3472
f 1123//3467 1095//3304 1096//3305
f 1124//3474 1125//3476 538//3475
f 1124//3477 1126//3479 1125//3478
f 1126//3480 1127//3482 1125//3481
f 1126//3480 1128//3483 1127//3482
f 1128//3484 1129//3486 1127//3485
f 1128//3484 1130//3487 1129//3486
f 1128//3484 1131//3488 1130//3487
f 538//1606 1125//3489 586//1576
f 1132//3490 1133//3492 1131//3491
f 1134//3493 1136//3495 1135//3494
f 1136//3496 1137//3498 1135//3497
f 1137//3499 1139//3501 1138//3500
f 1139//3502 1140//3504 1138//3503
f 1141//3505 1142//3506 1140//3505
f 1142//3507 554//3509 1143//3508
f 554//3509 556//3510 1143//3508
f 556//3511 1144//3513 1143//3512
f 556//3511 1145//3514 1144//3513
f 1145//3514 1146//3516 1151//3515
f 1138//3517 1140//3519 1148//3518
f 1140//3520 1149//3522 1148//3521
f 1140//3523 1142//3524 1149//3523
f 1142//3525 1143//3525 1149//3526
f 1149//3527 1143//3529 1150//3528
f 1143//3530 1151//3530 1150//3531
f 1143//3532 1144//3513 1151//3515
f 1144//3513 1145//3514 1151//3515
f 1151//3515 1146//3516 1152//3533
f 553//3534 551//3536 1155//3535
f 551//3537 1156//3539 1155//3538
f 551//3537 1157//3540 1156//3539
f 551//3541 1158//3543 1157//3542
f 551//3544 550//3546 1158//3545
f 550//3546 1159//3547 1158//3545
f 550//1455 549//1453 1159//3548
f 549//3549 1160//3551 1159//3550
f 1160//3552 1161//3554 1159//3553
f 1160//3555 1162//3557 1161//3556
f 1162//3558 1163//3559 1161//3558
f 1162//3560 1164//3562 1163//3561
f 1195//3563 1168//3565 1166//3564
f 1155//3566 1156//3568 1167//3567
f 1155//3535 1167//3569 1168//3565
f 1171//3570 1163//3561 1164//3562
f 1164//3571 1173//3573 1165//3572
f 1164//3574 1162//3576 1173//3575
f 1162//3577 1160//3579 1173//3578
f 1160//3580 549//3582 558//3581
f 1178//3583 1180//3585 1179//3584
f 572//3586 1520//3588 1180//3587
f 572//3589 1181//3591 1520//3590
f 1175//3592 1176//3594 3228//3593
f 1176//3595 1177//3597 1182//3596
f 1177//3598 1183//3600 1182//3599
f 1177//3601 1178//3603 1183//3602
f 1178//3604 1179//3606 1183//3605
f 1180//3607 1520//3609 1179//3608
f 3228//3610 1176//3595 1182//3596
f 1183//3605 1179//3606 1184//3611
f 1179//3612 1520//3614 1521//3613
f 1183//3600 1091//3616 1185//3615
f 1183//3600 1186//3617 1091//3616
f 1185//3615 1182//3599 1183//3600
f 1186//3618 1184//3620 1521//3619
f 1184//3611 1179//3606 1521//3621
s 0
f 1181//1005 572//3622 527//3622
s 1
f 572//3623 1180//3625 569//3624
f 1178//3626 1187//3628 1180//3627
f 1178//3603 1177//3601 1187//3629
f 1177//3597 1176//3595 1188//3630
f 1176//3631 1189//3633 1188//3632
f 1176//3594 1175//3592 1189//3634
f 1175//3635 1174//3637 1189//3636
f 569//1502 1180//3638 567//1501
f 1180//3639 1187//3640 567//1499
f 1177//3641 1188//3641 1187//3641
f 1187//3640 566//1498 567//1499
f 1187//3642 1190//3644 566//3643
f 1190//3645 564//1494 566//1496
f 1190//3646 1191//3648 564//3647
f 1190//3649 1192//3651 1191//3650
f 1192//3652 1193//3652 1191//3653
f 564//3647 1191//3648 562//3654
f 1191//3655 1193//3657 562//3656
f 1193//3658 1160//3580 562//3659
f 1193//3660 1173//3662 1160//3661
f 1160//3580 558//3581 562//3659
f 1168//3565 1195//3563 1155//3535
f 1155//3535 1194//3663 553//3534
f 1195//3563 1154//3665 1153//3664
f 1194//3663 1196//3666 553//3534
f 553//3667 1196//3669 557//3668
f 1196//3666 1153//3664 1197//3670
f 1196//3666 1197//3670 557//3671
f 1153//3664 1146//3672 1197//3670
f 1153//3664 1147//3674 1146//3673
f 1146//3672 1145//3675 1197//3670
f 1197//3670 1145//3675 557//3671
f 1145//3514 556//3511 557//3676
f 554//3677 1142//3679 546//3678
f 1142//3680 1141//3682 546//3681
f 1140//3683 1139//3685 1141//3684
f 546//1443 1141//3686 544//1442
f 1141//3687 1139//3689 1198//3688
f 1139//3690 1137//3692 1198//3691
f 1137//3498 1136//3496 1198//3693
f 1136//3495 1134//3493 1201//3694
f 1134//3695 1133//3492 1201//3696
f 1141//3697 1198//3699 544//3698
f 1198//3700 542//1571 544//3701
f 1198//3700 1199//3702 542//1571
f 1199//3702 541//1487 542//1571
f 1199//3702 1200//3703 541//1487
f 541//3704 1200//3704 540//3705
f 1200//3706 1124//3706 540//3706
f 1200//3707 1126//3709 1124//3708
f 540//1529 1124//3710 539//1527
f 539//3711 1124//3474 538//3475
f 1128//3483 1132//3490 1131//3491
f 1201//3696 1133//3492 1132//3490
f 1128//3483 1126//3480 1132//3490
f 1126//3712 1201//3696 1132//3490
f 1126//3713 1200//3715 1201//3714
f 1200//3716 1202//3718 1201//3717
f 1200//3719 1199//3721 1202//3720
f 1202//3722 1136//3495 1201//3694
f 1202//3723 1198//3725 1136//3724
f 1198//3726 1202//3728 1199//3727
f 1152//3533 1150//3729 1151//3515
f 1196//3666 1194//3663 1153//3664
f 1194//3663 1195//3563 1153//3664
f 1194//3663 1155//3535 1195//3563
f 1168//3730 1167//3732 1169//3731
f 1156//3733 1157//3735 1167//3734
f 1167//3736 1157//3738 1203//3737
f 1157//3739 1158//3741 1203//3740
f 1158//3742 1159//3744 1161//3743
f 1167//3732 1203//3745 1169//3731
f 1158//3746 1161//3748 1203//3747
f 1169//3731 1203//3745 1170//3749
f 1203//3750 1161//3752 1163//3751
f 1203//3753 1163//3755 1170//3754
f 1170//3756 1163//3561 1171//3570
f 1173//3573 1172//3757 1165//3572
f 1173//3758 1174//3760 1172//3759
f 1174//3761 1173//3761 1193//3761
f 1193//3762 1189//3636 1174//3637
f 1193//3763 1192//3763 1189//3763
f 1192//3764 1188//3632 1189//3633
f 1192//3765 1190//3767 1188//3766
f 1190//3768 1187//3770 1188//3769
f 1186//3771 1183//3605 1184//3611
f 1204//3772 1205//3773 1130//3487
f 1205//3774 1204//3776 1207//3775
f 1208//3777 1210//3779 1209//3778
f 1210//3780 1211//3782 1209//3781
f 1210//3780 1214//3783 1211//3782
f 1211//3784 628//1709 629//1710
f 1205//3785 1207//3787 1206//3786
f 1212//3788 1213//3788 1206//3789
f 1212//3790 633//3792 1213//3791
f 633//3793 592//3795 1213//3794
f 1212//3790 631//3796 633//3792
f 1212//3797 629//1712 631//1713
f 1212//3798 1211//3784 629//1710
f 1211//3799 1214//3801 628//3800
f 1214//3802 626//1705 628//1707
f 1214//3803 1215//3805 626//3804
f 1214//3806 1216//3808 1215//3807
f 1216//3809 1217//3811 1215//3810
f 1217//3812 1218//3814 1215//3813
f 1222//3815 1223//3817 1221//3816
f 1222//3818 1224//3818 1223//3819
f 1224//3820 1225//3821 1223//3821
f 1225//3822 612//3824 1226//3823
f 1215//3825 1218//3827 1227//3826
f 1220//3828 1223//3830 1219//3829
f 1220//3831 1221//3816 1223//3817
f 626//3804 1215//3805 1227//3832
f 1228//3833 621//3835 1227//3834
f 1228//3833 611//3836 621//3835
f 1228//3837 1226//3837 611//3838
f 611//1660 1226//3839 612//1662
f 1225//3822 613//3840 612//3824
f 1225//3841 1282//3843 613//3842
f 1282//3844 615//3846 613//3845
f 1229//3847 616//1668 615//3848
f 1229//3847 1230//3849 616//1668
f 1235//3850 1237//3852 1236//3851
f 1238//3853 1260//3855 1237//3854
f 1238//3856 1239//3858 1260//3857
f 1239//3859 1240//3860 1260//3860
f 1241//3861 1242//3863 1240//3862
f 1241//3864 1243//3866 1242//3865
f 1248//3867 1249//3869 1247//3868
f 1248//3870 1250//3872 1249//3871
f 1250//3872 1251//3873 1249//3871
f 1230//3849 1255//3874 616//1668
f 1255//3874 1256//3875 616//1668
f 1255//3874 1257//3876 1256//3875
f 1234//3877 1235//3878 1257//3876
f 1235//3850 1236//3851 1257//3876
f 616//1668 1256//3875 614//1666
f 1257//3876 1236//3851 1256//3875
f 1256//3875 1236//3851 1258//3879
f 1256//3875 1258//3879 614//1666
f 1258//3880 620//3882 614//3881
f 1258//3883 1259//3884 620//1677
f 620//1677 1259//3884 619//1676
f 1260//3885 1240//3887 1261//3886
f 1259//3884 1261//3888 619//1676
f 1259//3889 1260//3891 1261//3890
f 1261//3892 1240//3894 1262//3893
f 1240//3895 1242//3897 1262//3896
f 619//1788 1261//3898 617//1671
f 617//1671 1261//3898 608//3899
f 1261//3900 1262//3902 608//3901
f 1242//3865 1243//3866 1263//3903
f 1243//3904 1244//3906 1263//3905
f 608//1650 1262//3907 606//1649
f 1262//3908 1264//3910 606//3909
f 1262//3911 1242//3913 1264//3912
f 1242//3914 1263//3916 1264//3915
f 1244//3917 1265//3919 1263//3918
f 1244//3920 1245//3922 1265//3921
f 1245//3923 1246//3925 1265//3924
f 1264//3926 604//1781 606//3927
f 1264//3926 1266//3928 604//1781
f 1266//3928 603//1695 604//1781
f 1266//3928 1267//3929 603//1695
f 1268//3930 1249//3869 1269//3931
f 1249//3932 1252//3934 1269//3933
f 1249//3871 1251//3873 1252//3935
f 603//3936 1267//3937 602//3936
f 1267//3938 1270//3940 602//3939
f 1267//3941 1268//3943 1270//3942
f 1268//3944 1269//3946 1270//3945
f 1269//3933 1252//3934 1253//3947
f 602//1732 1270//3948 601//1731
f 1269//3949 1253//3951 1270//3950
f 601//3952 1270//3954 1254//3953
f 1270//3954 1253//3955 1254//3953
f 1251//3956 1033//3958 1271//3957
f 1251//3959 1250//3961 1033//3960
f 1247//3868 1246//3925 1248//3867
f 1241//3861 1240//3862 1239//3962
f 1232//3963 1272//3965 1231//3964
f 1232//3963 1230//3849 1272//3966
f 1230//3849 1229//3847 1272//3966
f 615//3967 1282//3967 1229//3968
f 1231//3964 1272//3965 1273//3969
f 1220//3828 1219//3829 1275//3970
f 1219//3971 1276//3973 1275//3972
f 1219//3974 1218//3975 1276//3975
f 1218//3976 1217//3978 1276//3977
f 1278//3979 1210//3981 1208//3980
f 1278//3979 1208//3980 1279//3982
f 1280//3983 1211//3985 1212//3984
f 1206//3986 1280//3983 1212//3984
f 1207//3787 1280//3987 1206//3786
f 1207//3775 1209//3989 1280//3988
f 1209//3989 1211//3990 1280//3988
f 1207//3775 1204//3776 1209//3989
f 1204//3991 1208//3777 1209//3778
f 1210//3992 1216//3994 1214//3993
f 1281//3995 1216//3996 1210//3981
f 1281//3997 1217//3999 1216//3998
f 1278//3979 1281//3995 1210//3981
f 1278//4000 1277//4002 1281//4001
f 1277//4002 1217//4003 1281//4001
f 1277//4004 1276//4006 1217//4005
f 1227//3834 1218//4007 1228//3833
f 1218//4008 1219//4010 1228//4009
f 1219//4011 1226//4013 1228//4012
f 1219//4014 1223//4015 1226//4015
f 1226//4016 1223//4018 1225//4017
f 1224//4019 1282//4021 1225//4020
f 1224//4022 1274//4024 1282//4023
f 1274//4025 1272//4026 1282//4025
f 1272//4027 1229//4028 1282//4028
f 1274//4024 1224//4022 1222//4029
f 1273//3969 1272//3965 1274//4030
f 1232//3963 1233//4031 1230//3849
f 1230//3849 1233//4031 1255//3874
f 1233//4031 1234//3877 1255//3874
f 1234//3877 1257//3876 1255//3874
f 1258//3879 1236//3851 1259//4032
f 1236//3851 1237//3852 1259//4032
f 1237//4033 1260//4033 1259//4034
f 1246//3925 1247//3868 1265//3924
f 1264//4035 1263//4037 1266//4036
f 1263//4038 1265//4040 1266//4039
f 1266//4041 1265//4043 1267//4042
f 1265//4044 1268//4046 1267//4045
f 1265//3924 1247//3868 1268//4047
f 1247//3868 1249//3869 1268//3930
f 1283//4048 1181//4050 1284//4049
f 1284//4051 1285//4053 527//4052
f 1285//4053 1286//4054 527//4052
f 1285//4055 1181//4050 1286//4056
f 1181//4050 1287//4057 1286//4056
f 1181//4050 1288//4058 1287//4057
f 1288//4059 527//4052 1287//4060
f 1288//4061 1289//4062 527//4062
f 1289//4062 1290//4063 527//4062
f 1289//4064 1181//4066 1290//4065
f 1181//4066 1291//4067 1290//4065
f 1181//4068 1292//4070 1291//4069
f 1292//4071 527//4073 1291//4072
f 1292//4071 1293//4074 527//4073
f 1293//4075 1294//4077 527//4076
f 1293//4078 1181//4068 1294//4079
f 1181//4080 1295//4082 1294//4081
f 1181//4080 1296//4083 1295//4082
f 1296//4084 527//4084 1295//4085
f 1296//4086 1297//4087 527//4087
f 1297//4088 1298//4088 527//4088
f 1297//4089 1181//4090 1298//4090
f 1181//4091 1299//4092 1298//4092
f 1181//4093 1300//4093 1299//4093
f 1300//4094 527//4094 1299//4094
f 1300//4095 1301//4096 527//4095
f 1301//4097 1302//4099 527//4098
f 1301//4100 1181//4102 1302//4101
s 0
f 1302//4103 1303//4105 527//4104
f 1303//4106 1181//4106 527//1005
f 1303//4107 1302//4109 1181//4108
s 1
f 1304//4110 1283//4112 1350//4111
f 1350//4113 1305//4115 525//4114
f 1305//4116 1306//4117 525//4116
f 1305//4118 1283//4120 1306//4119
f 1283//4120 1307//4121 1306//4119
f 1283//4122 1308//4124 1307//4123
f 1308//4125 525//4127 1307//4126
f 1308//4128 1283//4130 525//4129
f 1283//4131 1310//4133 1309//4132
f 1310//4134 525//4136 1309//4135
f 1310//4137 1311//4139 525//4138
f 1311//4139 1312//4140 525//4138
f 1311//4141 1283//4143 1312//4142
s 0
f 1283//4144 1313//4146 1312//4145
s 1
f 1313//4147 1314//4149 525//4148
f 1314//4150 1315//4152 525//4151
f 1314//4153 1283//4155 1315//4154
f 1283//4156 1316//4158 1315//4157
f 1316//4159 525//4151 1315//4152
f 1316//4160 1317//4162 525//4161
f 1283//4163 1318//4165 1317//4164
f 1283//4166 1319//4168 1318//4167
f 1319//4169 525//4171 1318//4170
f 1283//4166 1320//4172 1319//4168
f 1320//4173 525//4171 1319//4169
f 1320//4174 1321//4176 525//4175
f 1321//4176 1322//4177 525//4175
f 1321//4178 1283//4048 1322//4179
f 1283//4048 1284//4049 1322//4179
f 1284//4051 527//4052 525//4175
f 1323//4180 1304//4182 1324//4181
f 1324//4183 1325//4185 524//4184
f 1325//4186 1326//4187 524//4186
f 1325//4188 1304//4190 1326//4189
f 1304//4191 1327//4193 524//4192
f 1304//4194 1328//4196 1327//4195
f 1328//4197 1329//4198 524//4192
f 1328//4199 1304//4201 1329//4200
f 1304//4201 1330//4202 1329//4200
f 1304//4201 1331//4203 1330//4202
f 1331//4204 524//4206 1330//4205
f 1331//4204 1332//4207 524//4206
f 1332//4207 1333//4208 524//4206
f 1332//4209 1304//4201 1333//4210
f 1304//4201 1334//4211 1333//4210
f 1304//4201 1335//4212 1334//4211
f 1335//4213 524//4206 1334//4214
f 1335//4213 1336//4215 524//4206
f 1336//4215 1337//4216 524//4206
f 1336//4217 1304//4201 1337//4218
f 1304//4201 1338//4219 1337//4218
f 1304//4201 1339//4220 1338//4219
f 1339//4221 524//4206 1338//4222
f 1339//4221 1340//4223 524//4206
f 1340//4223 1341//4224 524//4206
f 1340//4225 1304//4201 1341//4226
f 1304//4201 1342//4227 1341//4226
f 1304//4201 1343//4228 1342//4227
f 1343//4229 524//4206 1342//4230
f 1343//4231 1344//4233 524//4232
f 1344//4233 1345//4234 524//4232
f 1344//4235 1304//4237 1345//4236
f 1304//4237 1346//4238 1345//4236
f 1304//4239 1347//4241 1346//4240
f 1347//4242 524//4244 1346//4243
f 1347//4245 1348//4247 524//4246
f 1347//4248 1304//4250 1348//4249
f 1304//4251 1349//4251 1348//4251
f 1304//4110 1350//4111 1349//4252
f 1350//4113 524//4254 1349//4253
f 1350//4113 525//4114 524//4254
f 1351//4255 1323//4257 1411//4256
f 1323//4257 528//4258 1411//4256
f 1323//4257 1352//4259 528//4258
f 1323//4257 1353//4260 1352//4259
f 1323//4261 1354//4263 1353//4262
f 1354//4264 528//4266 1353//4265
f 1354//4264 1355//4267 528//4266
f 1355//4268 1356//4268 528//4268
f 1355//4269 1323//4270 1356//4269
f 1323//4271 1357//4273 1356//4272
f 1357//4274 1358//4276 528//4275
f 1357//4277 1323//4279 1358//4278
f 1323//4280 1359//4282 1358//4281
f 1323//4283 1360//4285 1359//4284
f 1360//4286 528//4287 1359//4286
f 1360//4288 1361//4290 528//4289
f 1361//4291 1362//4293 528//4292
f 1361//4294 1323//4296 1362//4295
f 1323//4297 1363//4299 1362//4298
f 1323//4300 1364//4302 1363//4301
f 1364//4303 528//4305 1363//4304
f 1364//4303 1365//4306 528//4305
f 1365//4306 1366//4307 528//4305
f 1365//4308 1323//4300 1366//4309
f 1323//4300 1367//4310 1366//4309
f 1323//4300 1368//4311 1367//4310
f 1368//4312 528//4305 1367//4313
f 1368//4312 1369//4314 528//4305
f 1369//4314 1370//4315 528//4305
f 1369//4316 1323//4300 1370//4317
f 1323//4318 1371//4320 1370//4319
f 1323//4318 1372//4321 1371//4320
f 1323//4322 1373//4324 1372//4323
f 1373//4325 528//4325 1372//4325
f 1373//4326 1374//4327 528//4327
f 1374//4328 1375//4329 528//4328
f 1374//4330 1323//4332 1375//4331
f 1323//4333 1376//4335 1375//4334
f 1323//4336 1377//4338 1376//4337
f 1377//4339 528//4340 1376//4339
f 1377//4341 1378//4342 528//4342
f 1378//4343 1379//4343 528//4344
f 1378//4345 1323//4347 1379//4346
f 1323//4348 1380//4350 1379//4349
f 1323//4351 1381//4353 1380//4352
f 1381//4354 528//4355 1380//4355
f 1381//4356 1382//4358 528//4357
f 1382//4358 1383//4359 528//4357
f 1382//4360 1323//4362 1383//4361
f 1323//4362 1384//4363 1383//4361
f 1323//4364 1385//4366 1384//4365
f 1385//4367 528//4369 1384//4368
f 1385//4367 1386//4370 528//4369
f 1386//4370 1324//4183 528//4369
f 1386//4371 1323//4180 1324//4181
f 1387//4372 1351//4374 1432//4373
f 1351//4374 1388//4375 1432//4373
f 1388//4376 529//4378 1432//4377
f 1351//4374 1389//4379 1388//4375
f 1389//4380 529//4378 1388//4376
f 1351//4374 1390//4381 1389//4379
f 1351//4382 1391//4384 1390//4383
f 1391//4385 529//4378 1390//4386
f 1391//4387 1392//4388 529//4388
f 1392//4388 1393//4389 529//4388
f 1392//4390 1351//4382 1393//4391
f 1351//4392 1394//4394 1393//4393
f 1394//4395 1395//4397 529//4396
f 1395//4398 1396//4400 529//4399
f 1395//4401 1351//4403 1396//4402
f 1351//4403 1397//4404 1396//4402
f 1397//4405 529//4407 1396//4406
f 1397//4408 1398//4410 529//4409
s 0
f 1398//4411 1399//4411 529//1005
f 1398//4412 1351//4412 1399//1005
f 1351//1005 1400//4413 1399//4413
f 1351//4414 1401//4415 1400//4414
f 1401//4416 529//4418 1400//4417
s 1
f 1401//4419 1402//4421 529//4420
f 1402//4422 1403//4424 529//4423
f 1402//4425 1351//4427 1403//4426
f 1351//4428 1404//4428 1403//4429
f 1351//4428 1405//4430 1404//4428
f 1405//4431 529//4433 1404//4432
f 1405//4431 1406//4434 529//4433
f 1351//4435 1407//4437 1406//4436
f 1351//4438 1408//4440 1407//4439
f 1408//4441 529//4443 1407//4442
f 1408//4441 1409//4444 529//4443
f 1409//4444 1410//4445 529//4443
f 1409//4446 1351//4255 1410//4447
f 1410//4445 1411//4256 529//4443
f 1412//4448 1387//4450 521//4449
s 0
f 1387//4451 1413//4453 521//4452
s 1
f 1413//4454 1414//4456 521//4455
f 1414//4456 1415//4457 521//4455
f 1414//4458 1387//4458 1415//4459
f 1387//4460 1416//4462 1415//4461
f 1387//4460 1417//4463 1416//4462
f 1417//4464 521//4466 1416//4465
f 1417//4464 1418//4467 521//4466
f 1418//4468 1419//4470 521//4469
f 1418//4471 1387//4471 1419//4472
f 1387//4473 1420//4473 1419//4474
f 1387//4475 1421//4475 1420//4475
f 1421//4476 521//4478 1420//4477
f 1421//4479 1422//4481 521//4480
f 1422//4482 1423//4484 521//4483
f 1422//4485 1387//4486 1423//4486
f 1387//4487 1424//4487 1423//4488
f 1387//4489 1425//4489 1424//4490
f 1425//4491 521//4493 1424//4492
f 1425//4494 1426//4494 521//4495
f 1426//4496 1427//4498 521//4497
f 1426//4499 1387//4501 1427//4500
f 1387//4501 1428//4502 1427//4500
f 1428//4503 1429//4505 521//4504
f 1429//4505 1430//4506 521//4504
f 1429//4507 1387//4509 1430//4508
f 1387//4372 1431//4511 1430//4510
f 1387//4372 1432//4373 1431//4511
f 1432//4377 521//4513 1431//4512
f 1433//4514 1412//4516 1434//4515
f 1412//4516 1435//4517 1434//4515
f 1435//4518 520//4520 1434//4519
f 1435//4521 1436//4523 520//4522
f 1435//4524 1412//4526 1436//4525
f 1412//4527 1437//4529 1436//4528
f 1412//4527 1438//4530 1437//4529
f 1438//4531 520//4533 1437//4532
f 1438//4531 1439//4534 520//4533
f 1439//4534 1440//4535 520//4533
f 1439//4536 1412//4536 1440//4537
f 1412//4538 1441//4540 1440//4539
f 1412//4538 1442//4541 1441//4540
f 1442//4542 520//4544 1441//4543
f 1442//4542 1443//4545 520//4544
f 1412//4538 1444//4547 1443//4546
f 1444//4548 1445//4549 520//4544
f 1412//4538 1446//4551 1445//4550
f 1412//4538 1447//4552 1446//4551
f 1447//4553 520//4544 1446//4554
f 1447//4553 1448//4555 520//4544
s 0
f 1448//4556 1449//4556 520//4557
f 1448//4558 1412//4558 1449//4558
s 1
f 1412//4559 1450//4561 1449//4560
f 1450//4562 1451//4564 520//4563
f 1450//4561 1412//4559 1451//4565
f 1412//4559 1452//4566 1451//4565
f 1412//4567 1453//4568 1452//4567
f 1453//4569 520//4563 1452//4570
f 1453//4571 1454//4573 520//4572
f 1454//4574 1412//4576 520//4575
f 1412//4577 1455//4579 520//4578
f 1455//4580 1456//4582 520//4581
f 1456//4583 1457//4585 520//4584
f 1456//4586 1412//4448 1457//4585
f 1457//4585 521//4449 520//4584
f 473//4587 1433//4589 1509//4588
f 1433//4589 1458//4590 1509//4588
f 1458//4591 1459//4593 531//4592
f 1459//4593 1460//4594 531//4592
f 1459//4595 1433//4589 1460//4596
f 1433//4597 1461//4599 1460//4598
f 1433//4597 1462//4600 1461//4599
f 1462//4601 531//4603 1461//4602
f 1462//4604 1463//4606 531//4605
f 1462//4607 1433//4609 1463//4608
f 1433//4610 1464//4612 1463//4611
f 1464//4613 1465//4615 531//4614
f 1465//4615 1466//4616 531//4614
f 1466//4617 1467//4619 531//4618
f 1466//4620 1433//4622 1467//4621
f 1433//4623 1468//4625 1467//4624
f 1433//4623 1469//4626 1468//4625
f 1469//4627 531//4618 1468//4628
f 1469//4627 1470//4629 531//4618
f 1470//4629 1471//4630 531//4618
f 1470//4631 1433//4623 1471//4632
s 0
f 1433//4633 1472//4635 1471//4634
s 1
f 1433//4636 1473//4638 1472//4637
f 1473//4639 531//4641 1472//4640
f 1473//4639 1474//4642 531//4641
f 1474//4642 1475//4643 531//4641
f 1474//4644 1433//4646 1475//4645
f 1433//4646 1476//4647 1475//4645
f 1433//4646 1477//4648 1476//4647
f 1477//4649 531//4651 1476//4650
f 1477//4652 1478//4654 531//4653
f 1433//4655 1479//4657 531//4656
f 1479//4658 1480//4660 531//4659
f 1479//4661 1433//4663 1480//4662
f 1433//4664 1481//4666 1480//4665
f 1481//4667 531//4669 1480//4668
f 1481//4670 1482//4672 531//4671
f 1482//4672 1483//4673 531//4671
f 1482//4674 1433//4676 1483//4675
f 1433//4676 1484//4677 1483//4675
f 1433//4678 1485//4680 1484//4679
f 1485//4681 531//4682 1484//4682
f 1485//4683 1486//4685 531//4684
f 1486//4685 1487//4686 531//4684
f 1486//4687 1433//4678 1487//4688
f 1433//4689 1488//4691 1487//4690
f 1433//4692 1489//4694 1488//4693
f 1489//4695 531//4697 1488//4696
f 1489//4695 1490//4698 531//4697
f 1490//4698 1491//4699 531//4697
f 1490//4700 1433//4514 1491//4701
f 1433//4514 1434//4515 1491//4701
s 0
f 472//4702 473//1005 1492//4702
s 1
f 473//4703 1493//4703 1492//4703
f 473//4704 1494//4706 1493//4705
f 1494//4707 472//4709 1493//4708
f 1494//4710 1495//4712 472//4711
f 1494//4713 473//4715 1495//4714
f 473//4716 1496//4717 1495//4717
f 473//4718 1497//4720 1496//4719
f 1497//4721 472//4722 1496//4722
f 1497//4723 1498//4723 472//4724
f 1498//4725 1499//4726 472//4726
f 1498//4727 473//4727 1499//4727
f 473//4728 1500//4730 1499//4729
f 473//4728 1501//4731 1500//4730
f 1501//4732 472//4734 1500//4733
f 1501//4732 1502//4735 472//4734
f 1502//4735 1503//4736 472//4734
f 1502//4737 473//4739 1503//4738
f 473//4739 1504//4740 1503//4738
f 473//4739 1505//4741 1504//4740
f 1505//4742 472//4744 1504//4743
f 1505//4742 1506//4745 472//4744
f 1506//4745 1507//4746 472//4744
f 1506//4747 473//4587 1507//4748
f 473//4587 1508//4749 1507//4748
f 473//4587 1509//4588 1508//4749
f 1509//4750 472//4744 1508//4751
f 1509//4750 531//4592 472//4744
f 1491//4699 1434//4752 531//4697
f 1434//4519 520//4520 531//4753
f 521//4513 1432//4377 529//4378
f 1411//4256 528//4258 529//4443
f 1324//4183 524//4184 528//4369
f 472//4754 1492//4754 1493//4754
f 472//4755 1495//4757 1496//4756
f 1498//4758 1497//4758 473//4758
f 472//4726 1499//4726 1500//4759
f 1502//4760 1501//4731 473//4728
f 472//4744 1503//4761 1504//4743
f 1506//4747 1505//4762 473//4587
f 472//4744 1507//4746 1508//4751
f 531//4592 1509//4750 1458//4591
f 1459//4595 1458//4590 1433//4589
f 531//4763 1460//4765 1461//4764
f 531//4766 1463//4768 1464//4767
f 1465//4769 1464//4770 1433//4622
f 1466//4620 1465//4769 1433//4622
f 531//4618 1467//4619 1468//4628
f 1470//4631 1469//4626 1433//4623
s 0
f 531//4771 1471//4772 1472//4771
s 1
f 1474//4773 1473//4638 1433//4636
f 531//4651 1475//4774 1476//4650
f 1478//4775 1477//4777 1433//4776
f 531//4653 1478//4654 1433//4778
f 1482//4779 1481//4781 1433//4780
f 531//4682 1483//4782 1484//4682
f 1486//4687 1485//4680 1433//4678
f 531//4697 1487//4783 1488//4696
f 1490//4700 1489//4784 1433//4514
f 520//4785 1436//4787 1437//4786
f 1439//4536 1438//4788 1412//4536
f 520//4533 1440//4535 1441//4789
f 1443//4546 1442//4541 1412//4538
f 520//4544 1443//4545 1444//4548
f 1445//4550 1444//4547 1412//4538
f 520//4544 1445//4549 1446//4554
f 1448//4790 1447//4552 1412//4538
f 520//4563 1449//4791 1450//4562
f 520//4563 1451//4564 1452//4570
f 1454//4792 1453//4792 1412//4793
f 1456//4794 1455//4794 1412//4795
f 521//4449 1457//4585 1412//4448
f 1414//4458 1413//4796 1387//4458
f 521//4455 1415//4457 1416//4797
f 1418//4798 1417//4798 1387//4799
f 521//4469 1419//4470 1420//4800
f 1422//4801 1421//4801 1387//4802
f 521//4803 1423//4805 1424//4804
f 1426//4806 1425//4806 1387//4806
f 521//4504 1427//4807 1428//4503
f 1429//4507 1428//4808 1387//4509
f 521//4513 1430//4809 1431//4512
f 529//4378 1389//4380 1390//4386
f 1392//4390 1391//4384 1351//4382
f 529//4810 1393//4812 1394//4811
f 1395//4813 1394//4394 1351//4392
f 1398//4814 1397//4816 1351//4815
s 0
f 529//4817 1399//1005 1400//4817
s 1
f 1402//4818 1401//4820 1351//4819
f 529//4821 1403//4823 1404//4822
f 1406//4436 1405//4824 1351//4435
f 529//4433 1406//4434 1407//4825
f 1409//4826 1408//4440 1351//4438
f 1411//4256 1410//4447 1351//4255
f 528//4258 1352//4259 1353//4827
f 1355//4828 1354//4263 1323//4261
f 528//4829 1356//4831 1357//4830
f 528//4832 1358//4833 1359//4832
f 1361//4834 1360//4836 1323//4835
f 528//4837 1362//4838 1363//4837
f 1365//4308 1364//4302 1323//4300
f 528//4305 1366//4307 1367//4313
f 1369//4316 1368//4311 1323//4300
f 528//4839 1370//4841 1371//4840
f 528//4839 1371//4840 1372//4842
f 1374//4843 1373//4845 1323//4844
f 528//4846 1375//4846 1376//4847
f 1378//4848 1377//4850 1323//4849
f 528//4355 1379//4851 1380//4355
f 1382//4852 1381//4353 1323//4351
f 528//4357 1383//4359 1384//4853
f 1386//4854 1385//4366 1323//4364
f 1325//4855 1324//4181 1304//4182
f 524//4856 1326//4858 1304//4857
f 524//4192 1327//4193 1328//4197
f 524//4192 1329//4198 1330//4859
f 1332//4209 1331//4203 1304//4201
f 524//4206 1333//4208 1334//4214
f 1336//4217 1335//4212 1304//4201
f 524//4206 1337//4216 1338//4222
f 1340//4225 1339//4220 1304//4201
f 524//4206 1341//4224 1342//4230
f 1344//4860 1343//4228 1304//4201
f 524//4861 1345//4862 1346//4861
f 524//4863 1348//4865 1349//4864
f 1305//4866 1350//4111 1283//4112
f 525//4867 1306//4868 1307//4867
f 525//4869 1283//4871 1309//4870
f 1311//4872 1310//4874 1283//4873
s 0
f 525//4875 1312//4877 1313//4876
s 1
f 1314//4153 1313//4878 1283//4155
f 1317//4879 1316//4881 1283//4880
f 525//4882 1317//4884 1318//4883
f 1321//4178 1320//4885 1283//4048
f 525//4175 1322//4177 1284//4051
f 1285//4055 1284//4049 1181//4050
f 527//4052 1286//4054 1287//4060
f 1289//4064 1288//4886 1181//4066
f 527//4887 1290//4888 1291//4888
f 1293//4078 1292//4070 1181//4068
f 527//4076 1294//4077 1295//4889
f 1297//4890 1296//4891 1181//4891
f 527//4892 1298//4892 1299//4893
f 1301//4894 1300//4894 1181//4894
f 1092//4895 1510//4897 1093//4896
f 1092//4898 1091//4900 1510//4899
f 1101//3338 1433//4901 473//3337
f 1101//4902 1412//4904 1433//4903
f 1101//4905 1511//4906 1412//4906
f 1093//3297 1513//4908 1512//4907
f 1093//4909 1514//4911 1513//4910
f 1514//4912 1515//4914 1513//4913
f 1515//4915 1091//4917 1513//4916
f 1412//4918 1511//4920 1387//4919
f 1511//4921 1516//4923 1387//4922
f 1511//4924 1512//4926 1516//4925
f 1387//4927 1516//4929 1351//4928
f 1512//4930 1517//4932 1516//4931
f 1512//4933 1513//4935 1517//4934
f 1513//4916 1091//4917 1518//4936
f 1516//4937 1323//4939 1351//4938
f 1516//4940 1519//4942 1323//4941
f 1519//4943 1304//4945 1323//4944
f 1519//4946 1520//4948 1304//4947
f 1519//4949 1517//4951 1520//4950
f 1517//4952 1521//4953 1520//4953
f 1517//4954 1522//4956 1521//4955
f 1522//4957 1186//4959 1521//4958
f 1522//4960 1523//4962 1186//4961
f 1522//4963 1524//4965 1523//4964
s 0
f 1524//4966 1525//1005 1523//4967
f 1524//1005 1091//4968 1525//4968
s 1
f 1304//4969 1520//4971 1283//4970
f 1523//4972 1526//4974 1186//4973
f 1523//4975 1525//4975 1526//4975
s 0
f 1525//4976 1527//1005 1526//4977
f 1525//1005 1091//4978 1527//4978
s 1
f 1283//4979 1520//4981 1181//4980
f 1526//4982 1527//4984 1186//4983
f 1527//4985 1091//4987 1186//4986
f 1524//4988 1528//4989 1091//4989
s 0
f 1528//4990 1529//1005 1091//4990
f 1529//4991 1518//1005 1091//4992
f 1515//4993 1530//1005 1091//4993
f 1530//4994 1510//1005 1091//4994
f 1514//4995 1530//4995 1515//1005
f 1530//1005 1531//4996 1510//4996
s 1
f 1531//4997 1093//4999 1510//4998
f 1512//4907 1094//3299 1093//3297
f 1512//5000 1099//5002 1094//5001
s 0
f 1529//1005 1532//5003 1518//5003
s 1
f 1532//5004 1513//5006 1518//5005
f 1522//5007 1528//5009 1524//5008
s 0
f 1528//1005 1533//5011 1529//5010
s 1
f 1533//5012 1532//5012 1529//5012
f 1533//5013 1522//5015 1532//5014
f 1522//5016 1513//5018 1532//5017
f 1522//5019 1517//4934 1513//4935
f 1519//5020 1516//4931 1517//4932
f 1093//5021 1531//5023 1514//5022
f 1531//5024 1530//5024 1514//5024
f 1533//5025 1528//5027 1522//5026
f 1511//5028 1099//5030 1512//5029
f 1511//5031 1101//3336 1099//3334
f 1534//5032 1055//5034 1568//5033
f 1055//5034 1535//5035 1568//5033
f 1055//5034 1536//5036 1535//5035
f 1536//5037 462//5039 1535//5038
f 1536//5040 1537//5042 462//5041
f 1537//5042 1538//5043 462//5041
f 1537//5044 1055//5034 1538//5045
f 1055//5034 1539//5046 1538//5045
f 1055//5034 1540//5047 1539//5046
f 1055//5034 1541//5048 1540//5047
f 1541//5049 462//5049 1540//5049
f 1541//5050 1542//5050 462//5050
f 1542//5051 1543//5051 462//5052
f 1542//5053 1055//5053 1543//5053
f 1055//5054 1544//5054 1543//5054
f 1055//5055 1545//5056 1544//5056
f 1545//5057 462//5058 1544//5058
f 1545//5059 1546//5059 462//5059
f 1546//5060 1547//5060 462//5060
f 1546//5061 1055//5061 1547//5062
f 1055//5063 1548//5065 1547//5064
f 1055//5066 1549//5067 1548//5066
f 1549//5068 462//5069 1548//5068
f 1549//5070 1550//5070 462//5070
s 0
f 1550//5071 1055//5071 462//1005
s 1
f 1550//5072 1549//5074 1055//5073
f 1551//5075 1534//5077 1552//5076
f 1534//5077 1553//5078 1552//5076
f 1534//5079 1554//5081 1553//5080
f 1554//5082 461//5084 1553//5083
f 1554//5085 1555//5085 461//5085
f 1555//5086 1556//5087 461//5087
f 1555//5088 1534//5090 1556//5089
f 1534//5091 1557//5093 1556//5092
f 1534//5094 1558//5096 1557//5095
f 1558//5097 461//5098 1557//5097
f 1558//5099 1559//5099 461//5099
f 1559//5100 1560//5100 461//5101
f 1559//5102 1534//5104 1560//5103
f 1534//5105 1561//5107 461//5106
f 1561//5108 1562//5109 461//5109
f 1561//5110 1534//5112 1562//5111
f 1534//5113 1563//5115 1562//5114
f 1534//5116 1564//5118 1563//5117
f 1564//5119 461//5119 1563//5120
f 1564//5119 1565//5121 461//5119
f 1565//5122 1566//5122 461//5122
f 1565//5123 1534//5125 1566//5124
f 1534//5032 1567//5127 1566//5126
f 1534//5032 1568//5033 1567//5127
f 1568//5128 461//5130 1567//5129
f 1568//5128 462//5039 461//5130
f 1569//5131 1551//5133 1605//5132
f 1605//5134 1570//5136 460//5135
f 1605//5132 1551//5133 1570//5137
f 1551//5138 1571//5140 1570//5139
f 1551//5141 1572//5143 1571//5142
f 1572//5144 460//5146 1571//5145
f 1551//5147 1573//5149 1572//5148
f 1551//5150 1574//5152 1573//5151
f 1574//5153 460//5155 1573//5154
f 1574//5156 1575//5157 460//5156
f 1575//5158 1576//5160 460//5159
f 1575//5161 1551//5163 1576//5162
f 1551//5163 1577//5164 1576//5162
f 1577//5165 460//5159 1576//5160
f 1577//5165 1578//5166 460//5159
f 1551//5163 460//5159 1578//5166
f 1551//5163 1579//5167 460//5159
f 1551//5163 1580//5168 1579//5167
f 1580//5169 1581//5170 460//5159
f 1581//5170 1582//5171 460//5159
f 1581//5172 1551//5174 1582//5173
f 1551//5174 1583//5175 1582//5173
f 1583//5176 460//5159 1582//5171
f 1583//5177 1584//5177 460//5178
f 1584//5179 1585//5179 460//5180
f 1584//5181 1551//5183 1585//5182
f 1551//5184 1586//5186 1585//5185
f 1586//5187 1587//5189 460//5188
f 1551//5190 1588//5192 1587//5191
f 1551//5075 1552//5076 1588//5193
f 1552//5194 460//5196 1588//5195
f 1552//5194 461//5084 460//5196
f 1589//5197 1569//5199 1628//5198
f 1569//5199 1590//5200 1628//5198
f 1569//5201 1591//5203 1590//5202
f 1591//5204 463//5206 1590//5205
f 1591//5207 1592//5209 463//5208
f 1591//5210 1569//5212 1592//5211
f 1569//5213 1593//5213 1592//5214
f 1569//5215 1594//5217 1593//5216
f 1594//5218 463//5220 1593//5219
f 1594//5218 1595//5221 463//5220
f 1594//5217 1569//5215 1595//5222
f 1569//5223 1596//5225 1595//5224
f 1569//5223 1597//5226 1596//5225
f 1597//5227 463//5229 1596//5228
f 1597//5227 1598//5230 463//5229
s 0
f 1598//5231 1599//5231 463//1005
f 1598//5232 1569//5234 1599//5233
f 1569//5233 1600//5236 1599//5235
f 1569//5237 1601//5239 1600//5238
f 1601//5240 463//5241 1600//5241
s 1
f 1601//5242 1602//5244 463//5243
f 1569//5245 1603//5247 1602//5246
f 1569//5245 1604//5248 1603//5247
f 1604//5249 463//5243 1603//5250
f 1604//5251 1605//5134 463//5252
f 1606//5253 1589//5255 1663//5254
f 1589//5255 1607//5256 1663//5254
f 1607//5257 464//5259 1663//5258
f 1589//5255 1608//5260 1607//5256
f 1608//5261 464//5259 1607//5257
f 1608//5262 1609//5263 464//5263
f 1609//5264 1610//5266 464//5265
f 1609//5267 1589//5269 1610//5268
f 1589//5270 1611//5272 1610//5271
f 1611//5273 1612//5275 464//5274
s 0
f 1612//5276 1613//5276 464//1005
f 1612//5277 1589//5277 1613//1005
f 1589//1005 1614//5278 1613//5278
s 1
f 1589//5279 1615//5281 1614//5280
f 1615//5282 464//5284 1614//5283
f 1615//5285 1616//5287 464//5286
f 1615//5288 1589//5290 1616//5289
f 1589//5291 1617//5293 1616//5292
f 1617//5294 464//5296 1616//5295
f 1617//5297 1618//5299 464//5298
f 1589//5300 1619//5302 1618//5301
f 1589//5300 1620//5303 1619//5302
f 1620//5304 464//5298 1619//5305
f 1620//5304 1621//5306 464//5298
f 1621//5307 1622//5309 464//5308
f 1621//5310 1589//5312 1622//5311
f 1589//5312 1623//5313 1622//5311
f 1589//5197 1624//5315 1623//5314
f 1624//5316 464//5308 1623//5317
f 1624//5316 1625//5318 464//5308
f 1624//5315 1589//5197 1625//5319
f 1589//5197 1626//5320 1625//5319
f 1589//5197 1627//5321 1626//5320
f 1627//5322 464//5324 1626//5323
f 1627//5322 1628//5325 464//5324
f 1629//5326 1606//5328 1697//5327
f 1606//5328 1630//5329 1697//5327
f 1630//5330 1631//5332 457//5331
f 1630//5329 1606//5328 1631//5333
f 1606//5334 1632//5336 1631//5335
f 1606//5337 1633//5339 1632//5338
f 1633//5340 457//5341 1632//5341
f 1633//5342 1634//5342 457//5342
f 1634//5343 1635//5343 457//5343
f 1634//5344 1606//5346 1635//5345
f 1606//5347 1636//5349 1635//5348
f 1606//5350 1637//5351 1636//5351
f 1637//5352 457//5354 1636//5353
f 1637//5355 1606//5357 457//5356
f 1606//5358 1639//5360 1638//5359
f 1639//5361 457//5363 1638//5362
f 1639//5361 1640//5364 457//5363
f 1640//5365 1641//5367 457//5366
f 1640//5368 1606//5370 1641//5369
f 1606//5371 1642//5373 1641//5372
f 1606//5371 1643//5374 1642//5373
f 1643//5375 457//5366 1642//5376
f 1643//5377 1644//5379 457//5378
s 0
f 1644//5380 1645//5380 457//5380
f 1644//5381 1606//5382 1645//5382
f 1606//5383 1646//5385 1645//5384
s 1
f 1606//5384 1647//5387 1646//5386
f 1647//5388 457//5390 1646//5389
f 1647//5388 1648//5391 457//5390
f 1648//5391 1649//5392 457//5390
f 1648//5393 1606//5384 1649//5394
f 1606//5395 1650//5397 1649//5396
f 1606//5395 1651//5398 1650//5397
f 1651//5399 457//5401 1650//5400
f 1651//5402 1652//5403 457//5403
f 1652//5403 1653//5404 457//5403
f 1652//5405 1606//5407 1653//5406
f 1606//5408 1654//5410 1653//5409
f 1606//5411 1655//5413 1654//5412
f 1655//5414 457//5415 1654//5414
f 1655//5416 1656//5416 457//5417
f 1656//5418 1657//5418 457//5418
f 1656//5419 1606//5421 1657//5420
f 1606//5422 1658//5423 1657//5423
f 1606//5424 1659//5425 1658//5424
f 1659//5426 457//5428 1658//5427
f 1659//5429 1660//5430 457//5429
f 1660//5431 1661//5433 457//5432
f 1660//5434 1606//5253 1661//5435
f 1606//5253 1662//5436 1661//5435
f 1606//5253 1663//5254 1662//5436
f 1663//5258 457//5432 1662//5437
f 1664//5438 1629//5440 1727//5439
f 1727//5441 1665//5443 456//5442
f 1727//5439 1629//5440 1665//5444
f 1629//5440 1666//5445 1665//5444
f 1629//5440 456//5446 1666//5445
f 1629//5447 1667//5449 456//5448
f 1629//5450 1668//5451 1667//5450
f 1668//5452 456//5454 1667//5453
f 1668//5455 1669//5457 456//5456
f 1669//5458 1670//5460 456//5459
f 1669//5461 1629//5461 1670//5462
f 1629//5463 1671//5463 1670//5464
f 1629//5463 1672//5465 1671//5463
f 1672//5466 456//5468 1671//5467
f 1672//5466 1673//5469 456//5468
f 1673//5469 1674//5470 456//5468
f 1673//5471 1629//5473 1674//5472
f 1629//5473 1675//5474 1674//5472
f 1629//5475 1676//5477 1675//5476
f 1676//5478 456//5480 1675//5479
f 1676//5478 1677//5481 456//5480
f 1677//5481 1678//5482 456//5480
f 1677//5483 1629//5475 1678//5484
f 1629//5475 1679//5485 1678//5484
f 1629//5475 1680//5486 1679//5485
f 1680//5487 456//5480 1679//5488
s 0
f 1680//5489 1681//5491 456//5490
s 1
f 1681//5492 1682//5494 456//5493
f 1681//5495 1629//5497 1682//5496
f 1629//5497 1683//5498 1682//5496
f 1629//5497 1684//5499 1683//5498
f 1684//5500 456//5493 1683//5501
f 1684//5500 1685//5502 456//5493
f 1685//5502 1686//5503 456//5493
f 1685//5504 1629//5497 1686//5505
f 1686//5503 1687//5506 456//5493
f 1686//5505 1629//5497 1687//5507
f 1629//5508 1688//5510 1687//5509
f 1629//5508 1689//5511 1688//5510
f 1689//5512 456//5514 1688//5513
f 1689//5512 1690//5515 456//5514
f 1690//5516 1691//5517 456//5517
f 1690//5518 1629//5520 1691//5519
f 1629//5521 1692//5522 1691//5521
f 1629//5523 1693//5525 1692//5524
f 1693//5526 456//5528 1692//5527
f 1629//5529 1694//5531 1693//5530
f 1629//5532 1695//5534 1694//5533
f 1695//5535 456//5537 1694//5536
f 1695//5535 1696//5538 456//5537
f 1695//5539 1629//5541 1696//5540
f 1629//5326 1697//5327 1696//5542
f 1697//5543 457//5331 456//5537
f 403//5544 1664//5546 1744//5545
f 1664//5546 465//5547 1744//5545
f 1664//5548 1698//5550 465//5549
f 1664//5551 1699//5553 1698//5552
f 1699//5554 465//5556 1698//5555
f 1699//5557 1700//5557 465//5558
f 1700//5559 1701//5561 465//5560
f 1700//5562 1664//5564 1701//5563
f 1664//5565 1702//5567 1701//5566
f 1702//5568 465//5570 1701//5569
f 1702//5568 1703//5571 465//5570
f 1703//5572 1704//5574 465//5573
f 1703//5575 1664//5577 1704//5576
f 1664//5577 1705//5578 1704//5576
f 1664//5577 1706//5579 1705//5578
f 1706//5580 465//5573 1705//5581
s 0
f 1664//5582 1707//5584 1706//5583
s 1
f 1664//5585 1708//5587 1707//5586
f 1708//5588 465//5590 1707//5589
f 1708//5588 1709//5591 465//5590
f 1709//5591 1710//5592 465//5590
f 1709//5593 1664//5585 1710//5594
f 1664//5595 1711//5597 1710//5596
f 1664//5595 1712//5598 1711//5597
f 1712//5599 465//5600 1711//5599
f 1712//5601 1713//5603 465//5602
f 1713//5603 1714//5604 465//5602
f 1713//5605 1664//5607 1714//5606
f 1664//5608 1715//5610 1714//5609
f 1664//5611 1716//5613 1715//5612
f 1716//5614 465//5615 1715//5614
f 1716//5616 1717//5616 465//5616
f 1717//5617 1718//5618 465//5618
f 1717//5619 1664//5621 1718//5620
f 1664//5622 1719//5624 1718//5623
f 1664//5625 1720//5627 1719//5626
f 1720//5628 465//5628 1719//5628
f 1720//5629 1721//5630 465//5629
f 1721//5631 1722//5633 465//5632
f 1721//5634 1664//5636 1722//5635
f 1664//5637 1723//5639 1722//5638
f 1664//5640 1724//5642 1723//5641
f 1724//5643 465//5632 1723//5644
f 1724//5645 1725//5647 465//5646
f 1725//5647 1726//5648 465//5646
f 1725//5649 1664//5651 1726//5650
f 1664//5438 1727//5439 1726//5652
s 0
f 402//5653 403//1005 1728//5654
s 1
f 403//5655 1729//5655 1728//5655
f 403//5656 1730//5658 1729//5657
f 1730//5659 402//5661 1729//5660
f 1730//5662 1731//5662 402//5662
f 1731//5663 1732//5664 402//5664
f 1731//5665 403//5665 1732//5665
f 403//5666 1733//5666 1732//5666
f 403//5667 1734//5668 1733//5667
f 1734//5669 402//5669 1733//5669
f 1734//5670 1735//5672 402//5671
f 1735//5673 1736//5675 402//5674
f 1735//5676 403//5678 1736//5677
f 403//5679 1737//5679 1736//5679
f 403//5680 1738//5682 1737//5681
f 1738//5683 402//5685 1737//5684
f 1738//5683 1739//5686 402//5685
f 1739//5686 1740//5687 402//5685
f 1739//5688 403//5680 1740//5689
f 403//5680 1741//5690 1740//5689
f 403//5691 1742//5691 1741//5692
f 1742//5693 402//5695 1741//5694
f 1742//5693 1743//5696 402//5695
f 1743//5696 1744//5545 402//5695
f 1743//5697 403//5544 1744//5545
f 1744//5545 465//5547 402//5695
f 1727//5441 456//5442 465//5646
f 457//5432 1663//5258 464//5259
f 1628//5325 463//5698 464//5324
f 1605//5134 460//5135 463//5252
f 402//5699 1728//5699 1729//5699
f 1731//5700 1730//5701 403//5701
f 402//5702 1732//5702 1733//5702
f 1735//5676 1734//5703 403//5678
f 402//5674 1736//5675 1737//5704
f 1739//5688 1738//5682 403//5680
f 402//5695 1740//5705 1741//5694
f 1743//5706 1742//5691 403//5691
f 1700//5707 1699//5709 1664//5708
f 1703//5710 1702//5567 1664//5565
f 465//5573 1704//5574 1705//5581
s 0
f 465//5711 1706//5713 1707//5712
s 1
f 1709//5593 1708//5587 1664//5585
f 465//5590 1710//5592 1711//5714
f 1713//5715 1712//5717 1664//5716
f 465//5718 1714//5719 1715//5719
f 1717//5720 1716//5722 1664//5721
f 465//5723 1718//5724 1719//5723
f 1721//5634 1720//5725 1664//5636
f 465//5632 1722//5633 1723//5644
f 1725//5726 1724//5642 1664//5640
f 465//5646 1726//5648 1727//5441
f 456//5727 1665//5729 1666//5728
f 1669//5730 1668//5731 1629//5730
f 456//5732 1670//5734 1671//5733
f 1673//5471 1672//5735 1629//5473
f 456//5480 1674//5736 1675//5479
f 1677//5483 1676//5477 1629//5475
f 456//5480 1678//5482 1679//5488
s 0
f 1681//5737 1680//5738 1629//5737
s 1
f 456//5493 1682//5494 1683//5501
f 1685//5504 1684//5499 1629//5497
f 456//5739 1687//5741 1688//5740
f 1690//5742 1689//5743 1629//5742
f 456//5744 1691//5746 1692//5745
f 456//5747 1693//5749 1694//5748
f 456//5537 1696//5538 1697//5543
f 457//5331 1697//5543 1630//5330
f 457//5750 1631//5751 1632//5751
f 1634//5752 1633//5754 1606//5753
f 457//5755 1635//5755 1636//5756
f 457//5757 1606//5759 1638//5758
f 1640//5760 1639//5360 1606//5358
f 457//5366 1641//5367 1642//5376
f 1644//5761 1643//5374 1606//5371
s 0
f 457//5762 1645//5762 1646//5763
s 1
f 1648//5393 1647//5387 1606//5384
f 457//5390 1649//5392 1650//5764
f 1652//5765 1651//5767 1606//5766
f 457//5768 1653//5770 1654//5769
f 1656//5771 1655//5773 1606//5772
f 457//5774 1657//5776 1658//5775
f 1660//5777 1659//5778 1606//5778
f 457//5432 1661//5433 1662//5437
f 1609//5267 1608//5779 1589//5269
f 464//5780 1610//5782 1611//5781
f 1612//5783 1611//5272 1589//5270
s 0
f 464//5784 1613//1005 1614//5784
s 1
f 1618//5301 1617//5785 1589//5300
f 464//5298 1618//5299 1619//5305
f 1621//5310 1620//5786 1589//5312
f 464//5308 1622//5309 1623//5317
f 464//5324 1625//5787 1626//5323
f 1628//5198 1627//5321 1589//5197
f 463//5698 1628//5325 1590//5788
f 463//5789 1592//5790 1593//5790
f 463//5229 1595//5791 1596//5228
f 1598//5792 1597//5793 1569//5792
s 0
f 463//5794 1599//1005 1600//5794
s 1
f 1602//5246 1601//5795 1569//5245
f 463//5243 1602//5244 1603//5250
f 1605//5132 1604//5796 1569//5131
f 460//5797 1570//5797 1571//5797
f 460//5155 1572//5798 1573//5154
f 1575//5161 1574//5799 1551//5163
f 1578//5166 1577//5164 1551//5163
f 460//5159 1579//5167 1580//5169
f 1581//5800 1580//5168 1551//5163
f 1584//5801 1583//5803 1551//5802
f 460//5804 1585//5806 1586//5805
f 1587//5807 1586//5809 1551//5808
f 460//5810 1587//5812 1588//5811
f 461//5084 1552//5194 1553//5083
f 1555//5813 1554//5081 1534//5079
f 461//5814 1556//5814 1557//5814
f 1559//5815 1558//5817 1534//5816
f 461//5818 1560//5820 1534//5819
f 461//5821 1562//5823 1563//5822
f 1565//5123 1564//5824 1534//5125
f 461//5130 1566//5825 1567//5129
f 462//5039 1568//5128 1535//5038
f 1537//5044 1536//5036 1055//5034
f 462//5041 1538//5043 1539//5826
f 462//5041 1539//5826 1540//5827
f 1542//5828 1541//5828 1055//5828
f 462//5829 1543//5829 1544//5829
f 1546//5830 1545//5832 1055//5831
f 462//5833 1547//5834 1548//5833
f 967//5835 966//5837 1745//5836
f 976//5838 1664//5838 403//5838
f 976//5839 1629//5841 1664//5840
f 976//5842 1746//5843 1629//5843
f 1746//5844 1606//5846 1629//5845
f 1746//5844 1747//5847 1606//5846
f 1746//5848 975//5850 1747//5849
f 975//5851 1748//5853 1747//5852
f 1749//5854 1751//5856 1750//5855
s 0
f 1751//5857 1752//1005 1750//5857
f 1751//1005 966//5859 1752//5858
s 1
f 1606//5860 1747//5862 1589//5861
f 1750//5855 1753//5863 1749//5854
f 1750//5864 1752//5864 1753//5864
s 0
f 1752//5865 1754//1005 1753//5866
f 1752//1005 966//5867 1754//5867
s 1
f 1747//5868 1755//5870 1589//5869
f 1755//5871 1569//5873 1589//5872
f 1755//5874 1551//5876 1569//5875
f 1755//5877 1756//5879 1551//5878
f 1757//5880 1044//5882 1756//5881
f 1759//5883 1760//5885 1758//5884
f 1759//5886 1761//5886 1760//5886
f 1761//5887 1762//5887 1760//5887
f 1761//5888 966//5888 1762//5888
f 1551//5889 1756//5891 1534//5890
f 1756//5892 1053//5894 1534//5893
f 1756//5895 1044//5897 1053//5896
f 1757//5898 1758//5900 1044//5899
f 1760//5901 1763//5902 1758//5901
f 1760//5903 1762//5903 1763//5903
s 0
f 1762//5904 1764//1005 1763//5905
f 1762//1005 966//5907 1764//5906
s 1
f 1534//5908 1053//5910 1055//5909
f 1763//5911 1043//5913 1758//5912
s 0
f 1763//5914 1764//5914 1043//1005
f 1764//1005 966//5915 1043//5915
f 1761//5916 1765//1005 966//5917
f 1765//5918 1766//1005 966//5919
s 1
f 1766//5920 1754//5920 966//5920
f 1751//5858 1767//5858 966//5858
s 0
f 1767//5921 1768//1005 966//5858
f 1768//5922 1745//1005 966//5922
f 1768//1005 1769//5923 1745//5923
s 1
f 1769//5924 967//5926 1745//5925
f 975//2842 968//2815 967//2816
f 1749//5927 1767//5929 1751//5928
s 0
f 1767//1005 1770//5930 1768//5930
s 1
f 1770//5931 1769//5931 1768//5931
f 1770//5932 967//5934 1769//5933
f 1746//5935 976//2848 975//2849
f 1766//5936 1771//5938 1754//5937
f 1771//5938 1753//5939 1754//5937
f 1771//5940 1749//5854 1753//5863
f 1755//5870 1747//5868 1748//5941
s 0
f 1759//5942 1765//5942 1761//1005
f 1765//1005 1772//5943 1766//5943
s 1
f 1772//5944 1771//5944 1766//5944
f 1772//5945 1758//5947 1771//5946
f 1758//5948 1749//5950 1771//5949
f 1758//5951 1757//5953 1749//5952
f 1757//5954 1748//5956 1749//5955
f 1757//5957 1755//5959 1748//5958
f 1770//5960 1767//5962 1749//5961
f 1749//5963 967//5965 1770//5964
f 1758//5966 1772//5968 1759//5967
f 1772//5969 1765//5969 1759//5969
f 1748//5956 967//5970 1749//5955
f 1748//5971 975//2842 967//2816
f 1756//5972 1755//5973 1757//5973
f 1773//5974 171//5976 167//5975
f 1775//5977 1776//5979 1774//5978
f 1776//5980 1777//5981 1774//5980
f 1777//5982 170//5984 1774//5983
f 171//5985 1774//5983 170//5984
f 170//5984 1777//5982 173//5986
f 1777//5987 1778//5989 173//5988
f 1777//5990 1779//5992 1778//5991
f 1779//5993 1780//5994 1778//5994
f 1780//5995 926//5997 1778//5996
f 926//5997 396//5998 1778//5996
f 396//5998 173//5999 1778//5996
f 1777//6000 1781//6002 1779//6001
f 1781//6003 1777//6005 1776//6004
f 1774//5978 1773//6006 1775//5977
f 1773//6007 801//6009 1775//6008
f 1773//5974 802//6011 801//6010
f 1773//5974 167//5975 802//6011
f 1774//6012 171//5976 1773//5974
f 1783//6013 158//6015 159//6014
f 1783//6013 1784//6016 158//6015
f 1783//6017 1785//6019 1784//6018
f 1785//6019 1786//6020 1784//6018
f 1786//6021 1787//6022 1784//6022
f 1787//6023 162//6025 1784//6024
f 158//6026 1784//6024 162//6025
f 1787//6027 1788//6029 161//6028
f 1787//6030 1789//6032 1788//6031
f 1789//6033 847//6035 1788//6034
f 847//6035 782//6036 1788//6034
f 782//6036 161//6037 1788//6034
f 1789//6038 1787//6040 1790//6039
f 161//6041 162//6025 1787//6023
f 1790//6042 1787//6044 1791//6043
f 1787//6045 1786//6047 1791//6046
f 1783//6048 1808//6050 1785//6049
f 1783//6013 1782//6052 1808//6051
f 1783//6013 159//6014 1782//6052
f 1794//6053 1795//6055 1793//6054
f 1794//6053 1796//6056 1795//6055
f 1796//6057 1797//6059 1795//6058
s 0
f 1796//6060 1798//1005 1797//6061
s 1
f 1798//6062 1799//6062 1797//6062
s 0
f 1798//6063 1800//1005 1799//6063
s 1
f 1800//6064 1801//6064 1799//6064
f 1800//6065 1802//6065 1801//6065
f 1802//6066 1803//6066 1801//6066
s 0
f 1802//6067 1804//1005 1803//6068
s 1
f 1804//6069 1805//6069 1803//6069
s 0
f 1804//6070 1806//1005 1805//6070
s 1
f 1806//6071 836//6073 1805//6072
f 1806//6074 835//6076 836//6075
f 1786//6047 1809//6077 1791//6046
f 1809//6078 1810//6080 1791//6079
f 1795//6081 1810//6080 1809//6078
f 1790//6039 1811//6082 1789//6038
f 1811//6083 838//6085 1789//6084
f 1810//6086 837//6088 1811//6087
f 1810//6089 1801//6091 837//6090
f 1801//6092 1803//6094 837//6093
f 1789//6095 838//6097 847//6096
f 1811//6098 837//6100 838//6099
f 1803//6101 1805//6103 837//6102
f 1805//6104 836//6106 837//6105
s 0
f 1806//6107 1804//1005 835//6108
f 1804//6109 1802//1005 835//6109
s 1
f 1802//6110 1800//6110 835//6110
s 0
f 1800//6111 1798//1005 835//6111
f 1798//6112 1796//1005 835//6112
s 1
f 1796//6113 1794//6053 835//6114
f 835//6114 1794//6053 1793//6054
f 1795//6115 1792//6117 1793//6116
f 1785//6019 1808//6119 1807//6118
f 1809//6078 1792//6120 1795//6081
f 1809//6121 1807//6123 1792//6122
f 1786//6020 1785//6019 1807//6118
f 1809//6121 1786//6124 1807//6123
f 1797//6125 1810//6080 1795//6081
f 1799//6126 1810//6128 1797//6127
f 1811//6129 1790//6131 1810//6130
f 1790//6132 1791//6079 1810//6080
f 1801//6133 1810//6135 1799//6134
f 887//6136 886//6138 1812//6137
f 888//6139 1813//6141 1776//6140
f 1815//6142 1816//6144 1814//6143
f 1815//6145 886//6147 1816//6146
f 1776//6004 1813//6148 1781//6003
f 1814//6149 1816//6151 1817//6150
s 0
f 1816//6152 1818//1005 1817//6153
f 1816//1005 886//6155 1818//6154
s 1
f 1779//6156 1819//6158 1780//6157
f 1819//6159 1820//6161 1780//6160
f 1819//6162 1821//6164 1820//6163
f 1821//6165 919//6167 1820//6166
f 1821//6168 1822//6170 919//6169
f 1821//6171 1823//6173 1822//6172
s 0
f 1823//6174 1824//1005 1822//6175
f 1823//1005 886//6177 1824//6176
s 1
f 1780//6178 1820//6180 926//6179
f 1822//6181 1825//6183 919//6182
f 1822//6184 1824//6184 1825//6184
s 0
f 1824//6185 1826//1005 1825//6185
f 1824//1005 886//6187 1826//6186
s 1
f 1825//6188 1826//6190 919//6189
f 1826//6191 886//6193 919//6192
f 1823//6194 1827//6194 886//6194
s 0
f 1827//6195 1828//1005 886//6196
f 1828//6197 1818//1005 886//6198
s 1
f 1815//6145 1829//6199 886//6147
s 0
f 1829//6200 1830//1005 886//6201
f 1830//6202 1812//1005 886//6203
f 1830//1005 1831//6204 1812//6204
s 1
f 1831//6205 887//6207 1812//6206
f 1775//6208 801//2250 893//2544
f 1814//6209 1829//6211 1815//6210
s 0
f 1829//1005 1832//6212 1830//6212
s 1
f 1832//6213 1831//6213 1830//6213
f 1832//6214 887//6216 1831//6215
f 888//2527 1775//6208 893//2544
s 0
f 1828//1005 1833//6217 1818//6217
s 1
f 1833//6218 1817//6218 1818//6218
f 1833//6219 1814//6149 1817//6150
f 1821//6220 1827//6220 1823//6220
s 0
f 1827//1005 1834//6222 1828//6221
s 1
f 1834//6223 1833//6223 1828//6223
f 1834//6224 1821//6226 1833//6225
f 1821//6227 1814//6229 1833//6228
f 1821//6230 1819//6232 1814//6231
f 1819//6233 1813//6235 1814//6234
f 1819//6236 1779//6238 1813//6237
f 1779//6239 1781//6241 1813//6240
f 1832//6242 1829//6244 1814//6243
f 1814//6245 887//6247 1832//6246
f 1834//6248 1827//6250 1821//6249
f 1813//6235 887//6251 1814//6234
f 1813//6252 888//2527 887//2526
f 1776//5979 1775//5977 888//6253
f 587//1602 1835//6254 593//1601
f 1835//6255 1836//6257 593//6256
f 590//6258 1838//6260 591//6259
f 1838//6261 1206//6263 591//6262
f 591//6264 1206//6266 1213//6265
f 1838//6267 1205//6269 1206//6268
f 1837//6270 1130//3487 1205//3773
f 1837//6270 1129//3486 1130//3487
f 1835//6271 1125//3481 1127//3482
f 1835//6272 586//1576 1125//3489
f 1838//6273 593//6256 1836//6257
f 1838//6274 590//6276 593//6275
f 1836//6277 1129//6279 1837//6278
f 1205//6280 1836//6277 1837//6278
f 1836//6281 1127//3485 1129//3486
f 1838//6282 1836//6284 1205//6283
f 1835//6271 1127//3482 1836//6285
f 587//1578 586//1576 1835//6272
f 1841//6286 1842//6288 1840//6287
f 1841//6289 1843//6289 1842//6289
s 0
f 1843//6290 1844//1005 1842//6291
f 1843//1005 1033//6293 1844//6292
s 1
f 651//1821 1839//6294 657//1820
f 1839//6295 1845//6297 657//6296
f 1839//6298 1840//6300 1845//6299
f 1840//6300 1842//6301 1845//6299
f 1842//6301 1846//6302 1845//6299
f 1842//6303 1844//6305 1846//6304
f 1844//6305 1847//6306 1846//6304
f 1844//6307 1033//6307 1847//6307
f 1848//6308 1028//6310 653//6309
f 1848//6311 1849//6313 1028//6312
f 1845//6314 1032//6316 1849//6315
f 653//6317 1028//3047 1030//3048
f 1849//6318 1032//3056 1028//3044
f 1251//6319 1271//6321 1851//6320
s 0
f 1271//6322 1852//1005 1851//6323
f 1271//1005 1033//6325 1852//6324
s 1
f 1851//6326 1252//3935 1251//3873
f 1850//3058 1853//6327 1033//3057
s 0
f 1853//6328 1854//1005 1033//6328
f 1854//6329 1847//1005 1033//6329
f 1843//6330 1855//1005 1033//6331
s 1
f 1855//6331 1856//6331 1033//6331
s 0
f 1856//6332 1852//1005 1033//6332
s 1
f 655//1809 1848//6333 653//1808
f 1845//6334 1849//6336 1848//6335
f 1857//6337 1032//6339 1845//6338
f 1857//6340 1853//6342 1032//6341
f 1853//6343 1850//3061 1032//3062
f 655//6344 1845//6345 1848//6345
f 1858//6346 1857//6348 1845//6347
f 1858//6349 1854//6349 1857//6349
s 0
f 1854//6350 1853//1005 1857//6351
s 1
f 650//6352 1839//6354 651//6353
f 1859//6355 1841//6286 1840//6287
f 1859//6356 1855//6356 1841//6357
s 0
f 1855//6358 1843//1005 1841//6359
s 1
f 1252//6360 1840//6362 1839//6361
f 1860//6363 1859//6365 1840//6364
f 1860//6366 1856//6366 1859//6366
f 1856//6367 1855//6367 1859//6367
f 1845//6368 655//1815 657//1816
f 1253//3955 650//6369 1254//3953
f 1253//6370 1839//6354 650//6352
f 1252//6360 1839//6361 1253//6371
f 1846//6302 1858//6372 1845//6299
f 1851//6373 1840//6375 1252//6374
f 1851//6376 1860//6378 1840//6377
f 1847//6379 1858//6379 1846//6379
s 0
f 1847//6380 1854//1005 1858//6381
s 1
f 1852//6382 1860//6382 1851//6382
s 0
f 1852//6383 1856//1005 1860//6384
s 1
f 3037//6385 1905//6387 1861//6386
f 1905//6387 1862//6388 1861//6386
f 1864//6389 1866//6391 1865//6390
f 1866//6392 1867//6394 1865//6393
f 1866//6395 1868//6397 1867//6396
f 1874//6398 1875//6400 1873//6399
f 1874//6401 1876//6403 1875//6402
f 1793//6116 1792//6117 1876//6404
f 1792//6122 1807//6123 1877//6405
f 1807//6118 1808//6119 1877//6406
f 1808//6407 1878//6408 1877//6408
f 1808//6409 1782//6411 1878//6410
f 1861//6386 1862//6388 1886//6412
f 1862//6388 1863//6413 1886//6412
f 1864//6389 1865//6390 1863//6414
f 1868//6415 1879//6416 1867//6415
f 1868//6417 1869//6419 1879//6418
f 1869//6420 1880//6422 1879//6421
f 1869//6423 1870//6425 1880//6424
f 1870//6426 1881//6428 1880//6427
f 1870//6429 1871//6431 1881//6430
f 1871//6432 1882//6434 1881//6433
f 1871//6435 1872//6437 1882//6436
f 1872//6438 1873//6440 1882//6439
f 1873//6441 1883//6441 1882//6441
f 1873//6442 1875//6443 1883//6442
f 1876//6403 1877//6444 1875//6402
f 1876//6445 1792//6122 1877//6405
f 1885//6446 1886//6412 1884//6447
f 1886//6412 1888//6449 1887//6448
f 1888//6450 1889//6452 1887//6451
f 1888//6450 1865//6453 1889//6452
f 1865//6453 1867//6454 1889//6452
f 1889//6455 1867//6457 1890//6456
f 1867//6457 1879//6458 1890//6456
f 1890//6459 1879//6461 2562//6460
f 1879//6462 1880//6464 2562//6463
f 2562//6465 1880//6467 1891//6466
f 1880//6468 1892//6470 1891//6469
f 1880//6471 1881//6471 1892//6471
f 1892//6472 1893//6474 1891//6473
f 1892//6472 1894//6475 1893//6474
f 1894//6475 1895//6476 1893//6474
f 1894//6477 1896//6479 1895//6478
f 1883//6480 1897//6482 1896//6481
f 1883//6483 1875//6485 1897//6484
f 1875//6486 1877//6488 1897//6487
f 1895//6489 1896//6491 1898//6490
f 1896//6492 1897//6492 1898//6493
f 1898//6494 1897//6496 1899//6495
f 1897//6497 1878//6499 1899//6498
f 1897//6500 1877//6502 1878//6501
f 1793//6503 1900//6505 835//6504
f 1872//6437 1871//6435 1902//6506
f 1902//6506 1871//6435 1903//6507
f 1871//6508 1870//6425 1903//6509
f 1903//6509 1870//6425 1869//6423
f 1861//6386 1886//6412 1885//6446
f 1886//6412 1863//6413 1888//6450
f 1904//6510 1863//6413 1862//6388
f 1863//6413 1865//6453 1888//6450
f 1904//6510 1864//6511 1863//6413
f 1881//6512 1882//6512 1892//6512
f 1892//6513 1882//6515 1894//6514
f 1882//6516 1883//6518 1894//6517
f 1901//6519 1873//6440 1872//6438
f 1894//6520 1883//6521 1896//6521
f 1874//6398 1873//6399 1901//6522
f 1900//6523 1876//6525 1874//6524
f 1900//6526 1793//6116 1876//6404
f 1906//6527 1907//6529 120//6528
f 1907//6530 124//6532 120//6531
f 1907//6533 1908//6535 124//6534
f 1908//6536 123//6536 124//6536
f 1908//6537 1909//6537 123//6537
f 1909//6538 1910//6538 123//6538
f 1910//6539 126//6539 123//6539
f 1910//6540 1911//6540 126//6540
f 1911//6541 1912//6541 126//6541
f 1912//6542 129//6544 126//6543
f 1912//6545 1913//6547 129//6546
f 1912//6548 1914//6550 1913//6549
f 1919//6551 1920//6553 1918//6552
f 1920//6554 1922//6556 1921//6555
f 1922//6557 1923//6559 1921//6558
f 1922//6560 1924//6562 1923//6561
f 1924//6563 1925//6565 1923//6564
f 1926//6566 1927//6568 1925//6567
f 1926//6566 1928//6569 1927//6568
f 1928//6569 1934//6570 1927//6568
f 1918//6571 1920//6572 2272//6572
f 1920//6554 1921//6555 2272//6573
f 1921//6558 1923//6559 1929//6574
f 1923//6575 1930//6577 1929//6576
f 1923//6564 1925//6565 1930//6578
f 1925//6579 1927//6579 1930//6579
f 1931//6580 1927//6582 1932//6581
f 1931//6583 1930//6585 1927//6584
f 1932//6586 1927//6568 1933//6587
f 1927//6568 1934//6570 1933//6587
f 1924//6562 1922//6560 1935//6588
f 1922//6589 1936//6591 1935//6590
f 1922//6556 1920//6554 1936//6592
f 1920//6593 1937//6595 1936//6594
f 1920//6553 1919//6551 1937//6596
f 1919//6597 1938//6599 1937//6598
f 1919//6600 1917//6602 1938//6601
f 1917//6603 1916//6605 1938//6604
f 1939//6606 1941//6608 1940//6607
f 1941//6609 1942//6611 1940//6610
f 1942//6611 1943//6612 1940//6610
f 1942//6613 1944//6615 1943//6614
f 1945//6616 1946//6618 1944//6617
f 1945//6619 1947//6621 1946//6620
f 1947//6621 1907//6622 1946//6620
f 1947//6623 1908//6535 1907//6533
f 1946//6624 1907//6624 2322//6625
f 1907//6626 1906//6628 2322//6627
f 1948//6629 1914//6631 1912//6630
f 1948//6632 1949//6634 1914//6633
f 1949//6634 1915//6635 1914//6633
f 1949//6636 1916//6638 1915//6637
f 1911//6639 1948//6629 1912//6630
f 1950//6640 1949//6642 1948//6641
f 1950//6643 1951//6645 1949//6644
f 1951//6645 1916//6646 1949//6644
f 1951//6647 1952//6648 1916//6605
f 1952//6648 1938//6604 1916//6605
f 1952//6649 1937//6598 1938//6599
f 1910//6650 1953//6652 1911//6651
f 1953//6652 1948//6653 1911//6651
f 1953//6654 1950//6640 1948//6641
f 1947//6655 1909//6657 1908//6656
f 1909//6657 1947//6655 1910//6658
f 1947//6655 1953//6659 1910//6658
f 1947//6660 1954//6662 1953//6661
f 1954//6662 1950//6663 1953//6661
f 1954//6664 1955//6665 1950//6643
f 1955//6665 1951//6645 1950//6643
f 1955//6666 1956//6667 1951//6647
f 1956//6667 1952//6648 1951//6647
f 1956//6668 1957//6669 1952//6649
f 1957//6669 1937//6598 1952//6649
f 1957//6670 1958//6671 1937//6595
f 1958//6671 1936//6594 1937//6595
f 1958//6672 1935//6590 1936//6591
f 1945//6619 1954//6673 1947//6621
f 1944//6617 1954//6674 1945//6616
f 1944//6617 1955//6675 1954//6674
f 1942//6676 1955//6678 1944//6677
f 1942//6676 1956//6679 1955//6678
f 1918//6680 1917//6602 1919//6600
f 1941//6681 1956//6681 1942//6681
f 1941//6681 1957//6682 1956//6681
f 1939//6683 1957//6685 1941//6684
f 1939//6683 1958//6686 1957//6685
f 1935//6590 1958//6672 1939//6687
f 1931//6688 1929//6576 1930//6577
f 1959//6689 1960//6691 131//6690
f 1960//6692 191//6694 131//6693
f 1960//6695 1961//6697 191//6696
f 1961//6698 134//6698 191//6699
f 1961//6700 1962//6702 134//6701
f 1962//6703 1963//6703 134//6703
f 1963//6704 137//6705 134//6705
f 1963//6706 1964//6707 137//6706
f 1964//6708 136//6709 137//6709
f 1964//6710 1965//6711 136//6710
f 1971//6712 1972//6714 1970//6713
f 1972//6715 1974//6717 1973//6716
f 1974//6718 1975//6720 1973//6719
f 1974//6721 1976//6723 1975//6722
f 1976//6724 1977//6726 1975//6725
f 1978//6727 1979//6729 1977//6728
f 1978//6727 1980//6730 1979//6729
f 1980//6730 1981//6731 1979//6729
f 1970//6732 1972//6734 1982//6733
f 1972//6715 1973//6716 1982//6735
f 1973//6719 1975//6720 1983//6736
f 1975//6737 1984//6739 1983//6738
f 1975//6725 1977//6726 1984//6740
f 1977//6741 1979//6743 1984//6742
f 1985//6744 1979//6746 1986//6745
f 1985//6747 1984//6748 1979//6748
f 1986//6749 1979//6751 2173//6750
f 1979//6751 1987//6752 2173//6750
f 1979//6751 1981//6753 1987//6752
f 1976//6723 1974//6721 1988//6754
f 1974//6755 1989//6757 1988//6756
f 1974//6717 1972//6715 1989//6758
f 1972//6759 1990//6761 1989//6760
f 1972//6714 1971//6712 1990//6762
f 1971//6763 1991//6765 1990//6764
f 1971//6766 1969//6768 1991//6767
f 1969//6769 1968//6771 1991//6770
f 1992//6772 1994//6774 1993//6773
f 1994//6775 1995//6777 1993//6776
f 1995//6777 1996//6778 1993//6776
f 1995//6779 1997//6781 1996//6780
f 1998//6782 1999//6784 1997//6783
f 1998//6785 2000//6787 1999//6786
f 2000//6787 1960//6788 1999//6786
f 2000//6789 1961//6697 1960//6695
f 1999//6790 1960//6791 2001//6791
f 1960//6792 1959//6794 2001//6793
f 1964//6795 2002//6797 1965//6796
f 2002//6797 1966//6798 1965//6796
f 2002//6799 2003//6801 1966//6800
f 2003//6801 1967//6802 1966//6800
f 2003//6803 1968//6805 1967//6804
f 2004//6806 2002//6808 1964//6807
f 2004//6809 2005//6809 2002//6809
f 2005//6809 2003//6809 2002//6809
f 2005//6810 2006//6812 2003//6811
f 2006//6812 1968//6813 2003//6811
f 2006//6814 2007//6815 1968//6771
f 2007//6815 1991//6770 1968//6771
f 2007//6816 1990//6764 1991//6765
f 1963//6817 2008//6818 1964//6807
f 2008//6818 2004//6806 1964//6807
f 2008//6819 2009//6820 2004//6820
f 2009//6820 2005//6820 2004//6820
f 2009//6821 2010//6823 2005//6822
f 2010//6823 2006//6824 2005//6822
f 2010//6825 2011//6827 2006//6826
f 2011//6827 2007//6828 2006//6826
f 2011//6829 1990//6764 2007//6816
f 2000//6830 1962//6832 1961//6831
f 1962//6832 2000//6830 1963//6833
f 2000//6830 2008//6834 1963//6833
f 2000//6787 1998//6785 2008//6835
f 1998//6785 2009//6836 2008//6835
f 1998//6837 2010//6823 2009//6821
f 2012//6838 1990//6840 2011//6839
f 2012//6841 2013//6842 1990//6761
f 2013//6842 1989//6760 1990//6761
f 2013//6843 1988//6756 1989//6757
f 1997//6783 2010//6844 1998//6782
f 1995//6845 2010//6825 1997//6846
f 1995//6845 2011//6827 2010//6825
f 1970//6847 1969//6768 1971//6766
f 1994//6848 2011//6839 1995//6849
f 1994//6848 2012//6838 2011//6839
f 1992//6850 2012//6852 1994//6851
f 1992//6850 2013//6853 2012//6852
f 1988//6756 2013//6843 1992//6854
f 1985//6855 1983//6738 1984//6739
f 142//6856 143//6857 2014//6856
f 143//6858 2015//6860 2014//6859
f 143//6861 2670//6863 2015//6862
f 2015//6864 2126//6866 2016//6865
f 2126//6867 2017//6869 2016//6868
f 2023//6870 2024//6872 2022//6871
f 2023//6870 2025//6873 2024//6872
f 2025//6874 2026//6876 2024//6875
f 2025//6874 2027//6877 2026//6876
f 2027//6878 2028//6878 2026//6879
f 2029//6880 2030//6882 2026//6881
f 2029//6883 2031//6885 2030//6884
f 148//6886 2037//6888 2036//6887
f 148//6889 145//6891 2037//6890
f 145//6892 146//6893 2037//6893
f 146//6894 2038//6896 2037//6895
f 2038//6897 2016//6899 2039//6898
f 2016//6900 2040//6902 2039//6901
f 2016//6868 2017//6869 2040//6903
f 2017//6904 2018//6906 2040//6905
f 2014//6907 2038//6908 142//6907
f 2038//6909 146//6911 142//6910
f 2028//6912 2027//6913 2041//6913
f 2027//6914 2042//6916 2041//6915
f 2042//6917 2043//6919 2041//6918
f 2042//6920 2044//6922 2043//6921
f 2044//6923 2045//6925 2043//6924
f 2046//6926 2043//6928 2047//6927
f 2046//6929 2041//6918 2043//6919
f 2046//6930 2047//6932 2048//6931
f 2047//6933 2050//6935 2049//6934
f 2047//6936 2045//6937 2050//6936
f 2047//6938 2043//6940 2045//6939
f 2037//6941 2051//6943 2036//6942
f 2051//6943 2035//6944 2036//6942
f 2051//6945 2052//6947 2035//6946
f 2052//6947 2034//6948 2035//6946
f 2052//6949 2033//6951 2034//6950
f 2053//6952 2032//6954 2033//6953
f 2053//6955 2054//6957 2032//6956
f 2054//6957 2031//6958 2032//6956
f 2054//6959 2030//6959 2031//6959
f 2055//6960 2051//6962 2037//6961
f 2055//6963 2056//6963 2051//6964
f 2056//6963 2052//6963 2051//6964
f 2056//6965 2057//6967 2052//6966
f 2057//6967 2033//6968 2052//6966
f 2057//6969 2058//6970 2033//6953
f 2058//6970 2053//6952 2033//6953
f 2058//6971 2059//6971 2053//6971
f 2059//6971 2054//6972 2053//6971
f 2059//6973 2060//6974 2054//6974
f 2060//6974 2030//6975 2054//6974
f 2060//6976 2026//6881 2030//6882
f 2038//6977 2061//6978 2037//6961
f 2061//6978 2055//6960 2037//6961
f 2061//6979 2062//6981 2055//6980
f 2062//6981 2056//6982 2055//6980
f 2062//6983 2063//6985 2056//6984
f 2063//6985 2057//6986 2056//6984
f 2063//6987 2064//6989 2057//6988
f 2064//6989 2058//6990 2057//6988
f 2064//6991 2065//6993 2058//6992
f 2065//6993 2059//6994 2058//6992
f 2065//6995 2066//6997 2059//6996
f 2066//6997 2060//6998 2059//6996
f 2066//6999 2024//7001 2060//7000
f 2024//7001 2026//7002 2060//7000
f 2016//6899 2014//7004 2015//7003
f 2016//6899 2038//6897 2014//7004
f 2038//6897 2039//6898 2061//7005
f 2039//7006 2062//6981 2061//6979
f 2039//6901 2040//6902 2062//7007
f 2040//6905 2018//6906 2062//6983
f 2067//7008 2065//7010 2064//7009
f 2067//7011 2066//6997 2065//6995
f 2022//7012 2024//7014 2066//7013
f 2062//6983 2018//6906 2063//6985
f 2018//7015 2068//7016 2063//6987
f 2018//7017 2019//7019 2068//7018
f 2019//7020 2020//7022 2068//7021
f 2068//7016 2064//6989 2063//6987
f 2068//7023 2067//7008 2064//7009
f 2021//7024 2066//7026 2067//7025
f 2021//7027 2022//7012 2066//7013
f 2021//7024 2067//7025 2020//7028
f 2067//7029 2068//7021 2020//7022
f 2044//7030 2025//7032 2023//7031
f 2044//7030 2042//7033 2025//7032
f 2042//6916 2027//6914 2025//7034
f 2036//7035 2035//7035 2069//7036
f 2035//7037 2070//7039 2069//7038
f 2070//7040 2072//7042 2071//7041
f 2070//7040 2073//7043 2072//7042
f 2073//7044 2074//7046 2072//7045
f 2073//7044 2075//7047 2074//7046
f 2075//7048 2076//7050 2074//7049
f 2075//7051 2077//7053 2076//7052
f 2070//7054 2071//7056 2069//7055
f 2031//6958 2029//7058 2080//7057
f 2029//7059 2081//7061 2080//7060
f 2075//7062 2078//7064 2085//7063
f 2078//7065 2086//7067 2085//7066
f 2078//7064 2079//7069 2086//7068
f 2079//7070 2087//7072 2086//7071
f 2079//7073 2088//7075 2087//7074
f 2079//7076 2080//7078 2088//7077
f 2090//7079 2082//7081 2083//7080
f 2083//7080 2092//7083 2084//7082
f 2083//7080 2082//7081 2092//7083
f 2082//7084 2093//7086 2092//7085
f 2082//7087 2081//7087 2093//7088
f 2081//7089 2029//7091 2093//7090
f 2095//7092 2097//7094 2096//7093
f 2097//7094 2048//7095 2096//7093
f 2097//7096 2046//6930 2048//6931
f 2139//7097 2100//7098 2048//7095
f 2095//7099 2096//7093 2099//7100
f 2139//7097 2047//6933 2049//6934
f 2105//7101 2106//7103 2104//7102
f 2107//7104 2108//7106 2106//7105
f 2109//7107 2023//7109 2110//7108
f 2023//7110 2022//7112 2110//7111
f 2022//7113 2111//7115 2110//7114
f 2111//7116 2112//7118 2110//7117
f 2112//7119 2114//7121 2113//7120
f 2114//7121 2115//7122 2113//7120
f 2104//7102 2106//7103 2116//7123
f 2106//7103 2118//7124 2116//7123
f 2106//7125 2108//7127 2118//7126
f 2108//7128 2117//7130 2118//7129
f 2108//7131 2109//7133 2117//7132
f 2109//7134 2112//7136 2117//7135
f 2109//7137 2110//7139 2112//7138
f 2114//7140 2119//7142 2115//7141
f 2121//7143 2123//7145 2122//7144
f 2123//7146 2125//7148 2124//7147
f 2125//7149 2126//7151 2124//7150
f 2122//7144 2123//7145 2128//7152
f 2123//7146 2124//7147 2128//7153
f 2126//7154 2129//7156 2124//7155
f 2126//7157 2127//7158 2129//7157
f 2128//7153 2124//7147 2130//7159
f 2124//7160 2129//7162 2131//7161
f 2130//7159 2124//7147 2132//7163
f 2124//7164 2131//7166 2132//7165
f 2128//7153 2130//7159 2133//7167
f 2130//7159 2132//7163 2133//7168
f 2015//7169 2127//7171 2126//7170
f 2125//7149 2017//7172 2126//7151
f 2125//7173 2018//6906 2017//6904
f 2125//7174 2134//7176 2018//7175
f 2134//7177 2019//7019 2018//7017
f 2134//7178 2135//7179 2019//7020
f 2137//7180 2114//7182 2112//7181
f 2019//7020 2135//7179 2020//7022
f 2136//7183 2111//7185 2135//7184
f 2136//7186 2137//7188 2111//7187
f 2137//7189 2112//7191 2111//7190
f 2135//7179 2111//7192 2020//7022
f 2020//7022 2111//7192 2021//7193
f 2021//7194 2111//7196 2022//7195
f 2023//7109 2109//7107 2044//7197
f 2109//7198 2108//7199 2044//6923
f 2106//7200 2105//7202 2107//7201
f 2104//7102 2103//7203 2105//7101
f 2044//6923 2108//7199 2045//6925
f 2108//7204 2107//7206 2045//7205
f 2105//7101 2103//7203 2138//7207
f 2107//7206 2138//7208 2045//7205
f 2138//7209 2050//7211 2045//7210
f 2138//7209 2049//7212 2050//7211
f 2098//7213 2100//7098 2139//7097
f 2139//7097 2048//7095 2047//6933
f 2097//7214 2095//7216 2140//7215
f 2095//7217 2094//7219 2140//7218
f 2094//7220 2091//7222 2140//7221
f 2091//7223 2084//7082 2092//7083
f 2046//7224 2097//7226 2041//7225
f 2097//7227 2141//7229 2041//7228
f 2097//7214 2140//7215 2141//7230
f 2140//7231 2091//7233 2141//7232
f 2091//7234 2092//7236 2141//7235
f 2141//7237 2092//7237 2093//7237
f 2041//7228 2141//7229 2028//7238
f 2141//7239 2093//7241 2028//7240
f 2028//7242 2029//7244 2026//7243
f 2028//7245 2093//7247 2029//7246
f 2031//6958 2080//7057 2032//6956
f 2080//7248 2142//7250 2032//7249
f 2080//7251 2079//7253 2142//7252
f 2079//7254 2143//7256 2142//7255
f 2079//7069 2078//7064 2143//7257
f 2078//7064 2075//7062 2073//7258
f 2142//7259 2033//7261 2032//7260
f 2142//7259 2144//7262 2033//7261
f 2144//7263 2034//6950 2033//6951
f 2144//7263 2070//7264 2034//6950
f 2034//6948 2070//7265 2035//6946
f 2073//7258 2143//7257 2078//7064
f 2073//7258 2070//7266 2143//7257
f 2070//7267 2144//7267 2143//7268
f 2080//7269 2081//7269 2088//7269
f 2144//7270 2142//7272 2143//7271
f 2087//7072 2089//7273 2086//7071
f 2087//7074 2088//7075 2089//7274
f 2089//7274 2088//7075 2090//7275
f 2088//7276 2082//7081 2090//7079
f 2088//7277 2081//7279 2082//7278
f 2096//7093 2100//7098 2099//7100
f 2096//7093 2048//7095 2100//7098
f 2139//7097 2049//6934 2098//7213
f 2049//6934 2102//7280 2098//7213
f 2098//7213 2102//7280 2101//7281
f 2049//6934 2138//7282 2102//7280
f 2138//7207 2103//7203 2102//7283
f 2107//7284 2105//7284 2138//7284
f 2117//7285 2112//7287 2113//7286
f 2137//7180 2119//7288 2114//7182
f 2137//7289 2120//7291 2119//7290
f 2135//7292 2145//7294 2136//7293
f 2135//7295 2134//7297 2145//7296
f 2136//7298 2120//7300 2137//7299
f 2136//7301 2121//7303 2120//7302
f 2121//7304 2136//7304 2145//7304
f 2145//7305 2123//7145 2121//7143
f 2145//7306 2134//7307 2123//7307
f 2134//7308 2125//7308 2123//7308
f 1965//7309 1966//7310 2146//7310
f 1966//7311 2147//7313 2146//7312
f 2148//7314 2150//7316 2149//7315
f 2150//7317 2151//7318 2149//7315
f 2150//7317 2152//7319 2151//7318
f 2152//7320 2133//7322 2151//7321
f 2147//7323 2148//7324 2146//7323
f 2146//7325 2148//7327 2153//7326
f 2153//7328 2148//7314 2149//7315
f 2150//7317 2154//7329 2152//7319
f 2150//7330 2155//7332 2154//7331
f 2156//7333 2157//7335 2155//7334
f 2156//7336 2158//7338 2157//7337
f 1970//6847 1982//7340 2158//7339
f 1982//7341 2159//7343 2158//7342
f 1982//7344 2160//7345 2159//7344
f 2160//7346 2161//7346 2159//7346
f 2160//7347 2162//7349 2161//7348
f 2162//7350 2163//7352 2161//7351
f 2158//7353 2159//7355 2157//7354
f 2166//7356 2161//7358 2167//7357
f 2167//7357 2161//7358 2163//7359
f 2163//7352 2162//7350 2164//7360
f 2170//7361 2219//7363 2171//7362
f 2219//7364 2172//7366 2171//7365
f 2219//7367 2173//6750 2172//7366
f 2175//7368 2177//7370 2174//7369
f 2175//7368 2179//7372 2178//7371
f 2179//7372 2181//7373 2178//7371
f 2182//7374 2184//7376 2183//7375
f 2184//7377 2185//7379 2183//7378
f 2185//7380 2186//7382 2183//7381
f 2187//7383 2189//7385 2188//7384
f 1976//7386 1988//7388 2189//7387
f 1988//7389 2190//7389 2189//7389
f 1988//7390 2191//7390 2190//7390
f 2190//7391 2193//7393 2192//7392
f 2193//7394 2194//7396 2192//7395
f 2187//7397 2188//7399 2186//7398
f 2188//7400 2189//7402 2192//7401
f 2189//7403 2190//7405 2192//7404
f 2186//7406 2188//7408 2196//7407
f 2188//7409 2192//7410 2196//7410
f 2186//7382 2196//7411 2183//7381
f 2196//7412 2192//7414 2197//7413
f 2194//7396 2193//7394 2195//7415
f 2193//7416 2198//7418 2195//7417
f 2199//7419 2201//7421 2200//7420
f 2201//7422 2202//7424 2200//7423
f 2201//7425 2203//7427 2202//7426
f 2203//7428 2204//7430 2202//7429
f 2203//7431 2213//7433 2204//7432
f 2213//7434 2205//7435 2204//7430
f 2213//7436 2206//7438 2205//7437
f 2206//7439 2207//7441 2205//7440
f 2206//7442 2001//7444 2207//7443
f 2001//7445 2208//7447 2207//7446
f 2001//7448 2624//7450 2208//7449
f 2204//7430 2205//7435 2210//7451
f 2205//7452 2207//7454 2209//7453
f 2202//7429 2204//7430 2210//7451
f 2210//7451 2205//7435 2211//7455
f 2205//7456 2209//7458 2211//7457
f 2210//7451 2211//7455 2212//7459
f 1959//6794 2624//7460 2001//6793
f 2206//7442 1999//7461 2001//7444
f 2206//7462 1997//6783 1999//6784
f 2206//7463 2213//7465 1997//7464
f 2213//7466 1996//6780 1997//6781
f 2213//7467 2214//7468 1996//6778
f 2215//7469 2216//7471 2214//7470
f 2215//7472 2217//7474 2216//7473
f 2217//7475 2218//7477 2216//7476
f 1996//6778 2214//7468 1993//6776
f 2214//7478 2216//7480 1993//7479
f 2216//7481 2218//7483 2191//7482
f 2218//7484 2190//7486 2191//7485
f 2218//7487 2193//7489 2190//7488
f 2216//7480 2191//7490 1993//7479
f 1993//7479 2191//7490 1992//7491
f 1992//7492 2191//7492 1988//7492
f 1976//7386 2189//7387 1977//7493
f 2189//7494 2187//7495 1977//6728
f 2186//7496 2185//7498 2187//7497
f 1977//6728 2187//7495 1978//6727
f 2185//7499 2184//7501 1980//7500
f 2182//7374 2181//7502 2184//7376
f 2187//7495 2185//7503 1978//6727
f 2185//7504 1980//7506 1978//7505
f 1980//7507 2181//7373 2180//7508
f 1980//7509 2180//7511 1981//7510
f 2174//7369 1987//6752 1981//7510
f 2173//6750 2219//7367 1986//7512
f 2219//7513 2170//7515 2221//7514
f 2170//7516 2169//7518 2221//7517
f 2169//7519 2168//7521 2220//7520
f 2219//7513 2221//7514 1986//7522
f 2221//7523 2169//7524 2222//7524
f 2169//7525 2220//7527 2222//7526
f 1986//7528 2221//7530 1985//7529
f 2168//7521 2162//7531 2220//7520
f 2168//7532 2164//7534 2162//7533
f 2221//7530 2223//7535 1985//7529
f 2221//7536 2222//7538 2223//7537
f 1985//7539 2223//7541 1983//7540
f 2222//7542 2220//7544 2223//7543
f 2220//7545 2160//7547 2223//7546
f 2220//7548 2162//7550 2160//7549
f 1983//7551 2223//7553 1973//7552
f 2223//7554 1982//7556 1973//7555
f 1970//6847 2158//7339 1969//6768
f 2158//7557 2224//7559 1969//7558
f 2158//7560 2156//7562 2224//7561
f 2224//7563 1968//7565 1969//7564
f 2224//7563 2225//7566 1968//7565
f 2225//7567 1967//6804 1968//6805
f 2225//7567 2147//7568 1967//6804
f 2225//7569 2148//7571 2147//7570
f 1967//7572 2147//7313 1966//7311
f 2150//7330 2148//7574 2226//7573
f 2148//7575 2225//7577 2226//7576
f 2150//7330 2226//7573 2155//7332
f 2226//7578 2225//7580 2155//7579
f 2154//7331 2155//7332 2165//7581
f 2155//7334 2157//7335 2165//7582
f 2225//7583 2156//7333 2155//7334
f 2224//7584 2156//7584 2225//7585
f 2165//7582 2157//7335 2166//7586
f 2157//7587 2161//7358 2166//7356
f 2157//7588 2159//7590 2161//7589
f 1982//7591 2223//7593 2160//7592
f 2173//6750 2174//7369 2172//7366
f 2173//6750 1987//6752 2174//7369
f 2171//7365 2172//7366 2176//7594
f 2176//7594 2172//7366 2177//7370
f 2172//7366 2174//7369 2177//7370
f 2174//7369 2180//7508 2179//7372
f 2174//7369 1981//7510 2180//7511
f 2174//7369 2179//7372 2175//7368
f 2179//7372 2180//7508 2181//7373
f 2181//7502 1980//7595 2184//7376
f 2197//7596 2192//7598 2194//7597
f 2217//7599 2199//7600 2198//7418
f 2217//7601 2201//7421 2199//7419
f 2218//7602 2217//7604 2193//7603
f 2214//7605 2213//7607 2215//7606
f 2217//7599 2198//7418 2193//7416
f 2201//7421 2217//7601 2215//7608
f 2215//7609 2203//7427 2201//7425
f 2215//7610 2213//7612 2203//7611
f 2251//7613 1000//2984 1001//2985
f 2251//7614 999//3113 1000//3111
f 2233//7615 2234//7617 2232//7616
f 2233//7618 2235//7620 2234//7619
f 2235//7621 2237//7623 2236//7622
f 2237//7624 2238//7626 2236//7625
f 2237//7627 2239//7629 2238//7628
f 2239//7630 2240//7632 2238//7631
f 2242//7633 2243//7635 2241//7634
f 2243//7636 2244//7638 2241//7637
f 2243//7639 663//7641 2244//7640
f 2243//7642 662//7644 663//7643
f 2235//7645 2236//7647 2234//7646
f 2241//7648 2244//7650 2240//7649
f 999//3113 2227//7651 677//1860
f 2227//7651 2228//1886 677//1860
f 2228//1886 2229//7652 675//1858
f 2229//7653 682//7655 675//7654
f 2229//7656 2230//7658 682//7657
f 2230//7659 681//7659 682//7660
f 2230//7661 2231//7662 681//1987
f 2231//7662 679//1875 681//1987
f 2231//7663 2232//7665 679//7664
f 2232//7666 678//7668 679//7667
f 2232//7669 2234//7671 678//7670
f 2234//7672 2236//7673 667//1983
f 2236//7673 666//1901 667//1983
f 2236//7674 2238//7676 666//7675
f 666//7677 2238//7679 665//7678
f 2238//7679 2240//7680 665//7678
f 665//1939 2240//7681 664//1938
f 2240//7681 2244//7682 664//1938
f 2244//7640 663//7641 664//7683
f 2242//7684 2241//7686 2245//7685
f 2241//7686 2246//7687 2245//7685
f 2241//7688 2240//7690 2246//7689
f 2240//7690 2239//7691 2246//7689
f 2235//7692 2233//7694 2247//7693
f 2232//7695 2248//7696 2233//7695
f 2232//7697 2231//7698 2248//7698
f 2231//7699 2249//7701 2248//7700
f 2231//7702 2230//7704 2249//7703
f 2230//7705 2229//7707 2249//7706
f 2229//7652 2228//1886 2250//7708
f 2228//1886 2227//7651 2250//7708
f 2227//7651 999//3113 2251//7614
f 2245//7709 2246//7711 2737//7710
f 2239//7691 2252//7712 2246//7689
f 2239//7691 2237//7713 2252//7712
f 2237//7713 2253//7714 2252//7712
f 2237//7713 2235//7715 2253//7714
f 2235//7715 2247//7716 2253//7714
f 2229//7652 2250//7708 2249//7717
f 2227//7651 2251//7614 2250//7708
f 2246//7711 2254//7718 2737//7710
f 2246//7719 2255//7719 2254//7719
f 2255//7720 2256//7722 2254//7721
f 2246//7723 2257//7725 2255//7724
f 2246//7723 2252//7726 2257//7725
f 2252//7727 2253//7729 2257//7728
f 2247//7730 2258//7732 2253//7731
f 2247//7733 2259//7735 2258//7734
f 2247//7736 2233//7738 2259//7737
f 2233//7738 2248//7739 2259//7737
f 2259//7740 2248//7741 2260//7741
f 2248//7742 2249//7744 2260//7743
f 2249//7745 2261//7747 2260//7746
f 2249//7748 2250//7749 2261//7748
f 2250//7708 2262//7751 2261//7750
f 2250//7708 2251//7614 2262//7751
f 1914//6550 2634//7752 1913//6549
f 1914//7753 2263//7753 2634//7754
f 2263//7755 2264//7757 2634//7756
f 2263//7758 2265//7760 2264//7759
f 2265//7761 2266//7763 2264//7762
f 2265//7764 2267//7766 2266//7765
f 2338//7767 2269//7769 2268//7768
f 1917//7770 2271//7772 2270//7771
f 1917//6602 1918//6680 2271//7773
f 1918//6680 2272//7774 2271//7773
f 2274//7775 2276//7777 2275//7776
f 2268//7778 2277//7779 2267//7766
f 2277//7780 2278//7781 2267//7780
f 2277//7779 2212//7783 2278//7782
f 2268//7778 2282//7784 2277//7779
f 2268//7768 2279//7786 2282//7785
f 2269//7769 2280//7787 2279//7786
f 2269//7788 2270//7790 2280//7789
f 2270//7791 2281//7793 2280//7792
f 2270//7794 2271//7796 2281//7795
f 2282//7785 2279//7786 2283//7797
f 2279//7798 2280//7800 2283//7799
f 2271//7801 2272//7803 2281//7802
f 2284//7804 2339//7806 2285//7805
f 2339//7807 2274//7809 2285//7808
f 2339//7810 2273//7812 2274//7811
f 2285//7808 2274//7809 2275//7813
f 2274//7775 2287//7814 2276//7777
f 2274//7815 2273//7816 2287//7816
f 2273//7817 2288//7819 2287//7818
f 2273//7820 2272//7822 2288//7821
f 2291//7823 2292//7825 2290//7824
f 1934//6570 2293//7826 1933//6587
f 2293//7826 2296//7828 2295//7827
f 2290//7829 2292//7830 2295//7827
f 2292//7830 1933//6587 2293//7826
f 1934//6570 1928//6569 2298//7831
f 2297//7832 2299//7834 2300//7833
f 2302//7835 2303//7837 2301//7836
f 2302//7838 2304//7840 2303//7839
f 2305//7841 2306//7843 2304//7842
f 2306//7844 1924//7846 2307//7845
f 1924//7847 1935//7849 2307//7848
f 1935//7850 2308//7852 2307//7851
f 2308//7853 2309//7855 2307//7854
f 2308//7856 2310//7856 2309//7856
f 2310//7857 2311//7859 2309//7858
f 2310//7860 2312//7862 2311//7861
f 2306//7863 2307//7865 2309//7864
f 2304//7866 2313//7868 2303//7867
f 2304//7869 2306//7871 2313//7870
f 2306//7872 2309//7874 2313//7873
f 2313//7875 2309//7877 2314//7876
f 2315//7878 2316//7880 2312//7879
f 2318//7881 2340//7883 2319//7882
f 2340//7884 2320//7886 2319//7885
f 2322//7887 2596//7889 2323//7888
f 2319//7885 2320//7886 2324//7890
f 2320//7891 2325//7893 2324//7892
f 2320//7894 2321//7896 2325//7895
f 2321//7897 2326//7899 2325//7898
f 2321//7900 2322//7902 2326//7901
f 2322//7903 2327//7905 2326//7904
f 2322//7906 2323//7908 2327//7907
f 2325//7898 2326//7899 2328//7909
f 2324//7892 2325//7893 2329//7910
f 2325//7898 2328//7909 2329//7911
f 1906//6628 2596//7912 2322//6627
f 2322//7913 2330//7914 1946//7913
f 2330//7915 1944//6617 1946//6618
f 2330//7916 1943//6614 1944//6615
f 2330//7917 2331//7918 1943//6612
f 2333//7919 2310//7921 2332//7920
f 1943//6612 2331//7918 1940//6610
f 2331//7922 2332//7924 1940//7923
f 2332//7925 2310//7925 2308//7925
f 2332//7924 2308//7926 1940//7923
f 1940//7923 2308//7926 1939//7927
f 1939//7928 2308//7930 1935//7929
f 1924//7846 2306//7844 1925//7931
f 2306//7932 2305//7933 1925//6567
f 2304//7934 2334//7936 2305//7935
f 2304//7937 2302//7939 2334//7938
f 1925//6567 2305//7933 1926//6566
f 2305//7933 2334//7940 1926//6566
f 2334//7941 1928//7943 1926//7942
f 2298//7831 2293//7826 1934//6570
f 2292//7830 2291//7944 1933//6587
f 2290//7945 2335//7947 2291//7946
f 2290//7948 2289//7950 2335//7949
f 2289//7951 2286//7953 2335//7952
f 1933//7954 2291//7956 2336//7955
f 1933//7957 2336//7959 1932//7958
f 2291//7960 2337//7962 2336//7961
f 2291//7963 2335//7965 2337//7964
f 1932//7966 2336//7968 1931//7967
f 2335//7969 2287//7969 2337//7969
f 2335//7952 2286//7953 2287//7970
f 2286//7971 2276//7973 2287//7972
f 2336//7968 2337//7974 1931//7967
f 1931//7975 2337//7977 1929//7976
f 2337//7978 2287//7980 2288//7979
f 1929//7981 2337//7983 1921//7982
f 2337//7984 2288//7986 1921//7985
f 2288//7821 2272//7822 1921//7987
f 1917//7988 2270//7990 1916//7989
f 2270//7990 2338//7991 1916//7989
f 2270//7992 2269//7994 2338//7993
f 2338//7767 2268//7768 2265//7995
f 2268//7778 2267//7766 2265//7764
f 1916//6638 2338//7996 1915//6637
f 2338//7996 2263//7997 1915//6637
f 2263//7998 1914//8000 1915//7999
f 2338//8001 2265//8003 2263//8002
f 2269//7769 2279//7786 2268//7768
f 2283//7799 2280//7800 2284//8004
f 2280//8005 2339//7806 2284//7804
f 2280//8006 2281//8008 2339//8007
f 2281//8009 2273//7812 2339//7810
f 2281//8010 2272//8012 2273//8011
f 2292//7830 2293//7826 2295//7827
f 2296//7828 2293//7826 2297//7832
f 2297//7832 2293//7826 2298//7831
f 2296//7828 2297//7832 2294//8013
f 2297//7832 2298//7831 2299//7834
f 2299//7834 2298//7831 1928//8014
f 2299//7834 2302//8015 2300//7833
f 2302//7835 2301//7836 2300//7833
f 2299//7834 1928//8014 2302//8016
f 1928//8017 2334//8018 2302//8017
f 2314//8019 2309//8021 2311//8020
f 2333//8022 2317//8023 2316//7880
f 2333//8024 2318//7881 2317//8025
f 2312//7879 2310//8026 2315//7878
f 2310//8027 2333//8029 2315//8028
f 2332//8030 2331//8032 2340//8031
f 2331//8033 2330//8035 2340//8034
f 2333//8022 2316//7880 2315//7878
f 2318//7881 2333//8024 2340//7883
f 2333//8036 2332//8038 2340//8037
f 2330//8039 2320//8041 2340//8040
f 2322//8042 2321//8044 2330//8043
f 2321//7896 2320//7894 2330//8045
f 2342//8046 2343//8048 2341//8047
f 2347//8049 2348//8051 2346//8050
f 2347//8049 2349//8052 2348//8051
f 2349//8053 2350//8055 2348//8054
f 2349//8056 2351//8058 2350//8057
f 2349//8059 2352//8061 2351//8060
f 2352//8062 2353//8064 2351//8063
f 2341//8065 2343//8067 2354//8066
f 2343//8067 2355//8068 2354//8066
f 2345//8069 2348//8071 2344//8070
f 2345//8072 2346//8050 2348//8051
f 2354//8073 2355//8075 2356//8074
f 2343//8067 2357//8076 2355//8068
f 2343//8077 2344//8079 2357//8078
f 2344//8079 2348//8080 2357//8078
f 2356//8081 2359//8083 2358//8082
f 2359//8084 2360//8086 2358//8085
f 2359//8087 777//8089 2360//8088
f 2359//8090 2362//8091 2361//8091
f 2362//8092 2538//8094 2361//8093
f 2362//8095 2363//8097 2538//8096
f 2362//8098 2351//8100 2363//8099
f 2363//8099 2351//8100 2353//8101
f 2352//8062 2364//8102 2353//8064
f 2352//8103 2365//8105 2364//8104
f 2365//8106 2532//8107 2364//8106
f 2365//8108 2366//8110 2532//8109
f 2429//8111 2371//8113 2370//8112
f 2532//8114 2366//8116 2373//8115
f 2366//8117 2367//8119 2373//8118
f 2367//8120 2368//8122 2374//8121
f 2373//8118 2367//8119 2375//8123
f 2367//8124 2374//8126 2375//8125
f 2369//8127 2370//8129 2371//8128
f 2375//8125 2374//8126 2376//8130
f 2374//8131 2372//8133 2376//8132
f 2374//8134 2368//8136 2372//8135
f 2369//8137 2371//8139 2368//8138
f 2372//8133 2377//8140 2376//8132
f 2382//8141 2381//8143 2379//8142
f 2428//8144 2380//8145 2377//8140
f 2428//8144 2378//8146 2380//8145
f 2378//8146 2427//8147 2380//8145
f 2376//8132 2377//8140 2381//8143
f 2377//8140 2379//8142 2381//8143
f 2387//8148 2388//8150 2386//8149
f 2387//8151 2389//8153 2388//8152
f 2389//8154 2390//8156 2388//8155
f 2389//8157 2391//8159 2390//8158
f 2389//8160 2527//8162 2391//8161
f 2381//8143 2382//8141 2392//8163
f 2383//8164 2384//8166 2439//8165
f 2384//8167 2385//8169 2439//8168
f 2393//8170 2390//8172 2394//8171
f 2390//8172 2391//8173 2394//8171
f 2527//8174 2389//8176 2395//8175
f 2389//8177 2396//8179 2395//8178
f 2389//8180 2397//8181 2396//8181
f 2389//8182 2387//8184 2397//8183
f 2395//8185 2399//8187 2398//8186
f 2329//8188 2404//8190 2403//8189
f 2404//8191 2405//8192 2403//8189
f 2404//8191 2406//8193 2405//8192
f 2407//8194 2605//8196 2408//8195
f 2605//8197 2409//8199 2408//8198
f 2399//8187 2410//8200 2398//8186
f 2399//8201 2400//8203 2410//8202
f 2400//8204 2401//8206 2410//8205
f 2401//8207 2411//8209 2410//8208
f 2401//8210 2412//8212 2411//8211
f 2401//8213 2402//8215 2412//8214
f 2402//8216 2405//8218 2412//8217
f 2402//8219 2403//8189 2405//8192
f 2398//8220 2410//8222 2413//8221
f 2410//8223 2414//8225 2413//8224
f 2410//8223 2415//8226 2414//8225
f 2415//8227 2416//8229 2414//8228
f 2415//8227 2407//8230 2416//8229
f 2415//8231 2406//8232 2407//8232
f 2416//8233 2407//8235 2408//8234
f 2605//8236 2407//8238 2417//8237
f 2407//8239 2406//8241 2417//8240
f 2417//8242 2406//8244 2418//8243
f 2406//8193 2404//8191 2418//8245
f 2420//8246 2422//8248 2421//8247
f 2422//8249 2423//8251 2421//8250
f 2424//8252 2396//8254 2423//8253
f 2421//8250 2423//8251 2425//8255
f 2423//8256 2396//8256 2397//8256
f 2423//8251 2397//8257 2425//8255
f 2425//8255 2397//8257 2426//8258
f 2383//8164 2382//8141 2380//8145
f 2370//8129 2369//8127 2430//8259
f 2369//8260 2368//8262 2430//8261
f 2368//8263 2431//8265 2430//8264
f 2368//8266 2367//8268 2431//8267
f 2367//8269 2366//8271 2431//8270
f 2366//8272 2365//8274 2432//8273
f 2431//8275 2366//8275 2433//8276
f 2366//8277 2432//8277 2433//8277
f 2433//8278 2432//8280 2434//8279
f 2432//8281 2365//8283 2434//8282
f 2435//8284 2436//8286 2434//8285
f 2437//8287 2362//8289 2359//8288
f 2350//8290 2351//8292 2362//8291
f 2356//8293 2437//8295 2359//8294
f 2357//8296 2362//8298 2437//8297
f 2357//8299 2350//8301 2362//8300
f 2355//8075 2437//8302 2356//8074
f 2355//8303 2357//8296 2437//8297
f 2348//8080 2350//8304 2357//8078
f 2349//8305 2438//8307 2352//8306
f 2349//8308 2436//8310 2438//8309
f 2349//8311 2347//8313 2436//8312
f 2352//8314 2438//8316 2365//8315
f 2438//8317 2435//8319 2365//8318
f 2438//8320 2436//8286 2435//8284
f 2365//8321 2435//8284 2434//8285
f 2368//8322 2371//8324 2372//8323
f 2371//8325 2377//8327 2372//8326
f 2428//8144 2377//8140 2371//8328
f 2429//8111 2428//8144 2371//8113
f 2377//8140 2380//8145 2379//8142
f 2380//8145 2382//8141 2379//8142
f 2427//8147 2383//8164 2380//8145
f 2383//8164 2439//8165 2382//8141
f 2382//8141 2439//8329 2392//8163
f 2439//8168 2385//8169 2440//8330
f 2385//8331 2386//8333 2440//8332
f 2439//8329 2393//8334 2392//8163
f 2439//8329 2440//8335 2393//8334
f 2440//8336 2388//8338 2393//8337
f 2440//8339 2386//8341 2388//8340
f 2393//8337 2388//8338 2390//8342
f 2396//8343 2424//8345 2395//8344
f 2423//8251 2422//8249 2424//8346
f 2420//8246 2419//8347 2422//8248
f 2387//8348 2426//8258 2397//8257
f 2424//8349 2422//8351 2400//8350
f 2399//8352 2424//8354 2400//8353
f 2395//8355 2424//8357 2399//8356
f 2419//8347 2401//8358 2422//8248
f 2401//8359 2400//8361 2422//8360
f 2402//8215 2401//8213 2419//8362
f 2410//8363 2411//8365 2415//8364
f 2411//8211 2412//8212 2415//8366
f 2412//8217 2405//8218 2406//8367
f 2415//8368 2412//8370 2406//8369
f 721//8371 722//8373 2441//8372
f 722//8374 2442//8376 2441//8375
f 2443//8377 2445//8379 2444//8378
f 2445//8380 2446//8382 2444//8381
f 2445//8380 2447//8383 2446//8382
f 2447//8384 2448//8386 2446//8385
f 2447//8387 2342//8389 2448//8388
f 2442//8390 2443//8392 2441//8391
f 2441//8393 2443//8395 2449//8394
f 2449//8396 2443//8377 2444//8378
f 2342//8397 2447//8398 2450//8398
f 2451//8399 2453//8401 2452//8400
f 2454//8402 726//8404 2455//8403
f 726//8404 738//8405 2455//8403
f 738//8406 2456//8408 2455//8407
f 738//8409 2457//8411 2456//8410
f 2447//8412 2451//8399 2450//8413
f 2451//8399 2452//8400 2450//8414
f 2453//8415 2454//8417 2452//8416
f 2454//8418 2455//8419 2456//8419
f 2461//8420 2518//8422 2462//8421
f 2518//8423 2457//8425 2462//8424
f 2462//8424 2457//8425 2458//8426
f 2458//8427 2464//8429 2459//8428
f 2458//8427 2457//8430 2464//8429
f 2457//8431 2465//8431 2464//8431
f 2457//8432 738//8434 2465//8433
f 2466//8435 2468//8437 2467//8436
f 737//2066 736//2065 2475//8438
f 2474//8439 2476//8441 2477//8440
f 2479//8442 2481//8444 2480//8443
f 732//2059 743//8446 2483//8445
f 743//8447 2484//8449 2483//8448
f 2484//8450 2486//8452 2485//8451
f 2486//8453 2487//8453 2485//8453
f 2486//8454 2488//8456 2487//8455
f 2481//8457 2482//8459 2489//8458
f 2482//8460 2483//8462 2489//8461
f 2481//8444 2489//8463 2480//8443
f 2489//8464 2483//8466 2490//8465
f 2483//8467 2485//8469 2490//8468
f 2483//8470 2484//8472 2485//8471
f 2493//8473 2495//8475 2494//8474
f 2494//8474 2495//8475 2499//8476
f 2495//8477 2500//8479 2499//8478
f 2495//8480 2496//8482 2500//8481
f 2496//8483 2501//8485 2500//8484
f 2496//8486 2497//8486 2501//8486
f 2497//8487 2741//8488 2501//8487
f 2497//8489 2498//8491 2741//8490
f 2500//8479 2502//8492 2499//8478
f 2500//8484 2501//8485 2502//8493
f 2499//8494 2503//8496 2256//8495
f 2499//8478 2502//8492 2503//8497
f 714//8498 2498//8500 2497//8499
f 2497//8501 2504//8502 754//8502
f 2504//8503 752//2113 754//2114
f 2504//8504 751//2110 752//2111
f 2504//8505 2505//8506 751//2108
f 2506//8507 2507//8509 2505//8508
f 2506//8510 2508//8512 2507//8511
f 751//2108 2505//8506 748//2106
f 2505//8513 2507//8515 748//8514
f 2508//8516 2484//8516 2507//8517
f 2508//8518 2486//8520 2484//8519
f 748//8514 2507//8515 747//8521
f 2507//8522 2484//8524 747//8523
f 747//8525 2484//8527 743//8526
f 732//2059 2483//8445 733//2061
f 2483//8528 2482//8529 733//2063
f 2482//8530 2481//8532 2509//8531
f 2481//8533 2479//8535 2510//8534
f 2481//8536 2510//8538 2509//8537
f 2479//8539 2519//8541 2510//8540
f 2479//8542 2478//8544 2519//8543
f 733//2063 2482//8529 734//2062
f 2482//8545 2509//8547 734//8546
f 2509//8547 736//8548 734//8546
f 2475//8438 2511//8549 737//2066
f 2474//8439 2472//8551 2471//8550
f 737//2066 2511//8549 2470//2083
f 2469//8552 2512//8553 2470//2083
f 2469//8552 2468//8555 2512//8554
f 2468//8556 2466//8558 2512//8557
f 2470//2083 2512//8553 742//2079
f 2466//8559 2513//8561 2512//8560
f 2466//8562 2463//8564 2513//8563
f 2463//8565 2464//8567 2513//8566
f 2463//8568 2459//8428 2464//8429
f 742//8569 2512//8571 741//8570
f 2512//8572 2513//8574 2514//8573
f 2512//8571 2514//8575 741//8570
f 2513//8576 2465//8577 2514//8576
f 2513//8578 2464//8580 2465//8579
f 741//2196 2514//8581 739//2073
f 739//8582 2514//8582 729//8582
f 2514//8583 2465//8585 729//8584
f 2465//8433 738//8434 729//8586
f 726//2189 2454//8587 725//2098
f 2454//8588 2515//8590 725//8589
f 2454//8591 2453//8591 2515//8591
f 2453//8401 2451//8399 2516//8592
f 2447//8412 2445//8593 2451//8399
f 2515//8594 724//8596 725//8595
f 2515//8594 2517//8597 724//8596
f 2517//8598 723//2137 724//2138
f 2517//8598 2442//8599 723//2137
f 2517//8600 2443//8602 2442//8601
f 723//8603 2442//8376 722//8374
f 2445//8593 2516//8592 2451//8399
f 2445//8593 2443//8604 2516//8592
f 2443//8605 2517//8606 2516//8605
f 2450//8414 2452//8400 2460//8607
f 2452//8608 2454//8609 2518//8422
f 2454//8610 2456//8612 2518//8611
f 2517//8613 2515//8613 2516//8613
f 2515//8614 2453//8616 2516//8615
f 2452//8400 2461//8617 2460//8607
f 2452//8608 2518//8422 2461//8420
f 2518//8423 2456//8618 2457//8425
f 2468//8555 2469//8552 2473//8619
f 2470//2083 2511//8549 2469//8552
f 2469//8552 2511//8549 2473//8619
f 2473//8620 2511//8621 2471//8550
f 2471//8550 2511//8621 2474//8439
f 2511//8621 2476//8441 2474//8439
f 2511//8549 2475//8438 2476//8622
f 2476//8622 2475//8438 736//8623
f 2476//8441 2478//8624 2477//8440
f 2519//8543 2478//8544 2476//8625
f 2476//8622 736//8623 2519//8626
f 736//8627 2510//8540 2519//8541
f 2509//8628 2510//8630 736//8629
f 2490//8631 2485//8633 2487//8632
f 2486//8454 2491//8634 2488//8456
f 2505//8635 2504//8637 2506//8636
f 2508//8638 2491//8640 2486//8639
f 2508//8641 2492//8643 2491//8642
f 2493//8644 2492//8646 2506//8645
f 2492//8647 2508//8649 2506//8648
f 2506//8650 2495//8475 2493//8473
f 2506//8651 2504//8653 2495//8652
f 2497//8654 2496//8656 2504//8655
f 2496//8482 2495//8480 2504//8657
f 777//8658 113//8660 184//8659
f 777//8661 2520//8663 113//8662
f 2520//8664 112//8665 113//8664
f 2520//8666 2521//8667 112//8666
f 2521//8668 2522//8668 112//8668
f 2522//8669 115//8671 112//8670
f 2522//8672 2523//8672 115//8672
f 2523//8673 2524//8674 115//8674
f 2524//8675 118//8677 115//8676
f 2524//8678 2409//8680 118//8679
f 2524//8681 2408//8198 2409//8199
f 2525//8682 2526//8684 2398//8683
f 2526//8685 2528//8687 2527//8686
f 2528//8688 2529//8690 2527//8689
f 2528//8691 2373//8693 2529//8692
f 2373//8694 2375//8696 2529//8695
f 2376//8130 2530//8697 2375//8125
f 2376//8130 2381//8698 2530//8697
f 2398//8699 2526//8700 2395//8699
f 2526//8685 2527//8686 2395//8701
f 2527//8689 2529//8690 2391//8702
f 2529//8703 2531//8704 2391//8173
f 2529//8695 2375//8696 2531//8705
f 2375//8706 2530//8706 2531//8707
f 2394//8708 2530//8710 2393//8709
f 2394//8711 2531//8711 2530//8711
f 2393//8712 2530//8714 2392//8713
f 2530//8714 2381//8715 2392//8713
f 2373//8693 2528//8691 2532//8716
f 2528//8717 2533//8719 2532//8718
f 2528//8687 2526//8685 2533//8720
f 2526//8721 2534//8723 2533//8722
f 2526//8684 2525//8682 2534//8724
f 2525//8725 2535//8727 2534//8726
f 2525//8728 2413//8221 2535//8729
f 2413//8730 2414//8732 2535//8731
f 2364//8733 2536//8735 2353//8734
f 2536//8736 2537//8737 2353//8101
f 2537//8737 2363//8099 2353//8101
f 2537//8738 2538//8096 2363//8097
f 2539//8739 2361//8093 2538//8094
f 2539//8740 2540//8742 2361//8741
f 2540//8742 2541//8743 2361//8741
f 2540//8744 2520//8746 2541//8745
f 2520//8746 777//8747 2541//8745
f 2361//8748 2541//8749 2359//8749
f 2541//8750 777//8751 2359//8751
f 2542//8752 2408//8754 2524//8753
f 2542//8755 2543//8757 2408//8756
f 2543//8757 2416//8758 2408//8756
f 2543//8759 2414//8228 2416//8229
f 2523//8760 2544//8761 2524//8753
f 2544//8761 2542//8752 2524//8753
f 2544//8762 2545//8763 2542//8762
f 2545//8763 2543//8762 2542//8762
f 2545//8764 2546//8766 2543//8765
f 2546//8766 2414//8767 2543//8765
f 2546//8768 2535//8731 2414//8732
f 2522//8769 2547//8770 2523//8769
f 2547//8770 2544//8771 2523//8769
f 2547//8772 2548//8774 2544//8773
f 2548//8774 2545//8775 2544//8773
f 2548//8776 2546//8766 2545//8764
f 2549//8777 2535//8779 2546//8778
f 2549//8780 2550//8781 2535//8727
f 2550//8781 2534//8726 2535//8727
f 2550//8782 2533//8722 2534//8723
f 2540//8783 2521//8785 2520//8784
f 2521//8785 2540//8783 2522//8786
f 2540//8783 2547//8787 2522//8786
f 2540//8788 2548//8774 2547//8772
f 2551//8789 2546//8791 2548//8790
f 2551//8792 2537//8793 2546//8778
f 2537//8793 2549//8777 2546//8778
f 2537//8794 2552//8796 2549//8795
f 2552//8796 2550//8797 2549//8795
f 2552//8798 2553//8798 2550//8799
f 2553//8798 2533//8798 2550//8799
f 2553//8800 2532//8718 2533//8719
f 2539//8740 2548//8801 2540//8742
f 2538//8094 2548//8790 2539//8739
f 2538//8094 2551//8789 2548//8790
f 2537//8793 2551//8792 2538//8802
f 2398//8220 2413//8221 2525//8728
f 2536//8736 2552//8803 2537//8737
f 2364//8804 2552//8806 2536//8805
f 2364//8804 2553//8807 2552//8806
f 2532//8718 2553//8800 2364//8808
f 2394//8171 2391//8173 2531//8704
f 2554//8809 154//8811 189//8810
f 2554//8812 2555//8814 154//8813
f 2555//8815 153//8816 154//8815
f 2555//8817 2556//8817 153//8817
f 2556//8818 2557//8818 153//8819
f 2557//8820 156//8821 153//8820
f 2557//8822 2558//8824 156//8823
f 2558//8825 159//8826 156//8826
f 2558//8827 1782//8829 159//8828
f 2559//8830 1878//8832 1782//8831
f 2559//8833 1899//8835 1878//8834
f 2560//8836 1891//8838 1893//8837
f 2560//8839 2561//8841 1891//8840
f 2561//8842 2562//6465 1891//6466
f 2561//8843 2563//8845 2562//8844
f 2563//8846 2564//8848 2562//8847
f 2563//8849 2565//8851 2564//8850
f 2565//8852 2566//8854 2564//8853
f 2567//8855 1887//6448 2566//8856
f 2567//8855 2568//8857 1887//6448
f 2568//8857 1884//6447 1887//6448
f 2562//8847 2564//8848 1890//8858
f 2564//8859 2569//8861 1890//8860
f 2564//8853 2566//8854 2569//8862
f 2566//8863 1887//8863 2569//8863
f 1889//8864 2569//8866 1887//8865
f 1886//6412 1887//6448 1884//6447
f 2565//8851 2563//8849 2570//8867
f 2563//8868 2571//8870 2570//8869
f 2563//8845 2561//8843 2571//8871
f 2561//8872 2572//8872 2571//8872
f 2561//8841 2560//8839 2572//8873
f 2560//8874 2573//8876 2572//8875
f 2560//8877 1895//6476 2573//8878
f 1895//8879 1898//8881 2573//8880
f 2574//8882 2576//8884 2575//8883
f 2576//8885 2577//8887 2575//8886
f 2577//8887 2578//8888 2575//8886
f 2577//8889 2579//8891 2578//8890
f 2580//8892 2581//8894 2579//8893
f 2580//8895 2582//8897 2581//8896
f 2582//8897 2583//8898 2581//8896
f 2582//8899 2555//8901 2583//8900
f 2555//8901 2554//8902 2583//8900
f 2581//8903 2583//8905 3758//8904
f 2583//8906 2554//8906 3758//8906
f 2558//8907 2584//8909 1782//8908
f 2584//8909 2559//8910 1782//8908
f 2584//8911 2585//8913 2559//8912
f 2585//8913 1899//8914 2559//8912
f 2585//8915 1898//6494 1899//6495
f 2586//8916 2584//8918 2558//8917
f 2586//8919 2587//8919 2584//8919
f 2587//8919 2585//8920 2584//8919
f 2587//8921 2588//8923 2585//8922
f 2588//8923 1898//8924 2585//8922
f 2588//8925 2573//8880 1898//8881
f 2557//8926 2589//8927 2558//8917
f 2589//8927 2586//8916 2558//8917
f 2589//8928 2590//8930 2586//8929
f 2590//8930 2587//8931 2586//8929
f 2590//8932 2591//8934 2587//8933
f 2591//8934 2588//8935 2587//8933
f 2591//8936 2592//8938 2588//8937
f 2592//8938 2573//8939 2588//8937
f 2592//8940 2593//8941 2573//8876
f 2593//8941 2572//8875 2573//8876
f 2593//8872 2571//8872 2572//8872
f 2582//8942 2556//8944 2555//8943
f 2556//8945 2589//8927 2557//8926
f 2577//8946 2592//8948 2591//8947
f 2577//8949 2594//8951 2592//8950
f 2594//8951 2593//8952 2592//8950
f 2594//8953 2595//8954 2593//8954
f 2595//8954 2571//8954 2593//8954
f 2595//8955 2570//8869 2571//8870
f 2580//8956 2589//8928 2582//8957
f 2589//8958 2556//8944 2582//8942
f 2580//8956 2590//8930 2589//8928
f 2579//8893 2590//8932 2580//8892
f 2579//8893 2591//8934 2590//8932
f 2577//8946 2591//8947 2579//8959
f 1893//6474 1895//6476 2560//8877
f 2576//8885 2594//8960 2577//8887
f 2574//8961 2594//8963 2576//8962
f 2574//8961 2595//8964 2594//8963
f 2570//8869 2595//8955 2574//8965
f 1889//8966 1890//8860 2569//8861
f 1906//6628 2597//8967 2596//7912
f 2599//8968 2600//8970 2597//8969
s 0
f 2599//8971 2601//8972 2600//1005
f 2601//1005 2602//8974 2600//8973
f 2601//8975 2603//1005 2602//8976
s 1
f 2603//8977 2604//8977 2602//8977
f 2600//8978 2602//8980 2604//8979
s 0
f 2601//1005 2599//8982 2603//8981
s 1
f 2599//8983 2597//8985 2603//8984
f 1906//8986 2598//8988 2597//8987
f 2616//8989 2328//7909 2326//7899
f 2616//8990 2606//8992 2328//8991
f 2606//8993 2607//8995 2328//8994
f 2607//8996 2329//8998 2328//8997
f 2404//8999 2329//9001 2608//9000
f 2417//8237 2604//9002 2605//8236
f 2417//9003 2609//9005 2604//9004
f 2609//9006 2610//9008 2604//9007
f 2609//9009 2611//9011 2610//9010
f 2604//9012 2610//9014 2600//9013
f 2610//9015 2597//9017 2600//9016
f 2610//9018 2614//9019 2597//9018
f 2614//9020 2323//9022 2597//9021
f 2614//9023 2615//9025 2323//9024
f 2615//9026 2327//7907 2323//7908
f 2615//9027 2326//9029 2327//9028
f 2615//9030 2616//9032 2326//9031
f 2613//9033 2617//9035 2616//9034
f 2613//9036 2618//9038 2617//9037
s 0
f 2618//9039 2619//1005 2617//9040
f 2618//1005 2329//9042 2619//9041
s 1
f 2597//9043 2323//7888 2596//7889
f 2617//9044 2606//9046 2616//9045
f 2617//9047 2619//9047 2606//9047
s 0
f 2619//9048 2607//1005 2606//9049
f 2619//1005 2329//9050 2607//9050
s 1
f 2618//9051 2613//9053 2329//9052
f 2613//9053 2620//9054 2329//9052
s 0
f 2620//9055 2621//1005 2329//9056
f 2621//9057 2608//1005 2329//9058
s 1
f 2610//9059 2615//9061 2614//9060
f 2612//9062 2616//9064 2615//9063
f 2612//9065 2613//9067 2616//9066
f 2418//9068 2612//9070 2611//9069
f 2622//9071 2613//9067 2612//9065
f 2622//9072 2620//9074 2613//9073
f 2417//9075 2611//9077 2609//9076
f 2417//8242 2418//8243 2611//9078
f 2623//9079 2622//9081 2612//9080
f 2623//9082 2621//9082 2622//9082
s 0
f 2621//9083 2620//1005 2622//9084
s 1
f 2611//9011 2615//9085 2610//9010
f 2612//9070 2615//9086 2611//9069
f 2404//9087 2612//9070 2418//9068
f 2404//9088 2623//9090 2612//9089
f 2608//9091 2623//9093 2404//9092
s 0
f 2608//9094 2621//1005 2623//9094
s 1
f 1959//9095 2625//9097 2624//9096
f 2627//9098 2628//9099 2625//9099
s 0
f 2627//9100 2629//9101 2628//1005
f 2629//1005 2630//9102 2628//9102
f 2629//9103 2631//1005 2630//9104
s 1
f 2631//9105 2632//9107 2630//9106
f 2634//9108 2633//9110 1913//9109
f 2628//9111 2630//9111 2635//9111
f 2630//9112 2633//9114 2635//9113
f 2630//9115 2632//9117 2633//9116
s 0
f 2629//1005 2627//9118 2631//9118
s 1
f 2627//9119 2625//9121 2631//9120
f 1959//9122 2626//9124 2625//9123
f 2209//7458 2636//9125 2211//7457
f 2636//9126 2637//9128 2211//9127
f 2637//9129 2212//9131 2211//9130
f 2264//7757 2633//9132 2634//7756
f 2264//9133 2638//9135 2633//9134
f 2638//9136 2635//9138 2633//9137
f 2639//9139 2640//9141 2638//9140
f 2641//9142 2642//9144 2639//9143
f 2641//9145 2643//9145 2642//9145
s 0
f 2643//9146 2644//1005 2642//9146
f 2643//1005 2212//9148 2644//9147
s 1
f 2635//9149 2638//9151 2628//9150
f 2638//9152 2645//9154 2628//9153
f 2638//9152 2640//9155 2645//9154
f 2639//9139 2649//9156 2640//9141
f 2639//9157 2642//9159 2649//9158
f 2642//9159 2646//9160 2649//9158
f 2642//9161 2644//9163 2646//9162
f 2644//9163 2647//9164 2646//9162
f 2644//9165 2212//9165 2647//9165
f 2645//9166 2625//9168 2628//9167
f 2645//9169 2648//9171 2625//9170
f 2648//9171 2208//9172 2625//9170
f 2649//9173 2650//9175 2209//9174
f 2649//9176 2651//9178 2650//9177
s 0
f 2651//9179 2652//1005 2650//9179
f 2651//1005 2212//9181 2652//9180
s 1
f 2625//9182 2208//7449 2624//7450
f 2648//9183 2207//9185 2208//9184
f 2648//9186 2209//7453 2207//7454
f 2650//9187 2636//9189 2209//9188
f 2650//9190 2652//9190 2636//9190
s 0
f 2652//9191 2637//1005 2636//9192
f 2652//1005 2212//9193 2637//9193
s 1
f 2651//9194 2653//9194 2212//9194
s 0
f 2653//9195 2654//1005 2212//9181
f 2654//9196 2647//1005 2212//9197
f 2643//9198 2655//1005 2212//9198
s 1
f 2655//9199 2278//7782 2212//7783
f 2640//9200 2209//9202 2648//9201
f 2640//9141 2649//9156 2209//9203
f 2656//9204 2653//9206 2649//9205
f 2653//9207 2651//9209 2649//9208
f 2645//9154 2640//9155 2648//9210
f 2657//9211 2656//9213 2649//9212
f 2657//9214 2654//9214 2656//9214
s 0
f 2654//9215 2653//1005 2656//9216
s 1
f 2278//9217 2641//9142 2639//9143
f 2278//9218 2655//9220 2641//9219
s 0
f 2655//9221 2643//1005 2641//9222
s 1
f 2264//7762 2266//7763 2638//9223
f 2266//7765 2639//9225 2638//9224
f 2267//7766 2639//9225 2266//7765
f 2646//9160 2657//9226 2649//9158
f 2278//9227 2639//9229 2267//9228
f 2647//9230 2657//9230 2646//9231
s 0
f 2647//9232 2654//1005 2657//9232
s 1
f 118//9233 2659//9235 117//9234
f 2604//9236 2660//9238 2659//9237
f 2660//9239 121//9241 117//9240
f 2659//9242 2660//9239 117//9240
f 2598//9243 1906//9245 2661//9244
f 1906//9245 120//9246 2661//9244
f 2661//9244 2660//9247 2598//9243
f 2660//9248 2597//9250 2598//9249
f 2660//9251 2603//9253 2597//9252
f 2660//9254 2604//9256 2603//9255
f 2659//9257 2658//9259 2604//9258
f 2658//9260 2605//8197 2604//9261
f 2658//9260 2409//8199 2605//8197
f 2658//9260 118//9262 2409//8199
f 2661//9263 120//9263 121//9263
f 2661//9264 121//9241 2660//9239
f 2659//9265 118//9262 2658//9260
f 129//9266 2663//9268 128//9267
f 2633//9269 2632//9269 2663//9269
f 2632//9270 2664//9270 2663//9270
f 2664//9271 132//9273 128//9272
f 2663//9274 2664//9271 128//9272
f 2626//9275 1959//9277 2665//9276
f 131//9278 132//9280 2665//9279
f 2665//9276 2664//9281 2626//9275
f 2664//9282 2625//9284 2626//9283
f 2664//9285 2631//9287 2625//9286
f 2664//9288 2632//9290 2631//9289
f 2663//9291 2662//9293 2633//9292
f 2662//9293 1913//9294 2633//9292
f 2662//9293 129//9295 1913//9294
f 1959//9296 131//9298 2665//9297
f 2665//9299 132//9273 2664//9271
f 2663//9300 129//9295 2662//9293
f 2667//9301 2668//9302 2666//9302
f 2668//9303 2669//9303 2666//9304
f 2669//9305 139//9307 2666//9306
f 2669//9308 190//9310 139//9309
f 140//9311 2666//9306 139//9307
f 2127//9312 2015//9314 2670//9313
f 2127//9315 2670//9316 2671//9316
f 143//9317 190//9318 2670//9318
f 2670//9319 2669//9321 2671//9320
f 2669//9321 2672//9322 2671//9320
f 2669//9323 2668//9325 2672//9324
f 2666//9326 2673//9327 2667//9326
f 2673//9328 2146//9330 2667//9329
f 2673//9328 1965//9331 2146//9330
f 2673//9328 136//9332 1965//9331
f 2670//9333 190//9335 2669//9334
f 2666//9336 140//9338 2673//9337
f 140//278 136//125 2673//9339
f 2674//9340 151//9342 148//9341
f 2676//9343 2677//9343 2675//9343
f 2677//9344 2678//9346 2675//9345
f 2678//9347 2679//9347 2675//9348
f 2679//9349 150//9351 2675//9350
f 2680//9352 189//9354 150//9353
f 2680//9352 2681//9355 189//9354
f 2681//9356 2554//9358 189//9357
f 2681//9359 2680//9361 2682//9360
f 2680//9362 2679//9364 2682//9363
f 2679//9364 2678//9365 2682//9363
f 2675//9366 2674//9368 2676//9367
f 2674//9340 2069//9370 2676//9369
f 2674//9340 2036//9371 2069//9370
f 2674//9340 148//9341 2036//9371
f 2680//9372 150//9374 2679//9373
f 2675//9350 150//9351 151//9342
f 2675//9350 151//9342 2674//9340
f 2685//9375 2686//9377 2684//9376
f 2686//9378 2687//9380 2077//9379
f 2074//9381 2076//9383 2689//9382
f 2689//9384 2691//9386 2690//9385
s 0
f 2691//9387 2692//1005 2690//9388
f 2691//1005 2077//9389 2692//9389
s 1
f 2677//9344 2688//9390 2678//9346
f 2690//9385 2693//9391 2689//9384
f 2690//9392 2692//9392 2693//9392
s 0
f 2692//9393 2694//1005 2693//9394
f 2692//1005 2077//9395 2694//9395
s 1
f 2682//9396 2695//9398 2681//9397
f 2695//9399 2683//9401 2681//9400
f 2695//9402 2684//9404 2683//9403
f 2695//9405 2685//9407 2684//9406
f 2687//9380 2696//9408 2077//9379
s 0
f 2696//9409 2694//1005 2077//9409
s 1
f 2691//9410 2076//7052 2077//7053
f 2678//9346 2688//9390 2682//9411
f 2688//9412 2695//9414 2682//9413
f 2688//9415 2685//9417 2695//9416
f 2697//9418 2686//9420 2685//9419
f 2697//9421 2696//9423 2686//9422
f 2696//9424 2687//9380 2686//9378
f 2676//9425 2698//9426 2677//9426
f 2698//9427 2688//9428 2677//9428
f 2698//9429 2074//7046 2688//9430
f 2074//9431 2689//9433 2688//9432
f 2076//9383 2691//9434 2689//9382
f 2071//7056 2676//9435 2069//7055
f 2071//9436 2698//9438 2676//9437
f 2072//7042 2698//9439 2071//7041
f 2689//9433 2685//9440 2688//9432
f 2074//7046 2698//9429 2072//7045
f 2693//9441 2685//9443 2689//9442
f 2693//9441 2697//9444 2685//9443
f 2694//9445 2697//9445 2693//9445
s 0
f 2694//9446 2696//1005 2697//9447
s 1
f 2699//9448 2700//9450 2132//9449
f 2700//9451 2133//9453 2132//9452
f 2151//9454 2133//9456 2701//9455
f 2704//9457 2133//9459 2705//9458
f 2702//9460 2708//9462 2668//9461
f 2702//9463 2703//9465 2708//9464
f 2704//9466 2706//9468 2703//9467
f 2704//9469 2705//9471 2706//9470
s 0
f 2705//9472 2707//1005 2706//9473
f 2705//1005 2133//9475 2707//9474
s 1
f 2671//9476 2708//9478 2127//9477
f 2708//9479 2129//9481 2127//9480
f 2708//9482 2131//7161 2129//7162
f 2716//9483 2132//7165 2131//7166
f 2716//9484 2709//9486 2132//9485
f 2716//9487 2710//9489 2709//9488
s 0
f 2710//9490 2711//1005 2709//9491
f 2710//1005 2133//9492 2711//9492
s 1
f 2709//9493 2699//9495 2132//9494
f 2709//9496 2711//9496 2699//9496
s 0
f 2711//9497 2700//1005 2699//9498
f 2711//1005 2133//9500 2700//9499
s 1
f 2710//9501 2712//9501 2133//9501
s 0
f 2712//9502 2713//1005 2133//9503
f 2713//9504 2707//1005 2133//9505
s 1
f 2704//9457 2714//9506 2133//9459
s 0
f 2714//9507 2715//1005 2133//9507
f 2715//9508 2701//1005 2133//9508
s 1
f 2672//9322 2708//9509 2671//9320
f 2716//9510 2131//9512 2708//9511
f 2717//9513 2712//9515 2716//9514
f 2712//9516 2710//9518 2716//9517
f 2703//9465 2718//9520 2716//9519
f 2718//9521 2717//9523 2716//9522
f 2718//9524 2713//9524 2717//9524
s 0
f 2713//9525 2712//1005 2717//9525
s 1
f 2667//9526 2702//9460 2668//9461
f 2667//9527 2153//9529 2702//9528
f 2153//9530 2703//9532 2702//9531
f 2151//7318 2719//9534 2703//9533
f 2719//9535 2704//9466 2703//9467
f 2719//9536 2714//9538 2704//9537
f 2151//7318 2703//9533 2153//7328
f 2720//9539 2719//9541 2151//9540
f 2720//9542 2715//9542 2719//9542
s 0
f 2715//9543 2714//1005 2719//9544
s 1
f 2708//9545 2672//9324 2668//9325
f 2153//7326 2667//9546 2146//7325
f 2703//9465 2716//9519 2708//9464
f 2149//7315 2151//7318 2153//7328
f 2706//9468 2718//9547 2703//9467
f 2707//9548 2718//9548 2706//9548
s 0
f 2707//9549 2713//1005 2718//9550
s 1
f 2701//9551 2720//9553 2151//9552
s 0
f 2701//9554 2715//1005 2720//9555
s 1
f 2723//9556 2724//9558 2722//9557
f 2723//9559 2725//9559 2724//9559
s 0
f 2725//9560 2726//1005 2724//9561
f 2725//1005 2342//9563 2726//9562
s 1
f 773//2198 2721//9564 774//2200
f 2721//9564 2727//9565 774//2200
f 2721//9566 2722//9568 2727//9567
f 2724//9558 2728//9569 2722//9557
f 2724//9570 2726//9572 2728//9571
f 2726//9572 2342//9573 2728//9571
f 2729//9574 2358//9576 778//9575
f 2729//9577 2356//8081 2358//8082
f 2722//9578 2354//8073 2356//8074
f 2722//9579 2730//9581 2354//9580
f 2730//9582 2731//9584 2354//9583
f 2731//9585 2341//8065 2354//8066
f 2731//9586 2342//8046 2341//8047
f 778//9587 2358//9589 2360//9588
s 0
f 2731//9590 2732//1005 2342//9591
f 2732//9592 2733//1005 2342//9593
s 1
f 2733//9594 2728//9571 2342//9573
s 0
f 2725//9595 2734//1005 2342//9596
s 1
f 2734//9597 2448//8388 2342//8389
f 779//2219 2729//9598 778//2217
f 2727//9599 2356//9601 2729//9600
f 2727//9567 2722//9568 2356//9602
f 2735//9603 2730//9605 2722//9604
f 2735//9606 2732//9606 2730//9606
s 0
f 2732//9607 2731//1005 2730//9608
s 1
f 779//9609 2727//9611 2729//9610
f 2728//9569 2735//9612 2722//9557
f 2728//9613 2733//9615 2735//9614
s 0
f 2733//9616 2732//1005 2735//9617
s 1
f 772//9618 2449//9620 773//9619
f 2449//8396 2721//9622 773//9621
f 2446//8382 2722//9624 2721//9623
f 2446//9625 2723//9556 2722//9557
f 2446//9626 2734//9628 2723//9627
s 0
f 2734//9629 2725//1005 2723//9630
s 1
f 2448//8386 2734//9631 2446//8385
f 2727//9632 779//2221 774//2222
f 2449//8394 772//9633 2441//8393
f 2444//8378 2721//9622 2449//8396
f 2446//8382 2721//9623 2444//8381
f 710//1994 2736//9634 711//1996
f 2736//9635 2737//9637 2738//9636
f 2254//7718 2739//9638 2737//7710
f 2254//7721 2256//7722 2739//9639
f 716//2013 2740//9640 715//2011
f 2740//9641 2741//9643 715//9642
f 2740//9644 2501//9646 2741//9645
f 2740//9647 2502//8493 2501//8485
f 2742//9648 2743//9650 2502//9649
f 2742//9651 2744//9651 2743//9651
s 0
f 2744//9652 2745//1005 2743//9653
f 2744//1005 2256//9655 2745//9654
s 1
f 715//9656 2741//8490 2498//8491
f 2743//9657 2746//9659 2502//9658
f 2743//9660 2745//9660 2746//9660
s 0
f 2745//9661 2747//1005 2746//9661
f 2745//1005 2256//9663 2747//9662
s 1
f 2746//9664 2503//8497 2502//8492
f 2746//9665 2747//9667 2503//9666
f 2747//9668 2256//9670 2503//9669
f 2744//9671 2748//9671 2256//9671
s 0
f 2748//9672 2749//1005 2256//9672
f 2749//9673 2739//1005 2256//9674
s 1
f 2738//9675 2502//9677 2740//9676
f 2738//9678 2750//9680 2502//9679
f 2750//9681 2742//9683 2502//9682
f 2750//9684 2748//9684 2742//9684
f 2748//9685 2744//9685 2742//9685
f 711//2016 2736//9686 716//2015
f 2736//9687 2740//9689 716//9688
f 2736//9635 2738//9636 2740//9690
f 2751//9691 2750//9693 2738//9692
f 2751//9694 2749//9694 2750//9694
s 0
f 2749//9695 2748//1005 2750//9695
s 1
f 2242//9696 2736//9697 710//9696
f 709//1991 2242//7633 710//1993
f 2245//7685 2736//9698 2242//7684
f 2245//9699 2737//9637 2736//9635
f 2242//7633 709//1991 2243//7635
f 2737//9637 2751//9700 2738//9636
f 2739//9701 2751//9703 2737//9702
s 0
f 2739//9704 2749//1005 2751//9705
s 1
f 2752//9706 2753//9707 1001//2985
f 1001//2985 2753//9707 2251//7613
f 2753//9707 2754//9708 2251//7613
f 2754//9708 2755//9709 2251//7613
f 2754//9710 2756//9712 2755//9711
f 2756//9712 2757//9713 2755//9711
f 2756//9714 2758//9716 2757//9715
f 2758//9716 2759//9717 2757//9715
f 2759//9717 2760//9718 2757//9715
f 2759//9719 2761//9721 2760//9720
f 2761//9721 2762//9722 2760//9720
f 2761//9723 2763//9725 2762//9724
f 2763//9725 2477//8440 2762//9724
f 2479//8542 2764//9726 2478//8544
f 2479//8542 2765//9727 2764//9726
f 2766//9728 2767//9730 2765//9729
f 2766//9731 2768//9732 2767//9730
f 2769//9733 2259//9735 2768//9734
f 2251//7613 2755//9709 2262//9736
f 2755//9709 2757//9737 2262//9736
f 2757//9737 2770//9738 2262//9736
f 2757//9737 2760//9739 2770//9738
f 2760//9739 2764//9740 2770//9738
f 2760//9741 2762//9743 2764//9742
f 2762//9743 2477//8440 2764//9742
f 2477//8440 2478//8624 2764//9742
f 2262//7751 2770//9744 2261//7750
f 2770//9744 2771//9745 2261//7750
f 2770//9744 2764//9726 2771//9745
f 2764//9726 2765//9727 2771//9745
f 2261//7747 2771//9746 2260//7746
f 2771//9746 2767//9730 2260//7746
f 2771//9746 2765//9729 2767//9730
f 2767//9730 2768//9732 2260//7746
f 2260//9747 2768//9749 2259//9748
f 2769//9750 2258//9752 2259//9751
f 2253//9753 2772//9755 2257//9754
f 2772//9756 2773//9758 2257//9757
f 2772//9756 2493//9759 2773//9758
f 2493//8473 2494//8474 2773//9760
f 2494//9761 2255//9763 2773//9762
f 2255//9764 2257//9766 2773//9765
f 2255//9767 2499//9769 2256//9768
f 2255//9770 2494//8474 2499//8476
f 2493//8644 2772//9771 2492//8646
f 2772//9772 2774//9773 2492//8643
f 2772//9772 2253//7731 2774//9773
f 2253//7731 2258//7732 2774//9773
f 2492//8643 2774//9773 2491//8642
f 2774//9774 2775//9776 2491//9775
f 2775//9777 2488//8456 2491//8634
f 2775//9778 2487//8455 2488//8456
f 2775//9779 2776//9781 2487//9780
f 2776//9782 2490//8631 2487//8632
f 2776//9783 2766//9731 2490//9784
f 2766//9785 2489//9785 2490//9785
f 2766//9728 2765//9729 2489//9786
f 2765//9729 2480//9787 2489//9786
f 2765//9788 2479//8442 2480//8443
f 2763//9725 2777//9789 2477//8440
f 2777//9789 2474//8439 2477//8440
f 2777//9789 2778//9790 2474//8439
f 2778//9790 2472//8551 2474//8439
f 2778//9790 2779//9791 2472//8551
f 2778//9792 2780//9794 2779//9793
f 2780//9795 2781//9795 2779//9795
f 2780//9796 2782//9798 2781//9797
f 2782//9799 2783//9800 2781//9799
f 2782//9801 2784//9803 2783//9802
f 2784//9804 2785//9805 2783//9805
f 2784//9806 2786//9806 2785//9807
f 2786//9808 2787//9810 2785//9809
f 2786//9811 2788//9812 2787//9812
f 2788//9813 2789//9815 2787//9814
f 2788//9816 2790//9818 2789//9817
f 2790//9819 2791//9819 2789//9820
f 2790//9821 2792//9823 2791//9822
f 2792//9824 2793//9826 2791//9825
f 2792//9827 10//9827 2793//9828
f 10//9829 11//9830 2793//9829
f 11//9831 2794//9833 2793//9832
f 11//9834 2795//9834 2794//9834
f 11//9835 12//9835 2795//9835
f 12//9836 2796//9836 2795//9836
f 12//9837 13//9839 2796//9838
f 13//9840 2797//9840 2796//9840
f 13//9841 2798//9843 2797//9842
f 13//9844 14//9844 2798//9844
f 14//9845 2799//9845 2798//9845
f 14//9846 15//9846 2799//9846
f 15//9847 2800//9849 2799//9848
f 15//9850 2801//9850 2800//9850
f 15//9851 16//9851 2801//9851
f 16//9852 2802//9852 2801//9852
f 16//9853 17//9853 2802//9853
f 17//9854 2803//9856 2802//9855
f 17//9857 2804//9859 2803//9858
f 17//9860 18//9861 2804//9861
f 18//9862 2805//9862 2804//9862
f 18//9863 19//9863 2805//9863
f 19//9864 2806//9864 2805//9864
f 19//9865 2807//9865 2806//9865
f 19//9866 20//9867 2807//9867
f 20//9868 2808//9868 2807//9868
f 20//9869 21//9869 2808//9870
f 21//9871 2809//9871 2808//9871
f 21//9872 2810//9874 2809//9873
f 21//9875 22//9875 2810//9875
f 22//9876 2811//9876 2810//9876
f 22//9877 2812//9878 2811//9877
f 22//9879 23//9880 2812//9879
f 23//9881 2813//9883 2812//9882
f 23//9884 2814//9884 2813//9884
f 23//9885 24//9885 2814//9885
f 24//9886 2815//9886 2814//9886
f 24//9887 25//9887 2815//9887
f 25//9888 2816//9888 2815//9888
f 25//9889 2817//9891 2816//9890
f 25//9892 26//9893 2817//9893
f 26//9894 2818//9894 2817//9894
f 26//9895 27//9896 2818//9896
f 27//9897 2819//9899 2818//9898
f 27//9900 2820//9902 2819//9901
f 27//9903 28//9904 2820//9903
f 28//9905 2821//9905 2820//9905
f 28//9906 29//9906 2821//9907
f 29//9908 2822//9910 2821//9909
f 29//9911 2823//9913 2822//9912
f 29//9914 30//9916 2823//9915
f 30//9917 2824//9919 2823//9918
f 30//9920 2825//9922 2824//9921
f 30//9923 31//9924 2825//9924
f 31//9925 2826//9925 2825//9925
f 31//9926 2827//9927 2826//9927
f 31//9928 32//9928 2827//9928
f 32//9929 2828//9929 2827//9929
f 32//9930 33//9931 2828//9931
f 33//9932 2829//9934 2828//9933
f 33//9935 2830//9937 2829//9936
f 33//9938 34//9939 2830//9938
f 34//9940 2831//9942 2830//9941
f 34//9943 2832//9945 2831//9944
f 34//9946 35//9947 2832//9946
f 35//9948 2833//9948 2832//9948
f 35//9949 36//9949 2833//9949
f 36//9950 2834//9950 2833//9951
f 36//9952 2835//9953 2834//9953
f 36//9954 37//9954 2835//9954
f 37//9955 2836//9955 2835//9955
f 37//9956 38//9958 2836//9957
f 38//9959 2837//9961 2836//9960
f 38//9962 2838//9964 2837//9963
f 38//9965 39//9966 2838//9965
f 39//9967 2839//9967 2838//9967
f 39//9968 40//9969 2839//9969
f 40//9970 2840//9971 2839//9971
f 40//9972 2841//9972 2840//9972
f 40//9973 41//9973 2841//9973
f 41//9974 2842//9974 2841//9974
f 41//9975 2843//9977 2842//9976
f 41//9978 42//9980 2843//9979
f 42//9981 2844//9981 2843//9981
f 42//9982 43//9983 2844//9983
f 43//9984 2845//9984 2844//9985
f 43//9986 2846//9986 2845//9986
f 43//9987 44//9988 2846//9988
f 44//9989 2847//9989 2846//9989
f 44//9990 2848//9990 2847//9990
f 44//9991 45//9992 2848//9992
f 45//9993 2849//9993 2848//9993
f 45//9994 46//9994 2849//9994
f 46//9995 2850//9997 2849//9996
f 46//9998 2851//9999 2850//9998
f 46//10000 47//10001 2851//10000
f 47//10002 2852//10003 2851//10003
f 47//10004 2853//10004 2852//10004
f 47//10005 48//10006 2853//10006
f 48//10007 2854//10007 2853//10008
f 48//10009 2855//10011 2854//10010
f 48//10012 49//10014 2855//10013
f 49//10015 2856//10017 2855//10016
f 49//10018 2857//10019 2856//10018
f 49//10020 50//10022 2857//10021
f 50//10023 2858//10023 2857//10023
f 50//10024 2859//10026 2858//10025
f 50//10027 51//10029 2859//10028
f 51//10030 2860//10031 2859//10031
f 51//10032 2861//10032 2860//10032
f 51//10033 52//10033 2861//10033
f 52//10034 2862//10034 2861//10034
f 52//10035 53//10036 2862//10036
f 53//10037 2863//10038 2862//10038
f 53//10039 2864//10040 2863//10040
f 53//10041 54//10042 2864//10042
f 54//10043 2865//10043 2864//10043
f 54//10044 55//10044 2865//10045
f 55//10046 2866//10046 2865//10046
f 55//10047 2867//10047 2866//10047
f 55//10048 56//10050 2867//10049
f 56//10051 2868//10052 2867//10052
f 56//10053 2869//10055 2868//10054
f 56//10056 57//10058 2869//10057
f 57//10059 2870//10059 2869//10059
f 57//10058 58//10061 2870//10060
f 58//10062 2871//10062 2870//10062
f 58//10063 2872//10063 2871//10063
f 58//10064 2//10064 2872//10064
f 2//10065 2873//10065 2872//10065
f 2//10066 2874//10067 2873//10066
f 2//10068 1//10069 2874//10068
f 1//10070 2875//10070 2874//10070
f 1//10071 3//10072 2875//10072
f 3//10073 2876//10075 2875//10074
f 3//10076 2877//10076 2876//10076
f 3//10077 4//10077 2877//10077
f 4//10078 2878//10078 2877//10078
f 4//10079 5//10080 2878//10080
f 5//10081 2879//10083 2878//10082
f 5//10084 2880//10086 2879//10085
f 5//10087 6//10089 2880//10088
f 6//10090 2881//10092 2880//10091
f 6//10093 2882//10094 2881//10093
f 6//10095 7//10097 2882//10096
f 7//10098 2883//10100 2882//10099
f 7//10101 2884//10103 2883//10102
f 7//10104 8//10106 2884//10105
f 8//10107 2885//10109 2884//10108
f 8//10110 2886//10112 2885//10111
f 8//10113 9//10115 2886//10114
f 9//10116 2887//10116 2886//10116
f 9//10117 2888//10119 2887//10118
f 9//10120 10//10121 2888//10120
f 10//10122 2792//10122 2888//10123
f 2779//9791 2889//10124 2472//8551
f 2889//10125 2471//8550 2472//8551
f 2889//10125 2890//10126 2471//8550
f 2889//10125 2891//10127 2890//10126
f 2891//10127 2892//10128 2890//10126
f 2891//10129 2893//10131 2892//10130
f 2893//10131 2894//10132 2892//10130
f 2894//10132 2895//10133 2892//10130
f 2894//10132 2429//8111 2895//10133
f 2370//8112 2895//10134 2429//8111
f 2370//8112 2896//10135 2895//10134
f 2897//10136 2898//10138 2896//10137
f 2897//10139 2899//10141 2898//10140
f 2900//10142 2459//10144 2899//10143
f 2900//10145 2458//8427 2459//8428
f 2890//10146 2473//8620 2471//8550
f 2890//10147 2468//8555 2473//8619
f 2890//10147 2467//10148 2468//8555
f 2890//10147 2901//10149 2467//10148
f 2890//10150 2892//10152 2901//10151
f 2892//10152 2896//10153 2901//10151
f 2892//10154 2895//10134 2896//10135
f 2467//8436 2901//10155 2466//8435
f 2901//10155 2898//10138 2466//8435
f 2901//10155 2896//10137 2898//10138
f 2466//8562 2898//10156 2463//8564
f 2898//10140 2899//10141 2463//10157
f 2463//8568 2899//10158 2459//8428
f 2900//10159 2462//8424 2458//8426
f 2461//8617 2902//10160 2460//8607
f 2902//10161 2903//10163 2460//10162
f 2902//10161 2345//10164 2903//10163
f 2345//8069 2344//8070 2903//10165
f 2344//10166 2450//10167 2903//10166
f 2460//8607 2903//10168 2450//8414
f 2342//10169 2450//10170 2343//10170
f 2343//8077 2450//10171 2344//8079
f 2345//10172 2902//10172 2346//10173
f 2902//10174 2904//10176 2346//10175
f 2902//10174 2461//10177 2904//10176
f 2461//10177 2462//10178 2904//10176
f 2904//10176 2347//10179 2346//10175
f 2436//10180 2905//10182 2434//10181
f 2905//10183 2433//8278 2434//8279
f 2905//10184 2897//10139 2433//10185
f 2897//10186 2431//10188 2433//10187
f 2897//10136 2896//10137 2431//10189
f 2896//10137 2430//10190 2431//10189
f 2896//10191 2370//10191 2430//10192
f 2894//10132 2428//8144 2429//8111
f 2428//8144 2894//10132 2378//8146
f 2894//10193 2906//10194 2378//8146
f 2894//10193 2907//10195 2906//10194
f 2894//10196 2893//10198 2907//10197
f 2893//10198 2908//10199 2907//10197
f 2893//10200 2891//10202 2908//10201
f 2891//10202 2909//10203 2908//10201
f 2891//10204 2889//10206 2909//10205
f 2889//10206 2910//10207 2909//10205
f 2889//10206 2779//10208 2910//10207
f 2906//10194 2911//10209 2378//8146
f 2911//10209 2427//8147 2378//8146
f 2911//10209 2912//10210 2427//8147
f 2912//10210 2913//10211 2427//8147
f 2912//10212 2914//10214 2913//10213
f 2914//10215 2915//10217 2913//10216
f 2914//10218 2916//10220 2915//10219
f 2916//10221 2917//10222 2915//10222
f 2916//10223 2918//10224 2917//10223
f 2918//10225 2919//10226 2917//10226
f 2918//10227 2920//10229 2919//10228
f 2920//10230 2921//10232 2919//10231
f 2920//10233 2922//10234 2921//10233
f 2922//10235 2923//10236 2921//10236
f 2922//10237 2924//10238 2923//10237
f 2924//10239 2925//10241 2923//10240
f 2924//10242 2800//10243 2925//10242
f 2800//10244 2801//10246 2925//10245
f 2913//10211 2926//10247 2427//8147
f 2926//10248 2383//8164 2427//8147
f 2926//10248 2384//8166 2383//8164
f 2926//10248 2927//10249 2384//8166
f 2926//10250 2928//10252 2927//10251
f 2928//10252 2929//10253 2927//10251
f 2928//10254 2930//10256 2929//10255
f 2930//10256 2301//7836 2929//10255
f 2303//7837 2931//10257 2301//7836
f 2384//8167 2927//10258 2385//8169
f 2927//10258 2932//10259 2385//8169
f 2927//10258 2929//10260 2932//10259
f 2929//10260 2931//10257 2932//10259
f 2929//10260 2301//7836 2931//10257
f 2385//8331 2932//10261 2386//8333
f 2932//10261 2933//10262 2386//8333
f 2932//10261 2931//10263 2933//10262
f 2931//10263 2934//10264 2933//10262
f 2931//10263 2313//10265 2934//10264
f 2313//10266 2314//10267 2934//10267
f 2314//10268 2935//10270 2934//10269
f 2314//8019 2311//8020 2935//10271
f 2311//7861 2312//7862 2935//10272
f 2317//8023 2936//10273 2316//7880
f 2317//8023 2937//10274 2936//10273
f 2938//10275 2419//10277 2937//10276
f 2938//10278 2402//8215 2419//8362
f 2386//8149 2933//10279 2387//8148
f 2933//10280 2939//10282 2387//10281
f 2933//10280 2934//10269 2939//10282
f 2934//10269 2935//10270 2939//10282
f 2387//8348 2939//10283 2426//8258
f 2939//10284 2940//10286 2426//10285
f 2939//10284 2935//10272 2940//10286
f 2935//10272 2941//10287 2940//10286
f 2935//10272 2312//7862 2941//10287
f 2426//8258 2940//10288 2425//8255
f 2940//10289 2421//8250 2425//8255
f 2940//10289 2936//10290 2421//8250
f 2940//10291 2941//10293 2936//10292
f 2941//10293 2312//7879 2936//10292
f 2312//7879 2316//7880 2936//10292
f 2421//8247 2936//10273 2420//8246
f 2936//10273 2937//10274 2420//8246
f 2420//10294 2937//10296 2419//10295
f 2938//10297 2403//8189 2402//8219
f 2324//10298 2329//8188 2403//8189
f 2324//7890 2938//10299 2319//7885
f 2938//10300 2318//7881 2319//7882
f 2938//10275 2937//10276 2318//10301
f 2937//10302 2317//8025 2318//7881
f 2313//10265 2931//10263 2303//10303
f 2301//7836 2930//10256 2300//7833
f 2930//10256 2942//10304 2300//7833
f 2930//10256 2943//10305 2942//10304
f 2930//10306 2928//10308 2943//10307
f 2928//10308 2944//10309 2943//10307
f 2928//10308 2945//10310 2944//10309
f 2928//10311 2926//10313 2945//10312
f 2926//10313 2946//10314 2945//10312
f 2926//10313 2913//10315 2946//10314
f 2942//10304 2947//10316 2300//7833
f 2942//10317 2948//10318 2947//10317
f 2948//10319 2949//10321 2947//10320
f 2948//10322 2950//10323 2949//10322
f 2950//10324 2951//10325 2949//10325
f 2950//10326 2952//10326 2951//10327
f 2952//10328 2953//10329 2951//10328
f 2952//10330 2954//10330 2953//10331
f 2954//10332 2955//10333 2953//10333
f 2954//10334 2956//10335 2955//10335
f 2956//10336 2957//10336 2955//10336
f 2956//10337 2958//10337 2957//10338
f 2958//10339 2959//10340 2957//10340
f 2958//10341 2806//10342 2959//10342
f 2806//10343 2807//10345 2959//10344
f 2947//10316 2297//7832 2300//7833
f 2947//10316 2960//10346 2297//7832
f 2297//7832 2960//10346 2294//8013
f 2960//10346 2961//10347 2294//8013
f 2961//10347 2962//10348 2294//8013
f 2961//10349 2963//10351 2962//10350
f 2963//10351 2964//10352 2962//10350
f 2964//10352 2965//10353 2962//10350
f 2964//10354 2966//10356 2965//10355
f 2966//10356 2967//10357 2965//10355
f 2967//10357 2968//10358 2965//10355
f 2967//10359 2969//10361 2968//10360
f 2969//10361 2178//7371 2968//10360
f 2178//7371 2181//7373 2968//10360
f 2181//7502 2182//7374 2968//10362
f 2196//7411 2970//10363 2183//7381
f 2196//7411 2971//10364 2970//10363
f 2972//10365 2973//10367 2971//10366
f 2972//10368 2974//10370 2973//10369
f 2974//10371 2275//7776 2973//10372
f 2974//10373 2285//7808 2275//7813
f 2294//8013 2962//10374 2296//7828
f 2962//10374 2975//10375 2296//7828
f 2975//10376 2295//7827 2296//7828
f 2295//7827 2975//10377 2290//7829
f 2976//10378 2289//10380 2290//10379
f 2976//10378 2977//10381 2289//10380
f 2977//10382 2286//7953 2289//7951
f 2977//10383 2973//10367 2286//10384
f 2973//10385 2276//7973 2286//7971
f 2973//10372 2275//7776 2276//7777
f 2285//7805 2978//10386 2284//7804
f 2285//7808 2974//10373 2978//10387
f 2971//10366 2197//10388 2972//10365
f 2971//10389 2196//10391 2197//10390
f 2978//10386 2979//10392 2284//7804
f 2979//10393 2283//7799 2284//8004
f 2979//10394 2980//10396 2283//10395
f 2980//10397 2282//7785 2283//7797
f 2980//10398 2277//7779 2282//7784
f 2277//7779 2210//10399 2212//7783
f 2210//10400 2980//10400 2202//10400
f 2980//10401 2200//7423 2202//7424
f 2980//10396 2979//10394 2200//10402
f 2979//10403 2199//10404 2200//10403
f 2979//10392 2978//10386 2199//7600
f 2978//10386 2198//7418 2199//7600
f 2978//10387 2195//7417 2198//7418
f 2195//7415 2972//10405 2194//7396
f 2972//10406 2197//7596 2194//7597
f 2969//10361 2981//10407 2178//7371
f 2969//10408 2982//10410 2981//10409
f 2982//10411 2983//10412 2981//10412
f 2982//10413 2984//10414 2983//10414
f 2984//10415 2985//10417 2983//10416
f 2984//10415 2986//10418 2985//10417
f 2986//10419 2987//10421 2985//10420
f 2986//10419 2988//10421 2987//10421
f 2988//10422 2989//10423 2987//10423
f 2988//10424 2990//10426 2989//10425
f 2990//10427 2991//10428 2989//10428
f 2990//10429 2992//10431 2991//10430
f 2992//10432 2993//10433 2991//10433
f 2992//10434 2994//10435 2993//10434
f 2994//10436 2995//10438 2993//10437
f 2994//10439 2996//10441 2995//10440
f 2996//10442 2997//10444 2995//10443
f 2996//10445 2816//10447 2997//10446
f 2816//10448 2817//10450 2997//10449
f 2981//10407 2998//10451 2178//7371
f 2998//10452 2175//7368 2178//7371
f 2998//10452 2999//10453 2175//7368
f 2998//10454 2983//10455 2999//10454
f 2983//10455 2985//10456 2999//10454
f 2999//10457 2177//7370 2175//7368
f 2177//7370 3000//10458 2176//7594
f 3000//10459 2171//7365 2176//7594
f 3000//10459 3001//10460 2171//7365
f 3001//10461 2170//10463 2171//10462
f 3001//10464 2169//10466 2170//10465
f 3001//10464 3002//10467 2169//10466
f 3002//10468 2168//7521 2169//7519
f 3002//10469 3003//10471 2168//10470
f 3003//10472 2164//7534 2168//7532
f 3003//10473 3004//10475 2164//10474
f 3004//10476 2163//7352 2164//7360
f 3004//10477 2167//10479 2163//10478
f 2165//7582 2166//7586 3005//10480
f 2166//10481 3006//10483 3005//10482
f 2166//10481 2167//10484 3006//10483
f 2167//10479 3004//10477 3006//10485
f 3001//10486 3000//10488 3007//10487
f 3000//10458 3008//10490 3007//10489
f 3008//10491 3010//10493 3009//10492
f 3010//10494 3011//10496 3009//10495
f 3010//10494 2987//10497 3011//10496
f 2987//10423 2989//10423 3011//10498
f 3005//10499 3012//10501 2165//10500
f 3012//10502 2154//7331 2165//7581
f 3012//10503 2128//7152 2154//10504
f 2128//10505 2152//7319 2154//7329
f 2128//10506 2133//7322 2152//7320
f 2128//7152 3012//10503 2122//7144
f 3006//10507 3004//10509 3013//10508
f 3004//10475 3014//10511 3013//10510
f 3004//10475 3003//10473 3014//10511
f 3003//10471 3015//10513 3014//10512
f 3003//10471 3002//10469 3015//10513
f 3002//10467 3016//10515 3015//10514
f 3002//10467 3001//10464 3016//10515
f 3001//10486 3007//10487 3016//10516
f 3007//10517 3008//10519 3017//10518
f 3008//10491 3018//10521 3017//10520
f 3008//10491 3009//10492 3018//10521
f 3009//10522 3019//10522 3018//10523
f 3009//10522 3011//10522 3019//10522
f 3011//10524 3020//10525 3019//10525
f 3011//10524 2989//10526 3020//10525
f 2989//10428 2991//10428 3020//10527
f 2122//7144 3012//10528 2121//7143
f 3012//10501 3005//10499 2121//10529
f 3005//10530 2120//7302 2121//7303
f 2115//7122 3014//10531 2113//7120
f 3014//10532 2117//7285 2113//7286
f 3014//10512 3015//10513 2117//10533
f 3015//10534 2118//10535 2117//10535
f 3015//10514 2116//10537 2118//10536
f 2116//10538 3021//10539 2104//7102
f 2116//10538 3016//10540 3021//10539
f 3016//10540 3007//10541 3021//10539
f 3021//10539 2103//7203 2104//7102
f 3021//10539 3022//10542 2103//7203
f 3021//10539 3007//10517 3022//10542
f 3007//10517 3017//10518 3022//10542
f 3022//10542 2102//7283 2103//7203
f 3022//10543 3023//10544 2102//7280
f 3022//10543 3024//10545 3023//10544
f 3022//10546 3017//10548 3024//10547
f 3017//10548 3018//10549 3024//10547
f 3023//10544 3025//10550 2102//7280
f 2102//7280 3025//10550 2101//7281
f 3025//10550 3026//10551 2101//7281
f 3026//10551 2098//7213 2101//7281
f 3026//10552 3027//10552 2098//10552
f 3027//10553 3028//10554 2098//10554
f 3027//10555 3029//10557 3028//10556
f 3029//10557 3030//10558 3028//10556
f 3030//10558 3031//10559 3028//10556
f 3030//10560 3032//10562 3031//10561
f 3032//10562 3033//10563 3031//10561
f 3033//10563 3034//10564 3031//10561
f 3033//10565 3035//10565 3034//10565
f 3035//10565 3036//10565 3034//10565
f 3035//10566 3037//6385 3036//10567
f 3037//6385 3038//10569 3036//10568
f 3038//10569 3039//10570 3036//10568
f 3754//10571 3042//10573 3041//10572
f 3754//10571 3043//10574 3042//10573
f 3045//10575 2090//10577 3044//10576
f 2083//7080 2084//7082 2090//10578
f 2084//7082 2091//7223 3046//10579
f 2091//10580 3047//10582 3046//10581
f 2091//7222 2094//7220 3047//10583
f 2094//10584 3048//10586 3047//10585
f 2094//10584 2095//10587 3048//10586
f 2095//10588 2099//10589 3048//10588
f 2099//7100 3049//10591 3048//10590
f 2099//7100 3028//10592 3049//10591
f 2098//7213 3028//10592 2100//7098
f 3028//10592 2099//7100 2100//7098
f 2090//7275 3045//10593 2089//7274
f 3045//10593 3050//10594 2089//7274
f 3045//10593 3051//10595 3050//10594
f 3052//10596 3050//10598 3051//10597
f 3052//10599 3053//10601 3050//10600
f 2085//7066 2086//7067 3053//10602
f 2086//10603 3050//10600 3053//10601
f 2086//7071 2089//7273 3050//10604
f 3053//10605 3054//10605 2085//10605
f 3054//10606 2075//10606 2085//10606
f 3054//10607 2077//10608 2075//10608
f 3054//10609 3053//10611 3055//10610
f 3053//10612 3052//10596 3055//10613
f 3051//10595 3045//10593 3056//10614
f 3045//10575 3057//10616 3056//10615
f 3057//10616 3043//10618 3058//10617
f 3043//10619 3754//10620 3058//10617
f 3035//10566 3059//10621 3037//6385
f 3059//10621 3060//10622 3037//6385
f 3060//10622 1905//6387 3037//6385
f 3060//10623 3061//10624 1905//6387
f 3060//10625 3062//10625 3061//10625
f 3062//10626 3063//10628 3061//10627
f 3062//10629 3064//10631 3063//10630
f 3064//10632 3065//10632 3063//10633
f 3064//10634 3066//10634 3065//10634
f 3066//10635 3067//10637 3065//10636
f 3066//10638 3068//10640 3067//10639
f 3068//10641 3069//10642 3067//10642
f 3068//10643 3070//10645 3069//10644
f 3070//10646 3071//10648 3069//10647
f 3070//10649 3072//10650 3071//10649
f 3072//10651 3073//10653 3071//10652
f 3072//10651 3074//10654 3073//10653
f 3074//10655 3075//10655 3073//10656
f 3074//10655 3076//10657 3075//10655
f 3076//10658 3077//10659 3075//10659
f 3076//10660 2834//10662 3077//10661
f 2834//10663 2835//10663 3077//10664
f 3061//10624 3078//10665 1905//6387
f 3061//10666 3079//10667 3078//10666
f 3079//10667 3080//10666 3078//10666
f 3079//10668 3081//10669 3080//10669
f 3081//10669 3082//10670 3080//10669
f 3081//10671 3083//10673 3082//10672
f 3083//10673 3084//10674 3082//10672
f 3083//10675 3085//10677 3084//10676
f 3085//10677 3086//10678 3084//10676
f 3086//10678 3087//10679 3084//10676
f 3086//10680 904//2576 3087//10681
f 3078//10665 1862//6388 1905//6387
f 3078//10682 1904//6510 1862//6388
f 1904//6510 3080//10684 3088//10683
f 3080//10685 3082//10687 3088//10686
f 3088//10688 3089//10690 1904//10689
f 3089//10691 1864//6511 1904//6510
f 3089//10692 1866//10694 1864//10693
f 3089//10692 3090//10695 1866//10694
f 3090//10696 1868//10698 1866//10697
f 3090//10699 3091//10701 1868//10700
f 3091//10702 1869//6419 1868//6417
f 3091//10703 3092//10705 1869//10704
f 3092//10706 1903//10708 1869//10707
f 3092//10709 1902//10711 1903//10710
f 1902//6506 3093//10712 1872//6437
f 3093//10713 1901//6519 1872//6438
f 3093//10714 3094//10716 1901//10715
f 3094//10717 1874//10719 1901//10718
f 3094//10720 834//10721 1874//10720
f 3094//10722 840//2600 834//2400
f 835//10723 1900//10725 834//10724
f 1900//6523 1874//6524 834//10726
f 840//2402 3094//10727 841//2401
f 3094//10716 3093//10714 841//10728
f 3093//10729 912//2588 841//2589
f 3095//10730 911//2614 912//2612
f 3095//10731 910//2615 911//2614
f 3095//10732 3096//10734 910//10733
f 3096//10735 856//10735 910//10736
f 3096//10737 3097//10739 856//10738
f 856//10740 3098//10742 857//10741
f 856//10740 3097//10743 3098//10742
f 3096//10737 3092//10705 3097//10739
f 3096//10734 1902//10745 3092//10744
f 908//10746 858//10748 857//10747
f 907//2646 3087//10749 906//2642
f 3087//10681 904//2576 906//2645
f 904//2576 3086//10680 3099//10750
f 3086//10751 3100//10752 3099//10751
f 3086//10753 3085//10753 3100//10754
f 3085//10753 3101//10755 3100//10754
f 3085//10756 3083//10758 3101//10757
f 3083//10758 3102//10759 3101//10757
f 3083//10760 3081//10761 3102//10761
f 3081//10761 3103//10762 3102//10761
f 3081//10763 3079//10764 3103//10764
f 3079//10764 3063//10765 3103//10764
f 3079//10626 3061//10627 3063//10628
f 3099//10750 867//2575 904//2576
f 3099//10750 3104//10766 867//2575
f 3104//10766 3105//10767 867//2575
f 3104//10768 3106//10770 3105//10769
f 3106//10770 3107//10769 3105//10769
f 3106//10771 3108//10771 3107//10771
f 3108//10771 3109//10771 3107//10771
f 3108//10772 3110//10773 3109//10772
f 3110//10773 3111//10772 3109//10772
f 3110//10774 3073//10775 3111//10775
f 3073//10775 3075//10776 3111//10775
f 867//2575 3112//10777 868//2649
f 867//10778 3113//10780 3112//10779
f 3113//10781 3114//10783 3112//10782
f 3113//10784 3115//10786 3114//10785
f 3115//10787 3116//10787 3114//10788
f 3115//10789 3117//10791 3116//10790
f 3117//10792 3118//10794 3116//10793
f 3117//10795 3119//10795 3118//10796
f 3119//10797 3120//10798 3118//10798
f 3119//10799 3121//10800 3120//10799
f 3121//10801 3122//10801 3120//10801
f 3121//10802 3123//10802 3122//10802
f 3123//10803 3124//10803 3122//10804
f 3123//10803 3125//10805 3124//10803
f 3125//10806 3126//10806 3124//10807
f 3125//10806 3127//10806 3126//10806
f 3127//10808 3128//10808 3126//10809
f 3127//10808 3129//10810 3128//10808
f 3129//10811 3130//10812 3128//10811
f 3129//10811 3131//10811 3130//10812
f 3131//10813 3132//10813 3130//10814
f 3131//10815 2844//10815 3132//10816
f 2844//10817 2845//10818 3132//10818
f 3112//10777 869//2650 868//2649
f 3112//10819 3133//10821 869//10820
f 3133//10821 3134//10822 869//10820
f 3133//10823 3135//10825 3134//10824
f 3135//10825 3136//10826 3134//10824
f 3136//10826 3137//10827 3134//10824
f 3136//10828 3138//10830 3137//10829
f 3138//10830 3139//10831 3137//10829
f 3139//10831 3140//10832 3137//10829
f 3139//10833 987//2874 3140//10834
f 869//2494 3134//10835 870//2495
f 3134//10835 3141//10836 870//2495
f 3134//10835 3142//10837 3141//10836
f 3134//10838 3137//10840 3142//10839
f 3137//10840 3143//10841 3142//10839
f 3137//10842 3140//10844 3143//10843
f 3140//10844 989//2876 3143//10843
f 989//2876 990//2942 3143//10843
f 990//2942 3144//10845 3143//10843
f 990//10846 938//10847 3144//10846
f 938//10848 937//10850 3144//10849
f 935//10851 3145//10853 937//10852
f 935//10854 991//10854 3145//10854
f 3141//10855 871//2496 870//2495
f 3141//10856 903//10858 871//10857
f 3141//10856 3146//10859 903//10858
f 3146//10860 902//10862 903//10861
f 3146//10860 3147//10863 902//10862
f 3147//10864 901//2672 902//2670
f 901//10865 3148//10867 900//10866
f 3148//10868 898//10870 900//10869
f 3148//10868 3149//10871 898//10870
f 3149//10872 3150//10874 898//10873
f 3150//10875 897//2677 898//2675
f 3150//10876 896//2560 897//2561
f 3150//10876 3151//10877 896//2560
f 3151//10878 894//10878 896//10879
f 3151//10880 885//10882 894//10881
f 885//10883 920//10885 917//10884
f 886//10886 884//10886 917//10886
f 884//2523 885//2524 917//10887
f 920//2886 885//10888 994//2885
f 885//10882 3151//10880 994//10889
f 3151//10890 993//2914 994//2885
f 3150//10876 992//2917 993//2923
f 3150//10891 933//2922 992//2920
f 3150//10892 3152//10894 933//10893
f 3152//10895 991//2883 933//2884
f 3152//10896 3145//10898 991//10897
f 3140//10834 987//2874 989//2876
f 987//2874 3139//10833 3153//10899
f 3139//10900 3154//10901 3153//10901
f 3139//10902 3138//10903 3154//10903
f 3138//10903 3155//10903 3154//10903
f 3138//10904 3136//10906 3155//10905
f 3136//10906 3156//10905 3155//10905
f 3136//10907 3135//10909 3156//10908
f 3135//10909 3157//10908 3156//10908
f 3135//10910 3133//10911 3157//10911
f 3133//10911 3114//10910 3157//10911
f 3133//10912 3112//10782 3114//10783
f 3153//10899 946//2778 987//2874
f 3153//10899 3158//10913 946//2778
f 3153//10914 3159//10916 3158//10915
f 3159//10916 3160//10917 3158//10915
f 3159//10918 3161//10919 3160//10918
f 3161//10919 3162//10920 3160//10918
f 3161//10921 3163//10922 3162//10922
f 3163//10922 3164//10923 3162//10922
f 3163//10924 3165//10925 3164//10925
f 3165//10925 3166//10924 3164//10925
f 3165//10926 3124//10928 3166//10927
f 3124//10928 3126//10929 3166//10927
f 3158//10913 3167//10930 946//2778
f 3167//10930 948//10931 946//2778
f 949//2781 3169//10933 3168//10932
f 949//2781 948//2780 3169//10933
f 948//10931 3167//10930 3169//10934
f 949//2781 3168//10935 950//2785
f 3168//10935 3170//10936 950//2785
f 3170//10937 986//2790 950//2785
f 3170//10938 985//10940 986//10939
f 3170//10938 3171//10941 985//10940
f 3171//10942 984//2957 985//2955
f 984//10943 3172//10945 983//10944
f 3172//10945 3173//10946 983//10944
f 3172//10945 3174//10947 3173//10946
f 3172//10948 3175//10950 3174//10949
f 3175//10950 1061//10951 3174//10949
f 1061//10952 1113//10954 3174//10953
f 1113//10955 3176//10957 3174//10956
f 1113//3415 1114//3416 3176//10958
f 1114//10959 1115//10961 3176//10960
f 1115//10961 3177//10962 3176//10960
f 1115//3371 1116//3372 3177//10963
f 3173//10964 981//10966 983//10965
f 3173//10967 980//10969 981//10968
f 3173//10970 3174//10956 980//10971
f 3174//10956 3176//10957 980//10971
f 1116//10972 1041//10974 963//10973
f 1116//10972 1045//10975 1041//10974
f 966//10976 965//10978 1041//10977
f 965//2811 963//2809 1041//10979
f 3175//10980 1062//3227 1061//3225
f 3178//10981 1064//10983 1063//10982
f 3178//10984 1112//10986 1064//10985
f 3178//10987 3179//10988 1112//3436
f 3179//10988 1111//3433 1112//3436
f 3179//10988 3180//10989 1111//3433
f 3180//10989 1109//3363 1111//3433
f 1109//3363 3182//10991 3181//10990
f 3182//10992 3183//10992 3181//10993
f 3182//10994 3184//10995 3183//10995
f 3184//10995 3185//10995 3183//10995
f 3184//10996 3186//10996 3185//10997
f 3186//10996 3187//10998 3185//10997
f 3186//10999 3188//11000 3187//11000
f 3188//11000 3189//11001 3187//11000
f 3188//11002 3190//11003 3189//11003
f 3190//11003 3191//11004 3189//11003
f 3190//11005 3192//11005 3191//11006
f 3192//11007 3193//11009 3191//11008
f 3192//11010 3162//11012 3193//11011
f 3162//11013 3164//11015 3193//11014
f 3181//10990 1074//3271 1109//3363
f 3181//10990 3194//11016 1074//3271
f 3181//11017 3195//11019 3194//11018
f 3195//11019 3196//11020 3194//11018
f 3195//11021 3197//11023 3196//11022
f 3197//11023 3198//11024 3196//11022
f 3197//11025 3199//11025 3198//11025
f 3199//11025 3200//11026 3198//11025
f 3199//11027 3201//11028 3200//11028
f 3201//11028 3202//11029 3200//11028
f 3201//11030 3203//11032 3202//11031
f 3203//11032 3204//11030 3202//11031
f 3203//11033 3205//11033 3204//11033
f 3205//11033 3206//11033 3204//11033
f 3205//11034 2848//11035 3206//11035
f 2848//11035 2849//11036 3206//11035
f 1074//3271 3194//11016 1075//3266
f 3194//11016 3207//11037 1075//3266
f 1075//3266 3207//11038 1076//3265
f 3207//11038 3208//11039 1076//3265
f 3208//11039 3209//11040 1076//3265
f 3208//11041 3210//11043 3209//11042
f 3210//11043 3211//11044 3209//11042
f 3211//11044 3212//11045 3209//11042
f 3211//11046 3213//11047 3212//11047
f 3213//11047 3214//11048 3212//11047
f 3213//11049 3215//11050 3214//11049
f 3215//11050 3216//11051 3214//11049
f 3215//11052 3217//11054 3216//11053
f 3217//11054 1168//11055 3216//11053
f 3217//11056 1166//3564 1168//3565
f 1169//3731 3216//11057 1168//3730
f 1169//3731 3218//11058 3216//11057
f 3219//11059 3220//11061 3218//11060
f 3219//11062 3221//11064 3220//11063
f 3221//11065 3222//11067 3220//11066
f 3221//11068 3223//11070 3222//11069
f 3223//11071 1107//3451 3222//11072
f 3223//11073 1106//3455 1107//3458
f 1107//3451 1108//3449 3222//11072
f 1108//11074 3224//11075 3222//11067
f 1108//11074 1078//11076 3224//11075
f 1078//3269 3225//11078 3224//11077
f 1078//3269 1077//3268 3225//11078
f 1077//11079 3209//11081 3225//11080
f 1077//11079 1076//11082 3209//11081
f 3223//11083 3226//11085 1106//11084
f 3226//11086 1105//3457 1106//3455
f 3226//11087 3229//11089 1105//11088
f 3229//11090 1103//3354 1105//3355
f 3229//11091 1104//3352 1103//3353
f 3229//11092 3227//11094 1104//11093
f 3227//11095 1102//11097 1104//11096
f 3227//11098 3228//11098 1102//11098
f 3228//11099 1090//11099 1102//11099
f 3228//11100 1185//11102 1090//11101
f 1185//11103 1091//11105 1090//11104
f 1185//11102 3228//11100 1182//11106
f 3229//11092 1174//11108 1175//11107
f 3229//11089 1172//3759 1174//3760
f 1165//3572 3230//11109 1164//3571
f 1165//3572 1172//3757 3230//11110
f 1172//11111 3226//11085 3230//11112
f 1172//3759 3229//11089 3226//11087
f 3219//11062 1170//11114 1171//11113
f 3219//11059 3218//11060 1170//3749
f 3218//11060 1169//3731 1170//3749
f 3217//11056 3231//11115 1166//3564
f 3231//11115 1195//3563 1166//3564
f 1195//3563 3231//11115 1154//3665
f 3231//11116 3232//11118 1154//11117
f 3231//11119 3233//11121 3232//11120
f 3233//11122 3234//11122 3232//11123
f 3233//11124 3235//11126 3234//11125
f 3235//11127 3236//11127 3234//11128
f 3235//11129 3237//11129 3236//11129
f 3237//11130 3238//11130 3236//11130
f 3237//11131 3239//11133 3238//11132
f 3239//11134 3240//11135 3238//11135
f 3239//11136 3241//11136 3240//11137
f 3241//11138 3242//11139 3240//11139
f 3241//11140 3243//11140 3242//11141
f 3243//11142 3244//11143 3242//11143
f 3243//11144 2864//11146 3244//11145
f 2864//11147 2865//11148 3244//11148
f 1153//3664 1154//3665 1147//3674
f 1147//11149 3246//11151 3245//11150
f 1147//11152 1154//11152 3246//11152
f 1154//11117 3247//11154 3246//11153
f 1154//11117 3232//11118 3247//11154
f 3232//11123 3234//11122 3247//11123
f 1147//3674 3245//11155 1146//3673
f 3245//11155 1152//11156 1146//3673
f 1149//3522 3248//11157 1148//3521
f 3248//11158 3249//11160 1148//11159
f 3248//11158 3250//11161 3249//11160
f 3250//11161 3251//11162 3249//11160
f 3250//11161 1275//11163 3251//11162
f 3250//11164 1220//11166 1275//11165
f 1148//3518 3249//11167 1138//3517
f 3249//11168 3252//11170 1138//11169
f 3249//11168 3251//11171 3252//11170
f 3251//11171 1276//11172 3252//11170
f 1276//4006 1277//4004 3252//11173
f 1277//11174 1278//11176 3252//11175
f 1278//11176 3253//11177 3252//11175
f 1278//3979 1279//3982 3253//11178
f 1208//11179 1131//11179 1279//11180
f 1131//3491 1133//3492 1279//11181
f 1138//3500 3252//11182 1137//3499
f 3252//11175 1135//11184 1137//11183
f 1135//3494 3253//11185 1134//3493
f 3253//11178 1279//3982 1134//11186
f 1134//11187 1279//11189 1133//11188
f 1131//11190 1204//3772 1130//3487
f 1131//11191 1208//11193 1204//11192
f 1276//3973 3251//11194 1275//3972
f 3250//11195 1221//3816 1220//3831
f 3254//11196 1222//11198 1221//11197
f 3254//11199 3255//11200 1222//4029
f 3255//11200 1274//4024 1222//4029
f 1274//4030 3255//11201 1273//3969
f 3255//11202 3256//11204 1273//11203
f 3255//11202 3257//11205 3256//11204
f 3255//11206 3258//11208 3257//11207
f 3258//11208 3259//11209 3257//11207
f 3258//11210 3245//11150 3259//11211
f 3245//11150 3246//11151 3259//11211
f 1273//3969 3260//11212 1231//3964
f 3260//11212 3261//11213 1231//3964
f 3260//11214 3262//11216 3261//11215
f 3262//11217 3263//11218 3261//11217
f 3262//11219 3264//11220 3263//11220
f 3264//11221 3265//11223 3263//11222
f 3264//11224 3266//11224 3265//11225
f 3266//11226 3267//11228 3265//11227
f 3266//11226 3268//11229 3267//11228
f 3268//11230 3269//11232 3267//11231
f 3268//11230 3270//11233 3269//11232
f 3270//11234 3271//11236 3269//11235
f 3270//11237 3272//11237 3271//11238
f 3272//11239 3273//11240 3271//11240
f 3272//11241 3274//11241 3273//11242
f 3274//11243 3275//11243 3273//11244
f 3274//11245 3276//11246 3275//11245
f 3276//11247 3277//11247 3275//11248
f 3276//11247 3278//11249 3277//11247
f 3278//11250 3279//11252 3277//11251
f 3278//11250 3280//11252 3279//11252
f 3280//11253 3281//11253 3279//11254
f 3280//11255 2875//11255 3281//11255
f 2875//11256 2876//11256 3281//11256
f 3261//11213 1232//3963 1231//3964
f 3261//11213 3282//11257 1232//3963
f 1232//3963 3282//11257 1233//4031
f 1233//4031 3283//11258 1234//3877
f 1233//4031 3284//11260 3283//11259
f 3284//11260 3285//11261 3283//11259
f 3285//11262 3286//11264 3283//11263
f 3285//11262 3287//11265 3286//11264
f 3287//11266 3288//11268 3286//11267
f 3287//11269 3289//11271 3288//11270
f 3289//11272 3290//11274 3288//11273
f 3289//11275 3291//11277 3290//11276
f 3291//11278 3292//11280 3290//11279
f 3291//11281 3293//11283 3292//11282
f 3293//11284 3294//11284 3292//11285
f 3293//11284 3295//11286 3294//11284
f 3295//11287 3296//11289 3294//11288
f 3295//11287 3297//11290 3296//11289
f 3297//11291 3298//11292 3296//11292
f 3297//11293 3299//11293 3298//11294
f 3299//11295 3300//11297 3298//11296
f 3299//11298 3301//11300 3300//11299
f 3301//11301 3302//11302 3300//11302
f 3301//11303 3303//11305 3302//11304
f 3303//11306 3304//11308 3302//11307
f 3303//11309 2878//11311 3304//11310
f 2878//11312 2879//11313 3304//11313
f 3283//11258 1235//3878 1234//3877
f 3283//11314 3305//11316 1235//11315
f 3305//11317 3306//11318 1235//3850
f 3306//11319 3308//11321 3307//11320
f 3308//11321 3309//11322 3307//11320
f 3308//11321 1008//11323 3309//11322
f 1008//11324 1018//11325 3309//11325
f 1019//11326 1022//11328 1018//11327
f 1024//11329 3310//11331 1022//11330
f 1024//3036 3311//11333 3310//11332
f 3311//11333 1245//3922 3310//11332
f 1235//3850 3306//11318 1237//3852
f 3306//11319 3307//11320 1237//3854
f 3307//11334 3309//11336 3312//11335
f 3309//11336 3313//11337 3312//11335
f 3309//11336 1018//11338 3313//11337
f 1238//3856 3307//11334 1239//3858
f 3307//11334 3312//11335 1239//3858
f 3312//11339 3313//11341 3314//11340
f 3313//11341 1022//11342 3314//11340
f 3313//11343 1018//11327 1022//11328
f 1239//11344 3312//11345 1241//11344
f 3312//11339 3314//11340 1241//11346
f 3314//11347 1022//11330 3310//11331
f 1241//3864 3314//11348 1243//3866
f 3314//11347 3310//11331 1243//11349
f 1243//3904 3310//11350 1244//3906
f 3310//11332 1245//3922 1244//3920
f 1248//3867 1246//3925 1025//11351
f 1246//11352 3311//11354 1025//11353
f 1246//3925 1245//3923 3311//11355
f 1025//11356 1031//11358 1248//11357
f 1031//11359 1250//3872 1248//3870
f 1031//11360 1033//11362 1250//11361
f 1025//11363 1017//3007 1016//3005
f 1008//11323 3308//11321 1006//11364
f 3308//11365 3315//11367 1006//11366
f 3315//11367 1003//11368 1006//11366
f 1003//11369 3315//11371 1002//11370
f 3315//11371 3316//11372 1002//11370
f 3315//11373 3317//11375 3316//11374
f 3317//11375 3286//11376 3316//11374
f 3317//11375 3283//11314 3286//11376
f 1002//2986 3316//11378 3318//11377
f 3316//11378 3319//11379 3318//11377
f 3316//11380 3286//11267 3319//11381
f 3286//11267 3288//11268 3319//11381
f 1002//2986 3318//11377 1001//2985
f 3318//11377 2752//9706 1001//2985
f 3196//11382 3320//11384 3194//11383
f 3320//11384 3207//11385 3194//11383
f 3320//11386 3321//11388 3207//11387
f 3321//11388 3208//11389 3207//11387
f 3321//11390 3322//11392 3208//11391
f 3322//11392 3210//11393 3208//11391
f 3322//11394 3323//11396 3210//11395
f 3323//11396 3211//11397 3210//11395
f 3323//11398 3324//11400 3211//11399
f 3324//11400 3213//11401 3211//11399
f 3324//11402 3325//11404 3213//11403
f 3325//11404 3215//11405 3213//11403
f 3325//11406 3326//11407 3215//11407
f 3326//11407 3217//11408 3215//11407
f 3326//11409 3327//11411 3217//11410
f 3327//11411 3231//11412 3217//11410
f 3327//11413 3233//11121 3231//11119
f 3198//11414 3328//11416 3196//11415
f 3328//11416 3320//11417 3196//11415
f 3328//11418 3329//11418 3320//11418
f 3329//11418 3321//11419 3320//11418
f 3329//11420 3330//11420 3321//11421
f 3330//11420 3322//11422 3321//11421
f 3330//11423 3331//11425 3322//11424
f 3331//11425 3323//11423 3322//11424
f 3331//11426 3332//11426 3323//11427
f 3332//11426 3324//11428 3323//11427
f 3332//11429 3333//11430 3324//11429
f 3333//11430 3325//11431 3324//11429
f 3333//11432 3334//11434 3325//11433
f 3334//11434 3326//11435 3325//11433
f 3334//11436 3335//11437 3326//11437
f 3335//11437 3327//11438 3326//11437
f 3335//11439 3336//11440 3327//11439
f 3336//11440 3233//11441 3327//11439
f 3336//11442 3235//11126 3233//11124
f 3200//11443 3337//11444 3198//11443
f 3337//11444 3328//11445 3198//11443
f 3337//11446 3338//11446 3328//11447
f 3338//11446 3329//11448 3328//11447
f 3338//11449 3339//11451 3329//11450
f 3339//11451 3330//11449 3329//11450
f 3339//11452 3340//11454 3330//11453
f 3340//11454 3331//11453 3330//11453
f 3340//11455 3341//11457 3331//11456
f 3341//11457 3332//11458 3331//11456
f 3341//11459 3342//11461 3332//11460
f 3342//11461 3333//11462 3332//11460
f 3342//11463 3343//11463 3333//11463
f 3343//11463 3334//11463 3333//11463
f 3343//11464 3344//11465 3334//11465
f 3344//11465 3335//11466 3334//11465
f 3344//11467 3345//11469 3335//11468
f 3345//11469 3336//11470 3335//11468
f 3345//11471 3346//11472 3336//11472
f 3346//11472 3235//11473 3336//11472
f 3346//11129 3237//11129 3235//11129
f 3202//11474 3347//11476 3200//11475
f 3347//11476 3337//11477 3200//11475
f 3347//11478 3348//11480 3337//11479
f 3348//11480 3338//11478 3337//11479
f 3348//11481 3349//11482 3338//11481
f 3349//11482 3339//11483 3338//11481
f 3349//11484 3350//11485 3339//11485
f 3350//11485 3340//11486 3339//11485
f 3350//11487 3351//11488 3340//11487
f 3351//11488 3341//11489 3340//11487
f 3351//11490 3352//11492 3341//11491
f 3352//11492 3342//11491 3341//11491
f 3352//11493 3353//11493 3342//11493
f 3353//11493 3343//11494 3342//11493
f 3353//11495 3354//11497 3343//11496
f 3354//11497 3344//11496 3343//11496
f 3354//11498 3355//11500 3344//11499
f 3355//11500 3345//11501 3344//11499
f 3355//11502 3356//11504 3345//11503
f 3356//11504 3346//11505 3345//11503
f 3356//11506 3357//11507 3346//11507
f 3357//11507 3237//11506 3346//11507
f 3357//11508 3239//11133 3237//11131
f 3204//11509 3358//11510 3202//11510
f 3358//11510 3347//11511 3202//11510
f 3358//11512 3359//11514 3347//11513
f 3359//11514 3348//11512 3347//11513
f 3359//11515 3360//11517 3348//11516
f 3360//11517 3349//11518 3348//11516
f 3360//11519 3361//11520 3349//11520
f 3361//11520 3350//11521 3349//11520
f 3361//11522 3362//11524 3350//11523
f 3362//11524 3351//11525 3350//11523
f 3362//11526 3363//11526 3351//11527
f 3363//11526 3352//11528 3351//11527
f 3363//11529 3364//11531 3352//11530
f 3364//11531 3353//11531 3352//11530
f 3364//11532 3365//11534 3353//11533
f 3365//11534 3354//11535 3353//11533
f 3365//11536 3366//11537 3354//11537
f 3366//11537 3355//11538 3354//11537
f 3366//11539 3367//11541 3355//11540
f 3367//11541 3356//11542 3355//11540
f 3367//11543 3368//11545 3356//11544
f 3368//11545 3357//11545 3356//11544
f 3368//11546 3369//11547 3357//11547
f 3369//11547 3239//11548 3357//11547
f 3369//11549 3241//11136 3239//11136
f 2850//11550 3206//11550 2849//11551
f 3206//11552 3370//11553 3204//11552
f 3370//11553 3358//11552 3204//11552
f 3370//11554 3371//11555 3358//11555
f 3371//11555 3359//11556 3358//11555
f 3371//11557 3372//11559 3359//11558
f 3372//11559 3360//11560 3359//11558
f 3372//11561 3373//11563 3360//11562
f 3373//11563 3361//11563 3360//11562
f 3373//11564 3374//11565 3361//11565
f 3374//11565 3362//11566 3361//11565
f 3374//11567 3375//11569 3362//11568
f 3375//11569 3363//11569 3362//11568
f 3375//11570 3376//11570 3363//11570
f 3376//11570 3364//11571 3363//11570
f 3376//11572 3377//11572 3364//11573
f 3377//11572 3365//11574 3364//11573
f 3377//11575 3378//11576 3365//11576
f 3378//11576 3366//11575 3365//11576
f 3378//11577 3379//11578 3366//11578
f 3379//11578 3367//11577 3366//11578
f 3379//11579 3380//11580 3367//11580
f 3380//11580 3368//11581 3367//11580
f 3380//11582 3381//11583 3368//11582
f 3381//11583 3369//11584 3368//11582
f 3381//11585 3382//11586 3369//11586
f 3382//11586 3241//11587 3369//11586
f 3382//11588 3243//11140 3241//11140
f 2753//11589 3384//11589 3383//11590
f 3384//11591 3294//11591 3383//11592
f 3384//11593 3292//11594 3294//11593
f 3294//11591 3296//11592 3383//11592
f 3296//11595 3385//11595 3383//11596
f 3296//11292 3298//11292 3385//11597
f 3298//11598 3386//11600 3385//11599
f 3298//11296 3300//11297 3386//11601
f 3300//11602 3387//11603 3386//11602
f 3300//11302 3302//11302 3387//11604
f 3302//11605 3388//11606 3387//11606
f 3302//11307 3304//11308 3388//11307
f 3304//11607 3389//11608 3388//11608
f 3304//11313 2879//11313 3389//11609
f 2879//11610 2880//11610 3389//11611
f 3383//11612 3390//11614 2753//11613
f 3390//11614 2754//11614 2753//11613
f 3390//11615 3391//11617 2754//11616
f 3391//11617 2756//11618 2754//11616
f 3391//11619 3392//11621 2756//11620
f 3392//11621 2758//11622 2756//11620
f 3392//11623 3393//11625 2758//11624
f 3393//11625 2759//11626 2758//11624
f 3393//11627 3394//11627 2759//11628
f 3394//11627 2761//11629 2759//11628
f 3394//11630 3395//11630 2761//11631
f 3395//11630 2763//11632 2761//11631
f 3395//11633 3396//11634 2763//11634
f 3396//11634 2777//11635 2763//11634
f 3396//11636 3397//11638 2777//11637
f 3397//11638 2778//11639 2777//11637
f 3397//11640 2780//9794 2778//9792
f 3297//11641 3399//11641 3398//11642
f 3399//11643 3277//11643 3398//11643
f 3399//11644 3275//11646 3277//11645
f 3277//11643 3279//11647 3398//11643
f 3279//11648 3400//11648 3398//11649
f 3279//11254 3281//11253 3400//11650
f 3281//11651 3401//11652 3400//11652
f 3281//11256 2876//11256 3401//11653
f 2876//11654 2877//11654 3401//11654
f 3400//11648 3299//11655 3398//11649
f 3299//11293 3297//11293 3398//11656
f 3278//11657 2873//11659 3280//11658
f 2873//11659 2874//11660 3280//11658
f 2874//11661 2875//11255 3280//11255
f 3276//11662 2872//11663 3278//11663
f 2872//11663 2873//11663 3278//11663
f 3297//11641 3295//11664 3399//11641
f 3295//11665 3402//11665 3399//11665
f 3295//11665 3293//11666 3402//11665
f 3293//11667 3403//11668 3402//11668
f 3293//11283 3291//11281 3403//11669
f 3291//11670 3404//11671 3403//11670
f 3291//11277 3289//11275 3404//11277
f 3289//11672 3405//11673 3404//11673
f 3289//11271 3287//11269 3405//11674
f 3287//11675 3406//11675 3405//11675
f 3287//11675 3285//11675 3406//11675
f 3285//11676 3407//11678 3406//11677
f 3285//11676 3284//11679 3407//11678
f 3284//11680 3282//11680 3407//11680
f 3284//11260 1233//4031 3282//11257
f 3402//11681 3275//11646 3399//11644
f 2753//11589 2752//11682 3384//11589
f 2752//11683 3408//11684 3384//11683
f 2752//11683 3318//11684 3408//11684
f 3318//11685 3319//11687 3408//11686
f 3408//11593 3292//11594 3384//11593
f 3383//11596 3385//11595 3390//11595
f 3385//11688 3409//11688 3390//11689
f 3385//11599 3386//11600 3409//11600
f 3386//11690 3410//11690 3409//11691
f 3386//11602 3387//11603 3410//11603
f 3387//11692 3411//11693 3410//11693
f 3387//11606 3388//11606 3411//11694
f 3388//11695 3412//11696 3411//11696
f 3388//11608 3389//11608 3412//11697
f 3389//11698 3413//11698 3412//11699
f 3389//11611 2880//11610 3413//11610
f 2880//11700 2881//11701 3413//11701
f 3409//11688 3391//11702 3390//11689
f 3401//11652 3301//11652 3400//11652
f 3301//11300 3299//11298 3400//11703
f 2769//9750 2774//11704 2258//9752
f 2769//11705 2775//9776 2774//9774
f 3409//11706 3414//11706 3391//11706
f 3414//11706 3392//11707 3391//11706
f 3414//11708 3415//11709 3392//11709
f 3415//11709 3393//11710 3392//11709
f 3415//11711 3416//11713 3393//11712
f 3416//11713 3394//11714 3393//11712
f 3416//11715 3417//11717 3394//11716
f 3417//11717 3395//11718 3394//11716
f 3417//11719 3418//11719 3395//11719
f 3418//11719 3396//11719 3395//11719
f 3418//11720 3419//11722 3396//11721
f 3419//11722 3397//11723 3396//11721
f 3419//11724 3420//11726 3397//11725
f 3420//11726 2780//11727 3397//11725
f 3420//9798 2782//9798 2780//9796
f 2877//11654 3303//11654 3401//11654
f 3303//11305 3301//11303 3401//11303
f 2768//9734 2776//9781 2769//9733
f 2768//9732 2766//9731 2776//9783
f 2776//9781 2775//9779 2769//9733
f 3409//11691 3410//11690 3414//11728
f 3410//11729 3421//11730 3414//11730
f 3410//11693 3411//11693 3421//11693
f 3411//11731 3422//11732 3421//11732
f 3411//11696 3412//11696 3422//11733
f 3412//11734 3423//11735 3422//11735
f 3412//11699 3413//11698 3423//11736
f 3413//11737 3424//11739 3423//11738
f 3413//11701 2881//11701 3424//11740
f 2881//11741 2882//11743 3424//11742
f 3421//11730 3415//11744 3414//11730
f 2878//11311 3303//11309 2877//11745
f 3421//11746 3425//11748 3415//11747
f 3425//11748 3416//11748 3415//11747
f 3425//11749 3426//11750 3416//11750
f 3426//11750 3417//11751 3416//11750
f 3426//11752 3427//11753 3417//11753
f 3427//11753 3418//11754 3417//11753
f 3427//11755 3428//11755 3418//11756
f 3428//11755 3419//11757 3418//11756
f 3428//11758 3429//11759 3419//11759
f 3429//11759 3420//11760 3419//11759
f 3429//11761 3430//11762 3420//11762
f 3430//11762 2782//11763 3420//11762
f 3430//11764 2784//9803 2782//9801
f 3421//11732 3422//11732 3425//11731
f 3422//11765 3431//11766 3425//11766
f 3422//11735 3423//11735 3431//11767
f 3423//11768 3432//11770 3431//11769
f 3423//11738 3424//11739 3432//11771
f 3424//11772 3433//11774 3432//11773
f 3424//11742 2882//11743 3433//11775
f 2882//11776 2883//11778 3433//11777
f 3431//11766 3426//11779 3425//11766
f 3431//11780 3434//11781 3426//11781
f 3434//11781 3427//11782 3426//11781
f 3434//11783 3435//11785 3427//11784
f 3435//11785 3428//11784 3427//11784
f 3435//11786 3436//11788 3428//11787
f 3436//11788 3429//11789 3428//11787
f 3436//11790 3437//11791 3429//11791
f 3437//11791 3430//11792 3429//11791
f 3437//11793 3438//11795 3430//11794
f 3438//11795 2784//11796 3430//11794
f 3438//11797 2786//9806 2784//9806
f 3431//11769 3432//11770 3434//11769
f 3432//11798 3439//11800 3434//11799
f 3432//11773 3433//11774 3439//11801
f 3433//11802 3440//11803 3439//11803
f 3433//11777 2883//11778 3440//11804
f 2883//11805 2884//11806 3440//11806
f 3439//11800 3435//11807 3434//11799
f 3439//11808 3441//11809 3435//11809
f 3441//11809 3436//11810 3435//11809
f 3441//11811 3442//11811 3436//11811
f 3442//11811 3437//11812 3436//11811
f 3442//11813 3443//11815 3437//11814
f 3443//11815 3438//11816 3437//11814
f 3443//11817 3444//11818 3438//11818
f 3444//11818 2786//11819 3438//11818
f 3444//11820 2788//9812 2786//9811
f 2781//9795 2910//11821 2779//9795
f 3439//11803 3440//11803 3441//11802
f 3440//11822 3445//11824 3441//11823
f 3440//11806 2884//11806 3445//11825
f 2884//11826 2885//11828 3445//11827
f 3445//11824 3442//11829 3441//11823
f 2900//10159 2904//11830 2462//8424
f 2900//11831 3446//11833 2904//11832
f 3446//11833 2436//8312 2904//11832
f 2436//8312 2347//8313 2904//11832
f 2781//11834 3447//11834 2910//11835
f 3447//11834 2909//11834 2910//11835
f 3447//11836 3448//11838 2909//11837
f 3448//11838 2908//11839 2909//11837
f 3448//11840 3449//11840 2908//11841
f 3449//11840 2907//11842 2908//11841
f 3449//11843 3450//11845 2907//11844
f 3450//11845 2906//11846 2907//11844
f 3450//11847 3451//11849 2906//11848
f 3451//11849 2911//11850 2906//11848
f 3451//11851 3452//11853 2911//11852
f 3452//11853 2912//11854 2911//11852
f 3452//11855 2914//10214 2912//10212
f 3445//11856 3453//11856 3442//11857
f 3453//11856 3443//11857 3442//11857
f 3453//11858 3454//11859 3443//11859
f 3454//11859 3444//11858 3443//11859
f 3454//11860 3455//11862 3444//11861
f 3455//11862 2788//11860 3444//11861
f 3455//11863 2790//9818 2788//9816
f 2899//10143 2905//10182 2900//10142
f 2899//10141 2897//10139 2905//10184
f 2905//10182 3446//11864 2900//10142
f 2781//9799 2783//9800 3447//9800
f 2783//11865 3456//11867 3447//11866
f 2783//9805 2785//9805 3456//11868
f 2785//11869 3457//11869 3456//11869
f 2785//9809 2787//9810 3457//9810
f 2787//11870 3458//11870 3457//11871
f 2787//9814 2789//9815 3458//11872
f 2789//11873 3459//11875 3458//11874
f 2789//9820 2791//9819 3459//11876
f 2791//11877 3460//11878 3459//11878
f 2791//9825 2793//9826 3460//11879
f 2793//11880 2794//11881 3460//11881
f 3456//11867 3448//11882 3447//11866
f 2886//11883 3453//11883 2885//11884
f 3453//11885 3445//11827 2885//11828
f 2886//11883 3454//11886 3453//11883
f 2436//10180 3446//11864 2905//10182
f 3456//11887 3461//11889 3448//11888
f 3461//11889 3449//11888 3448//11888
f 3461//11890 3462//11892 3449//11891
f 3462//11892 3450//11893 3449//11891
f 3462//11894 3463//11894 3450//11895
f 3463//11894 3451//11896 3450//11895
f 3463//11897 3464//11897 3451//11898
f 3464//11897 3452//11897 3451//11898
f 3464//11899 3465//11901 3452//11900
f 3465//11901 2914//11901 3452//11900
f 3465//11902 2916//10220 2914//10218
f 2887//11903 3454//11905 2886//11904
f 2887//11903 3455//11906 3454//11905
f 3456//11869 3457//11869 3461//11907
f 3457//11908 3466//11909 3461//11909
f 3457//11871 3458//11870 3466//11910
f 3458//11911 3467//11912 3466//11912
f 3458//11874 3459//11875 3467//11913
f 3459//11914 3468//11915 3467//11915
f 3459//11878 3460//11878 3468//11916
f 3460//11917 3469//11918 3468//11918
f 3460//11881 2794//11881 3469//11919
f 2794//11920 2795//11922 3469//11921
f 3466//11909 3462//11923 3461//11909
f 2888//11924 3455//11924 2887//11925
f 2888//11924 2790//11926 3455//11924
f 3466//11927 3470//11929 3462//11928
f 3470//11929 3463//11930 3462//11928
f 3470//11931 3471//11933 3463//11932
f 3471//11933 3464//11934 3463//11932
f 3471//11935 3472//11936 3464//11936
f 3472//11936 3465//11937 3464//11936
f 3472//11938 3473//11938 3465//11938
f 3473//11938 2916//11938 3465//11938
f 3473//10224 2918//10224 2916//10223
f 2792//9823 2790//9821 2888//11939
f 3466//11912 3467//11912 3470//11940
f 3467//11941 3474//11941 3470//11941
f 3467//11915 3468//11915 3474//11942
f 3468//11943 3475//11944 3474//11944
f 3468//11918 3469//11918 3475//11945
f 3469//11946 3476//11946 3475//11947
f 3469//11921 2795//11922 3476//11948
f 2795//11949 2796//11951 3476//11950
f 3474//11941 3471//11952 3470//11941
f 3474//11953 3477//11954 3471//11954
f 3477//11954 3472//11955 3471//11954
f 3477//11956 3478//11957 3472//11957
f 3478//11957 3473//11958 3472//11957
f 3478//11959 3479//11959 3473//11959
f 3479//11959 2918//11959 3473//11959
f 3479//11960 2920//10229 2918//10227
f 2915//10217 2946//10216 2913//10216
f 3474//11944 3475//11944 3477//11961
f 3475//11962 3480//11964 3477//11963
f 3475//11947 3476//11946 3480//11965
f 3476//11966 3481//11968 3480//11967
f 3476//11950 2796//11951 3481//11969
f 2796//11970 2797//11971 3481//11971
f 3480//11964 3478//11972 3477//11963
f 2915//11973 3482//11975 2946//11974
f 3482//11975 2945//11975 2946//11974
f 3482//11976 3483//11978 2945//11977
f 3483//11978 2944//11978 2945//11977
f 3483//11979 3484//11981 2944//11980
f 3484//11981 2943//11981 2944//11980
f 3484//11982 3485//11982 2943//11983
f 3485//11982 2942//11983 2943//11983
f 3485//10317 2948//10318 2942//10317
f 3480//11984 3486//11984 3478//11985
f 3486//11984 3479//11986 3478//11985
f 3486//11987 3487//11987 3479//11987
f 3487//11987 2920//11988 3479//11987
f 3487//10234 2922//10234 2920//10233
f 2324//10298 2403//8189 2938//10297
f 2915//10222 2917//10222 3482//11989
f 2917//11990 3488//11991 3482//11990
f 2917//10226 2919//10226 3488//11992
f 2919//11993 3489//11994 3488//11994
f 2919//10231 2921//10232 3489//10230
f 2921//11995 3490//11996 3489//11996
f 2921//10236 2923//10236 3490//10235
f 2923//11997 3491//11999 3490//11998
f 2923//10240 2925//10241 3491//10241
f 2925//12000 3492//12001 3491//12001
f 2925//10245 2801//10246 3492//10246
f 2801//12002 2802//12003 3492//12002
f 3488//11991 3483//11991 3482//11990
f 3480//11967 3481//11968 3486//12004
f 3481//12005 3493//12006 3486//12006
f 3481//11971 2797//11971 3493//12007
f 2797//12008 2798//12010 3493//12009
f 3493//12006 3487//12011 3486//12006
f 3488//12012 3494//12012 3483//12012
f 3494//12012 3484//12012 3483//12012
f 3494//12013 3495//12015 3484//12014
f 3495//12015 3485//12013 3484//12014
f 3495//12016 3496//12016 3485//12017
f 3496//12016 2948//12018 3485//12017
f 3496//12019 2950//10323 2948//10322
f 3493//12020 3497//12021 3487//12020
f 3497//12021 2922//12022 3487//12020
f 3497//10237 2924//10238 2922//10237
f 3488//11994 3489//11994 3494//11993
f 3489//12023 3498//12024 3494//12024
f 3489//11996 3490//11996 3498//12025
f 3490//12026 3499//12028 3498//12027
f 3490//11998 3491//11999 3499//11999
f 3491//12029 3500//12029 3499//12030
f 3491//12001 3492//12001 3500//12001
f 3492//12031 3501//12032 3500//12032
f 3492//12002 2802//12003 3501//12002
f 2802//12033 2803//12034 3501//12034
f 3498//12024 3495//12023 3494//12024
f 2799//12035 3497//12035 2798//12035
f 3497//12036 3493//12009 2798//12010
f 2799//12035 2924//12037 3497//12035
f 3498//12038 3502//12039 3495//12039
f 3502//12039 3496//12040 3495//12039
f 3502//12041 3503//12041 3496//12042
f 3503//12041 2950//12042 3496//12042
f 3503//12043 2952//10326 2950//10326
f 2800//10243 2924//10242 2799//12044
f 3498//12027 3499//12028 3502//12045
f 3499//12046 3504//12047 3502//12047
f 3499//12030 3500//12029 3504//12048
f 3500//12049 3505//12049 3504//12050
f 3500//12032 3501//12032 3505//12051
f 3501//12052 3506//12053 3505//12052
f 3501//12034 2803//12034 3506//12054
f 2803//12055 2804//12056 3506//12055
f 3504//12047 3503//12057 3502//12047
f 2947//10320 2949//10321 2960//12058
f 2949//12059 3507//12061 2960//12060
f 2949//10325 2951//10325 3507//12062
f 2951//12063 3508//12065 3507//12064
f 2951//10328 2953//10329 3508//10328
f 2953//12066 3509//12067 3508//12067
f 2953//10333 2955//10333 3509//10333
f 2955//12068 3510//12069 3509//12068
f 2955//10336 2957//10336 3510//10336
f 2957//12070 3511//12071 3510//12071
f 2957//10340 2959//10340 3511//12072
f 2959//12073 3512//12073 3511//12073
f 2959//10344 2807//10345 3512//12074
f 2807//12075 2808//12076 3512//12076
f 3504//12077 3513//12079 3503//12078
f 3513//12079 2952//12079 3503//12078
f 3513//12080 2954//10330 2952//10330
f 2975//10377 2976//12081 2290//7829
f 2975//12082 3514//12084 2976//12083
f 3514//12084 3515//12085 2976//12083
f 3514//12084 3516//12086 3515//12085
f 3516//12086 2970//12087 3515//12085
f 3516//12088 2182//7374 2970//12089
f 2182//7374 2183//7375 2970//12089
f 2960//12060 3507//12061 2961//12060
f 3507//12090 3517//12091 2961//12090
f 3507//12064 3508//12065 3517//12064
f 3508//12092 3518//12094 3517//12093
f 3508//12067 3509//12067 3518//12095
f 3509//12096 3519//12097 3518//12097
f 3509//12068 3510//12069 3519//12098
f 3510//12099 3520//12101 3519//12100
f 3510//12071 3511//12071 3520//12102
f 3511//12103 3521//12103 3520//12103
f 3511//12073 3512//12073 3521//12104
f 3512//12105 3522//12106 3521//12106
f 3512//12076 2808//12076 3522//12076
f 2808//12107 2809//12108 3522//12108
f 3517//12091 2963//12109 2961//12090
f 3504//12050 3505//12049 3513//12110
f 3505//12111 3523//12112 3513//12112
f 3505//12052 3506//12053 3523//12113
f 3506//12114 3524//12115 3523//12115
f 3506//12055 2804//12056 3524//12116
f 2804//12117 2805//12119 3524//12118
f 3523//12112 2954//12120 3513//12112
f 2977//12121 2976//12123 3515//12122
f 2965//12124 2975//10375 2962//10374
f 2965//12124 3514//12125 2975//10375
f 3517//12126 3525//12128 2963//12127
f 3525//12128 2964//12128 2963//12127
f 3525//12129 3526//12130 2964//12129
f 3526//12130 2966//12131 2964//12129
f 3526//12132 3527//12134 2966//12133
f 3527//12134 2967//12135 2966//12133
f 3527//12136 3528//12137 2967//12137
f 3528//12137 2969//12138 2967//12137
f 3528//10410 2982//10410 2969//10408
f 3524//12115 2956//12139 3523//12115
f 2956//10335 2954//10334 3523//10335
f 2210//10399 2277//7779 2980//10398
f 3515//12122 2971//12140 2977//12121
f 2971//10366 2973//10367 2977//10383
f 3517//12093 3518//12094 3525//12094
f 3518//12141 3529//12143 3525//12142
f 3518//12097 3519//12097 3529//12144
f 3519//12145 3530//12147 3529//12146
f 3519//12100 3520//12101 3530//12148
f 3520//12149 3531//12150 3530//12150
f 3520//12103 3521//12103 3531//12151
f 3521//12152 3532//12152 3531//12153
f 3521//12106 3522//12106 3532//12154
f 3522//12155 3533//12156 3532//12156
f 3522//12108 2809//12108 3533//12108
f 2809//12157 3534//12158 3533//12158
f 2809//12157 2810//12158 3534//12158
f 2810//12159 3535//12159 3534//12159
f 2810//12159 2811//12160 3535//12159
f 2811//12161 2812//12162 3535//12161
f 3529//12143 3526//12163 3525//12142
f 2805//12119 2958//12117 3524//12118
f 2958//10337 2956//10337 3524//12164
f 2974//10373 2195//7417 2978//10387
f 2974//10370 2972//10368 2195//12165
f 2970//10363 2971//10364 3515//12166
f 2968//12167 3514//12125 2965//12124
f 2968//12167 3516//12168 3514//12125
f 3529//12169 3536//12171 3526//12170
f 3536//12171 3527//12172 3526//12170
f 3536//12173 3537//12174 3527//12174
f 3537//12174 3528//12175 3527//12174
f 3537//12176 3538//12177 3528//12177
f 3538//12177 2982//12178 3528//12177
f 3538//12179 2984//10414 2982//10413
f 2806//10342 2958//10341 2805//12180
f 2968//12167 2182//12181 3516//12168
f 3529//12146 3530//12147 3536//12146
f 3530//12182 3539//12184 3536//12183
f 3530//12150 3531//12150 3539//12149
f 3531//12185 3540//12186 3539//12186
f 3531//12153 3532//12152 3540//12152
f 3532//12187 3541//12188 3540//12188
f 3532//12156 3533//12156 3541//12189
f 3533//12190 3542//12190 3541//12191
f 3533//12190 3534//12190 3542//12190
f 3534//12192 3543//12194 3542//12193
f 3534//12192 3535//12192 3543//12194
f 3535//12195 3544//12197 3543//12196
f 3535//12161 2812//12162 3544//12198
f 2812//12199 2813//12199 3544//12199
f 3539//12184 3537//12183 3536//12183
f 3539//12200 3545//12202 3537//12201
f 3545//12202 3538//12203 3537//12201
f 3545//12204 3546//12206 3538//12205
f 3546//12206 2984//12207 3538//12205
f 3546//12208 2986//12208 2984//12209
f 2998//12210 2981//10412 2983//10412
f 3539//12186 3540//12186 3545//12211
f 3540//12212 3547//12213 3545//12213
f 3540//12188 3541//12188 3547//12188
f 3541//12214 3548//12215 3547//12214
f 3541//12214 3542//12216 3548//12215
f 3542//12217 3549//12219 3548//12218
f 3542//12217 3543//12219 3549//12219
f 3543//12220 3550//12221 3549//12221
f 3543//12196 3544//12197 3550//12222
f 3544//12223 3551//12225 3550//12224
f 3544//12199 2813//12199 3551//12226
f 2813//12227 2814//12228 3551//12228
f 3547//12213 3546//12212 3545//12213
f 3547//12229 3552//12230 3546//12229
f 3552//12231 2986//12208 3546//12208
f 3552//12232 2988//12234 2986//12233
f 3000//10458 2177//7370 3008//10490
f 2177//12235 2999//12237 3008//12236
f 3008//12236 2999//12237 3010//12238
f 2999//12239 2985//12240 3010//12240
f 3010//12240 2985//12240 2987//12241
f 3547//12229 3548//12229 3552//12230
f 3548//12242 3553//12244 3552//12243
f 3548//12242 3549//12245 3553//12244
f 3549//12246 3554//12248 3553//12247
f 3549//12221 3550//12221 3554//12249
f 3550//12250 3555//12251 3554//12251
f 3550//12224 3551//12225 3555//12224
f 3551//12252 3556//12254 3555//12253
f 3551//12228 2814//12228 3556//12255
f 2814//12256 2815//12258 3556//12257
f 3553//12259 2988//12234 3552//12232
f 3554//12248 2990//12260 3553//12247
f 2990//10426 2988//10424 3553//10424
f 3555//12251 2992//12261 3554//12251
f 2992//10431 2990//10429 3554//12262
f 2120//7291 3005//10482 2119//7290
f 3005//10482 3006//10483 2119//7290
f 2119//7142 3006//10507 2115//7141
f 3006//10507 3013//10508 2115//7141
f 2115//12263 3013//10510 3014//10511
f 3019//12264 3557//12266 3018//12265
f 3557//12266 3024//12267 3018//12265
f 3557//12268 3558//12270 3024//12269
f 3558//12270 3023//12271 3024//12269
f 3558//12272 3559//12274 3023//12273
f 3559//12274 3025//12275 3023//12273
f 3559//12276 3560//12276 3025//12276
f 3560//12276 3026//12277 3025//12276
f 3560//12278 3561//12279 3026//12279
f 3561//12279 3027//12279 3026//12279
f 3561//12280 3562//12282 3027//12281
f 3562//12282 3029//12283 3027//12281
f 3562//12284 3563//12286 3029//12285
f 3563//12286 3030//12285 3029//12285
f 3563//12287 3564//12289 3030//12288
f 3564//12289 3032//12287 3030//12288
f 3564//12290 3565//12292 3032//12291
f 3565//12292 3033//12293 3032//12291
f 3565//12294 3566//12296 3033//12295
f 3566//12296 3035//12296 3033//12295
f 3566//12297 3567//12298 3035//12297
f 3567//12298 3059//12297 3035//12297
f 3567//12299 3568//12301 3059//12300
f 3568//12301 3060//12300 3059//12300
f 3568//10625 3062//10625 3060//10625
f 3020//12302 3569//12304 3019//12303
f 3569//12304 3557//12305 3019//12303
f 3569//12306 3570//12306 3557//12306
f 3570//12306 3558//12307 3557//12306
f 3570//12308 3571//12308 3558//12308
f 3571//12308 3559//12308 3558//12308
f 3571//12309 3572//12310 3559//12310
f 3572//12310 3560//12311 3559//12310
f 3572//12312 3573//12314 3560//12313
f 3573//12314 3561//12315 3560//12313
f 3573//12316 3574//12317 3561//12317
f 3574//12317 3562//12316 3561//12317
f 3574//12318 3575//12320 3562//12319
f 3575//12320 3563//12321 3562//12319
f 3575//12322 3576//12324 3563//12323
f 3576//12324 3564//12325 3563//12323
f 3576//12326 3577//12328 3564//12327
f 3577//12328 3565//12329 3564//12327
f 3577//12330 3578//12330 3565//12331
f 3578//12330 3566//12332 3565//12331
f 3578//12333 3579//12335 3566//12334
f 3579//12335 3567//12335 3566//12334
f 3579//12336 3580//12338 3567//12337
f 3580//12338 3568//12336 3567//12337
f 3580//12339 3581//12339 3568//12340
f 3581//12339 3062//12340 3568//12340
f 3581//10630 3064//10631 3062//10629
f 2991//12341 3582//12341 3020//12341
f 3582//12341 3569//12341 3020//12341
f 3582//12342 3583//12343 3569//12343
f 3583//12343 3570//12344 3569//12343
f 3583//12345 3584//12346 3570//12346
f 3584//12346 3571//12347 3570//12346
f 3584//12348 3585//12349 3571//12349
f 3585//12349 3572//12350 3571//12349
f 3585//12351 3586//12352 3572//12352
f 3586//12352 3573//12353 3572//12352
f 3586//12354 3587//12356 3573//12355
f 3587//12356 3574//12354 3573//12355
f 3587//12357 3588//12359 3574//12358
f 3588//12359 3575//12359 3574//12358
f 3588//12360 3589//12361 3575//12361
f 3589//12361 3576//12362 3575//12361
f 3589//12363 3590//12364 3576//12363
f 3590//12364 3577//12363 3576//12363
f 3590//12365 3591//12367 3577//12366
f 3591//12367 3578//12368 3577//12366
f 3591//12369 3592//12370 3578//12370
f 3592//12370 3579//12371 3578//12370
f 3592//12372 3593//12372 3579//12372
f 3593//12372 3580//12372 3579//12372
f 3593//12373 3594//12374 3580//12373
f 3594//12374 3581//12375 3580//12373
f 3594//12376 3595//12378 3581//12377
f 3595//12378 3064//12377 3581//12377
f 3595//12379 3066//10634 3064//10634
f 3556//12254 2994//12380 3555//12253
f 2994//10435 2992//10434 3555//10434
f 2116//10537 3015//10514 3016//10515
f 2991//10433 2993//10433 3582//10432
f 2993//12381 3596//12382 3582//12382
f 2993//10437 2995//10438 3596//12383
f 2995//12384 3597//12386 3596//12385
f 2995//10443 2997//10444 3597//10443
f 2997//12387 3598//12388 3597//12388
f 2997//10449 2817//10450 3598//12389
f 2817//12390 2818//12391 3598//12391
f 3596//12382 3583//12381 3582//12382
f 2815//12258 2996//12258 3556//12257
f 2996//10441 2994//10439 3556//12392
f 3596//12393 3599//12393 3583//12394
f 3599//12393 3584//12395 3583//12394
f 3599//12396 3600//12397 3584//12396
f 3600//12397 3585//12397 3584//12396
f 3600//12398 3601//12400 3585//12399
f 3601//12400 3586//12400 3585//12399
f 3601//12401 3602//12402 3586//12401
f 3602//12402 3587//12401 3586//12401
f 3602//12403 3603//12405 3587//12404
f 3603//12405 3588//12405 3587//12404
f 3603//12406 3604//12406 3588//12406
f 3604//12406 3589//12407 3588//12406
f 3604//12408 3605//12410 3589//12409
f 3605//12410 3590//12409 3589//12409
f 3605//12411 3606//12413 3590//12412
f 3606//12413 3591//12414 3590//12412
f 3606//12415 3607//12415 3591//12416
f 3607//12415 3592//12416 3591//12416
f 3607//12417 3608//12419 3592//12418
f 3608//12419 3593//12420 3592//12418
f 3608//12421 3609//12422 3593//12422
f 3609//12422 3594//12421 3593//12422
f 3609//12423 3610//12424 3594//12424
f 3610//12424 3595//12425 3594//12424
f 3610//12426 3611//12428 3595//12427
f 3611//12428 3066//12429 3595//12427
f 3611//12430 3068//10640 3066//10638
f 2816//10447 2996//10445 2815//12431
f 3596//12385 3597//12386 3599//12386
f 3597//12432 3612//12433 3599//12433
f 3597//12388 3598//12388 3612//12387
f 3598//12434 3613//12435 3612//12434
f 3598//12391 2818//12391 3613//12436
f 2818//12437 2819//12439 3613//12438
f 3612//12433 3600//12440 3599//12433
f 3612//12441 3614//12442 3600//12442
f 3614//12442 3601//12441 3600//12442
f 3614//12443 3615//12444 3601//12444
f 3615//12444 3602//12444 3601//12444
f 3615//12445 3616//12447 3602//12446
f 3616//12447 3603//12448 3602//12446
f 3616//12449 3617//12451 3603//12450
f 3617//12451 3604//12452 3603//12450
f 3617//12453 3618//12454 3604//12454
f 3618//12454 3605//12455 3604//12454
f 3618//12456 3619//12457 3605//12457
f 3619//12457 3606//12458 3605//12457
f 3619//12459 3620//12460 3606//12459
f 3620//12460 3607//12459 3606//12459
f 3620//12461 3621//12463 3607//12462
f 3621//12463 3608//12461 3607//12462
f 3621//12464 3622//12466 3608//12465
f 3622//12466 3609//12467 3608//12465
f 3622//12468 3623//12469 3609//12468
f 3623//12469 3610//12470 3609//12468
f 3623//12471 3624//12472 3610//12472
f 3624//12472 3611//12473 3610//12472
f 3624//12474 3625//12476 3611//12475
f 3625//12476 3068//12477 3611//12475
f 3625//12478 3070//10645 3068//10643
f 3612//12434 3613//12435 3614//12479
f 3613//12480 3626//12480 3614//12481
f 3613//12438 2819//12439 3626//12438
f 2819//12482 2820//12482 3626//12483
f 3626//12480 3615//12484 3614//12481
f 2090//10577 2084//12485 3044//10576
f 2084//7082 3046//10579 3044//12486
f 3049//12487 3028//12489 3031//12488
f 3626//12490 3627//12491 3615//12491
f 3627//12491 3616//12492 3615//12491
f 3627//12493 3628//12494 3616//12494
f 3628//12494 3617//12495 3616//12494
f 3628//12496 3629//12497 3617//12497
f 3629//12497 3618//12498 3617//12497
f 3629//12499 3630//12500 3618//12500
f 3630//12500 3619//12501 3618//12500
f 3630//12502 3631//12502 3619//12503
f 3631//12502 3620//12502 3619//12503
f 3631//12504 3632//12504 3620//12505
f 3632//12504 3621//12504 3620//12505
f 3632//12506 3633//12507 3621//12507
f 3633//12507 3622//12507 3621//12507
f 3633//12508 3634//12510 3622//12509
f 3634//12510 3623//12508 3622//12509
f 3634//12511 3635//12512 3623//12512
f 3635//12512 3624//12513 3623//12512
f 3635//12514 3636//12515 3624//12515
f 3636//12515 3625//12516 3624//12515
f 3636//12517 3637//12518 3625//12518
f 3637//12518 3070//12519 3625//12518
f 3637//10649 3072//10650 3070//10649
f 3044//12520 3046//12522 3043//12521
f 3046//10581 3042//10573 3043//10574
f 3046//10581 3047//10582 3042//10573
f 3047//10585 3638//12524 3042//12523
f 3047//10585 3048//10586 3638//12524
f 3048//10590 3639//12526 3638//12525
f 3048//10590 3049//10591 3639//12526
f 3049//12487 3031//12488 3639//12527
f 2821//12528 3627//12530 2820//12529
f 3627//12531 3626//12483 2820//12482
f 2821//12528 3628//12532 3627//12530
f 3045//10575 3044//10576 3057//10616
f 3057//12533 3044//12520 3043//12521
f 3639//12534 3031//12536 3034//12535
f 2822//12537 3628//12537 2821//12537
f 2822//12537 3629//12537 3628//12537
f 3041//12538 3042//12523 3040//12539
f 3042//12523 3638//12524 3040//12539
f 3036//12540 3639//12534 3034//12535
f 3040//12541 3638//12525 3039//10570
f 3638//12525 3639//12526 3039//10570
f 3039//12542 3639//12534 3036//12540
f 2823//12543 3629//12543 2822//12543
f 2823//12543 3630//12544 3629//12543
f 2824//12545 3630//12545 2823//12546
f 2824//12545 3631//12547 3630//12545
f 2825//12548 3631//12548 2824//12548
f 2825//12548 3632//12548 3631//12548
f 2826//12549 3632//12550 2825//12549
f 2826//12549 3633//12549 3632//12550
f 3080//10684 1904//6510 3078//10682
f 2827//12551 3633//12551 2826//12552
f 2827//12551 3634//12553 3633//12551
f 3091//10703 3097//10739 3092//10705
f 3090//10699 3098//10742 3091//10701
f 3098//10742 3097//10743 3091//10701
f 3089//10692 3640//12554 3090//10695
f 3640//12554 3098//12555 3090//10695
f 3640//12554 908//10746 3098//12555
f 908//10746 857//10747 3098//12555
f 3088//10688 3641//12556 3089//10690
f 3641//12556 3640//12557 3089//10690
f 3641//12556 907//2646 3640//12557
f 907//2646 908//2647 3640//12557
f 3065//10632 3103//10632 3063//10633
f 2828//12558 3634//12560 2827//12559
f 2828//12558 3635//12561 3634//12560
f 1902//12562 3095//10730 3093//12563
f 3095//10730 912//2612 3093//12563
f 3084//12564 3088//10686 3082//10687
f 3084//12564 3641//12565 3088//10686
f 3065//12566 3642//12566 3103//12566
f 3642//12566 3102//12567 3103//12566
f 3642//12568 3643//12570 3102//12569
f 3643//12570 3101//12571 3102//12569
f 3643//12572 3644//12573 3101//12573
f 3644//12573 3100//12574 3101//12573
f 3644//12575 3104//12577 3100//12576
f 3104//12578 3099//10751 3100//10752
f 2829//12579 3635//12579 2828//12580
f 2829//12579 3636//12581 3635//12579
f 1902//10745 3096//10734 3095//10732
f 3065//10636 3067//10637 3642//12582
f 3067//12583 3645//12584 3642//12584
f 3067//10642 3069//10642 3645//12585
f 3069//12586 3646//12586 3645//12587
f 3069//10647 3071//10648 3646//10646
f 3071//12588 3110//12588 3646//12589
f 3071//12588 3073//12590 3110//12588
f 3645//12584 3643//12591 3642//12584
f 2830//12592 3636//12592 2829//12592
f 2830//12592 3637//12593 3636//12592
f 3087//12594 3641//12565 3084//12564
f 3087//12594 907//12595 3641//12565
f 3645//12596 3647//12597 3643//12597
f 3647//12597 3644//12598 3643//12597
f 3647//12599 3106//12601 3644//12600
f 3106//12577 3104//12577 3644//12575
f 2831//12602 3637//12604 2830//12603
f 2831//12602 3072//12605 3637//12604
f 3645//12587 3646//12586 3647//12606
f 3646//12607 3108//12609 3647//12608
f 3646//12607 3110//12610 3108//12609
f 3108//12611 3106//12601 3647//12599
f 2832//12612 3074//12612 2831//12613
f 3074//12612 3072//12612 2831//12613
f 2833//12614 3076//12614 2832//12614
f 3076//12614 3074//12615 2832//12614
f 867//10778 3105//12616 3113//10780
f 3105//12617 3648//12619 3113//12618
f 3105//12617 3107//12618 3648//12619
f 3107//12620 3649//12621 3648//12621
f 3107//12620 3109//12622 3649//12621
f 3109//12623 3650//12624 3649//12623
f 3109//12623 3111//12623 3650//12624
f 3111//12625 3651//12626 3650//12626
f 3111//12625 3075//12627 3651//12626
f 3075//10659 3077//10659 3651//12628
f 2834//10662 3076//10660 2833//10662
f 3113//10784 3648//12629 3115//10786
f 3648//12630 3652//12632 3115//12631
f 3648//12630 3649//12630 3652//12632
f 3649//12633 3653//12634 3652//12634
f 3649//12633 3650//12635 3653//12634
f 3650//12636 3654//12638 3653//12637
f 3650//12636 3651//12637 3654//12638
f 3651//12639 3655//12641 3654//12640
f 3651//12639 3077//12642 3655//12641
f 3077//10664 2835//10663 3655//10664
f 3147//10864 3148//12643 901//2672
f 3147//12644 3656//12646 3148//12645
f 3656//12646 3145//12647 3148//12645
f 3656//12648 937//10852 3145//10853
f 3142//12649 3146//12651 3141//12650
f 3146//10860 3657//12652 3147//10863
f 3657//12652 3656//12653 3147//10863
f 3657//12654 3144//10849 3656//12655
f 3144//10849 937//10850 3656//12655
f 3116//10787 3157//10788 3114//10788
f 3115//10789 3652//12656 3117//10791
f 3652//12657 3658//12659 3117//12658
f 3652//12657 3653//12660 3658//12659
f 3653//12661 3659//12661 3658//12662
f 3653//12661 3654//12663 3659//12661
f 3654//12664 3660//12666 3659//12665
f 3654//12664 3655//12667 3660//12666
f 3655//12668 2836//12668 3660//12669
f 3655//12668 2835//12670 2836//12668
f 3150//10876 993//2923 3151//10877
f 3149//12671 3152//10894 3150//10892
f 3142//12649 3657//12672 3146//12651
f 3116//12673 3661//12675 3157//12674
f 3661//12675 3156//12675 3157//12674
f 3661//12676 3662//12678 3156//12677
f 3662//12678 3155//12679 3156//12677
f 3662//12680 3663//12681 3155//12680
f 3663//12681 3154//12680 3155//12680
f 3663//12682 3159//12684 3154//12683
f 3159//12685 3153//10901 3154//10901
f 3117//10795 3658//12686 3119//10795
f 3658//12687 3664//12689 3119//12688
f 3658//12687 3659//12690 3664//12689
f 3659//12691 3665//12691 3664//12692
f 3659//12691 3660//12693 3665//12691
f 3660//12694 2837//12696 3665//12695
f 3660//12694 2836//12694 2837//12696
f 3145//10898 3152//10896 3148//12697
f 3152//12698 3149//10871 3148//10868
f 3143//10843 3657//12700 3142//12699
f 3143//10843 3144//10845 3657//12700
f 3116//10793 3118//10794 3661//12701
f 3118//12702 3666//12703 3661//12703
f 3118//10798 3120//10798 3666//12704
f 3120//12705 3667//12706 3666//12706
f 3120//10801 3122//10801 3667//10801
f 3122//12707 3165//12709 3667//12708
f 3122//12707 3124//12710 3165//12709
f 3666//12703 3662//12711 3661//12703
f 3119//10799 3664//12712 3121//10800
f 3664//12713 3668//12715 3121//12714
f 3664//12713 3665//12716 3668//12715
f 3665//12717 2838//12717 3668//12718
f 3665//12717 2837//12719 2838//12717
f 3666//12720 3669//12722 3662//12721
f 3669//12722 3663//12723 3662//12721
f 3669//12724 3161//12724 3663//12725
f 3161//12726 3159//12684 3663//12682
f 2839//12727 3668//12729 2838//12728
f 2839//12727 3123//12728 3668//12729
f 3123//10802 3121//10802 3668//12730
f 3666//12706 3667//12706 3669//12731
f 3667//12732 3163//12732 3669//12733
f 3667//12732 3165//12734 3163//12732
f 3163//12725 3161//12724 3669//12724
f 2840//12735 3125//12737 2839//12736
f 3125//12737 3123//12738 2839//12736
f 2841//12739 3127//12741 2840//12740
f 3127//12741 3125//12742 2840//12740
f 3192//11010 3160//11010 3162//11012
f 3192//12743 3167//12745 3160//12744
f 3167//12745 3158//12746 3160//12744
f 3166//12747 3670//12747 3164//12748
f 3670//12749 3193//11014 3164//11015
f 3670//12750 3671//12751 3193//12750
f 3671//12752 3191//11008 3193//11009
f 3671//12753 3672//12754 3191//12754
f 3672//12754 3189//12755 3191//12754
f 3672//12756 3673//12757 3189//12757
f 3673//12757 3187//12758 3189//12757
f 3673//12759 3674//12759 3187//12760
f 3674//12759 3185//12759 3187//12760
f 3674//12761 3675//12763 3185//12762
f 3675//12763 3183//12764 3185//12762
f 3675//12765 3195//12765 3183//12766
f 3195//12767 3181//10993 3183//10992
f 3126//12768 3676//12770 3166//12769
f 3676//12771 3670//12747 3166//12747
f 3676//12772 3677//12773 3670//12772
f 3677//12750 3671//12751 3670//12750
f 3677//12774 3678//12776 3671//12775
f 3678//12776 3672//12777 3671//12775
f 3678//12778 3679//12780 3672//12779
f 3679//12780 3673//12781 3672//12779
f 3679//12782 3680//12782 3673//12782
f 3680//12782 3674//12783 3673//12782
f 3680//12784 3681//12786 3674//12785
f 3681//12786 3675//12784 3674//12785
f 3681//12787 3197//12787 3675//12788
f 3197//12765 3195//12765 3675//12765
f 2842//12789 3129//12791 2841//12790
f 3129//12791 3127//12789 2841//12790
f 3190//11005 3167//11005 3192//11005
f 3190//12792 3169//10934 3167//10930
f 3126//12768 3128//12793 3676//12770
f 3128//12794 3682//12794 3676//12795
f 3128//12794 3130//12795 3682//12794
f 3130//12796 3683//12798 3682//12797
f 3130//10814 3132//10813 3683//12799
f 3132//12800 3684//12802 3683//12801
f 3132//10818 2845//10818 3684//12803
f 2845//12804 2846//12805 3684//12805
f 3682//12772 3677//12773 3676//12772
f 2843//12806 3131//12808 2842//12807
f 3131//12808 3129//12807 2842//12807
f 3171//10942 3172//12809 984//2957
f 3171//12810 3685//12812 3172//12811
f 3685//12812 3175//12813 3172//12811
f 3685//12814 1063//3239 3175//12815
f 1063//3239 1062//3237 3175//12815
f 3170//10938 3686//12816 3171//10941
f 3686//12816 3685//12817 3171//10941
f 3686//12818 3178//10981 3685//12819
f 3178//10981 1063//10982 3685//12819
f 3168//10935 3687//12820 3170//10936
f 3687//12820 3686//12821 3170//10936
f 3687//12822 3179//10988 3686//12823
f 3179//10988 3178//10987 3686//12823
f 3188//12824 3169//12825 3190//12825
f 3169//12826 3688//12828 3168//12827
f 3688//12828 3689//12829 3168//12827
f 3689//12829 3687//12830 3168//12827
f 3689//12831 3180//10989 3687//12832
f 3180//10989 3179//10988 3687//12832
f 3682//12833 3690//12834 3677//12834
f 3690//12834 3678//12833 3677//12834
f 3690//12835 3691//12836 3678//12836
f 3691//12836 3679//12835 3678//12836
f 3691//12837 3692//12838 3679//12838
f 3692//12838 3680//12839 3679//12838
f 3692//12840 3693//12842 3680//12841
f 3693//12842 3681//12843 3680//12841
f 3693//12844 3199//12845 3681//12845
f 3199//12846 3197//12787 3681//12787
f 2844//10815 3131//10815 2843//12847
f 3176//10960 978//2863 980//2968
f 978//12848 3177//12850 963//12849
f 3177//12850 1116//12851 963//12849
f 3186//12852 3688//12854 3188//12853
f 3688//12855 3169//12825 3188//12824
f 3186//12852 3689//12856 3688//12854
f 3682//12797 3683//12798 3690//12857
f 3683//12858 3694//12859 3690//12859
f 3683//12801 3684//12802 3694//12860
f 3684//12861 3695//12863 3694//12862
f 3684//12805 2846//12805 3695//12864
f 2846//12865 2847//12866 3695//12866
f 3694//12859 3691//12867 3690//12859
f 3177//10962 978//2863 3176//10960
f 3184//12868 3689//12870 3186//12869
f 3184//12868 3180//12871 3689//12870
f 3694//12872 3696//12874 3691//12873
f 3696//12874 3692//12875 3691//12873
f 3696//12876 3697//12878 3692//12877
f 3697//12878 3693//12876 3692//12877
f 3697//12879 3201//12879 3693//12880
f 3201//12881 3199//12845 3693//12844
f 3182//10991 3180//12883 3184//12882
f 3694//12862 3695//12863 3696//12884
f 3695//12885 3698//12887 3696//12886
f 3695//12866 2847//12866 3698//12888
f 2847//12889 3205//12889 3698//12890
f 2847//12889 2848//12889 3205//12889
f 3698//12887 3697//12891 3696//12886
f 1109//3363 3180//12883 3182//10991
f 3201//12879 3697//12879 3203//12892
f 3697//12893 3698//12894 3203//12894
f 3203//12894 3698//12894 3205//12895
f 2851//12896 3370//12896 2850//12897
f 3370//12898 3206//11550 2850//11550
f 2851//12896 3371//12899 3370//12896
f 2852//12900 3371//12900 2851//12901
f 2852//12900 3372//12902 3371//12900
f 3222//11067 3224//11075 3220//11066
f 3224//11077 3699//12904 3220//12903
f 3224//11077 3225//11078 3699//12904
f 3225//11080 3212//12906 3699//12905
f 3225//11080 3209//11081 3212//12906
f 2853//12907 3372//12909 2852//12908
f 2853//12907 3373//12910 3372//12909
f 3229//11092 1175//11107 3227//11094
f 1175//3592 3228//3593 3227//12911
f 3226//11085 3223//11083 3230//11112
f 3223//11070 3221//11068 3230//12912
f 3214//12913 3699//12915 3212//12914
f 3214//12913 3218//12916 3699//12915
f 3218//11060 3220//11061 3699//12917
f 2854//12918 3373//12920 2853//12919
f 2854//12918 3374//12921 3373//12920
f 1164//3562 3230//12922 1171//3570
f 3230//12922 3221//12923 1171//3570
f 1171//11113 3221//11064 3219//11062
f 3216//11057 3218//11058 3214//12924
f 2855//12925 3374//12925 2854//12925
f 2855//12925 3375//12926 3374//12925
f 2856//12927 3375//12927 2855//12928
f 2856//12927 3376//12929 3375//12927
f 2857//12930 3376//12930 2856//12931
f 2857//12930 3377//12932 3376//12930
f 2858//12933 3377//12935 2857//12934
f 2858//12933 3378//12936 3377//12935
f 2859//12937 3378//12937 2858//12938
f 2859//12937 3379//12939 3378//12937
f 1150//3528 3700//12940 1149//3527
f 3700//12940 3248//12941 1149//3527
f 3700//12942 3701//12944 3248//12943
f 3701//12944 3250//12945 3248//12943
f 3701//12946 1221//3816 3250//11195
f 1152//3533 3702//12947 1150//3729
f 3702//12947 3700//12948 1150//3729
f 3702//12947 3701//12949 3700//12948
f 3702//12950 3254//11196 3701//12951
f 3254//11196 1221//11197 3701//12951
f 3247//12952 3703//12954 3246//12953
f 3703//12954 3704//12955 3246//12953
f 3704//12955 3259//12956 3246//12953
f 3704//12957 3705//12957 3259//12958
f 3705//12957 3257//12959 3259//12958
f 3705//12960 3706//12962 3257//12961
f 3706//12962 3256//12961 3257//12961
f 3706//12963 3260//12964 3256//11204
f 3260//12964 1273//11203 3256//11204
f 3234//12965 3707//12966 3247//12966
f 3707//12966 3703//12967 3247//12966
f 3707//12968 3708//12970 3703//12969
f 3708//12970 3704//12971 3703//12969
f 3708//12972 3709//12974 3704//12973
f 3709//12974 3705//12975 3704//12973
f 3709//12976 3710//12977 3705//12976
f 3710//12977 3706//12976 3705//12976
f 3710//12978 3711//12979 3706//12978
f 3711//12979 3260//12980 3706//12978
f 3711//11215 3262//11216 3260//11214
f 2860//12981 3379//12981 2859//12982
f 2860//12981 3380//12983 3379//12981
f 3258//12984 3702//12986 3245//12985
f 3702//12987 1152//11156 3245//11155
f 3234//11128 3236//11127 3707//11127
f 3236//12988 3712//12990 3707//12989
f 3236//11130 3238//11130 3712//11130
f 3238//12991 3713//12993 3712//12992
f 3238//11135 3240//11135 3713//12994
f 3240//12995 3714//12996 3713//12996
f 3240//11139 3242//11139 3714//12997
f 3242//12998 3715//13000 3714//12999
f 3242//11143 3244//11143 3715//13001
f 3244//13002 3716//13003 3715//13003
f 3244//11148 2865//11148 3716//13004
f 2865//13005 2866//13007 3716//13006
f 3712//12990 3708//13008 3707//12989
f 2861//13009 3380//13009 2860//13010
f 2861//13009 3381//13011 3380//13009
f 3253//11177 1135//11184 3252//11175
f 3255//11200 3702//12986 3258//12984
f 3255//11200 3254//11199 3702//12986
f 3712//13012 3717//13014 3708//13013
f 3717//13014 3709//13015 3708//13013
f 3717//13016 3718//13018 3709//13017
f 3718//13018 3710//13018 3709//13017
f 3718//13019 3719//13020 3710//13020
f 3719//13020 3711//13020 3710//13020
f 3719//13021 3720//13022 3711//13021
f 3720//13022 3262//13023 3711//13021
f 3720//13024 3264//11220 3262//11219
f 2862//13025 3381//13025 2861//13025
f 2862//13025 3382//13026 3381//13025
f 3712//12992 3713//12993 3717//13027
f 3713//13028 3721//13030 3717//13029
f 3713//12996 3714//12996 3721//13031
f 3714//13032 3722//13034 3721//13033
f 3714//12999 3715//13000 3722//13035
f 3715//13036 3723//13037 3722//13037
f 3715//13003 3716//13003 3723//13038
f 3716//13039 3724//13040 3723//13040
f 3716//13006 2866//13007 3724//13007
f 2866//13041 2867//13043 3724//13042
f 3721//13030 3718//13044 3717//13029
f 2863//13045 3382//13045 2862//13046
f 2863//13045 3243//13047 3382//13045
f 3721//13048 3725//13048 3718//13048
f 3725//13048 3719//13049 3718//13048
f 3725//13050 3726//13051 3719//13051
f 3726//13051 3720//13052 3719//13051
f 3726//13053 3727//13054 3720//13054
f 3727//13054 3264//13055 3720//13054
f 3727//11224 3266//11224 3264//11224
f 2864//11146 3243//11144 2863//13056
f 3721//13033 3722//13034 3725//13057
f 3722//13058 3728//13059 3725//13058
f 3722//13037 3723//13037 3728//13060
f 3723//13061 3729//13061 3728//13062
f 3723//13040 3724//13040 3729//13063
f 3724//13064 3730//13065 3729//13064
f 3724//13042 2867//13043 3730//13042
f 2867//13066 3731//13066 3730//13067
f 2867//13066 2868//13068 3731//13066
f 2868//13069 3732//13071 3731//13070
f 2868//13069 2869//13070 3732//13071
f 2869//13072 2870//13074 3732//13073
f 3728//13059 3726//13075 3725//13058
f 3728//13076 3733//13077 3726//13076
f 3733//13077 3727//13076 3726//13076
f 3733//13078 3734//13079 3727//13079
f 3734//13079 3266//13080 3727//13079
f 3734//13081 3268//13081 3266//13082
f 3261//11217 3263//11218 3282//11217
f 3263//13083 3407//11680 3282//11680
f 3263//11222 3265//11223 3407//13084
f 3265//13085 3406//13085 3407//13085
f 3265//13085 3267//13085 3406//13085
f 3267//13086 3405//13088 3406//13087
f 3267//13086 3269//13088 3405//13088
f 3269//13089 3404//11673 3405//11673
f 3269//11235 3271//11236 3404//13090
f 3271//13091 3403//11670 3404//11671
f 3271//11240 3273//11240 3403//13092
f 3273//11668 3402//11668 3403//11668
f 3273//11244 3275//11243 3402//11244
f 3728//13062 3729//13061 3733//13093
f 3729//13094 3735//13095 3733//13095
f 3729//13064 3730//13065 3735//13096
f 3730//13097 3736//13099 3735//13098
f 3730//13097 3731//13100 3736//13099
f 3731//13101 3737//13101 3736//13102
f 3731//13101 3732//13101 3737//13101
f 3732//13103 3738//13105 3737//13104
f 3732//13073 2870//13074 3738//13072
f 2870//13106 2871//13108 3738//13107
f 3735//13095 3734//13109 3733//13095
f 3307//11320 1238//3853 1237//3854
f 3735//13110 3739//13110 3734//13111
f 3739//13112 3268//13081 3734//13081
f 3739//13113 3270//13113 3268//13113
f 3317//11375 3305//11316 3283//11314
f 3317//13114 3306//11318 3305//11317
f 3735//13110 3736//13115 3739//13110
f 3736//13116 3740//13117 3739//13116
f 3736//13116 3737//13118 3740//13117
f 3737//13119 3741//13119 3740//13120
f 3737//13104 3738//13105 3741//13103
f 3738//13121 3742//13122 3741//13122
f 3738//13107 2871//13108 3742//13123
f 2871//13124 2872//13126 3742//13125
f 3740//13113 3270//13113 3739//13113
f 1024//3036 1017//3037 3311//11333
f 1017//3007 1025//11363 3311//13127
f 3317//13114 3308//13128 3306//11318
f 3741//13119 3272//13129 3740//13120
f 3272//11237 3270//11237 3740//13130
f 3315//11367 3308//11365 3317//13131
f 3290//11274 3319//11273 3288//11273
f 3742//13122 3274//13132 3741//13122
f 3274//11241 3272//11241 3741//13133
f 3292//11280 3408//13134 3290//11279
f 3408//11686 3319//11687 3290//13135
f 2872//13126 3276//13136 3742//13125
f 3276//11246 3274//11245 3742//11245
f 1884//6447 3743//13137 1885//6446
f 3743//13138 3038//10569 3037//6385
f 1861//6386 3743//13138 3037//6385
f 3039//10570 3744//13139 3040//12541
f 3744//13140 3745//13141 3040//12539
f 3746//13142 3747//13144 3745//13143
f 3748//13145 2565//13147 3749//13146
f 2565//13148 2570//13150 3749//13149
f 2570//13151 3750//13153 3749//13152
f 3750//13154 3751//13155 3749//13154
f 3751//13156 3752//13158 3749//13157
f 3747//13159 3753//13161 3745//13160
f 3747//13162 3748//13164 3753//13163
f 3745//13141 3041//12538 3040//12539
f 3745//13165 3753//13166 3041//13165
f 3753//13167 3754//10571 3041//10572
f 3753//13168 3748//13168 3754//13168
f 3748//13169 3752//13171 3754//13170
f 3748//13172 3749//13174 3752//13173
f 3058//10617 3056//10615 3057//10616
f 3052//10596 3755//13175 3055//10613
f 3755//13176 3756//13177 3055//10610
f 3757//13178 3758//13180 3756//13179
f 3055//10610 3756//13177 3054//10609
f 3756//13181 3758//13182 2684//9376
f 3758//13183 2683//9403 2684//9404
f 3758//13184 2681//13186 2683//13185
f 3054//10609 3756//13177 3759//13187
f 3756//13181 2684//9376 3759//13188
f 3759//13188 2684//9376 2686//9377
f 3054//10609 3759//13187 2077//13189
f 3759//13188 2686//9377 2077//13190
f 2554//13191 2681//13193 3758//13192
f 3757//13178 2581//13194 3758//13180
f 3757//13195 2579//8893 2581//8894
f 3757//13196 3760//13196 2579//13197
f 3760//13198 2578//8890 2579//8891
f 3760//13199 3761//13201 2578//13200
f 2578//8888 3761//13202 2575//8886
f 3762//13203 3750//13205 3761//13204
f 3762//13206 3751//13206 3750//13206
f 3761//13202 3750//13207 2575//8886
f 2575//8886 3750//13207 2574//13208
f 2574//13209 3750//13211 2570//13210
f 2565//13147 3748//13145 2566//13212
f 3748//13213 3747//13214 2566//8856
f 3745//13215 3744//13217 3746//13216
f 2566//8856 3747//13214 2567//8855
f 3747//13218 3746//13220 2567//13219
f 3039//10570 3038//10569 3744//13139
f 3746//13220 2568//13221 2567//13219
f 2568//13222 3743//13137 1884//6447
f 1885//6446 3743//13138 1861//6386
f 3743//13138 3744//13139 3038//10569
f 3743//13223 2568//13225 3744//13224
f 3746//13226 3744//13228 2568//13227
f 3754//10620 3752//13229 3058//10617
f 3752//13229 3056//10615 3058//10617
f 3763//13230 3051//10595 3056//10614
f 3752//13231 3751//13233 3056//13232
f 3751//13234 3763//13230 3056//10614
f 3751//13235 3762//13237 3763//13236
f 3761//13238 3760//13240 3762//13239
f 3762//13241 3051//13243 3763//13242
f 3762//13244 3755//13175 3051//10597
f 3755//13175 3052//10596 3051//10597
f 3762//13245 3760//13247 3755//13246
f 3760//13248 3757//13250 3755//13249
f 3757//13251 3756//13253 3755//13252
f 23//5233 57//10058 24//5233
f 16//5233 57//10058 17//5233
f 15//5233 57//10058 16//5233
f 11//5233 57//10058 12//5233
f 21//5233 57//10058 22//5233
f 5//5233 57//10058 6//5233
f 33//5233 57//10058 34//5233
f 26//5233 57//10058 27//5233
f 9//5233 57//10058 10//5233
f 25//5233 57//10058 26//5233
f 34//5233 57//10058 35//5233
f 38//5233 57//10058 39//5233
f 14//5233 57//10058 15//5233
f 30//5233 57//10058 31//5233
f 43//5233 57//10058 44//5233
f 19//5233 57//10058 20//5233
f 35//5233 57//10058 36//5233
f 31//5233 57//10058 32//5233
f 4//5233 57//10058 5//5233
f 44//5233 57//10058 45//5233
f 24//5233 57//10058 25//5233
f 40//5233 57//10058 41//5233
f 36//5233 57//10058 37//5233
f 8//5233 57//10058 9//5233
f 3//5233 57//10058 4//5233
f 52//5233 57//10058 53//5233
f 29//5233 57//10058 30//5233
f 45//5233 57//10058 46//5233
f 41//5233 57//10058 42//5233
f 53//5233 57//10058 54//5233
f 49//5233 57//10058 50//5233
f 46//5233 57//10058 47//5233
f 18//5233 57//10058 19//5233
f 12//5233 57//10058 13//5233
f 58//10061 57//10058 2//13254
f 39//5233 57//10058 40//5233
f 54//5233 57//10058 55//13255
f 50//5233 57//10058 51//5233
f 17//5233 57//10058 18//5233
f 55//13255 57//10058 56//10056
f 28//5233 57//10058 29//5233
f 22//5233 57//10058 23//5233
f 48//5233 57//10058 49//5233
f 27//5233 57//10058 28//5233
f 32//5233 57//10058 33//5233
f 37//5233 57//10058 38//5233
f 47//5233 57//10058 48//5233
f 42//5233 57//10058 43//5233
f 51//5233 57//10058 52//5233
f 2//13254 57//10058 1//5233
f 1//5233 57//10058 3//5233
f 13//5233 57//10058 14//5233
f 6//5233 57//10058 7//5233
f 10//5233 57//10058 11//5233
f 7//5233 57//10058 8//5233
f 20//5233 57//10058 21//5233
