mtllib pastry.mtl
o pastry
v -0.033298 0.009619 0.086837
v -0.033866 0.009584 0.083325
v -0.033973 0.008957 0.080220
v -0.033685 0.004269 0.066855
v -0.034951 0.004745 0.060069
v -0.033742 0.007088 0.076557
v -0.033477 0.007237 0.067957
v -0.033992 0.010717 0.071173
v -0.034625 0.007887 0.064316
v -0.035171 0.005655 0.056791
v -0.036538 0.008785 0.056951
v -0.035054 0.009905 0.060504
v -0.028531 0.004666 0.092846
v -0.029602 0.000285 0.081833
v -0.030216 0.003656 0.083416
v -0.029011 0.002886 0.089651
v -0.029599 0.002536 0.086996
v -0.024842 0.003207 0.092426
v -0.022331 0.001772 0.089926
v -0.022081 0.003884 0.093948
v -0.026743 0.001369 0.086076
v -0.027173 -0.000244 0.082951
v -0.023569 -0.000059 0.083847
v -0.022741 0.001387 0.079583
v -0.026231 0.002667 0.089652
v -0.030595 0.004956 0.090626
v -0.030939 0.009048 0.093483
v -0.031049 0.006925 0.089069
v -0.032366 0.006177 0.083264
v -0.025483 0.007020 0.095023
v -0.025440 0.010241 0.095764
v -0.028214 -0.000711 0.076899
v -0.028039 -0.001353 0.070153
v -0.030721 0.002888 0.074365
v -0.031773 0.003847 0.077161
v -0.031486 0.002285 0.068725
v -0.031957 0.000981 0.063944
v -0.030654 -0.000945 0.056777
v -0.032283 0.000316 0.059536
v -0.028571 -0.001515 0.064384
v -0.024698 -0.000678 0.078349
v -0.025012 -0.001664 0.074381
v -0.026454 -0.002002 0.069151
v -0.022442 -0.000711 0.077544
v -0.023380 -0.000915 0.072591
v -0.026325 -0.001896 0.065015
v -0.022774 -0.000192 0.067225
v -0.023278 -0.000833 0.060785
v -0.024425 -0.001349 0.058152
v -0.032538 0.005575 0.071142
v -0.031600 0.006324 0.072994
v -0.032699 0.009398 0.070705
v -0.031133 0.009284 0.071330
v -0.030738 0.009057 0.069978
v -0.032509 0.010428 0.065828
v -0.032991 0.013453 0.091283
v -0.034670 0.015526 0.091132
v -0.034949 0.014919 0.087868
v -0.034730 0.012607 0.080932
v -0.035936 0.016104 0.082288
v -0.035167 0.018317 0.087307
v -0.035711 0.022057 0.080752
v -0.033466 0.022152 0.086641
v -0.034753 0.012138 0.075473
v -0.033651 0.013815 0.067778
v -0.035414 0.016100 0.077651
v -0.035237 0.015594 0.072204
v -0.035859 0.013743 0.059291
v -0.033410 0.012937 0.061336
v -0.034322 0.014976 0.058493
v -0.033895 0.015949 0.064534
v -0.034361 0.018237 0.065017
v -0.035906 0.019558 0.073921
v -0.035216 0.022172 0.072214
v -0.035011 0.022264 0.068013
v -0.035557 0.024749 0.077721
v -0.034368 0.019330 0.061382
v -0.034260 0.024884 0.063312
v -0.034737 0.022762 0.058662
v -0.033588 0.023755 0.057069
v -0.031624 0.012582 0.094092
v -0.029014 0.011956 0.094980
v -0.032687 0.016647 0.093073
v -0.030317 0.016444 0.094861
v -0.026733 0.014228 0.096066
v -0.022225 0.012280 0.097009
v -0.025674 0.017177 0.096335
v -0.032159 0.020089 0.090804
v -0.028909 0.020127 0.092343
v -0.029967 0.024691 0.087619
v -0.022833 0.018972 0.096325
v -0.024295 0.022020 0.093961
v -0.021935 0.024337 0.094517
v -0.026081 0.025227 0.089613
v -0.031361 0.012149 0.067938
v -0.032152 0.012959 0.063234
v -0.031466 0.016636 0.061697
v -0.031105 0.016219 0.060430
v -0.032013 0.017714 0.057368
v -0.030607 0.019039 0.058481
v -0.036036 0.004562 0.053672
v -0.036255 0.004685 0.046875
v -0.034032 0.002390 0.055629
v -0.034910 0.002784 0.050278
v -0.034012 0.002692 0.039280
v -0.038283 0.007297 0.048372
v -0.038348 0.010624 0.050079
v -0.038663 0.009167 0.042836
v -0.038957 0.010832 0.037296
v -0.037662 0.009082 0.053205
v -0.036855 0.011087 0.056199
v -0.037246 0.005487 0.040856
v -0.036065 0.005039 0.035240
v -0.037816 0.007681 0.034638
v -0.033613 0.003257 0.029748
v -0.037701 0.003824 0.014801
v -0.035261 0.002677 0.020234
v -0.038212 0.010488 0.031729
v -0.038847 0.006170 0.021048
v -0.040977 0.008746 0.017146
v -0.041639 0.010443 0.013825
v -0.039678 0.009395 0.021954
v -0.035872 0.007003 0.029647
v -0.037777 0.005859 0.024731
v -0.037263 0.007684 0.026153
v -0.034571 0.004964 0.032340
v -0.036189 0.009285 0.025228
v -0.035154 0.009502 0.026964
v -0.038012 0.010464 0.022978
v -0.031136 0.000318 0.051240
v -0.028159 -0.001522 0.055460
v -0.028361 0.000320 0.048964
v -0.032367 0.001190 0.043841
v -0.029171 -0.000144 0.044258
v -0.029868 0.000337 0.040369
v -0.031045 0.001782 0.036748
v -0.025979 -0.000812 0.053240
v -0.026277 -0.000158 0.048184
v -0.021980 -0.000619 0.055063
v -0.023340 0.000097 0.052863
v -0.022879 0.000132 0.048142
v -0.026777 0.000182 0.043479
v -0.025621 -0.001143 0.039518
v -0.022826 -0.000137 0.044838
v -0.024087 -0.001130 0.036059
v -0.022448 -0.000528 0.039900
v -0.022325 0.000707 0.034809
v -0.030342 0.000133 0.028527
v -0.027396 -0.000916 0.033562
v -0.029233 -0.000667 0.023808
v -0.032042 0.001720 0.027973
v -0.032220 0.001274 0.020040
v -0.032045 0.000694 0.015710
v -0.025748 -0.001037 0.025931
v -0.024044 -0.000513 0.029136
v -0.023217 0.001335 0.027933
v -0.022004 0.001948 0.030154
v -0.027072 -0.001161 0.017041
v -0.025128 -0.000482 0.013485
v -0.024293 -0.000107 0.021981
v -0.022608 0.001333 0.016782
v -0.022839 0.001619 0.020324
v -0.038510 0.012685 0.046584
v -0.038831 0.014010 0.042434
v -0.038201 0.018145 0.036733
v -0.037197 0.013865 0.053056
v -0.035935 0.018173 0.052911
v -0.037601 0.016153 0.049682
v -0.033940 0.018604 0.054494
v -0.038104 0.016423 0.044641
v -0.038012 0.016753 0.041656
v -0.035805 0.021561 0.047439
v -0.034129 0.020075 0.051452
v -0.037572 0.019644 0.043696
v -0.037326 0.021955 0.040011
v -0.036405 0.022691 0.044415
v -0.038973 0.015013 0.031930
v -0.038596 0.018397 0.027629
v -0.040610 0.013947 0.017744
v -0.039157 0.015834 0.017473
v -0.038736 0.018206 0.015878
v -0.037833 0.013045 0.026773
v -0.035763 0.013259 0.025567
v -0.037601 0.015925 0.023979
v -0.038174 0.018362 0.023541
v -0.036772 0.013163 0.021746
v -0.037509 0.016933 0.018086
v -0.036434 0.016688 0.021909
v -0.036264 0.018788 0.022165
v -0.039009 0.020995 0.012558
v -0.037293 0.022331 0.031753
v -0.037382 0.023408 0.023963
v -0.036461 0.025045 0.027393
v -0.035767 0.019786 0.018870
v -0.037871 0.021796 0.019801
v -0.036962 0.020205 0.016630
v -0.034645 0.023466 0.015302
v -0.034581 0.024093 0.013607
v -0.030928 0.020251 0.054853
v -0.030510 0.021981 0.056642
v -0.031586 0.021843 0.051051
v -0.030759 0.023781 0.047612
v -0.029237 0.022960 0.052953
v -0.029231 0.022706 0.051142
v -0.029747 0.024141 0.049027
v -0.026975 0.025440 0.049005
v -0.017547 0.002226 0.091834
v -0.021053 0.001091 0.086493
v -0.021074 0.001124 0.082363
v -0.020240 0.000242 0.079661
v -0.018608 0.001318 0.082865
v -0.016485 0.002408 0.088955
v -0.017018 0.002756 0.084910
v -0.016641 0.001930 0.083285
v -0.016299 0.004523 0.095451
v -0.014782 0.002770 0.092118
v -0.016382 0.003686 0.092914
v -0.014175 0.004122 0.093867
v -0.011266 0.003242 0.095755
v -0.012840 0.002321 0.091953
v -0.014186 0.000800 0.079715
v -0.012084 0.001034 0.088308
v -0.012412 -0.000120 0.080990
v -0.015588 0.001706 0.087759
v -0.013946 0.002329 0.087473
v -0.015558 0.001993 0.081233
v -0.014460 0.001680 0.084275
v -0.020078 0.005757 0.096669
v -0.019139 0.010774 0.097459
v -0.015655 0.008092 0.098113
v -0.014549 0.008295 0.096313
v -0.013325 0.005749 0.094682
v -0.011957 0.007326 0.095251
v -0.014443 0.010512 0.099648
v -0.012839 0.009238 0.098829
v -0.012931 0.009344 0.097109
v -0.011586 0.011541 0.100314
v -0.019387 -0.000876 0.076277
v -0.020625 0.000443 0.073738
v -0.018494 0.001255 0.077047
v -0.018922 -0.000290 0.068061
v -0.017011 0.002841 0.075768
v -0.016665 0.002435 0.073716
v -0.017979 0.001738 0.072567
v -0.017319 0.001754 0.069674
v -0.019305 -0.000410 0.064172
v -0.017425 0.000867 0.065516
v -0.018224 -0.000174 0.059423
v -0.017130 0.001338 0.061178
v -0.017369 0.002210 0.056991
v -0.013991 0.000029 0.073578
v -0.014822 0.000250 0.068468
v -0.015608 0.000436 0.063358
v -0.011964 0.000586 0.064080
v -0.012690 0.002906 0.058351
v -0.010096 0.001343 0.093398
v -0.006259 0.001137 0.096955
v -0.006428 -0.000647 0.091881
v -0.008367 0.003825 0.098578
v -0.009052 -0.000634 0.086838
v -0.006651 -0.000955 0.083368
v -0.001373 0.000835 0.097263
v -0.003385 0.004579 0.099589
v -0.002531 0.002063 0.098348
v -0.002898 0.000004 0.079194
v -0.001910 -0.000430 0.088931
v -0.001134 -0.000118 0.083993
v -0.009165 0.006333 0.096988
v -0.006091 0.007484 0.099746
v -0.009865 0.009989 0.098455
v -0.009537 0.009638 0.096793
v -0.008010 0.011552 0.100856
v -0.003457 0.008184 0.100966
v -0.000786 0.009883 0.100683
v -0.009563 -0.000180 0.076697
v -0.008636 -0.000014 0.071747
v -0.006556 -0.000315 0.077892
v -0.005708 0.001061 0.069019
v -0.008455 0.001472 0.063105
v -0.007230 0.001345 0.066287
v -0.010002 0.002640 0.060837
v -0.010407 0.004263 0.057556
v -0.007284 0.003579 0.057387
v -0.006741 0.003465 0.061544
v -0.002563 0.000476 0.074714
v -0.000167 0.000877 0.077146
v -0.001820 0.001634 0.072338
v -0.002230 0.001258 0.056750
v -0.004901 0.004359 0.062291
v -0.002105 0.003543 0.067582
v -0.002292 0.004518 0.065183
v -0.002466 0.003193 0.061542
v -0.019370 0.016457 0.097413
v -0.015364 0.014163 0.099434
v -0.013528 0.014623 0.099543
v -0.014966 0.017854 0.098592
v -0.011505 0.016193 0.099635
v -0.021280 0.021735 0.096246
v -0.018392 0.022883 0.095595
v -0.013436 0.020604 0.097424
v -0.011759 0.020664 0.097703
v -0.013805 0.024280 0.095862
v -0.010088 0.012312 0.099969
v -0.007296 0.013896 0.100596
v -0.008547 0.018521 0.098768
v -0.003497 0.011996 0.100685
v -0.004451 0.014872 0.099234
v -0.001409 0.014649 0.098217
v -0.003549 0.016239 0.096539
v -0.003939 0.018819 0.097405
v -0.001841 0.017076 0.094374
v -0.000176 0.016854 0.094142
v -0.002650 0.018554 0.095373
v -0.000642 0.017536 0.093991
v -0.000695 0.017627 0.093970
v -0.001062 0.018246 0.093429
v -0.007164 0.020059 0.097201
v -0.006431 0.021688 0.094875
v -0.009600 0.023139 0.095678
v -0.006800 0.025482 0.093212
v -0.005062 0.019493 0.095401
v -0.003194 0.020549 0.092817
v -0.001803 0.019648 0.092212
v -0.001712 0.019627 0.092234
v -0.001746 0.019707 0.092172
v -0.001761 0.019741 0.092115
v -0.002036 0.020519 0.090863
v -0.001436 0.018982 0.092791
v -0.002276 0.021096 0.089909
v -0.002200 0.021099 0.089958
v -0.002233 0.021215 0.089906
v -0.002260 0.021313 0.089938
v -0.002433 0.022121 0.090166
v -0.004448 0.024249 0.091589
v -0.002553 0.022937 0.090369
v -0.002620 0.023760 0.090545
v -0.002633 0.024585 0.090693
v -0.002624 0.024771 0.090720
v -0.002593 0.025409 0.090514
v -0.020520 0.000689 0.048611
v -0.018779 -0.000429 0.055120
v -0.018094 0.000608 0.050359
v -0.017064 0.002634 0.054123
v -0.016840 0.004540 0.052058
v -0.017070 0.003086 0.049728
v -0.019246 0.000952 0.040853
v -0.020771 0.001244 0.039090
v -0.018303 0.001439 0.045502
v -0.021457 0.001534 0.044832
v -0.017640 0.003545 0.045034
v -0.016990 0.003304 0.044110
v -0.017120 0.001780 0.040029
v -0.017064 0.004002 0.039220
v -0.015030 0.003121 0.056002
v -0.014034 0.002311 0.050404
v -0.015126 0.003925 0.050781
v -0.016003 0.003303 0.047149
v -0.012593 0.002862 0.051424
v -0.011027 0.002013 0.052840
v -0.012045 0.002385 0.046316
v -0.011098 0.001377 0.044742
v -0.016202 0.003033 0.041243
v -0.015276 0.003734 0.044948
v -0.016182 0.002324 0.035215
v -0.013968 0.002793 0.037612
v -0.015198 0.003828 0.039759
v -0.015809 0.003806 0.035488
v -0.011768 0.001659 0.040706
v -0.012562 0.002653 0.036711
v -0.011324 0.001715 0.035998
v -0.015260 0.005659 0.051975
v -0.012659 0.005068 0.054357
v -0.018009 0.001394 0.033966
v -0.020567 0.002068 0.031117
v -0.021823 0.001778 0.026710
v -0.020170 0.001935 0.026364
v -0.017635 0.001601 0.026979
v -0.016524 0.002156 0.023503
v -0.021233 0.001366 0.023207
v -0.018973 0.000956 0.014600
v -0.021750 0.001884 0.019172
v -0.019289 0.001643 0.021343
v -0.017202 0.001904 0.019003
v -0.017008 0.003934 0.014241
v -0.016209 0.001944 0.029803
v -0.014959 0.004028 0.031991
v -0.013807 0.002156 0.023495
v -0.015229 0.003886 0.025215
v -0.014965 0.003459 0.028007
v -0.011988 0.001522 0.032158
v -0.012098 0.001541 0.026672
v -0.012696 0.001471 0.020829
v -0.014096 0.003059 0.018065
v -0.015141 0.003706 0.020702
v -0.013939 0.003196 0.015394
v -0.016236 0.004316 0.017311
v -0.011166 0.002840 0.015592
v -0.008877 0.001005 0.049145
v -0.007627 0.001172 0.054484
v -0.010187 0.003202 0.053957
v -0.008016 0.001145 0.042404
v -0.003241 0.001019 0.048719
v -0.001077 0.000903 0.051483
v -0.001489 0.001119 0.042459
v -0.002647 0.000980 0.036974
v -0.008532 0.001294 0.033887
v -0.007315 0.001139 0.029972
v -0.006102 0.001548 0.023772
v -0.010882 0.000968 0.014988
v -0.007771 0.000731 0.018426
v -0.008670 0.001844 0.019140
v -0.005573 0.000962 0.025470
v -0.004379 0.000774 0.021235
v -0.004056 0.001452 0.023132
v -0.004759 0.000653 0.014780
v -0.000479 0.000483 0.020547
v -0.002068 0.000835 0.017350
v -0.033047 0.026953 0.082087
v -0.034266 0.026497 0.069614
v -0.035701 0.029301 0.071765
v -0.035098 0.029930 0.074491
v -0.033085 0.031796 0.077062
v -0.033583 0.028285 0.065550
v -0.033738 0.027142 0.058387
v -0.034235 0.030728 0.065451
v -0.033419 0.031286 0.060629
v -0.034039 0.033243 0.072504
v -0.034094 0.033316 0.067591
v -0.033845 0.033304 0.062896
v -0.033280 0.035638 0.064838
v -0.032890 0.034962 0.059416
v -0.030790 0.026780 0.085080
v -0.031130 0.030895 0.080751
v -0.027705 0.031627 0.081095
v -0.022396 0.026124 0.091629
v -0.026832 0.026840 0.087086
v -0.025624 0.029125 0.084801
v -0.024063 0.026984 0.088150
v -0.022062 0.028187 0.088899
v -0.022266 0.030232 0.086314
v -0.023954 0.032879 0.081254
v -0.021942 0.033104 0.083354
v -0.022471 0.035054 0.079100
v -0.029224 0.035599 0.074770
v -0.031578 0.036371 0.070262
v -0.030528 0.037882 0.064808
v -0.030765 0.037944 0.058984
v -0.027848 0.038804 0.062912
v -0.026764 0.033865 0.077684
v -0.025462 0.037015 0.072880
v -0.026192 0.038451 0.069687
v -0.022203 0.037703 0.073678
v -0.026795 0.039059 0.060161
v -0.025376 0.039814 0.065742
v -0.023779 0.042222 0.059145
v -0.033781 0.027408 0.055296
v -0.035537 0.026030 0.034535
v -0.033904 0.027270 0.040870
v -0.034096 0.029192 0.035503
v -0.034736 0.027572 0.029180
v -0.033853 0.029111 0.032467
v -0.034749 0.028807 0.023998
v -0.036264 0.027286 0.020110
v -0.035770 0.026731 0.015777
v -0.032782 0.027579 0.012789
v -0.034427 0.030297 0.015502
v -0.030112 0.025995 0.052674
v -0.032499 0.027671 0.052936
v -0.027862 0.026704 0.050070
v -0.032075 0.030450 0.054584
v -0.029663 0.031678 0.049273
v -0.029616 0.026900 0.042501
v -0.031207 0.031945 0.034859
v -0.026496 0.030242 0.047403
v -0.025970 0.027211 0.043150
v -0.024735 0.028201 0.044288
v -0.023133 0.028978 0.041510
v -0.026853 0.031409 0.036727
v -0.022620 0.030600 0.038186
v -0.031675 0.034609 0.056134
v -0.029628 0.034897 0.051255
v -0.027771 0.034492 0.047279
v -0.028402 0.038115 0.052678
v -0.025437 0.037935 0.048261
v -0.024748 0.035112 0.044478
v -0.023610 0.032904 0.043792
v -0.023920 0.037513 0.044954
v -0.032109 0.032450 0.026258
v -0.032176 0.032469 0.023931
v -0.031762 0.033114 0.029584
v -0.028130 0.035459 0.029582
v -0.029483 0.035905 0.025085
v -0.032293 0.032950 0.020315
v -0.029872 0.035344 0.016983
v -0.026324 0.034406 0.032863
v -0.022393 0.038657 0.023534
v -0.026200 0.037823 0.017238
v -0.023574 0.039525 0.018638
v -0.026034 0.040085 0.056046
v -0.025155 0.041099 0.051016
v -0.023060 0.043105 0.056021
v -0.020005 0.027505 0.093582
v -0.016893 0.028299 0.092980
v -0.019188 0.029733 0.092910
v -0.019482 0.029192 0.089424
v -0.020931 0.031933 0.086482
v -0.014638 0.027791 0.093860
v -0.016114 0.032313 0.094001
v -0.011733 0.031660 0.092767
v -0.018684 0.034815 0.092509
v -0.019249 0.036449 0.090048
v -0.020082 0.038296 0.090437
v -0.019177 0.032895 0.087227
v -0.018179 0.034359 0.088560
v -0.018277 0.035193 0.083456
v -0.019684 0.036494 0.080205
v -0.012834 0.033927 0.093596
v -0.014290 0.037452 0.092698
v -0.016142 0.039369 0.083013
v -0.020209 0.037116 0.076714
v -0.018073 0.038952 0.074939
v -0.016813 0.038505 0.078232
v -0.009241 0.027489 0.093916
v -0.007817 0.029760 0.092497
v -0.006344 0.031624 0.092184
v -0.004862 0.028829 0.092356
v -0.002499 0.026229 0.090228
v -0.002384 0.026871 0.089988
v -0.002353 0.027042 0.089996
v -0.002667 0.027137 0.090018
v -0.002155 0.027843 0.090028
v -0.002040 0.028202 0.090041
v -0.001905 0.028630 0.090133
v -0.004071 0.030497 0.091487
v -0.001604 0.029398 0.090259
v -0.001528 0.029561 0.090277
v -0.001458 0.029711 0.090199
v -0.001365 0.029910 0.090113
v -0.001255 0.030146 0.090132
v -0.000858 0.030870 0.090186
v -0.002781 0.032261 0.090470
v -0.000415 0.031566 0.090234
v -0.000182 0.031884 0.090254
v -0.009654 0.036107 0.093414
v -0.007185 0.033990 0.091580
v -0.009891 0.038605 0.093000
v -0.005288 0.034646 0.091210
v -0.003094 0.035978 0.091808
v -0.004235 0.038630 0.093051
v -0.018814 0.040786 0.090695
v -0.018886 0.040015 0.089213
v -0.017727 0.039914 0.087062
v -0.016874 0.042401 0.085381
v -0.015584 0.040137 0.091274
v -0.011561 0.044261 0.090516
v -0.016209 0.043843 0.089196
v -0.014514 0.045406 0.081941
v -0.013411 0.046463 0.086435
v -0.013054 0.044854 0.079790
v -0.011827 0.048080 0.084718
v -0.011607 0.048254 0.087087
v -0.011938 0.047710 0.079617
v -0.018184 0.039764 0.071300
v -0.021654 0.040431 0.066764
v -0.019303 0.043104 0.061453
v -0.016649 0.040661 0.067375
v -0.016874 0.041755 0.063874
v -0.015138 0.040211 0.073612
v -0.014237 0.040985 0.078471
v -0.014066 0.040518 0.071087
v -0.013510 0.041707 0.073760
v -0.012161 0.043363 0.077192
v -0.012257 0.042463 0.066625
v -0.011063 0.042301 0.059838
v -0.012159 0.042611 0.061861
v -0.015268 0.043694 0.059233
v -0.015334 0.045099 0.057511
v -0.011043 0.043625 0.058359
v -0.008210 0.042202 0.091823
v -0.003369 0.043969 0.091315
v -0.009657 0.049707 0.081278
v -0.007573 0.046871 0.089658
v -0.009006 0.050918 0.082884
v -0.006326 0.050754 0.084861
v -0.004459 0.048262 0.089074
v -0.003683 0.050233 0.087642
v -0.003672 0.052332 0.080399
v -0.000643 0.052872 0.083393
v -0.010570 0.043038 0.072094
v -0.010096 0.045464 0.075041
v -0.005839 0.046020 0.069252
v -0.010179 0.042612 0.067622
v -0.010673 0.042885 0.062952
v -0.009091 0.043082 0.065059
v -0.005993 0.043998 0.064020
v -0.008205 0.043265 0.060195
v -0.003939 0.043306 0.060844
v -0.001675 0.046457 0.064927
v -0.008376 0.049272 0.075764
v -0.008020 0.051115 0.078132
v -0.005457 0.048325 0.071713
v -0.003404 0.051435 0.072978
v -0.002713 0.052883 0.076566
v -0.000188 0.047383 0.065805
v -0.019446 0.032017 0.038046
v -0.020507 0.032336 0.034910
v -0.021695 0.035233 0.041741
v -0.019615 0.035047 0.038640
v -0.021363 0.037130 0.040935
v -0.015959 0.038576 0.036085
v -0.019326 0.032933 0.032799
v -0.021615 0.034766 0.031208
v -0.018865 0.034392 0.032140
v -0.016892 0.036018 0.028281
v -0.016884 0.037151 0.026269
v -0.018361 0.038722 0.024985
v -0.016295 0.034650 0.033463
v -0.013386 0.036434 0.029803
v -0.013087 0.036388 0.027530
v -0.013193 0.038059 0.023465
v -0.010200 0.039378 0.030073
v -0.009775 0.037225 0.027210
v -0.006636 0.038069 0.023488
v -0.009462 0.038372 0.021518
v -0.005230 0.038924 0.017672
v -0.001022 0.038113 0.018542
v -0.021381 0.043897 0.049618
v -0.018921 0.043850 0.056629
v -0.021888 0.040771 0.043899
v -0.020123 0.040202 0.040388
v -0.019657 0.043744 0.043970
v -0.017749 0.044888 0.045404
v -0.017636 0.043687 0.039918
v -0.015222 0.045574 0.049431
v -0.015038 0.042510 0.036400
v -0.015714 0.046129 0.042687
v -0.014592 0.046099 0.038530
v -0.011080 0.046554 0.044078
v -0.013619 0.046687 0.053506
v -0.011075 0.046982 0.048488
v -0.018576 0.040313 0.021104
v -0.018573 0.041866 0.017794
v -0.012361 0.043770 0.034184
v -0.015317 0.042308 0.014418
v -0.011865 0.041691 0.017714
v -0.003666 0.044581 0.053451
v -0.002720 0.043690 0.055239
v -0.008576 0.047146 0.052537
v -0.005636 0.048374 0.044339
v -0.005614 0.047857 0.040597
v -0.007309 0.048234 0.036728
v -0.004852 0.048497 0.049442
v -0.002243 0.048009 0.049447
v -0.002110 0.048814 0.046927
v -0.002669 0.048335 0.039225
v -0.002597 0.047450 0.035995
v -0.009512 0.040225 0.031728
v -0.007137 0.041910 0.029745
v -0.005977 0.039871 0.026740
v -0.009024 0.043348 0.031510
v -0.007397 0.041840 0.015005
v -0.002544 0.040906 0.026115
v -0.000357 0.041772 0.025565
v -0.004462 0.044577 0.028990
v -0.001372 0.045143 0.027413
v -0.003899 0.040067 0.014831
v -0.007812 0.047018 0.033254
v -0.001120 0.046927 0.030834
v -0.039346 0.004552 0.000688
v -0.033573 0.000942 0.006903
v -0.037707 0.003064 0.007136
v -0.036297 0.002082 0.003031
v -0.035059 0.002386 0.012276
v -0.033316 0.001470 -0.004598
v -0.036763 0.003751 -0.004736
v -0.035199 0.003443 -0.007115
v -0.040283 0.005996 0.008156
v -0.041992 0.008941 0.007912
v -0.042108 0.009029 0.003480
v -0.040799 0.007857 0.000027
v -0.040447 0.007069 -0.002044
v -0.039493 0.008164 -0.007494
v -0.042919 0.011549 0.000380
v -0.040958 0.010793 -0.004177
v -0.034830 0.001168 -0.012403
v -0.032811 0.000011 -0.018255
v -0.036852 0.003313 -0.014262
v -0.037540 0.004639 -0.030010
v -0.034442 0.001529 -0.021583
v -0.034636 0.001556 -0.026500
v -0.038429 0.005477 -0.020210
v -0.038922 0.010443 -0.012647
v -0.039346 0.008724 -0.017872
v -0.038812 0.006488 -0.024005
v -0.039168 0.007913 -0.028570
v -0.041222 0.011333 -0.027543
v -0.040767 0.009433 -0.024467
v -0.040340 0.011239 -0.021343
v -0.040216 0.011251 -0.031103
v -0.038127 0.005785 -0.013975
v -0.037603 0.006771 -0.011069
v -0.037763 0.009877 -0.014653
v -0.030911 0.000024 0.006362
v -0.029199 -0.001024 0.011671
v -0.028243 -0.001251 0.007070
v -0.031267 0.000011 0.000746
v -0.028793 -0.000912 -0.004946
v -0.024766 -0.000444 0.003656
v -0.023475 0.000609 0.010311
v -0.023080 0.001077 0.007684
v -0.023397 0.001153 0.001776
v -0.026659 -0.000734 -0.000264
v -0.024898 -0.000269 -0.004630
v -0.022556 0.001507 -0.007528
v -0.031781 0.000504 -0.010095
v -0.030542 -0.000021 -0.015863
v -0.030031 -0.000474 -0.020059
v -0.027780 -0.001010 -0.016452
v -0.031183 -0.000516 -0.024602
v -0.031355 0.000156 -0.030806
v -0.028328 -0.000714 -0.026582
v -0.026413 -0.000775 -0.011681
v -0.024125 -0.000112 -0.011406
v -0.023520 0.000084 -0.017361
v -0.027236 -0.001031 -0.023229
v -0.025549 -0.000984 -0.029505
v -0.024095 -0.000229 -0.024526
v -0.042689 0.013653 0.011292
v -0.043621 0.013648 0.005558
v -0.042211 0.017107 0.012354
v -0.043504 0.016355 0.003255
v -0.042788 0.014863 -0.001777
v -0.041286 0.015881 -0.007522
v -0.042709 0.018914 0.008400
v -0.041877 0.021336 0.005324
v -0.040681 0.019504 0.011254
v -0.039722 0.023798 0.007131
v -0.039870 0.025490 0.003252
v -0.041882 0.020172 0.001256
v -0.041216 0.019957 -0.004349
v -0.040320 0.021799 -0.008042
v -0.040700 0.022911 -0.000849
v -0.039284 0.025416 -0.004497
v -0.038397 0.025800 -0.007369
v -0.038031 0.023673 0.008408
v -0.036705 0.023903 0.011222
v -0.040045 0.013732 -0.010445
v -0.040791 0.016823 -0.015603
v -0.038317 0.018571 -0.019579
v -0.038583 0.014491 -0.022088
v -0.040446 0.014433 -0.026799
v -0.041110 0.016109 -0.031026
v -0.038080 0.011989 -0.018682
v -0.038144 0.014111 -0.017288
v -0.037531 0.017067 -0.021130
v -0.038041 0.017461 -0.024256
v -0.038037 0.018482 -0.028576
v -0.040914 0.019151 -0.011620
v -0.040506 0.021581 -0.017612
v -0.039596 0.025222 -0.010643
v -0.039671 0.024156 -0.013245
v -0.039575 0.025389 -0.019126
v -0.040230 0.018864 -0.031849
v -0.038353 0.023017 -0.022209
v -0.036736 0.020048 -0.024284
v -0.036776 0.020574 -0.027898
v -0.035107 0.023992 -0.026457
v -0.034933 0.023090 -0.031203
v -0.033780 0.001462 -0.038254
v -0.035772 0.002793 -0.032343
v -0.037342 0.004887 -0.036840
v -0.037265 0.004661 -0.040963
v -0.034421 0.002399 -0.034949
v -0.035930 0.004413 -0.047447
v -0.034238 0.002499 -0.043763
v -0.032880 0.002737 -0.051806
v -0.039156 0.008376 -0.039880
v -0.040131 0.008444 -0.034851
v -0.039242 0.009433 -0.036601
v -0.040176 0.011750 -0.035300
v -0.039267 0.010838 -0.047835
v -0.038775 0.010990 -0.050348
v -0.037746 0.005934 -0.043455
v -0.037426 0.006966 -0.050203
v -0.034902 0.005141 -0.050200
v -0.034458 0.006894 -0.052990
v -0.033428 0.001765 -0.057859
v -0.034064 0.004062 -0.057490
v -0.032894 0.004461 -0.060279
v -0.037627 0.011208 -0.055891
v -0.035223 0.009968 -0.056134
v -0.030327 -0.000562 -0.034644
v -0.030774 0.001197 -0.042131
v -0.027384 -0.000811 -0.032984
v -0.027622 0.000608 -0.037935
v -0.030630 0.000721 -0.051928
v -0.029549 0.000714 -0.047584
v -0.027618 -0.000187 -0.053439
v -0.031064 0.002514 -0.045061
v -0.031895 0.004291 -0.049764
v -0.025803 0.001420 -0.037165
v -0.022952 0.000418 -0.032363
v -0.023042 0.001342 -0.036924
v -0.027180 0.001763 -0.041005
v -0.026691 0.000986 -0.043461
v -0.025135 0.000209 -0.048886
v -0.024748 0.000084 -0.053251
v -0.024022 0.001002 -0.045216
v -0.031912 0.006250 -0.053819
v -0.031581 0.000484 -0.058171
v -0.027327 0.000548 -0.059373
v -0.032064 0.004807 -0.055312
v -0.025253 0.000885 -0.064495
v -0.022716 -0.000209 -0.057515
v -0.024230 0.000483 -0.061236
v -0.022765 0.000681 -0.064935
v -0.026486 0.001734 -0.061378
v -0.024814 0.003267 -0.063647
v -0.022311 0.002794 -0.064585
v -0.022796 0.004366 -0.065805
v -0.031893 0.005911 -0.057581
v -0.030627 0.007907 -0.057528
v -0.030544 0.005938 -0.061198
v -0.028168 0.006026 -0.063273
v -0.030568 0.010000 -0.060733
v -0.030161 0.008638 -0.062930
v -0.029648 0.011780 -0.063664
v -0.025888 0.007850 -0.065156
v -0.023565 0.007271 -0.067334
v -0.025760 0.010381 -0.065572
v -0.023657 0.010748 -0.069014
v -0.040914 0.014026 -0.032082
v -0.039090 0.012193 -0.039886
v -0.039701 0.014282 -0.041259
v -0.040540 0.017198 -0.035530
v -0.039743 0.018166 -0.038407
v -0.039564 0.012348 -0.043826
v -0.038929 0.016780 -0.047428
v -0.039154 0.017646 -0.044498
v -0.038116 0.014803 -0.052659
v -0.040220 0.019680 -0.037070
v -0.038773 0.023145 -0.037280
v -0.039212 0.022519 -0.041700
v -0.038749 0.022019 -0.046937
v -0.036504 0.023604 -0.035877
v -0.033588 0.024927 -0.035240
v -0.037699 0.020459 -0.050916
v -0.037455 0.024117 -0.047513
v -0.036359 0.024891 -0.050700
v -0.036132 0.015160 -0.058408
v -0.033980 0.013167 -0.060416
v -0.036724 0.017162 -0.055220
v -0.036441 0.020603 -0.054562
v -0.033928 0.020858 -0.058897
v -0.034313 0.024051 -0.055824
v -0.027932 0.014852 -0.064549
v -0.030082 0.018587 -0.062638
v -0.026420 0.012118 -0.064239
v -0.025270 0.015460 -0.064441
v -0.023258 0.018750 -0.062990
v -0.023669 0.015142 -0.068674
v -0.022274 0.013578 -0.071957
v -0.022881 0.017835 -0.065899
v -0.027399 0.018949 -0.063475
v -0.028952 0.024352 -0.060758
v -0.024150 0.021514 -0.063349
v -0.022350 0.020942 -0.064283
v -0.024845 0.023871 -0.062568
v -0.020632 0.000216 0.008510
v -0.020326 0.000587 0.003660
v -0.018148 0.002932 0.007132
v -0.017733 0.001861 0.010522
v -0.016661 0.004126 0.011823
v -0.018229 0.003409 0.002640
v -0.021096 0.000889 0.000467
v -0.018370 0.000908 0.000961
v -0.018613 0.001259 -0.003324
v -0.016718 0.002403 -0.001347
v -0.016540 0.002244 -0.004430
v -0.014192 0.001273 0.001978
v -0.012762 0.000654 0.009556
v -0.015264 0.002203 0.007366
v -0.014612 0.002620 0.011685
v -0.016392 0.003458 0.002691
v -0.013549 0.000768 -0.007028
v -0.016085 0.002329 -0.008684
v -0.021866 0.001363 -0.013680
v -0.018331 0.001421 -0.009984
v -0.020400 0.001527 -0.019538
v -0.017531 0.001667 -0.014541
v -0.021723 0.001115 -0.026574
v -0.020169 0.001889 -0.024244
v -0.020126 0.002546 -0.029503
v -0.017529 0.001644 -0.021670
v -0.017284 0.001809 -0.027836
v -0.014209 0.000996 -0.016037
v -0.012766 0.000630 -0.013116
v -0.016179 0.002536 -0.012440
v -0.015623 0.002553 -0.017009
v -0.012852 0.000911 -0.020883
v -0.015708 0.001879 -0.021991
v -0.015218 0.002721 -0.024599
v -0.014266 0.003348 -0.029086
v -0.012423 0.003020 -0.028070
v -0.010250 0.000247 0.009822
v -0.007055 0.000797 0.007496
v -0.007203 0.001040 0.001433
v -0.006390 0.000592 0.004751
v -0.010774 0.000819 -0.000648
v -0.007080 0.000518 -0.008751
v -0.004640 0.000302 0.010209
v -0.003378 0.000484 0.007453
v -0.003719 0.001020 0.002272
v -0.000325 0.000206 0.009728
v -0.004594 0.000311 -0.004336
v -0.000428 0.000566 0.000449
v -0.010970 0.000858 -0.010126
v -0.009983 0.000609 -0.020469
v -0.008112 0.000572 -0.013135
v -0.005897 0.000382 -0.016104
v -0.009767 0.001038 -0.028854
v -0.006065 0.001115 -0.021646
v -0.008838 0.001963 -0.024828
v -0.010662 0.002850 -0.028429
v -0.002297 0.000884 -0.015113
v -0.002293 0.001134 -0.018442
v -0.004331 0.001908 -0.020048
v -0.001651 0.000645 -0.024065
v -0.002468 0.000740 -0.028240
v -0.002613 0.000577 -0.031289
v -0.019476 0.002478 -0.034929
v -0.021233 0.001848 -0.038841
v -0.017003 0.001647 -0.033810
v -0.019104 0.002318 -0.042066
v -0.021216 0.001101 -0.044738
v -0.020718 0.000630 -0.050743
v -0.019145 0.001442 -0.053139
v -0.017490 0.001358 -0.051668
v -0.018638 0.002148 -0.047541
v -0.017461 0.001835 -0.044165
v -0.013803 0.001057 -0.037263
v -0.014940 0.002245 -0.033391
v -0.015405 0.001910 -0.038625
v -0.014510 0.000999 -0.050440
v -0.013484 0.000970 -0.044500
v -0.015680 0.002161 -0.045666
v -0.019680 0.000611 -0.061390
v -0.018279 0.000608 -0.058121
v -0.020802 0.000357 -0.065442
v -0.020465 0.001436 -0.068064
v -0.021009 0.003328 -0.067530
v -0.018841 0.003441 -0.069508
v -0.015615 0.000903 -0.056777
v -0.016409 -0.000292 -0.060733
v -0.015296 0.000625 -0.064767
v -0.012835 0.000169 -0.055244
v -0.011099 0.000142 -0.063005
v -0.012988 0.001203 -0.068122
v -0.015069 0.002441 -0.070745
v -0.012196 0.003884 -0.072450
v -0.020845 0.005904 -0.070274
v -0.019572 0.008516 -0.071780
v -0.017896 0.011570 -0.072547
v -0.016432 0.004972 -0.071883
v -0.012484 0.006417 -0.073748
v -0.015721 0.009220 -0.073188
v -0.012185 0.010218 -0.074632
v -0.010000 0.000752 -0.033167
v -0.009796 0.000757 -0.041004
v -0.010393 0.000255 -0.047328
v -0.009651 0.000458 -0.051614
v -0.002557 0.000727 -0.037589
v -0.004186 0.000867 -0.044242
v -0.004982 0.001140 -0.048922
v -0.000844 0.000843 -0.046868
v -0.008844 0.000727 -0.055391
v -0.008259 0.000437 -0.057536
v -0.007927 0.000182 -0.061812
v -0.007548 0.001196 -0.067954
v -0.009769 0.001486 -0.069770
v -0.009192 0.004363 -0.073675
v -0.006489 0.003300 -0.072042
v -0.004184 0.000279 -0.055652
v -0.004383 0.000687 -0.060974
v -0.001715 0.000674 -0.058898
v -0.001779 0.001880 -0.063774
v -0.005107 0.001572 -0.067850
v -0.005024 0.003002 -0.070909
v -0.000649 0.004432 -0.068822
v -0.000486 0.004184 -0.071866
v -0.006829 0.007818 -0.076248
v -0.008112 0.011051 -0.075032
v -0.005452 0.005344 -0.075298
v -0.000890 0.005354 -0.074330
v -0.003900 0.009609 -0.074816
v -0.003157 0.011098 -0.070920
v -0.001929 0.008553 -0.073616
v -0.019192 0.017411 -0.063907
v -0.017352 0.018407 -0.062948
v -0.020435 0.017373 -0.072247
v -0.018403 0.018198 -0.065654
v -0.016918 0.015633 -0.072383
v -0.015661 0.012724 -0.072967
v -0.011650 0.014412 -0.074042
v -0.011340 0.017604 -0.072589
v -0.021123 0.018876 -0.064088
v -0.018832 0.020121 -0.063137
v -0.016899 0.019720 -0.061957
v -0.020695 0.022562 -0.062667
v -0.021820 0.025299 -0.063574
v -0.016641 0.022716 -0.063249
v -0.018277 0.024480 -0.064124
v -0.020635 0.019797 -0.066634
v -0.021075 0.019913 -0.068657
v -0.021289 0.019316 -0.071181
v -0.016654 0.021147 -0.068576
v -0.018106 0.020394 -0.072274
v -0.019064 0.021453 -0.071105
v -0.015432 0.019035 -0.064879
v -0.014462 0.020544 -0.063501
v -0.014086 0.020174 -0.065332
v -0.016008 0.021533 -0.070919
v -0.013589 0.022267 -0.069344
v -0.012193 0.020822 -0.070386
v -0.013308 0.023156 -0.065913
v -0.006516 0.014036 -0.069940
v -0.008108 0.013355 -0.073021
v -0.007171 0.015239 -0.070745
v -0.009126 0.017597 -0.069120
v -0.003477 0.013184 -0.067053
v -0.005423 0.013933 -0.067167
v -0.002434 0.012562 -0.068898
v -0.005342 0.016545 -0.066870
v -0.000165 0.015776 -0.066360
v -0.000177 0.016855 -0.066544
v -0.000176 0.016854 -0.066544
v -0.002793 0.017517 -0.066060
v -0.000642 0.017536 -0.066555
v -0.001062 0.018246 -0.066581
v -0.010282 0.019836 -0.068840
v -0.007189 0.019865 -0.065689
v -0.010910 0.024634 -0.067205
v -0.006066 0.023342 -0.065918
v -0.004434 0.019563 -0.064602
v -0.003020 0.021390 -0.065465
v -0.001761 0.019741 -0.066337
v -0.002036 0.020519 -0.066095
v -0.001413 0.018937 -0.066620
v -0.001436 0.018982 -0.066603
v -0.002260 0.021313 -0.065908
v -0.002179 0.021026 -0.065957
v -0.002433 0.022121 -0.065802
v -0.002442 0.022180 -0.065796
v -0.003137 0.025804 -0.065828
v -0.002553 0.022937 -0.065818
v -0.002620 0.023760 -0.065866
v -0.002633 0.024585 -0.065938
v -0.002593 0.025409 -0.066033
v -0.002577 0.025548 -0.066053
v -0.035885 0.026040 0.007546
v -0.036854 0.028266 0.002325
v -0.035367 0.027550 0.003681
v -0.033854 0.027585 0.006080
v -0.037175 0.027860 -0.001483
v -0.035504 0.030325 -0.004092
v -0.036094 0.030948 -0.009167
v -0.038682 0.028607 -0.013278
v -0.037650 0.030027 -0.020635
v -0.036542 0.032391 -0.017424
v -0.038094 0.028182 -0.023217
v -0.035449 0.028447 -0.027224
v -0.035074 0.031835 -0.028080
v -0.033142 0.034958 -0.015532
v -0.034184 0.033398 -0.028727
v -0.030678 0.027055 0.009895
v -0.032185 0.027555 0.005608
v -0.029244 0.028336 0.007121
v -0.031858 0.031662 0.010659
v -0.029013 0.032480 0.007077
v -0.029998 0.029697 0.003120
v -0.027437 0.031007 0.006787
v -0.030476 0.030551 0.001261
v -0.026337 0.030323 0.003310
v -0.023531 0.032218 0.000353
v -0.029204 0.035541 0.011109
v -0.028688 0.034741 0.007654
v -0.031041 0.033186 -0.001213
v -0.031378 0.034701 -0.007022
v -0.028251 0.036480 -0.006904
v -0.026130 0.032965 0.004671
v -0.026034 0.034728 0.003711
v -0.023722 0.032987 0.002682
v -0.023659 0.034733 0.001378
v -0.026487 0.038551 0.009898
v -0.026095 0.037421 0.006658
v -0.023387 0.039444 0.003019
v -0.025377 0.033108 -0.001877
v -0.026419 0.035812 -0.003484
v -0.022752 0.034338 -0.001088
v -0.025028 0.038957 -0.009614
v -0.022787 0.038338 -0.006781
v -0.032538 0.029515 -0.031178
v -0.029385 0.036687 -0.010909
v -0.029836 0.038612 -0.019587
v -0.032344 0.037105 -0.023165
v -0.031942 0.036804 -0.027393
v -0.030041 0.039266 -0.030841
v -0.025329 0.039186 -0.013057
v -0.024033 0.039933 0.011135
v -0.028108 0.040669 -0.029407
v -0.025220 0.040451 -0.017319
v -0.025765 0.041850 -0.023873
v -0.025874 0.042633 -0.028689
v -0.022438 0.043867 -0.021984
v -0.036379 0.026827 -0.042425
v -0.034329 0.027036 -0.041429
v -0.036373 0.027533 -0.046742
v -0.032897 0.029971 -0.053183
v -0.031934 0.026375 -0.033901
v -0.031902 0.027440 -0.040983
v -0.030317 0.027374 -0.038066
v -0.030405 0.030050 -0.034575
v -0.027895 0.029525 -0.038447
v -0.031778 0.032008 -0.047940
v -0.027497 0.031019 -0.045960
v -0.027117 0.029305 -0.041194
v -0.027055 0.032022 -0.038666
v -0.026405 0.030083 -0.043959
v -0.023861 0.031494 -0.043802
v -0.030495 0.034347 -0.032947
v -0.027955 0.035945 -0.035511
v -0.030693 0.036654 -0.032477
v -0.029564 0.038239 -0.034638
v -0.031018 0.033796 -0.050590
v -0.027924 0.035079 -0.050198
v -0.024172 0.036127 -0.040015
v -0.023913 0.038528 -0.039499
v -0.024660 0.034082 -0.050030
v -0.025272 0.035289 -0.051791
v -0.021990 0.033772 -0.043756
v -0.025901 0.036592 -0.052659
v -0.030871 0.026596 -0.059618
v -0.032397 0.028274 -0.055822
v -0.027606 0.029193 -0.060131
v -0.029844 0.030297 -0.056943
v -0.024220 0.027495 -0.062189
v -0.025996 0.032242 -0.059269
v -0.027624 0.034421 -0.056951
v -0.023981 0.037893 -0.055211
v -0.023063 0.036924 -0.058875
v -0.026657 0.040176 -0.035848
v -0.025300 0.039840 -0.038527
v -0.021982 0.041415 -0.040543
v -0.022638 0.044474 -0.033769
v -0.020664 0.034463 -0.003674
v -0.021602 0.035966 -0.005027
v -0.021193 0.036845 -0.000535
v -0.020781 0.038628 -0.001413
v -0.018564 0.036276 -0.003078
v -0.016758 0.037195 -0.006366
v -0.017828 0.038737 -0.007906
v -0.009969 0.039270 -0.014218
v -0.005608 0.039639 -0.018363
v -0.000977 0.038721 -0.021807
v -0.019450 0.041948 0.012346
v -0.019505 0.042231 0.003579
v -0.018555 0.042260 0.008134
v -0.020187 0.041670 0.000748
v -0.014857 0.043172 0.002444
v -0.015236 0.043317 0.009720
v -0.011370 0.043702 0.008989
v -0.011118 0.044202 0.004018
v -0.016240 0.041771 -0.004148
v -0.015954 0.040028 -0.005956
v -0.012822 0.044301 -0.000775
v -0.012574 0.043407 -0.004669
v -0.021339 0.039768 -0.010644
v -0.019275 0.042899 -0.019196
v -0.018132 0.042041 -0.015069
v -0.016884 0.044176 -0.022587
v -0.019076 0.045646 -0.026860
v -0.016182 0.040698 -0.012861
v -0.014719 0.040246 -0.010164
v -0.012674 0.040304 -0.013426
v -0.012393 0.041681 -0.018287
v -0.014349 0.043837 -0.019288
v -0.013063 0.046721 -0.031890
v -0.006759 0.044896 0.008612
v -0.009834 0.042251 -0.008814
v -0.009306 0.045019 0.000953
v -0.008616 0.043811 -0.005860
v -0.000391 0.041333 0.011699
v -0.005533 0.044205 0.011156
v -0.005064 0.044487 0.004733
v -0.001144 0.044359 0.009447
v -0.002222 0.043931 0.005837
v -0.005189 0.044065 -0.003073
v -0.003840 0.045087 -0.000234
v -0.004489 0.043554 -0.008806
v -0.001835 0.043586 -0.008269
v -0.001389 0.044257 -0.004824
v -0.010369 0.040179 -0.012344
v -0.008923 0.040295 -0.014230
v -0.007777 0.039881 -0.015426
v -0.007896 0.041327 -0.021501
v -0.010664 0.044399 -0.022901
v -0.009785 0.046564 -0.027060
v -0.004801 0.041260 -0.013523
v -0.002908 0.039747 -0.017058
v -0.000794 0.043239 -0.014111
v -0.005047 0.042508 -0.025212
v -0.004006 0.044423 -0.027790
v -0.005075 0.046385 -0.030178
v -0.000932 0.046326 -0.031138
v -0.009100 0.046884 -0.031041
v -0.020978 0.033650 -0.046791
v -0.020226 0.035151 -0.049645
v -0.019606 0.036702 -0.045354
v -0.018273 0.036258 -0.048348
v -0.018264 0.039144 -0.045200
v -0.014459 0.038169 -0.052497
v -0.019421 0.026416 -0.063339
v -0.021839 0.028960 -0.062056
v -0.019633 0.029029 -0.064147
v -0.020954 0.031981 -0.061992
v -0.015708 0.025817 -0.065038
v -0.013982 0.028860 -0.067145
v -0.011546 0.027402 -0.067636
v -0.014945 0.031463 -0.066227
v -0.021643 0.034274 -0.059849
v -0.016514 0.035266 -0.061776
v -0.019939 0.037721 -0.055032
v -0.020002 0.038960 -0.057956
v -0.016535 0.037820 -0.059256
v -0.017142 0.039237 -0.056703
v -0.015777 0.032996 -0.064472
v -0.014892 0.038483 -0.055033
v -0.013865 0.038834 -0.058248
v -0.011640 0.038294 -0.056585
v -0.012320 0.037004 -0.061969
v -0.011640 0.035070 -0.065493
v -0.007610 0.026863 -0.067505
v -0.008788 0.032126 -0.066830
v -0.004693 0.027925 -0.066895
v -0.002499 0.026229 -0.065800
v -0.002534 0.025922 -0.065914
v -0.002468 0.026405 -0.065737
v -0.002353 0.027042 -0.065851
v -0.002155 0.027843 -0.065976
v -0.002015 0.028283 -0.066033
v -0.001905 0.028630 -0.066060
v -0.003261 0.031419 -0.067053
v -0.001604 0.029398 -0.066100
v -0.001435 0.029761 -0.066109
v -0.001255 0.030146 -0.066201
v -0.000858 0.030870 -0.066361
v -0.000803 0.030956 -0.066378
v -0.000415 0.031566 -0.066400
v -0.010484 0.039393 -0.059357
v -0.008304 0.038691 -0.057809
v -0.008266 0.037517 -0.063773
v -0.008192 0.038551 -0.060164
v -0.007126 0.035059 -0.066375
v -0.001532 0.035101 -0.062132
v -0.005549 0.037651 -0.062264
v -0.003526 0.038786 -0.060135
v -0.001196 0.037162 -0.061327
v -0.000518 0.038879 -0.059953
v -0.003712 0.033898 -0.066505
v -0.001611 0.033266 -0.067005
v -0.002549 0.034651 -0.065182
v -0.005297 0.036615 -0.065988
v -0.020324 0.043084 -0.042566
v -0.019713 0.045798 -0.037054
v -0.019644 0.044472 -0.039486
v -0.018042 0.046529 -0.033905
v -0.018991 0.042603 -0.043697
v -0.015977 0.041369 -0.046506
v -0.013387 0.040970 -0.049335
v -0.013059 0.043026 -0.048795
v -0.014185 0.044270 -0.048002
v -0.016134 0.046019 -0.043235
v -0.014390 0.047492 -0.040521
v -0.013074 0.046912 -0.036628
v -0.009900 0.042222 -0.052225
v -0.008299 0.045688 -0.051277
v -0.005430 0.045820 -0.053271
v -0.003207 0.046429 -0.051273
v -0.003114 0.046272 -0.053565
v -0.008771 0.048243 -0.037057
v -0.009155 0.048009 -0.041798
v -0.006394 0.046990 -0.033777
v -0.010324 0.047689 -0.047117
v -0.005868 0.046953 -0.049093
v -0.002880 0.047749 -0.037439
v -0.003420 0.048560 -0.044865
v -0.004002 0.048674 -0.050304
v -0.000704 0.048190 -0.053297
v -0.009797 0.039768 -0.055245
v -0.006845 0.040371 -0.056432
v -0.008086 0.043086 -0.054972
v -0.001263 0.041131 -0.059168
v -0.004707 0.043707 -0.055444
v -0.002647 0.047145 -0.054866
v 0.000518 -0.000261 0.093372
v 0.003869 0.000580 0.093620
v 0.002358 0.001809 0.097739
v 0.003526 0.000269 0.086719
v 0.003302 0.001031 0.080370
v 0.006623 0.001479 0.096796
v 0.006862 0.004199 0.098171
v 0.009760 0.002417 0.096795
v 0.009161 0.001768 0.092665
v 0.006969 0.001395 0.083306
v 0.007933 0.001808 0.088640
v 0.003071 0.005896 0.099209
v 0.002937 0.011278 0.099460
v 0.004491 0.010948 0.091996
v 0.007240 0.008218 0.097771
v 0.010208 0.006417 0.096871
v 0.005835 0.011799 0.094439
v 0.007812 0.011849 0.092155
v 0.008055 0.011801 0.097157
v 0.008873 0.011695 0.096735
v 0.009458 0.011657 0.096409
v 0.009697 0.011641 0.096384
v 0.010522 0.011641 0.096283
v 0.008055 0.011801 0.093173
v 0.008254 0.011775 0.093011
v 0.008342 0.011417 0.092304
v 0.008055 0.011801 0.092193
v 0.008381 0.011759 0.092239
v 0.008605 0.011729 0.092427
v 0.002241 0.001861 0.075688
v 0.001268 0.003590 0.070747
v 0.003303 0.003606 0.073678
v 0.004405 0.002826 0.068710
v 0.004730 0.004672 0.072581
v -0.000020 0.001323 0.062466
v 0.001202 0.000800 0.057025
v 0.003542 0.001091 0.060791
v 0.001688 0.003211 0.065856
v 0.005571 0.000797 0.067783
v 0.007091 0.001197 0.070166
v 0.010570 0.000713 0.072294
v 0.006973 0.004744 0.076370
v 0.008395 0.002681 0.073798
v 0.008326 0.003648 0.078716
v 0.009773 0.004786 0.076581
v 0.009165 0.002233 0.072408
v 0.007636 0.000661 0.058783
v 0.010049 0.000568 0.067414
v 0.001654 0.005314 0.068472
v 0.013252 0.002443 0.092269
v 0.013735 0.003017 0.096448
v 0.013250 0.002901 0.087138
v 0.011642 0.002864 0.084088
v 0.010791 0.003104 0.081448
v 0.011353 0.004929 0.079373
v 0.012547 0.003798 0.079828
v 0.014775 0.004581 0.085454
v 0.014920 0.004143 0.082954
v 0.017205 0.004462 0.092139
v 0.016163 0.004170 0.088643
v 0.020399 0.003625 0.081810
v 0.013866 0.005186 0.096930
v 0.010883 0.009779 0.096806
v 0.011346 0.011695 0.096165
v 0.012164 0.011801 0.096032
v 0.015261 0.009836 0.095736
v 0.012382 0.004982 0.080526
v 0.014767 0.005670 0.083015
v 0.017006 0.005056 0.095600
v 0.018096 0.006271 0.090198
v 0.019056 0.008167 0.096201
v 0.020723 0.008875 0.093628
v 0.020303 0.011236 0.094583
v 0.020772 0.010976 0.092163
v 0.018521 0.008095 0.086026
v 0.018728 0.005657 0.082063
v 0.018793 0.008696 0.089035
v 0.014455 0.000969 0.075289
v 0.013979 0.000443 0.072494
v 0.010870 0.003387 0.076618
v 0.016049 0.003097 0.078034
v 0.011045 0.000373 0.063451
v 0.014899 0.000636 0.058375
v 0.017074 0.000643 0.068847
v 0.019333 0.001207 0.074061
v 0.017134 0.001672 0.078647
v 0.016339 0.000628 0.064106
v 0.020794 0.001313 0.062318
v 0.001591 0.013573 0.098721
v 0.001188 0.015287 0.097698
v 0.002095 0.014470 0.097720
v 0.002302 0.014314 0.097702
v 0.002095 0.014470 0.095704
v 0.002467 0.014189 0.096352
v 0.001470 0.015010 0.097722
v 0.002241 0.013520 0.095056
v 0.002095 0.014470 0.094541
v 0.001352 0.015127 0.094512
v 0.001470 0.015010 0.094689
v 0.001470 0.015010 0.094524
v 0.003442 0.013518 0.097802
v 0.003442 0.013518 0.095781
v 0.004901 0.012748 0.097952
v 0.004159 0.013109 0.097896
v 0.002680 0.014027 0.097651
v 0.002753 0.013972 0.097669
v 0.002753 0.013972 0.096194
v 0.003059 0.013770 0.096076
v 0.003685 0.012513 0.094403
v 0.003442 0.013518 0.094120
v 0.003616 0.013418 0.094031
v 0.004901 0.012748 0.094931
v 0.005009 0.012703 0.094886
v 0.004159 0.013109 0.095320
v 0.004080 0.013154 0.093299
v 0.004159 0.013109 0.093068
v 0.004901 0.012748 0.091655
v 0.004662 0.012864 0.091605
v 0.002753 0.013972 0.094444
v 0.002569 0.014111 0.094522
v 0.000345 0.015663 0.097966
v 0.000802 0.015678 0.095576
v 0.000882 0.015589 0.096101
v 0.000332 0.016204 0.094274
v 0.000609 0.015894 0.094330
v 0.005665 0.012435 0.097969
v 0.006180 0.012262 0.097954
v 0.006262 0.012234 0.097920
v 0.006447 0.012172 0.097874
v 0.006465 0.012167 0.097870
v 0.007245 0.011961 0.097538
v 0.005665 0.012435 0.094859
v 0.006447 0.012172 0.094870
v 0.006486 0.012162 0.094873
v 0.006608 0.012129 0.094603
v 0.005665 0.012435 0.091803
v 0.006447 0.012172 0.091942
v 0.007245 0.011961 0.093928
v 0.007245 0.011961 0.092071
v 0.012996 0.011966 0.095880
v 0.012974 0.011961 0.095884
v 0.013023 0.011959 0.095879
v 0.013012 0.011970 0.095861
v 0.013772 0.012172 0.095717
v 0.014554 0.012435 0.095493
v 0.015318 0.012748 0.095196
v 0.015921 0.013041 0.094896
v 0.016060 0.013109 0.094884
v 0.016777 0.013518 0.094783
v 0.017395 0.012947 0.095289
v 0.016975 0.013648 0.094743
v 0.017466 0.013972 0.094205
v 0.018124 0.014470 0.093420
v 0.018434 0.014738 0.093015
v 0.018749 0.015010 0.092863
v 0.019893 0.014809 0.092335
v 0.019887 0.016204 0.092929
v 0.019337 0.015589 0.092578
v 0.019484 0.015753 0.092507
v 0.020396 0.016854 0.093495
v 0.021421 0.016787 0.094048
v 0.020606 0.017163 0.093747
v 0.020861 0.017536 0.093742
v 0.021053 0.017860 0.093730
v 0.021281 0.018246 0.093902
v 0.001517 0.000940 0.046705
v 0.003252 0.001365 0.051561
v 0.005162 0.000652 0.055347
v 0.002543 0.000754 0.039639
v 0.001866 0.000588 0.034671
v 0.003909 0.001110 0.042924
v 0.006291 0.000972 0.051937
v 0.006012 0.001050 0.046907
v 0.009481 0.001233 0.049253
v 0.007756 0.000711 0.042528
v 0.006055 0.000474 0.036566
v 0.010695 0.000274 0.038358
v 0.001142 0.000646 0.030312
v 0.000190 0.000909 0.027017
v 0.002623 0.000405 0.025553
v 0.005131 0.000629 0.028392
v 0.004268 0.001522 0.029492
v 0.000929 0.000280 0.014632
v 0.004009 0.000382 0.019861
v 0.004432 0.000493 0.014571
v 0.006231 0.000631 0.031959
v 0.010444 0.000536 0.033888
v 0.007884 0.000442 0.023256
v 0.007842 -0.000113 0.016563
v 0.008887 -0.000111 0.012484
v 0.011079 0.000900 0.054543
v 0.014888 0.001372 0.051257
v 0.015475 0.001354 0.046559
v 0.010765 0.001355 0.044692
v 0.012496 0.000707 0.043421
v 0.012851 0.001107 0.035675
v 0.014733 0.000420 0.039408
v 0.015812 0.001045 0.037675
v 0.016586 0.001093 0.054613
v 0.020107 0.001392 0.052239
v 0.020835 0.000954 0.056525
v 0.019560 0.001396 0.046673
v 0.021441 0.001766 0.049277
v 0.018813 0.000706 0.042755
v 0.016266 0.000251 0.035619
v 0.020136 0.000170 0.039976
v 0.019849 0.000120 0.036533
v 0.012878 0.000095 0.030054
v 0.012304 0.000204 0.025186
v 0.010729 0.000234 0.019041
v 0.012771 -0.000384 0.015034
v 0.014749 -0.000121 0.021230
v 0.017234 -0.000213 0.025965
v 0.020328 0.000017 0.032833
v 0.020339 -0.000279 0.024355
v 0.016257 -0.000760 0.015271
v 0.019258 -0.000871 0.016403
v 0.021789 0.002699 0.080772
v 0.023221 0.004398 0.083957
v 0.026361 0.010319 0.090089
v 0.026013 0.008150 0.087591
v 0.026167 0.005694 0.082176
v 0.022806 0.009157 0.087692
v 0.029172 0.011358 0.087719
v 0.029226 0.008856 0.082109
v 0.022675 0.001916 0.070680
v 0.024590 0.003452 0.076443
v 0.026346 0.004045 0.070644
v 0.021936 0.001916 0.066438
v 0.025687 0.003500 0.060760
v 0.028493 0.004909 0.064414
v 0.028886 0.004944 0.058304
v 0.028159 0.006845 0.078009
v 0.030301 0.008106 0.073922
v 0.031032 0.008331 0.068385
v 0.030696 0.006917 0.062103
v 0.033675 0.011680 0.070753
v 0.033593 0.010224 0.064785
v 0.033605 0.010376 0.061404
v 0.022403 0.012123 0.090881
v 0.021852 0.014320 0.094552
v 0.023904 0.015306 0.093250
v 0.026380 0.012714 0.091730
v 0.027875 0.012572 0.091362
v 0.028512 0.016583 0.094581
v 0.031346 0.014055 0.085957
v 0.032222 0.017036 0.088124
v 0.023812 0.019784 0.095878
v 0.021655 0.018982 0.094182
v 0.021980 0.019741 0.094423
v 0.022052 0.019945 0.094475
v 0.022255 0.020519 0.094754
v 0.022413 0.021076 0.094992
v 0.022480 0.021313 0.095003
v 0.022652 0.022121 0.095010
v 0.022772 0.022937 0.094989
v 0.022839 0.023760 0.094939
v 0.022841 0.023910 0.094924
v 0.022852 0.024585 0.094866
v 0.022812 0.025409 0.094766
v 0.023833 0.024513 0.095393
v 0.025784 0.024069 0.095121
v 0.029903 0.019976 0.094527
v 0.032019 0.019977 0.092045
v 0.027798 0.025405 0.094709
v 0.032552 0.014350 0.083385
v 0.034075 0.017797 0.082829
v 0.032659 0.023622 0.094075
v 0.034303 0.022839 0.090328
v 0.033144 0.024986 0.092456
v 0.035820 0.021863 0.084050
v 0.034930 0.022985 0.087339
v 0.037125 0.022715 0.079126
v 0.032891 0.012628 0.077124
v 0.034422 0.014723 0.074304
v 0.035346 0.017390 0.078341
v 0.036040 0.015501 0.069097
v 0.036792 0.017685 0.071946
v 0.034596 0.012386 0.056908
v 0.035178 0.013520 0.066925
v 0.037209 0.017767 0.067161
v 0.036442 0.015751 0.061184
v 0.035689 0.017137 0.057976
v 0.037571 0.020644 0.074516
v 0.037534 0.021423 0.068231
v 0.037380 0.023899 0.073464
v 0.036185 0.024153 0.068438
v 0.036587 0.021990 0.063583
v 0.036720 0.019763 0.060544
v 0.036672 0.025000 0.066539
v 0.036596 0.024546 0.063412
v 0.038120 0.020217 0.058154
v 0.038940 0.022316 0.059083
v 0.040976 0.019697 0.057182
v 0.039375 0.024707 0.061507
v 0.041427 0.022457 0.059184
v 0.023206 0.002204 0.051225
v 0.023521 0.002024 0.046747
v 0.025604 0.002628 0.055622
v 0.026323 0.000898 0.039300
v 0.023124 0.002460 0.043355
v 0.023467 0.001581 0.038938
v 0.025451 0.001499 0.042621
v 0.025970 0.003196 0.042416
v 0.026235 0.002178 0.035846
v 0.027080 0.004130 0.049913
v 0.030446 0.004532 0.046425
v 0.028398 0.001206 0.035533
v 0.029380 0.002733 0.043379
v 0.027725 0.004868 0.044863
v 0.029042 0.001591 0.038859
v 0.032377 0.003101 0.041157
v 0.031640 0.003885 0.045331
v 0.031240 0.001986 0.036857
v 0.028980 0.005138 0.053802
v 0.029419 0.007174 0.047671
v 0.031377 0.007738 0.056630
v 0.030763 0.007592 0.050667
v 0.031158 0.007472 0.047837
v 0.032287 0.008923 0.053646
v 0.022852 0.000130 0.031708
v 0.024983 0.000984 0.026637
v 0.024027 0.002086 0.033864
v 0.023021 0.000439 0.021534
v 0.022158 -0.000292 0.016702
v 0.024009 -0.000602 0.016167
v 0.026957 0.000353 0.015758
v 0.027433 0.001275 0.024731
v 0.029641 0.000612 0.023986
v 0.031857 0.001404 0.024294
v 0.028472 0.002111 0.032140
v 0.029147 0.002477 0.028388
v 0.031105 0.001809 0.031583
v 0.027085 0.000368 0.020793
v 0.029319 0.000674 0.013754
v 0.031363 0.000989 0.020786
v 0.029866 0.000429 0.017106
v 0.033897 0.003883 0.038021
v 0.033676 0.005739 0.045670
v 0.036315 0.008244 0.048413
v 0.033026 0.011173 0.051875
v 0.034569 0.008930 0.050012
v 0.036117 0.009491 0.050980
v 0.034352 0.005143 0.042667
v 0.037221 0.007130 0.041101
v 0.036238 0.005605 0.034981
v 0.038166 0.010511 0.049320
v 0.039786 0.011457 0.046936
v 0.037917 0.007351 0.038047
v 0.038481 0.008812 0.044392
v 0.038772 0.009040 0.040052
v 0.039958 0.010330 0.037988
v 0.034471 0.003568 0.032207
v 0.034493 0.003197 0.028399
v 0.033894 0.002226 0.025585
v 0.033022 0.002997 0.020173
v 0.035124 0.004086 0.023169
v 0.033253 0.002848 0.016481
v 0.037146 0.006876 0.033956
v 0.036316 0.005889 0.020060
v 0.035260 0.005081 0.016125
v 0.036608 0.005980 0.015189
v 0.036090 0.007848 0.013717
v 0.038118 0.006456 0.031410
v 0.038415 0.005922 0.023436
v 0.039282 0.006820 0.026161
v 0.039462 0.009031 0.024443
v 0.040608 0.010006 0.030787
v 0.040849 0.010200 0.027441
v 0.039998 0.007513 0.013991
v 0.039288 0.009303 0.020979
v 0.038614 0.009075 0.016617
v 0.038256 0.011857 0.017029
v 0.041186 0.011267 0.015907
v 0.043118 0.011086 0.012404
v 0.034596 0.014209 0.055588
v 0.037409 0.013252 0.052868
v 0.035253 0.014265 0.054071
v 0.036855 0.017307 0.056639
v 0.039197 0.013775 0.051564
v 0.040024 0.013796 0.047918
v 0.039511 0.015863 0.054800
v 0.041550 0.017632 0.052832
v 0.041068 0.015934 0.047183
v 0.041162 0.017627 0.046475
v 0.039804 0.012839 0.045416
v 0.040792 0.013153 0.042171
v 0.041071 0.014300 0.039769
v 0.041301 0.016726 0.039788
v 0.040841 0.016285 0.034746
v 0.040766 0.018062 0.037203
v 0.042520 0.021525 0.055225
v 0.041991 0.019070 0.046835
v 0.042364 0.020735 0.049940
v 0.041728 0.023505 0.052113
v 0.041722 0.024672 0.055978
v 0.041966 0.022901 0.047339
v 0.040448 0.018966 0.044198
v 0.040523 0.019008 0.040455
v 0.040483 0.021440 0.035603
v 0.041335 0.020324 0.044067
v 0.039366 0.025041 0.037428
v 0.041429 0.022708 0.040309
v 0.041250 0.024097 0.043739
v 0.041547 0.012558 0.030419
v 0.041197 0.014152 0.033145
v 0.039991 0.017449 0.030985
v 0.039651 0.015911 0.025569
v 0.040967 0.017589 0.033226
v 0.039626 0.012077 0.022856
v 0.038626 0.014490 0.019724
v 0.040108 0.015069 0.018545
v 0.042310 0.014746 0.015980
v 0.038712 0.017996 0.020468
v 0.043302 0.015599 0.013339
v 0.033013 0.023490 0.029186
v 0.034309 0.024891 0.032182
v 0.032578 0.025602 0.028213
v 0.037682 0.023063 0.033728
v 0.035709 0.023564 0.028887
v 0.035750 0.022632 0.024859
v 0.037845 0.022610 0.022969
v 0.038085 0.020398 0.026845
v 0.038013 0.018896 0.022672
v 0.040270 0.018939 0.020870
v 0.040487 0.021431 0.018167
v 0.041214 0.021670 0.015601
v 0.039347 0.025653 0.016583
v 0.000073 0.032232 0.090363
v 0.000602 0.032865 0.090561
v 0.001171 0.033463 0.090745
v 0.001596 0.033854 0.090864
v 0.001778 0.034022 0.090938
v 0.002106 0.034287 0.091058
v 0.002420 0.034541 0.091075
v 0.001450 0.035442 0.091410
v 0.002735 0.034764 0.091084
v 0.003094 0.035018 0.091145
v 0.003797 0.035450 0.091241
v 0.004527 0.035835 0.091319
v 0.004711 0.035917 0.091333
v 0.004323 0.037289 0.091830
v 0.005280 0.036172 0.091231
v 0.006054 0.036460 0.091076
v 0.006234 0.036514 0.091036
v 0.006844 0.036697 0.090886
v 0.007649 0.036883 0.090673
v 0.008463 0.037016 0.090445
v 0.008964 0.037065 0.090297
v 0.009285 0.037096 0.090270
v 0.010110 0.037123 0.090188
v 0.010385 0.037114 0.090157
v 0.009407 0.039151 0.090652
v 0.021553 0.029976 0.093130
v 0.021474 0.030146 0.093088
v 0.021077 0.030870 0.092891
v 0.020147 0.032232 0.092462
v 0.020028 0.032374 0.092411
v 0.020634 0.031566 0.092682
v 0.014779 0.036232 0.090632
v 0.014939 0.036172 0.090691
v 0.015692 0.035835 0.090967
v 0.010935 0.037096 0.090234
v 0.011756 0.037016 0.090353
v 0.011975 0.036980 0.090386
v 0.012571 0.036883 0.090423
v 0.013375 0.036697 0.090477
v 0.011991 0.038562 0.090266
v 0.014368 0.036385 0.090551
v 0.014165 0.036460 0.090535
v 0.014524 0.036561 0.090546
v 0.015630 0.039695 0.090752
v 0.017858 0.034494 0.091750
v 0.018441 0.034022 0.091932
v 0.017125 0.035018 0.091488
v 0.016422 0.035450 0.091233
v 0.017799 0.034541 0.091729
v 0.018313 0.035487 0.091955
v 0.019048 0.033463 0.092118
v 0.019617 0.032865 0.092290
v 0.019838 0.037226 0.091713
v 0.001982 0.039718 0.092716
v 0.000901 0.044708 0.091091
v 0.003125 0.046118 0.090129
v 0.007640 0.039878 0.091879
v 0.005381 0.043481 0.091167
v 0.007966 0.044231 0.090149
v 0.009994 0.044204 0.088298
v 0.000211 0.048364 0.089681
v 0.004915 0.049746 0.088142
v 0.001918 0.051958 0.086787
v 0.000752 0.053611 0.078957
v 0.009488 0.047643 0.088299
v 0.006886 0.053285 0.082656
v 0.010304 0.050587 0.085256
v 0.001375 0.046468 0.063162
v 0.001551 0.043975 0.058907
v 0.005038 0.045898 0.061013
v 0.008081 0.044641 0.058487
v 0.001702 0.052335 0.071340
v 0.005991 0.052822 0.076440
v 0.005818 0.051984 0.069303
v 0.009909 0.051582 0.072897
v 0.005597 0.049463 0.065029
v 0.011372 0.041181 0.089497
v 0.014488 0.041743 0.086597
v 0.012052 0.043962 0.087184
v 0.016292 0.040914 0.085068
v 0.018049 0.040798 0.088038
v 0.020821 0.040246 0.089775
v 0.020932 0.040464 0.084454
v 0.019325 0.039791 0.080894
v 0.016749 0.044468 0.082308
v 0.014470 0.049422 0.082193
v 0.010995 0.052581 0.079114
v 0.016226 0.047573 0.082427
v 0.011282 0.045562 0.058702
v 0.015932 0.045937 0.057772
v 0.020990 0.046491 0.078009
v 0.011192 0.051963 0.075082
v 0.015282 0.051245 0.073766
v 0.014046 0.050404 0.070948
v 0.011957 0.047592 0.060048
v 0.014774 0.049380 0.064835
v 0.011082 0.050901 0.066525
v 0.017637 0.049658 0.078796
v 0.021333 0.048293 0.074339
v 0.020153 0.049221 0.068258
v 0.017965 0.050453 0.073496
v 0.017620 0.050276 0.070224
v 0.017627 0.046670 0.060116
v 0.020488 0.047378 0.062727
v 0.019065 0.049465 0.066218
v 0.019080 0.047716 0.061968
v 0.010000 0.039210 0.049260
v 0.002497 0.039595 0.022314
v -0.000136 0.039209 0.013735
v 0.003722 0.037512 0.018068
v 0.002748 0.037236 0.014900
v 0.006962 0.038234 0.019632
v 0.007553 0.037621 0.014650
v 0.010239 0.037891 0.014638
v 0.014451 0.039192 0.048061
v 0.014446 0.037287 0.044843
v 0.018038 0.036681 0.045759
v 0.020423 0.039297 0.049013
v 0.018270 0.034183 0.042046
v 0.020854 0.035407 0.043200
v 0.019807 0.034450 0.039123
v 0.017649 0.037179 0.040092
v 0.018567 0.038568 0.038132
v 0.010937 0.039604 0.022404
v 0.010791 0.038583 0.019095
v 0.015948 0.037867 0.013522
v 0.014778 0.038728 0.017008
v 0.017692 0.038927 0.019501
v 0.019809 0.038137 0.014723
v 0.001172 0.042812 0.055391
v 0.001023 0.044115 0.050931
v 0.002068 0.045431 0.048591
v 0.005729 0.040930 0.052297
v 0.006247 0.042784 0.055562
v 0.006216 0.041213 0.049592
v 0.010456 0.040334 0.051014
v 0.007731 0.043652 0.044946
v 0.009618 0.046426 0.038193
v 0.001134 0.048196 0.047863
v 0.002387 0.048812 0.043708
v 0.005226 0.047530 0.040011
v 0.004464 0.047713 0.036734
v 0.005683 0.047368 0.044080
v 0.002205 0.044690 0.026040
v 0.004113 0.045294 0.032698
v 0.004770 0.044699 0.026849
v 0.008160 0.042186 0.026582
v 0.010061 0.043107 0.028249
v 0.009611 0.045496 0.031349
v 0.007320 0.041193 0.022620
v 0.011800 0.041923 0.053438
v 0.015240 0.042805 0.054378
v 0.015251 0.039897 0.050307
v 0.012015 0.040237 0.043931
v 0.014483 0.041162 0.040434
v 0.015101 0.042727 0.037360
v 0.010878 0.044169 0.041706
v 0.020742 0.043231 0.054084
v 0.019443 0.041133 0.037142
v 0.013154 0.040656 0.024689
v 0.011348 0.045605 0.034489
v 0.013862 0.044023 0.029048
v 0.013564 0.040209 0.021725
v 0.018200 0.042668 0.026916
v 0.016231 0.043623 0.033587
v 0.019585 0.043300 0.029165
v 0.020263 0.040983 0.022014
v 0.022758 0.025882 0.094693
v 0.022719 0.026229 0.094593
v 0.022572 0.027042 0.094341
v 0.022380 0.027820 0.094083
v 0.022374 0.027843 0.094074
v 0.022124 0.028630 0.093747
v 0.021824 0.029398 0.093405
v 0.024251 0.031301 0.093837
v 0.030265 0.026559 0.094212
v 0.029828 0.030297 0.094330
v 0.031531 0.030184 0.093640
v 0.024740 0.035602 0.092152
v 0.022864 0.036954 0.092350
v 0.021697 0.038853 0.090917
v 0.026704 0.037810 0.093284
v 0.023197 0.038232 0.079420
v 0.025100 0.038751 0.086209
v 0.024582 0.038740 0.082044
v 0.027091 0.033274 0.093616
v 0.029484 0.035601 0.093479
v 0.028662 0.038133 0.090677
v 0.028848 0.035903 0.082146
v 0.032083 0.034787 0.085921
v 0.030782 0.034047 0.078825
v 0.031053 0.035248 0.083168
v 0.028399 0.036594 0.079081
v 0.022206 0.037280 0.078218
v 0.022289 0.039029 0.077234
v 0.024758 0.036670 0.075295
v 0.025397 0.037826 0.074585
v 0.030664 0.034215 0.075506
v 0.030005 0.035301 0.071300
v 0.027189 0.037015 0.075924
v 0.028475 0.038936 0.072895
v 0.031565 0.037700 0.071089
v 0.031403 0.038970 0.058866
v 0.032783 0.028168 0.091926
v 0.033442 0.030205 0.091806
v 0.034802 0.026402 0.087711
v 0.037266 0.026139 0.081317
v 0.036400 0.027568 0.083877
v 0.033919 0.030542 0.088576
v 0.032995 0.032698 0.080562
v 0.035083 0.031092 0.083866
v 0.035407 0.031473 0.085948
v 0.035353 0.030366 0.081741
v 0.033072 0.033546 0.090841
v 0.032566 0.035743 0.087930
v 0.036741 0.026524 0.077917
v 0.035232 0.026685 0.070913
v 0.034467 0.029725 0.075207
v 0.033886 0.029511 0.070956
v 0.034893 0.029445 0.067894
v 0.033079 0.032637 0.071092
v 0.033326 0.032531 0.068534
v 0.036234 0.027062 0.063819
v 0.035768 0.030458 0.065478
v 0.036570 0.032069 0.060064
v 0.038685 0.026897 0.063443
v 0.038527 0.029177 0.059990
v 0.039323 0.029033 0.057979
v 0.040613 0.027010 0.060586
v 0.038582 0.030479 0.064190
v 0.038930 0.031197 0.057717
v 0.033617 0.035146 0.068591
v 0.032991 0.038609 0.067914
v 0.033418 0.035628 0.061207
v 0.036652 0.033297 0.065536
v 0.037555 0.033062 0.056723
v 0.034357 0.036535 0.064124
v 0.032831 0.037257 0.060294
v 0.023870 0.040446 0.092120
v 0.025006 0.042189 0.075246
v 0.021947 0.043391 0.077449
v 0.024751 0.045395 0.074751
v 0.026896 0.044569 0.070555
v 0.025199 0.045571 0.070275
v 0.021777 0.046267 0.058613
v 0.023327 0.045797 0.061122
v 0.024773 0.046391 0.063560
v 0.026730 0.045036 0.067214
v 0.025879 0.045005 0.060509
v 0.027749 0.042225 0.073048
v 0.029845 0.041748 0.070491
v 0.029690 0.040694 0.060060
v 0.030734 0.041300 0.066282
v 0.030673 0.040381 0.064350
v 0.030123 0.041837 0.058531
v 0.027461 0.043661 0.063493
v 0.022911 0.048054 0.068609
v 0.021996 0.032428 0.040171
v 0.023759 0.031535 0.036236
v 0.026282 0.032014 0.036639
v 0.028691 0.030804 0.037435
v 0.031264 0.030751 0.038385
v 0.021660 0.037252 0.045974
v 0.024449 0.038488 0.048405
v 0.026505 0.039117 0.049546
v 0.023599 0.035150 0.034840
v 0.025626 0.033558 0.040921
v 0.025293 0.035726 0.044063
v 0.029311 0.039343 0.052398
v 0.032245 0.039496 0.055656
v 0.031658 0.036870 0.047891
v 0.028948 0.032823 0.040109
v 0.029703 0.034580 0.044526
v 0.026235 0.030925 0.033774
v 0.030913 0.026895 0.033298
v 0.027790 0.029685 0.033286
v 0.029227 0.032031 0.030931
v 0.032086 0.031002 0.028413
v 0.025708 0.037933 0.033493
v 0.026451 0.037661 0.026240
v 0.025468 0.035903 0.012840
v 0.023300 0.038600 0.020084
v 0.026041 0.039115 0.023248
v 0.026289 0.036416 0.016504
v 0.029421 0.035450 0.029323
v 0.030529 0.035526 0.026371
v 0.032396 0.033374 0.021943
v 0.030682 0.035517 0.022326
v 0.031962 0.034691 0.017929
v 0.031911 0.034422 0.014684
v 0.028112 0.037254 0.020113
v 0.034044 0.027432 0.035601
v 0.033962 0.030169 0.040042
v 0.035883 0.031700 0.042099
v 0.040381 0.028424 0.054258
v 0.041196 0.026584 0.047422
v 0.039758 0.030917 0.049472
v 0.038503 0.031282 0.045614
v 0.040458 0.025951 0.044791
v 0.038981 0.028434 0.042526
v 0.034740 0.034641 0.046979
v 0.036394 0.035317 0.055316
v 0.036237 0.035098 0.050065
v 0.032892 0.028764 0.028195
v 0.035677 0.026325 0.025542
v 0.035815 0.028846 0.025537
v 0.034210 0.031290 0.024835
v 0.034812 0.031435 0.014600
v 0.036439 0.029523 0.019263
v 0.038855 0.025909 0.021335
v 0.024417 0.044157 0.056347
v 0.021644 0.040737 0.034831
v 0.028884 0.041421 0.055124
v 0.023875 0.040340 0.030428
v 0.023987 0.040732 0.024595
v 0.000517 0.000429 0.004543
v 0.004028 0.000432 0.009970
v -0.000048 0.000385 -0.003935
v 0.002966 0.000893 -0.003037
v 0.004062 0.000710 -0.008950
v 0.008516 0.000314 0.009442
v 0.008493 0.000240 0.003893
v 0.005801 0.000829 -0.000368
v 0.006660 0.000444 -0.004273
v 0.009033 0.000822 -0.005325
v 0.009870 0.000485 -0.008888
v 0.008107 0.001822 -0.009336
v -0.000061 0.000237 -0.010715
v 0.001827 0.000980 -0.012026
v 0.002423 0.000499 -0.015544
v 0.004733 0.000479 -0.014041
v 0.003280 0.000413 -0.018613
v 0.002424 -0.000138 -0.028306
v 0.005797 0.000684 -0.010480
v 0.006626 -0.000562 -0.017230
v 0.009416 -0.001057 -0.014942
v 0.008058 -0.000185 -0.014581
v 0.008652 -0.000384 -0.019432
v 0.006172 0.000003 -0.022219
v 0.006549 -0.000360 -0.027747
v 0.010392 -0.000596 -0.022279
v 0.010330 -0.000645 -0.026882
v 0.012465 -0.000197 0.006754
v 0.014160 -0.000368 0.011273
v 0.010826 0.000645 -0.000384
v 0.014543 0.000479 0.000422
v 0.015964 -0.000196 -0.008732
v 0.012661 0.001478 -0.004921
v 0.017512 -0.000368 0.005030
v 0.019579 -0.000428 0.010686
v 0.016353 0.001369 -0.002833
v 0.018835 0.000576 -0.000076
v 0.017129 0.000623 -0.004427
v 0.020636 0.000534 -0.003523
v 0.019539 -0.000428 -0.008198
v 0.012648 -0.000702 -0.012933
v 0.011340 -0.000736 -0.017724
v 0.013404 -0.001110 -0.016294
v 0.014304 -0.001255 -0.028870
v 0.017931 -0.001121 -0.016112
v 0.017012 -0.001330 -0.022897
v 0.020415 -0.001310 -0.030900
v 0.004008 -0.000043 -0.032394
v 0.004166 -0.000022 -0.036773
v 0.000834 0.000575 -0.053305
v 0.004561 0.000375 -0.044872
v 0.004221 0.000167 -0.050097
v 0.007680 -0.000718 -0.035924
v 0.008867 -0.000103 -0.042174
v 0.006596 0.000981 -0.052373
v 0.008894 0.000038 -0.045810
v 0.010155 0.001195 -0.052469
v 0.000912 0.003407 -0.063702
v 0.002370 0.004265 -0.061628
v 0.003811 0.001721 -0.057509
v 0.003633 0.003888 -0.060223
v 0.004716 0.003949 -0.063386
v 0.001871 0.004541 -0.067244
v 0.004463 0.003123 -0.067462
v 0.009722 0.001066 -0.058640
v 0.008924 0.001117 -0.063257
v 0.006754 0.002299 -0.055477
v 0.007032 0.002489 -0.057852
v 0.005697 0.002126 -0.062593
v 0.007683 0.003999 -0.069262
v 0.008045 0.001974 -0.067419
v 0.000029 0.005551 -0.067440
v 0.002059 0.005054 -0.065260
v 0.001862 0.005340 -0.069403
v 0.001582 0.007869 -0.073192
v 0.003967 0.005424 -0.071401
v 0.001549 0.009833 -0.069872
v 0.000269 0.011106 -0.067859
v 0.003438 0.009949 -0.067834
v 0.004437 0.009651 -0.070418
v 0.005673 0.008005 -0.070755
v 0.010182 0.005462 -0.069423
v 0.009467 0.006967 -0.070912
v 0.007814 0.009784 -0.068619
v 0.005713 0.010874 -0.066961
v 0.009978 0.009095 -0.066353
v 0.009208 0.010746 -0.067236
v 0.008055 0.011801 -0.067057
v 0.008873 0.011695 -0.067128
v 0.009374 0.011662 -0.067169
v 0.009697 0.011641 -0.067125
v 0.010089 0.011641 -0.067071
v 0.010522 0.011641 -0.066923
v 0.011610 -0.001210 -0.033877
v 0.011077 -0.000731 -0.038662
v 0.016028 -0.001198 -0.036735
v 0.014485 -0.000506 -0.042551
v 0.010723 0.000603 -0.048822
v 0.014458 0.000817 -0.050427
v 0.013929 0.001203 -0.053834
v 0.016144 -0.001557 -0.032135
v 0.018563 -0.000878 -0.038513
v 0.021421 -0.000271 -0.038158
v 0.021479 -0.000240 -0.040560
v 0.021269 0.001339 -0.041836
v 0.017305 -0.000011 -0.045167
v 0.017499 0.001224 -0.048180
v 0.019659 0.000633 -0.048414
v 0.020608 0.001846 -0.046274
v 0.012066 0.001074 -0.054801
v 0.013853 0.000790 -0.059519
v 0.013600 0.001196 -0.064006
v 0.010940 0.001171 -0.065279
v 0.012823 0.001795 -0.067039
v 0.014293 0.003727 -0.068655
v 0.017278 0.000382 -0.055202
v 0.018467 0.001200 -0.061040
v 0.017634 0.002162 -0.065039
v 0.017659 0.002677 -0.067682
v 0.020325 0.003589 -0.067652
v 0.012769 0.009701 -0.067588
v 0.012626 0.009295 -0.069561
v 0.011346 0.011695 -0.066650
v 0.012164 0.011801 -0.066387
v 0.012243 0.011817 -0.066363
v 0.012749 0.011166 -0.066092
v 0.016066 0.011458 -0.066225
v 0.017144 0.008126 -0.069721
v 0.019081 0.010852 -0.068477
v -0.000077 0.012914 -0.066734
v 0.002554 0.012328 -0.066930
v 0.002095 0.014470 -0.067152
v 0.001470 0.015010 -0.066970
v 0.003442 0.013518 -0.067170
v 0.004901 0.012748 -0.066879
v 0.004159 0.013109 -0.066956
v 0.004461 0.012962 -0.066874
v 0.002806 0.013937 -0.067377
v 0.002753 0.013972 -0.067359
v 0.000332 0.016204 -0.066611
v 0.000401 0.016127 -0.066622
v 0.000882 0.015589 -0.066813
v 0.000675 0.015820 -0.066763
v 0.005665 0.012435 -0.066885
v 0.006060 0.012302 -0.066886
v 0.006447 0.012172 -0.066919
v 0.007223 0.011966 -0.066980
v 0.007245 0.011961 -0.066982
v 0.012974 0.011961 -0.066262
v 0.013772 0.012172 -0.066168
v 0.014421 0.012390 -0.066103
v 0.014554 0.012435 -0.066107
v 0.015318 0.012748 -0.066124
v 0.016060 0.013109 -0.066138
v 0.020290 0.014252 -0.065002
v 0.021110 0.017956 -0.065038
v 0.021519 0.017811 -0.064834
v 0.021213 0.018130 -0.064985
v 0.021281 0.018246 -0.065036
v 0.016325 0.013260 -0.066142
v 0.016777 0.013518 -0.066012
v 0.017437 0.013953 -0.065821
v 0.017466 0.013972 -0.065820
v 0.018124 0.014470 -0.065825
v 0.018749 0.015010 -0.065861
v 0.019077 0.015333 -0.065898
v 0.019337 0.015589 -0.065871
v 0.019887 0.016204 -0.065840
v 0.020133 0.016519 -0.065840
v 0.020396 0.016854 -0.065614
v 0.020858 0.017531 -0.065185
v 0.020861 0.017536 -0.065183
v 0.023882 -0.000420 0.010869
v 0.024006 -0.000246 0.007658
v 0.023197 0.000579 0.004366
v 0.023567 0.000890 0.002301
v 0.026441 0.001858 0.003163
v 0.022733 0.000719 -0.000390
v 0.023557 0.000571 -0.006372
v 0.026680 0.001407 0.000446
v 0.025866 0.001391 -0.009584
v 0.026963 0.002187 -0.003621
v 0.028026 0.001074 0.008681
v 0.031746 0.000958 0.004740
v 0.029168 0.002761 0.005603
v 0.030731 0.001689 0.011292
v 0.030729 0.002630 0.008224
v 0.030329 0.001563 0.005230
v 0.028092 0.000745 -0.002636
v 0.028806 0.001194 0.001275
v 0.027870 0.000270 -0.005465
v 0.030861 0.000109 -0.006993
v 0.031078 0.001758 -0.000216
v 0.021969 -0.000999 -0.016716
v 0.026543 0.000956 -0.013277
v 0.022880 -0.000913 -0.024360
v 0.026062 -0.000228 -0.023874
v 0.027808 -0.000436 -0.010170
v 0.029255 -0.000870 -0.015702
v 0.027772 -0.000250 -0.017098
v 0.031831 -0.000335 -0.011163
v 0.028028 -0.001021 -0.022262
v 0.027470 -0.000503 -0.028949
v 0.028429 -0.001076 -0.026834
v 0.029052 0.001247 -0.031610
v 0.030463 -0.001054 -0.020988
v 0.030903 -0.000645 -0.024037
v 0.031236 0.001452 -0.028331
v 0.032171 0.003118 -0.030050
v 0.033018 0.000879 0.002406
v 0.035928 0.001411 0.004157
v 0.034810 0.001678 0.007285
v 0.033904 0.003201 0.006965
v 0.034500 0.004111 0.012330
v 0.037613 0.002808 0.009302
v 0.037007 0.004574 0.008533
v 0.037822 0.002571 0.002033
v 0.033707 0.000910 -0.005313
v 0.035826 0.001360 -0.002234
v 0.036493 0.002987 -0.005752
v 0.039106 0.004424 0.011473
v 0.040252 0.004077 0.009441
v 0.038738 0.002940 0.006811
v 0.034532 0.005067 0.010145
v 0.038049 0.005701 0.011708
v 0.040505 0.006313 0.003453
v 0.041254 0.006514 0.012064
v 0.041360 0.006462 0.009854
v 0.041907 0.009444 0.006206
v 0.039064 0.005402 -0.000785
v 0.038622 0.007701 -0.003942
v 0.039862 0.011270 -0.002211
v 0.041066 0.009856 0.001046
v 0.032497 0.000205 -0.020019
v 0.033991 0.000848 -0.016632
v 0.035696 0.002326 -0.010253
v 0.035610 0.003303 -0.012410
v 0.035177 0.003702 -0.020071
v 0.033221 0.000984 -0.023719
v 0.033402 0.003051 -0.024469
v 0.036969 0.005263 -0.014202
v 0.035686 0.006527 -0.020772
v 0.037336 0.008898 -0.014086
v 0.036653 0.009165 -0.019499
v 0.032772 0.006489 -0.030873
v 0.034293 0.005717 -0.027452
v 0.035514 0.006911 -0.023906
v 0.034228 0.009046 -0.030004
v 0.036068 0.011193 -0.023879
v 0.037062 0.009763 -0.030665
v 0.038252 0.008257 -0.009993
v 0.031633 0.024746 -0.009632
v 0.031939 0.024232 -0.012021
v 0.037609 0.015032 -0.009163
v 0.042853 0.013858 0.009591
v 0.040882 0.012534 0.002291
v 0.041625 0.014636 0.005159
v 0.041908 0.018280 0.008770
v 0.041482 0.015884 0.002563
v 0.040131 0.013904 -0.002807
v 0.039273 0.012486 -0.007392
v 0.039498 0.014576 -0.007629
v 0.039948 0.018386 0.000342
v 0.033536 0.022364 -0.008061
v 0.035360 0.022483 -0.003452
v 0.036566 0.023858 0.000347
v 0.040342 0.020052 0.006545
v 0.040065 0.021172 0.004559
v 0.039743 0.023712 0.009973
v 0.038239 0.019471 -0.003422
v 0.036957 0.012371 -0.015583
v 0.036609 0.013517 -0.017959
v 0.035967 0.014892 -0.020108
v 0.036483 0.015553 -0.014681
v 0.035499 0.017641 -0.012783
v 0.036126 0.014056 -0.024465
v 0.038739 0.011914 -0.030210
v 0.037964 0.015271 -0.026536
v 0.041166 0.011954 -0.030958
v 0.038313 0.018407 -0.023749
v 0.040014 0.017942 -0.025984
v 0.041139 0.015496 -0.028941
v 0.042106 0.018802 -0.028638
v 0.032589 0.020271 -0.012552
v 0.033828 0.019538 -0.014715
v 0.034033 0.021139 -0.016083
v 0.036052 0.019671 -0.020491
v 0.035155 0.023616 -0.018248
v 0.042045 0.020935 -0.030066
v 0.038644 0.022691 -0.022190
v 0.040891 0.022940 -0.026002
v 0.040873 0.024167 -0.029966
v 0.025245 -0.000225 -0.034227
v 0.023273 0.004469 -0.042472
v 0.025225 0.003606 -0.037439
v 0.023263 0.000694 -0.050638
v 0.026530 0.000989 -0.044672
v 0.024584 0.003670 -0.043220
v 0.031497 0.001323 -0.041884
v 0.027120 0.001983 -0.035869
v 0.029026 0.004207 -0.034145
v 0.027860 0.004187 -0.039916
v 0.029978 0.004142 -0.032537
v 0.030399 0.004523 -0.036917
v 0.030544 0.003511 -0.040439
v 0.030098 0.001785 -0.047569
v 0.031589 0.001582 -0.045144
v 0.030615 0.002793 -0.052219
v 0.031943 0.002471 -0.050061
v 0.024275 0.005818 -0.039249
v 0.026932 0.006345 -0.036838
v 0.026113 0.006045 -0.039620
v 0.028866 0.006101 -0.035468
v 0.031454 0.005975 -0.032624
v 0.021707 0.000991 -0.057285
v 0.023449 0.001033 -0.054173
v 0.024012 0.001933 -0.059300
v 0.022138 0.002266 -0.062726
v 0.025446 0.002970 -0.063002
v 0.023379 0.004127 -0.067529
v 0.027239 0.002077 -0.054619
v 0.028798 0.002796 -0.056625
v 0.028608 0.004275 -0.062256
v 0.032017 0.004286 -0.057391
v 0.022356 0.006898 -0.068082
v 0.026031 0.005292 -0.066443
v 0.025236 0.009552 -0.067855
v 0.030776 0.005882 -0.061837
v 0.031381 0.008939 -0.065078
v 0.028884 0.007089 -0.066022
v 0.034187 0.002439 -0.040647
v 0.034435 0.003757 -0.038127
v 0.036113 0.004854 -0.041867
v 0.034675 0.003388 -0.043338
v 0.034239 0.003490 -0.046287
v 0.034377 0.003507 -0.048699
v 0.033980 0.004221 -0.053659
v 0.033641 0.006352 -0.034904
v 0.037265 0.006517 -0.035555
v 0.035891 0.008335 -0.033277
v 0.034887 0.005450 -0.045662
v 0.034444 0.005173 -0.049056
v 0.035111 0.005276 -0.052287
v 0.037592 0.006925 -0.045685
v 0.037440 0.007694 -0.048932
v 0.036878 0.009052 -0.054018
v 0.039421 0.006194 -0.036164
v 0.037887 0.005794 -0.039506
v 0.039960 0.006595 -0.039974
v 0.038344 0.007256 -0.042003
v 0.039826 0.006828 -0.042537
v 0.041979 0.011083 -0.033316
v 0.041441 0.008808 -0.038485
v 0.039620 0.008499 -0.044534
v 0.039704 0.009902 -0.047921
v 0.041260 0.010120 -0.044602
v 0.033367 0.005902 -0.058081
v 0.034573 0.007201 -0.059661
v 0.034152 0.008875 -0.061736
v 0.035011 0.010844 -0.061507
v 0.033835 0.010263 -0.064451
v 0.035508 0.010334 -0.058474
v 0.023029 0.016798 -0.064671
v 0.021826 0.012383 -0.067035
v 0.024632 0.013696 -0.067683
v 0.031038 0.015787 -0.064023
v 0.027300 0.014345 -0.067393
v 0.030347 0.013070 -0.065927
v 0.027104 0.017724 -0.066786
v 0.029993 0.016825 -0.065947
v 0.023965 0.019165 -0.064552
v 0.025219 0.022386 -0.065026
v 0.021655 0.018982 -0.065361
v 0.021980 0.019741 -0.065697
v 0.022255 0.020519 -0.066044
v 0.022480 0.021313 -0.066398
v 0.022504 0.021427 -0.066449
v 0.022608 0.021439 -0.066452
v 0.022523 0.021515 -0.066498
v 0.022652 0.022121 -0.066361
v 0.022772 0.022937 -0.066210
v 0.022839 0.023760 -0.066092
v 0.022848 0.024306 -0.066034
v 0.022852 0.024585 -0.065994
v 0.022819 0.025277 -0.065921
v 0.022812 0.025409 -0.065769
v 0.023607 0.024793 -0.065522
v 0.032199 0.022020 -0.056938
v 0.031043 0.021341 -0.060265
v 0.030654 0.021080 -0.062063
v 0.029138 0.025524 -0.056689
v 0.027445 0.025061 -0.064390
v 0.027691 0.020351 -0.065421
v 0.042001 0.012234 -0.037190
v 0.042864 0.014042 -0.033854
v 0.041916 0.013629 -0.041295
v 0.042205 0.016309 -0.032620
v 0.043130 0.015810 -0.037586
v 0.042039 0.017042 -0.041572
v 0.040157 0.013710 -0.047123
v 0.038539 0.014303 -0.052929
v 0.039449 0.013937 -0.049507
v 0.041381 0.015044 -0.044760
v 0.039866 0.017362 -0.050427
v 0.040707 0.015444 -0.048725
v 0.035825 0.021381 -0.051227
v 0.032728 0.022623 -0.053269
v 0.035600 0.023692 -0.048436
v 0.042437 0.019959 -0.034833
v 0.039695 0.025248 -0.034697
v 0.040345 0.023144 -0.038994
v 0.038898 0.019584 -0.051443
v 0.041465 0.019026 -0.043121
v 0.038166 0.022823 -0.047528
v 0.034122 0.013256 -0.064030
v 0.037488 0.011927 -0.056332
v 0.036167 0.014526 -0.059043
v 0.034259 0.018091 -0.057774
v 0.032636 0.017614 -0.061822
v 0.036988 0.016884 -0.055484
v 0.005112 0.038885 0.011163
v 0.008287 0.037564 0.010990
v 0.000714 0.038876 -0.019836
v 0.004131 0.037295 -0.025744
v 0.002694 0.038391 -0.027170
v 0.005988 0.038627 -0.021698
v 0.005528 0.039644 -0.031081
v 0.007237 0.038233 -0.029624
v 0.009527 0.038060 -0.026661
v 0.011777 0.037892 0.007969
v 0.012027 0.038472 0.005245
v 0.012693 0.039424 0.002297
v 0.014292 0.038142 0.010469
v 0.014950 0.036264 0.004308
v 0.016071 0.037071 0.006104
v 0.016011 0.036011 0.000943
v 0.015488 0.037894 -0.000435
v 0.019932 0.036099 0.008756
v 0.019462 0.034202 0.001478
v 0.018890 0.035468 0.005246
v 0.020340 0.033226 -0.001219
v 0.020146 0.035614 -0.003589
v 0.010758 0.038793 -0.030022
v 0.014454 0.038713 -0.028476
v 0.018169 0.037942 -0.030971
v 0.002577 0.043151 0.008520
v 0.004975 0.044211 0.004443
v 0.002375 0.043058 -0.003457
v 0.001791 0.042631 -0.008890
v 0.001870 0.043218 -0.000081
v 0.006953 0.040284 0.007636
v 0.008106 0.041553 0.005423
v 0.009751 0.042658 0.001508
v 0.009419 0.043022 -0.008330
v 0.005632 0.043697 -0.005078
v 0.008835 0.043554 -0.003469
v 0.000143 0.041400 -0.017081
v 0.003130 0.042886 -0.014922
v 0.005200 0.041241 -0.019107
v 0.000677 0.040017 -0.026755
v 0.001820 0.042446 -0.031143
v 0.005543 0.042387 -0.011437
v 0.008480 0.041003 -0.018962
v 0.009397 0.040554 -0.021704
v 0.012096 0.041823 0.001533
v 0.012691 0.042766 -0.006288
v 0.015782 0.040125 -0.000980
v 0.015710 0.042405 -0.004624
v 0.019621 0.041432 -0.008850
v 0.010809 0.041373 -0.014802
v 0.015303 0.042032 -0.012962
v 0.015294 0.040581 -0.017243
v 0.012231 0.041017 -0.020966
v 0.015807 0.040054 -0.026283
v 0.020054 0.040937 -0.011092
v 0.021186 0.040600 -0.017512
v 0.017572 0.040311 -0.024912
v 0.020364 0.039830 -0.022431
v 0.009906 0.038738 -0.032116
v 0.000129 0.032299 -0.065366
v 0.000073 0.032232 -0.065727
v -0.000025 0.032099 -0.066407
v 0.000539 0.033160 -0.063743
v 0.000776 0.033047 -0.063755
v 0.000919 0.033198 -0.063581
v 0.001171 0.033463 -0.063193
v 0.000602 0.032865 -0.064072
v 0.000678 0.032944 -0.063881
v 0.001778 0.034022 -0.062352
v 0.002079 0.034265 -0.061974
v 0.002420 0.034541 -0.061974
v 0.003094 0.035018 -0.061970
v 0.003586 0.035320 -0.061966
v 0.003797 0.035450 -0.061912
v 0.004051 0.035584 -0.061856
v 0.004522 0.035832 -0.061467
v 0.004527 0.035835 -0.061466
v 0.003567 0.037682 -0.059622
v 0.005280 0.036172 -0.061354
v 0.005918 0.036410 -0.061302
v 0.006054 0.036460 -0.061230
v 0.006718 0.036659 -0.060877
v 0.006844 0.036697 -0.060878
v 0.007649 0.036883 -0.060907
v 0.007273 0.037626 -0.060570
v 0.008048 0.036948 -0.060931
v 0.008463 0.037016 -0.060914
v 0.009285 0.037096 -0.060908
v 0.010110 0.037123 -0.060927
v 0.020711 0.032720 -0.043087
v 0.012513 0.037909 -0.035020
v 0.013348 0.039645 -0.041930
v 0.014500 0.037287 -0.032590
v 0.014259 0.038381 -0.040482
v 0.016597 0.036185 -0.040988
v 0.018326 0.034581 -0.039689
v 0.019045 0.035531 -0.035862
v 0.016265 0.037926 -0.032121
v 0.016305 0.036609 -0.037187
v 0.018822 0.035278 -0.044582
v 0.016648 0.038616 -0.044716
v 0.020971 0.036369 -0.049891
v 0.018937 0.039064 -0.050675
v 0.021474 0.030146 -0.064213
v 0.021299 0.030466 -0.064254
v 0.021119 0.030792 -0.064299
v 0.021061 0.030894 -0.064278
v 0.021036 0.030935 -0.064217
v 0.021077 0.030870 -0.064282
v 0.021161 0.030924 -0.064228
v 0.020147 0.032232 -0.063732
v 0.020634 0.031566 -0.063990
v 0.020937 0.031089 -0.064183
v 0.014939 0.036172 -0.061506
v 0.016022 0.035661 -0.061780
v 0.015692 0.035835 -0.061687
v 0.010939 0.037096 -0.060972
v 0.010935 0.037096 -0.060972
v 0.011756 0.037016 -0.061028
v 0.010834 0.037405 -0.060817
v 0.012571 0.036883 -0.061109
v 0.013375 0.036697 -0.061216
v 0.014165 0.036460 -0.061349
v 0.018441 0.034022 -0.062876
v 0.017125 0.035018 -0.062346
v 0.017217 0.034953 -0.062400
v 0.016422 0.035450 -0.061970
v 0.016741 0.036112 -0.061570
v 0.017799 0.034541 -0.062601
v 0.019435 0.033057 -0.063432
v 0.019048 0.033463 -0.063191
v 0.019617 0.032865 -0.063499
v 0.019609 0.039340 -0.059641
v 0.000443 0.046517 -0.042168
v 0.002938 0.044308 -0.033582
v 0.004841 0.045306 -0.037174
v 0.006016 0.041832 -0.034419
v 0.008661 0.039884 -0.034264
v 0.010064 0.040457 -0.036811
v 0.008171 0.042627 -0.036386
v 0.008672 0.043875 -0.039284
v 0.005882 0.045218 -0.043453
v 0.006834 0.046177 -0.047281
v 0.009889 0.045271 -0.043808
v 0.001508 0.046930 -0.036295
v 0.000146 0.047558 -0.047415
v 0.005490 0.046687 -0.051383
v 0.003290 0.040508 -0.059515
v 0.000993 0.043702 -0.058473
v 0.003583 0.046629 -0.056931
v 0.008247 0.042400 -0.058317
v 0.005483 0.044301 -0.058798
v 0.008747 0.044978 -0.057285
v 0.010519 0.045601 -0.054680
v 0.010803 0.041119 -0.038758
v 0.012741 0.042098 -0.041944
v 0.011149 0.044282 -0.041699
v 0.012622 0.044122 -0.044663
v 0.012460 0.045024 -0.048321
v 0.017238 0.041030 -0.048823
v 0.020125 0.040048 -0.052489
v 0.016667 0.043201 -0.051027
v 0.012631 0.041997 -0.058610
v 0.010928 0.039845 -0.060072
v 0.013765 0.043580 -0.057826
v 0.016248 0.043171 -0.056109
v 0.019331 0.041053 -0.055457
v 0.025299 0.031295 0.001990
v 0.024820 0.032632 0.003927
v 0.026428 0.032522 0.005718
v 0.022425 0.032325 0.001184
v 0.023494 0.032482 -0.002193
v 0.024218 0.031814 -0.004375
v 0.031830 0.028414 0.002115
v 0.028949 0.032495 0.007118
v 0.027706 0.028643 -0.003605
v 0.029123 0.027375 -0.006833
v 0.027838 0.028451 -0.008349
v 0.030569 0.026800 -0.005146
v 0.027067 0.029889 -0.001300
v 0.028873 0.029407 -0.009390
v 0.030438 0.029398 0.000453
v 0.024991 0.034750 0.009353
v 0.023523 0.035274 -0.005968
v 0.025089 0.033530 -0.007495
v 0.022461 0.037629 -0.005454
v 0.022381 0.038892 -0.009293
v 0.028486 0.031411 -0.010619
v 0.031090 0.031976 -0.012845
v 0.025313 0.037727 -0.014934
v 0.022186 0.037274 -0.031666
v 0.022101 0.039132 -0.027110
v 0.028012 0.034187 -0.010212
v 0.027955 0.035330 -0.010968
v 0.029216 0.035367 -0.015147
v 0.028742 0.036800 -0.019183
v 0.027519 0.038110 -0.025092
v 0.028775 0.036473 -0.029274
v 0.036144 0.027678 0.007232
v 0.036601 0.028271 0.012076
v 0.034666 0.030385 0.010721
v 0.032717 0.026026 -0.004108
v 0.032676 0.027563 -0.015086
v 0.035116 0.028932 -0.017146
v 0.036850 0.026521 -0.019516
v 0.032748 0.032596 -0.018014
v 0.035167 0.030634 -0.022121
v 0.037055 0.029420 -0.028602
v 0.038850 0.026582 -0.023648
v 0.032481 0.034262 -0.023821
v 0.033650 0.032837 -0.031017
v 0.033946 0.033115 -0.027038
v 0.023476 0.039765 -0.022503
v 0.023028 0.032284 -0.041213
v 0.023099 0.031251 -0.046198
v 0.025226 0.030191 -0.048990
v 0.025553 0.030624 -0.053803
v 0.027069 0.032278 -0.039618
v 0.027871 0.029054 -0.047207
v 0.029665 0.026455 -0.052738
v 0.027407 0.027848 -0.053033
v 0.031655 0.027391 -0.045647
v 0.027602 0.030724 -0.043055
v 0.021795 0.034597 -0.037015
v 0.026361 0.035876 -0.034016
v 0.022463 0.033580 -0.048705
v 0.024287 0.032806 -0.051893
v 0.028446 0.033722 -0.037350
v 0.030653 0.034264 -0.034535
v 0.022719 0.026229 -0.064894
v 0.022692 0.026379 -0.064747
v 0.022583 0.026986 -0.064397
v 0.022572 0.027042 -0.064261
v 0.022590 0.026943 -0.064274
v 0.022537 0.027184 -0.064250
v 0.022374 0.027843 -0.064187
v 0.022124 0.028630 -0.064153
v 0.024907 0.026553 -0.062631
v 0.025539 0.027005 -0.063742
v 0.021824 0.029398 -0.064162
v 0.022731 0.032460 -0.063167
v 0.026389 0.032437 -0.057347
v 0.024585 0.029281 -0.062141
v 0.027821 0.026996 -0.059124
v 0.027913 0.026337 -0.061712
v 0.027593 0.029643 -0.059983
v 0.023878 0.035667 -0.055028
v 0.022855 0.035175 -0.060773
v 0.025130 0.034309 -0.059464
v 0.022099 0.036792 -0.054171
v 0.023242 0.037243 -0.058785
v 0.021674 0.038874 -0.056378
v 0.037228 0.028773 -0.033073
v 0.036642 0.027550 -0.037469
v 0.033110 0.032054 -0.034553
v 0.032684 0.030897 -0.040080
v 0.035432 0.027377 -0.043393
vn -0.2584 -0.9660 0.0063
vn 0.0626 -0.9976 -0.0307
vn -0.0442 -0.9987 0.0270
vn 0.4043 -0.9146 -0.0013
vn 0.2825 -0.9593 0.0033
vn 0.5755 -0.8172 -0.0323
vn 0.3233 -0.9460 0.0256
vn 0.1832 -0.9831 -0.0027
vn 0.3738 -0.9270 0.0312
vn 0.2354 -0.9719 -0.0040
vn 0.0622 -0.9980 0.0115
vn 0.1081 -0.9937 -0.0282
vn 0.4035 -0.9145 0.0294
vn -0.0581 -0.9983 -0.0048
vn 0.0578 -0.9945 -0.0873
vn 0.1026 -0.9895 -0.1021
vn -0.2692 -0.9630 0.0098
vn -0.0150 -0.9999 0.0046
vn -0.2217 -0.9746 0.0319
vn -0.4956 -0.8670 -0.0515
vn -0.5274 -0.8496 -0.0034
vn -0.4582 -0.8888 -0.0048
vn -0.7481 -0.6631 0.0260
vn -0.1661 -0.9715 -0.1692
vn -0.0221 -0.9863 -0.1636
vn -0.0481 -0.9983 0.0336
vn 0.1492 -0.9776 -0.1482
vn -0.0437 -0.9970 -0.0635
vn -0.0527 -0.9241 -0.3785
vn 0.1870 -0.9637 -0.1904
vn 0.5077 -0.8520 -0.1281
vn -0.6423 -0.1207 0.7569
vn 0.0373 -0.9964 -0.0761
vn -0.1581 -0.9873 -0.0151
vn -0.1651 -0.9831 0.0797
vn -0.0015 -1.0000 0.0091
vn -0.0159 -0.9998 0.0100
vn -0.0404 -0.9991 0.0097
vn 0.0675 -0.9965 0.0499
vn 0.0331 -0.9991 0.0251
vn -0.0262 -0.9984 0.0503
vn 0.0917 -0.9954 -0.0287
vn 0.2213 -0.9330 -0.2837
vn 0.1683 -0.9702 -0.1746
vn 0.0034 -0.9999 -0.0159
vn 0.0094 -0.9844 0.1758
vn 0.2794 -0.9009 0.3321
vn -0.3658 -0.1761 0.9139
vn -0.2531 -0.9310 0.2631
vn -0.0590 -0.9904 0.1253
vn -0.0354 -0.9983 -0.0460
vn -0.0422 -0.9970 -0.0643
vn -0.0082 -0.9999 -0.0082
vn -0.0303 -0.9992 -0.0245
vn -0.1014 -0.9928 -0.0641
vn -0.0675 -0.9963 -0.0535
vn 0.0135 -0.9950 -0.0991
vn -0.0064 -0.9844 -0.1760
vn 0.0170 -0.9945 -0.1038
vn 0.0486 -0.9700 -0.2382
vn 0.0056 -0.9963 -0.0862
vn -0.3577 -0.9005 0.2473
vn -0.1712 -0.9616 0.2143
vn 0.1309 -0.9748 -0.1806
vn -0.2139 -0.9048 0.3684
vn -0.1315 -0.9655 0.2249
vn -0.5865 -0.5859 0.5593
vn 0.0270 -0.9965 0.0792
vn 0.1296 -0.9915 0.0122
vn 0.0365 -0.9881 0.1494
vn 0.2862 -0.9541 0.0878
vn -0.0865 -0.9809 0.1741
vn -0.0936 -0.9947 -0.0434
vn 0.1962 -0.9803 -0.0239
vn 0.2383 -0.9525 -0.1895
vn 0.0437 -0.9973 0.0582
vn 0.3340 -0.9426 -0.0041
vn -0.3775 -0.9226 0.0794
vn -0.5419 -0.7638 0.3507
vn -0.4430 -0.8960 0.0306
vn -0.2560 -0.9666 -0.0106
vn -0.4096 -0.9122 0.0132
vn -0.0904 -0.9958 0.0167
vn -0.6843 -0.7221 0.1015
vn -0.6107 -0.7916 0.0204
vn -0.6573 -0.7522 -0.0471
vn -0.3141 -0.9329 -0.1760
vn -0.3877 -0.9185 -0.0773
vn -0.0370 -0.9856 -0.1652
vn -0.5425 -0.8232 0.1674
vn -0.2664 -0.9632 -0.0373
vn -0.1650 -0.9794 -0.1168
vn -0.5400 -0.7180 0.4392
vn -0.4900 -0.7154 0.4982
vn -0.4867 -0.7317 0.4772
vn -0.1116 -0.9754 -0.1903
vn -0.7485 -0.3476 0.5647
vn -0.7611 -0.3009 0.5747
vn -0.8198 -0.2847 0.4968
vn -0.1659 -0.9796 0.1137
vn -0.3052 -0.9516 0.0373
vn 0.0131 -0.9869 -0.1608
vn -0.7781 -0.6280 -0.0117
vn 0.0560 -0.9764 -0.2085
vn -0.0639 -0.9965 -0.0548
vn -0.5248 -0.7507 0.4013
vn 0.3925 -0.9197 -0.0041
vn -0.2131 -0.9768 0.0196
vn -0.0589 -0.9983 -0.0025
vn -0.3773 -0.9260 -0.0127
vn -0.3421 -0.9387 -0.0434
vn 0.0534 -0.9985 -0.0148
vn 0.4857 -0.8740 -0.0132
vn -0.1602 -0.9871 -0.0075
vn 0.4168 -0.9089 0.0126
vn 0.4492 -0.8927 0.0356
vn -0.1145 -0.9931 0.0247
vn -0.2622 -0.9573 -0.1218
vn -0.2037 -0.9782 -0.0395
vn -0.1448 -0.9881 -0.0509
vn 0.7264 -0.6868 -0.0253
vn 0.7040 -0.7097 -0.0267
vn -0.1558 -0.9871 -0.0378
vn -0.0618 -0.9955 -0.0712
vn -0.0254 -0.9994 -0.0237
vn 0.6338 -0.7715 0.0553
vn -0.2827 -0.9589 0.0235
vn 0.1605 -0.9869 0.0164
vn -0.5034 -0.8631 0.0413
vn 0.5548 -0.8319 0.0149
vn -0.5014 -0.8638 0.0498
vn 0.1106 -0.9925 -0.0521
vn -0.2702 -0.9623 0.0322
vn 0.1896 -0.9818 0.0079
vn 0.5170 -0.8559 -0.0103
vn 0.7064 -0.7075 -0.0233
vn 0.2716 -0.9549 0.1201
vn 0.4127 -0.9091 -0.0571
vn 0.8563 -0.5039 -0.1130
vn 0.0806 -0.9967 0.0064
vn -0.0007 -0.9981 0.0619
vn 0.0876 -0.9960 0.0178
vn 0.2421 -0.9693 -0.0429
vn 0.7971 -0.5991 0.0754
vn -0.0828 -0.9957 -0.0413
vn 0.1190 -0.9906 -0.0680
vn 0.2135 -0.9769 -0.0060
vn -0.0770 -0.9882 0.1325
vn -0.3801 -0.8621 0.3352
vn -0.0027 -0.9935 0.1136
vn 0.2177 -0.9723 0.0857
vn 0.3314 -0.9385 0.0974
vn 0.4683 -0.8833 -0.0223
vn 0.0196 -0.9997 -0.0177
vn 0.6861 -0.7160 -0.1290
vn -0.1147 -0.9934 -0.0082
vn -0.5148 -0.8542 -0.0737
vn -0.1227 -0.9879 0.0947
vn 0.2473 -0.9684 -0.0330
vn -0.5254 -0.8486 0.0614
vn -0.4112 -0.9107 0.0389
vn -0.4986 -0.8652 -0.0524
vn -0.4930 -0.8692 -0.0377
vn -0.5812 -0.8077 0.0993
vn -0.2873 -0.9571 0.0370
vn -0.8159 -0.5496 0.1795
vn -0.8325 -0.5204 0.1901
vn -0.5962 -0.8026 -0.0202
vn -0.3649 -0.9298 -0.0492
vn -0.8101 -0.5807 0.0812
vn -0.8544 -0.5190 0.0251
vn -0.8785 -0.4128 0.2404
vn -0.8793 -0.4414 0.1789
vn -0.6234 -0.7538 -0.2077
vn -0.8806 -0.4136 -0.2314
vn -0.8068 -0.5265 -0.2681
vn -0.5611 -0.7834 -0.2674
vn -0.9630 -0.2255 -0.1478
vn -0.8928 -0.3634 -0.2662
vn -0.9637 0.1249 0.2362
vn -0.9840 0.1107 0.1399
vn -0.9273 0.2179 0.3044
vn -0.8167 -0.4244 -0.3910
vn -0.7454 -0.6574 -0.1102
vn -0.8967 -0.4123 -0.1609
vn -0.9306 -0.2613 -0.2565
vn -0.9737 0.0083 -0.2278
vn -0.9771 -0.0589 -0.2044
vn -0.8003 -0.5917 0.0964
vn -0.9043 -0.4244 -0.0468
vn -0.9033 -0.4022 -0.1491
vn -0.5132 -0.8573 0.0408
vn -0.6151 -0.7806 0.1108
vn -0.6670 -0.7439 0.0416
vn -0.9142 -0.3940 0.0946
vn -0.9633 0.2286 -0.1407
vn -0.9936 -0.1003 0.0514
vn -0.9719 0.0639 0.2264
vn -0.9811 0.1702 0.0917
vn -0.8938 0.4379 0.0967
vn -0.7250 0.5667 0.3915
vn -0.6369 0.6618 0.3954
vn -0.2936 0.8399 0.4565
vn -0.4794 0.8155 0.3242
vn -0.7750 0.6243 0.0983
vn -0.9058 0.4133 -0.0929
vn -0.9848 0.1529 -0.0821
vn -0.9430 0.3088 -0.1238
vn -0.6089 0.5276 0.5924
vn -0.6960 0.4798 0.5343
vn -0.6711 0.5912 0.4473
vn -0.6936 0.5861 0.4188
vn -0.6776 0.6481 0.3475
vn -0.4978 0.7379 0.4558
vn -0.7082 -0.5202 -0.4773
vn -0.7280 -0.4487 -0.5183
vn -0.7276 -0.2038 -0.6551
vn -0.7771 0.3877 0.4958
vn -0.6988 0.5514 0.4557
vn -0.6495 0.6056 0.4598
vn -0.7686 0.5976 0.2283
vn -0.6731 0.6841 0.2812
vn -0.5601 0.7528 0.3459
vn -0.3629 0.8535 0.3740
vn -0.4592 0.8155 0.3522
vn -0.8650 0.4804 0.1450
vn -0.7605 0.2520 -0.5985
vn -0.7415 -0.0458 -0.6694
vn -0.7550 -0.0046 -0.6557
vn -0.8251 0.5358 -0.1791
vn -0.7828 0.5324 -0.3222
vn -0.8200 0.5268 -0.2239
vn 0.0461 0.9939 0.0997
vn -0.2433 0.9499 0.1963
vn -0.2036 0.9530 0.2245
vn -0.3337 0.8929 0.3022
vn -0.2522 0.8818 0.3985
vn -0.1644 0.8941 0.4167
vn -0.3846 0.8739 0.2974
vn -0.9723 0.2335 -0.0111
vn -0.9080 0.4189 0.0095
vn -0.9283 0.3157 -0.1966
vn -0.7104 -0.1621 -0.6849
vn -0.7099 -0.1568 -0.6866
vn -0.5803 -0.4837 -0.6552
vn -0.5969 -0.3623 -0.7159
vn -0.8066 0.5010 -0.3135
vn -0.7652 0.6211 -0.1693
vn -0.7843 0.4603 -0.4159
vn -0.5445 -0.8342 0.0875
vn -0.6562 -0.7513 0.0697
vn -0.8506 -0.4577 0.2588
vn -0.7288 -0.6707 0.1378
vn -0.6944 -0.7128 -0.0988
vn -0.8615 -0.5046 -0.0560
vn -0.8232 -0.5371 0.1842
vn -0.6747 -0.7124 -0.1930
vn -0.9362 -0.2890 -0.2001
vn -0.8568 -0.3489 -0.3796
vn -0.6130 -0.4967 -0.6144
vn -0.6825 0.6169 0.3919
vn -0.8037 0.4537 0.3849
vn -0.6120 0.6454 0.4571
vn -0.9448 0.0111 0.3273
vn -0.6580 0.5334 0.5315
vn -0.8667 -0.3121 -0.3892
vn -0.8064 0.3231 0.4953
vn -0.9665 -0.0205 0.2557
vn -0.5619 0.4680 0.6820
vn -0.9423 0.1640 0.2920
vn -0.9915 -0.1270 -0.0291
vn -0.8913 -0.4265 -0.1540
vn -0.8211 -0.5694 -0.0392
vn -0.9990 0.0013 -0.0446
vn -0.9947 0.0911 -0.0467
vn -0.9788 -0.0855 -0.1863
vn -0.5114 -0.6718 -0.5359
vn -0.8833 0.1265 -0.4514
vn -0.9697 0.1054 -0.2203
vn -0.9305 0.1176 -0.3468
vn -0.9069 -0.2712 -0.3225
vn 0.1234 -0.5716 -0.8112
vn -0.5642 -0.8161 -0.1256
vn -0.9914 0.1203 0.0516
vn -0.9785 0.1927 0.0735
vn -0.9708 0.2331 0.0562
vn -0.9833 -0.1822 0.0040
vn 0.3763 -0.2687 -0.8867
vn -0.7365 0.6646 0.1261
vn -0.3344 0.8920 0.3042
vn -0.5761 0.8118 0.0955
vn -0.2253 0.9297 0.2913
vn -0.8416 0.5401 0.0057
vn -0.8135 0.5757 0.0825
vn -0.8423 0.5259 0.1185
vn -0.7536 0.6569 0.0262
vn -0.5501 0.8342 0.0400
vn -0.6551 0.7537 0.0532
vn 0.0754 0.8639 0.4980
vn -0.4312 0.8951 0.1135
vn -0.1263 0.9195 0.3722
vn 0.1542 0.9082 0.3890
vn -0.1891 0.9475 0.2578
vn -0.4631 0.8019 0.3774
vn -0.0548 0.8492 0.5252
vn 0.0689 0.8452 0.5301
vn 0.1648 0.8247 0.5410
vn 0.0223 0.8958 0.4439
vn -0.1325 0.9716 0.1962
vn 0.1842 0.8572 0.4809
vn 0.1238 0.9164 0.3807
vn 0.2353 0.9069 0.3496
vn -0.1921 0.9748 -0.1134
vn -0.0107 0.9969 -0.0779
vn -0.0988 0.9922 -0.0756
vn -0.1047 0.9941 -0.0299
vn 0.0870 0.9961 -0.0144
vn 0.3500 0.7840 0.5127
vn -0.6047 -0.7960 -0.0276
vn -0.3806 -0.9244 -0.0265
vn -0.3229 -0.9464 -0.0074
vn 0.2164 -0.9745 -0.0595
vn 0.1368 -0.9901 -0.0325
vn 0.5280 -0.8482 -0.0413
vn 0.5921 -0.8057 -0.0136
vn -0.2211 -0.9738 -0.0536
vn 0.1970 -0.9802 -0.0181
vn 0.4102 -0.9037 -0.1225
vn 0.3390 -0.9408 -0.0064
vn -0.6236 -0.7774 -0.0821
vn -0.2171 -0.9730 -0.0781
vn 0.0805 -0.9848 -0.1538
vn -0.5535 -0.8318 -0.0424
vn -0.6127 -0.7901 -0.0210
vn 0.3602 -0.8626 -0.3554
vn 0.2067 -0.9500 -0.2343
vn -0.1712 -0.9493 -0.2636
vn 0.4464 -0.7948 -0.4112
vn 0.4396 -0.8021 -0.4041
vn -0.4230 -0.8721 -0.2459
vn -0.3921 -0.8765 0.2792
vn -0.1547 -0.9847 0.0805
vn 0.1467 -0.9796 -0.1377
vn 0.0445 -0.9990 -0.0106
vn -0.0112 -0.9990 0.0434
vn 0.4305 -0.9017 0.0399
vn 0.0864 -0.9805 -0.1762
vn -0.1134 -0.9707 -0.2120
vn -0.0243 -0.9604 -0.2775
vn -0.0889 -0.9837 -0.1563
vn -0.7641 -0.6439 -0.0396
vn -0.1298 -0.9760 -0.1747
vn -0.9657 -0.2503 -0.0693
vn -0.7795 -0.6223 -0.0710
vn -0.8968 -0.4402 -0.0442
vn -0.9618 -0.2700 0.0461
vn -0.8767 -0.4339 -0.2077
vn -0.9587 -0.2703 -0.0885
vn -0.9753 -0.1147 -0.1890
vn -0.9332 -0.3445 -0.1026
vn -0.9904 -0.1128 -0.0804
vn -0.9492 0.3101 -0.0530
vn -0.8248 0.5606 -0.0734
vn -0.9520 0.2291 -0.2029
vn -0.8569 0.4028 -0.3216
vn -0.8725 0.3703 -0.3189
vn -0.7971 0.5987 0.0786
vn -0.9952 -0.0794 -0.0576
vn -0.8546 -0.5022 -0.1323
vn -0.9780 -0.1755 -0.1131
vn -0.9704 -0.1336 -0.2009
vn -0.9145 -0.4005 -0.0572
vn -0.8199 -0.5656 -0.0887
vn -0.9916 0.0454 -0.1215
vn -0.9817 0.1655 -0.0938
vn -0.9782 0.0342 -0.2047
vn -0.9896 -0.0875 0.1144
vn -0.9985 -0.0419 -0.0342
vn -0.9608 0.1085 -0.2552
vn -0.9940 0.0529 -0.0956
vn -0.9853 0.0730 -0.1544
vn -0.9590 0.1195 -0.2570
vn -0.9351 0.1930 -0.2973
vn -0.8580 0.3373 0.3873
vn -0.7812 0.4432 0.4396
vn -0.9294 0.1808 0.3216
vn -0.9496 -0.3085 0.0560
vn -0.8861 0.3928 0.2462
vn -0.9220 0.3511 0.1629
vn -0.9316 0.3439 0.1177
vn -0.8984 0.3667 0.2415
vn -0.7584 0.5884 0.2805
vn -0.8759 0.4825 -0.0027
vn -0.8009 0.5378 0.2633
vn -0.9315 -0.2141 -0.2941
vn -0.8650 -0.2261 -0.4479
vn -0.7723 -0.3542 -0.5273
vn -0.9952 -0.0731 0.0656
vn -0.9969 0.0174 0.0763
vn -0.8743 -0.1011 -0.4748
vn -0.8685 -0.1146 -0.4822
vn -0.9333 -0.1525 -0.3250
vn -0.8927 0.4388 0.1026
vn -0.2923 0.8738 0.3887
vn -0.3342 0.8919 0.3048
vn -0.2037 0.8426 0.4985
vn -0.4127 0.8033 0.4295
vn -0.4597 0.8142 0.3546
vn -0.2778 0.8359 0.4734
vn -0.5495 0.8334 0.0596
vn -0.8699 0.4892 -0.0633
vn -0.7563 0.6513 0.0612
vn -0.8033 -0.0940 -0.5881
vn -0.8019 -0.1014 -0.5888
vn -0.8394 0.0939 -0.5353
vn -0.8688 0.2021 -0.4521
vn -0.6848 0.7282 -0.0281
vn -0.8187 0.2148 -0.5325
vn -0.5475 0.8231 0.1508
vn -0.8131 0.4510 -0.3681
vn -0.7761 0.4922 -0.3943
vn -0.9634 0.2670 -0.0260
vn -0.9977 0.0654 -0.0155
vn -0.9663 0.0166 -0.2570
vn -0.8975 0.4292 0.1010
vn -0.9640 0.1954 -0.1803
vn -0.8818 0.4598 -0.1051
vn -0.9205 0.1879 -0.3426
vn -0.8325 0.3980 -0.3854
vn -0.8604 0.1875 -0.4739
vn -0.8515 0.5196 -0.0701
vn -0.7233 0.6690 0.1713
vn -0.8725 0.4866 0.0448
vn -0.9383 0.3287 0.1075
vn -0.1368 0.7923 0.5946
vn 0.0313 0.6591 0.7514
vn -0.5641 0.7939 0.2269
vn -0.7434 0.6681 0.0306
vn -0.5719 0.7965 0.1962
vn -0.7648 0.6182 0.1814
vn -0.9742 0.2257 -0.0006
vn -0.7814 0.6231 0.0351
vn -0.6121 0.7734 0.1645
vn -0.7137 0.7005 0.0044
vn -0.8333 0.5323 -0.1495
vn -0.7335 0.6611 -0.1576
vn -0.8806 0.4203 -0.2188
vn -0.5981 0.8002 -0.0443
vn -0.5756 0.8173 0.0249
vn -0.6025 0.7478 -0.2788
vn -0.5512 0.8234 -0.1345
vn -0.7279 0.6333 -0.2627
vn -0.4042 0.8730 0.2729
vn -0.5502 0.8112 0.1983
vn -0.5152 0.8429 0.1552
vn -0.5411 0.8317 0.1246
vn -0.2308 0.9566 0.1780
vn -0.1020 0.9897 0.1001
vn -0.2420 0.9690 0.0489
vn -0.0684 0.9507 0.3024
vn 0.2693 0.8206 0.5041
vn 0.1169 0.9404 0.3193
vn -0.3319 0.9090 0.2521
vn 0.0524 0.7087 0.7035
vn 0.1829 0.5704 0.8008
vn -0.3201 0.8828 0.3439
vn -0.4162 0.8666 0.2752
vn -0.1202 0.8837 0.4522
vn -0.3409 0.9006 -0.2697
vn -0.3469 0.9030 -0.2535
vn -0.3460 0.9026 -0.2559
vn 0.1160 0.6591 0.7430
vn 0.1641 0.6382 0.7522
vn -0.1742 0.9171 0.3586
vn -0.3125 0.9218 0.2294
vn -0.1334 0.9438 0.3024
vn 0.0552 0.6868 0.7247
vn 0.0174 0.7044 0.7096
vn 0.0504 0.6858 0.7261
vn -0.0621 0.9052 0.4205
vn -0.4921 0.8648 -0.0996
vn -0.4379 0.8952 -0.0821
vn -0.3642 0.9140 -0.1785
vn -0.0018 0.9788 0.2047
vn 0.0830 0.9446 0.3176
vn -0.0987 0.9242 0.3689
vn 0.1108 0.9874 0.1129
vn -0.7588 -0.1122 -0.6416
vn -0.6655 -0.1040 -0.7391
vn -0.6757 -0.1224 -0.7269
vn -0.5740 0.6809 -0.4550
vn -0.5629 0.7593 -0.3265
vn -0.6267 0.7684 -0.1294
vn -0.8684 0.3032 -0.3923
vn 0.1599 0.9125 0.3766
vn 0.3762 0.8296 0.4126
vn 0.2374 0.9632 0.1260
vn 0.1024 0.9812 -0.1638
vn 0.1872 0.9801 0.0662
vn 0.3830 0.8085 0.4467
vn 0.4471 0.6987 0.5585
vn 0.4292 0.8273 0.3625
vn 0.4327 0.6609 0.6132
vn 0.1570 0.9620 -0.2234
vn 0.2291 0.8941 -0.3848
vn -0.6298 0.6375 -0.4437
vn -0.4606 0.7837 -0.4167
vn -0.3356 0.8461 -0.4141
vn -0.2788 0.8556 -0.4361
vn 0.2050 -0.1980 0.9585
vn -0.1934 0.9212 -0.3377
vn -0.3014 0.7334 -0.6094
vn -0.1714 0.9017 -0.3970
vn -0.2763 0.6685 -0.6905
vn 0.0537 0.9812 -0.1855
vn 0.0554 0.9906 -0.1254
vn -0.3562 0.9121 0.2029
vn -0.7545 0.1208 0.6451
vn -0.5732 -0.3794 -0.7263
vn -0.5917 -0.3885 -0.7064
vn -0.6107 -0.4166 -0.6734
vn -0.6243 -0.4529 -0.6365
vn -0.7778 0.5241 -0.3468
vn -0.7573 0.3770 -0.5332
vn -0.7921 0.2553 -0.5544
vn -0.7311 0.5779 -0.3628
vn -0.7231 0.3507 -0.5951
vn -0.7629 0.2446 -0.5984
vn -0.4615 0.8847 0.0668
vn -0.3166 0.9484 0.0156
vn -0.3759 0.9261 -0.0331
vn -0.6576 0.7466 -0.1005
vn 0.0237 0.9794 0.2004
vn -0.1154 0.9748 0.1909
vn -0.1758 0.9810 0.0817
vn -0.3637 0.9305 0.0433
vn -0.2111 0.9703 0.1185
vn -0.3534 0.9302 -0.0992
vn -0.1816 0.9817 0.0565
vn -0.0756 0.9969 0.0199
vn -0.5141 0.7085 -0.4835
vn -0.2584 0.9621 -0.0867
vn -0.0729 0.9774 -0.1985
vn -0.1149 0.9508 -0.2877
vn 0.1234 0.9833 -0.1334
vn -0.1123 0.9643 -0.2397
vn -0.3439 0.8625 -0.3711
vn 0.0824 0.9917 -0.0987
vn -0.1283 0.9654 -0.2271
vn -0.0715 0.9885 0.1334
vn 0.0653 0.9970 0.0414
vn 0.0955 0.9945 -0.0423
vn 0.1932 0.9765 0.0952
vn -0.0266 0.9532 0.3013
vn -0.1583 0.9309 0.3291
vn 0.0341 0.9977 -0.0589
vn 0.0370 0.9960 -0.0809
vn 0.1694 0.9852 -0.0255
vn 0.1280 0.9785 -0.1617
vn 0.3600 0.6525 0.6668
vn 0.3276 0.6534 0.6824
vn 0.3173 0.6909 0.6496
vn -0.2810 0.8777 -0.3881
vn 0.0765 0.9959 -0.0477
vn -0.0902 0.9920 -0.0879
vn 0.1532 0.9880 0.0167
vn 0.0603 0.9860 -0.1558
vn 0.1522 0.9879 -0.0284
vn 0.0738 0.9917 -0.1051
vn 0.0382 0.9827 -0.1812
vn 0.0484 0.9884 -0.1437
vn 0.4588 0.7942 0.3985
vn 0.3397 0.9076 0.2468
vn -0.0853 0.9860 -0.1435
vn 0.5139 0.6912 0.5080
vn 0.3824 0.9047 0.1878
vn 0.6317 0.5712 0.5241
vn 0.6992 0.4630 0.5447
vn 0.6228 0.3435 0.7029
vn 0.4233 0.9060 0.0001
vn 0.0966 0.9819 -0.1632
vn 0.3577 0.7564 0.5477
vn 0.5115 0.7793 0.3620
vn 0.3431 0.7671 0.5421
vn -0.0028 0.9128 -0.4083
vn 0.0449 0.9005 -0.4326
vn 0.0641 0.8947 -0.4420
vn 0.3953 0.8680 -0.3005
vn 0.4443 0.8580 -0.2578
vn 0.4756 0.8750 -0.0904
vn 0.4060 0.9096 -0.0880
vn 0.3921 0.8888 -0.2372
vn 0.4672 0.8748 -0.1280
vn 0.4181 0.9068 -0.0536
vn 0.2124 0.9405 -0.2651
vn 0.1506 0.9582 -0.2433
vn 0.1107 0.8789 -0.4640
vn -0.8123 -0.5785 -0.0750
vn -0.8136 -0.2011 0.5455
vn -0.3413 -0.8252 -0.4501
vn -0.4340 -0.6878 -0.5819
vn -0.4066 -0.7569 -0.5116
vn -0.8585 -0.0161 -0.5126
vn -0.8909 0.2625 -0.3707
vn -0.8004 -0.1653 -0.5763
vn -0.8593 0.1328 -0.4939
vn -0.9126 0.1975 -0.3581
vn -0.8853 0.2438 -0.3960
vn -0.7238 0.2775 -0.6317
vn -0.8171 0.1166 -0.5645
vn -0.4837 0.2459 -0.8400
vn -0.6417 0.0462 -0.7656
vn -0.5779 0.0855 -0.8116
vn -0.2452 0.0617 -0.9675
vn -0.1738 0.3219 -0.9307
vn 0.0511 0.1813 -0.9821
vn -0.8213 0.3648 -0.4386
vn -0.5002 -0.6808 -0.5352
vn -0.3542 -0.8190 -0.4515
vn -0.4400 -0.6751 -0.5921
vn -0.5332 -0.6349 -0.5591
vn -0.6197 -0.6195 -0.4819
vn -0.5971 -0.5887 -0.5449
vn -0.9998 -0.0035 -0.0207
vn -0.9881 0.0390 -0.1488
vn -0.9957 0.0047 -0.0927
vn -0.9752 0.0548 -0.2146
vn -0.9651 0.1012 -0.2415
vn -0.5223 -0.2343 -0.8199
vn -0.2891 -0.0532 -0.9558
vn -0.5767 -0.2116 -0.7891
vn -0.1238 -0.0003 -0.9923
vn -0.7729 0.1745 -0.6100
vn -0.8365 0.5344 0.1208
vn -0.9350 0.3494 0.0610
vn -0.8281 0.5435 0.1370
vn -0.2275 -0.8950 -0.3837
vn -0.9859 0.1589 -0.0532
vn -0.6523 -0.7383 0.1715
vn -0.5809 -0.8031 0.1327
vn -0.4677 -0.8757 0.1198
vn -0.8637 0.4827 -0.1452
vn -0.7523 0.6588 -0.0018
vn -0.6388 0.7613 0.1112
vn -0.6054 0.7727 -0.1907
vn -0.8968 -0.1837 -0.4025
vn -0.6748 0.6956 -0.2465
vn -0.2274 -0.4563 -0.8603
vn -0.1188 -0.3813 -0.9168
vn -0.1872 -0.4665 -0.8645
vn -0.5005 -0.6008 -0.6233
vn -0.5859 -0.4561 -0.6699
vn -0.5096 -0.3944 -0.7647
vn -0.4832 -0.4696 -0.7389
vn -0.6510 -0.3707 -0.6624
vn -0.4247 -0.2142 -0.8796
vn -0.4847 -0.5292 -0.6965
vn -0.3165 -0.5237 -0.7909
vn -0.1450 -0.9863 -0.0786
vn -0.0122 -0.9871 -0.1594
vn -0.1015 -0.9942 0.0368
vn 0.0305 -0.9428 -0.3320
vn -0.0296 -0.9462 -0.3224
vn 0.0041 -0.9765 -0.2156
vn 0.0461 -0.8888 -0.4560
vn -0.5861 -0.1040 -0.8036
vn -0.6743 0.0145 -0.7383
vn -0.4529 -0.4371 -0.7771
vn -0.3122 -0.4855 -0.8166
vn -0.0886 -0.9957 0.0282
vn 0.0878 -0.9932 0.0770
vn 0.0527 -0.9918 0.1162
vn 0.0494 -0.9977 -0.0470
vn 0.0167 -0.9922 0.1237
vn 0.3193 -0.9432 0.0923
vn 0.7036 -0.6708 0.2346
vn 0.6680 -0.7181 0.1952
vn -0.0870 -0.9955 0.0377
vn -0.2094 -0.9534 0.2172
vn -0.0759 -0.9886 -0.1298
vn 0.0794 -0.9882 0.1307
vn 0.1564 -0.9833 0.0933
vn -0.0928 -0.9907 0.1000
vn -0.1454 -0.9846 0.0974
vn -0.1903 -0.9780 0.0852
vn -0.0786 -0.9932 0.0856
vn -0.3152 -0.9468 0.0651
vn -0.4850 -0.8743 0.0209
vn -0.3062 -0.9512 0.0376
vn -0.1541 -0.9866 0.0533
vn 0.1286 -0.9917 0.0022
vn 0.1248 -0.9920 -0.0163
vn 0.2820 -0.9375 0.2041
vn 0.1793 -0.9804 0.0812
vn 0.4039 -0.9147 0.0119
vn -0.4121 -0.9092 0.0594
vn -0.3831 -0.9211 0.0697
vn -0.0334 -0.9994 0.0067
vn -0.0308 -0.9993 0.0222
vn 0.0185 -0.9998 0.0086
vn 0.0504 -0.9970 0.0590
vn 0.0302 -0.9982 0.0522
vn 0.0298 -0.9938 -0.1068
vn 0.1200 -0.9582 -0.2596
vn 0.0871 -0.9954 -0.0396
vn -0.1875 -0.6460 -0.7399
vn -0.0133 -0.9100 -0.4143
vn -0.3282 -0.4146 -0.8488
vn -0.5865 -0.3985 -0.7051
vn -0.1479 -0.6639 -0.7331
vn -0.3062 -0.3318 -0.8923
vn -0.6669 -0.4773 -0.5722
vn -0.7538 -0.4469 -0.4817
vn -0.2679 -0.9457 0.1839
vn -0.1493 -0.9677 0.2030
vn -0.3295 -0.0988 -0.9390
vn -0.2827 0.0904 -0.9550
vn -0.2896 0.0251 -0.9568
vn -0.0970 0.1793 -0.9790
vn -0.2270 0.2392 -0.9441
vn 0.4537 0.6912 -0.5625
vn 0.4582 0.4776 -0.7496
vn 0.5808 0.5296 -0.6181
vn -0.0608 0.2915 -0.9546
vn 0.6719 0.5874 -0.4511
vn 0.6957 0.3805 -0.6093
vn 0.6211 0.5863 -0.5201
vn 0.6867 0.4920 -0.5351
vn -0.2533 0.9623 0.0991
vn -0.1814 0.9771 0.1110
vn -0.1823 0.9403 0.2875
vn 0.1455 0.2171 -0.9653
vn -0.0139 0.3701 -0.9289
vn -0.7207 0.4791 -0.5011
vn -0.4248 0.4698 -0.7738
vn -0.4169 0.4069 -0.8128
vn -0.0011 0.0758 -0.9971
vn 0.0207 0.7493 -0.6619
vn 0.6448 -0.5023 -0.5762
vn -0.4989 0.2379 -0.8333
vn 0.2185 -0.2721 -0.9372
vn 0.3252 0.2706 -0.9061
vn 0.2510 -0.0235 -0.9677
vn 0.1793 0.2396 -0.9542
vn -0.4003 0.1487 -0.9043
vn -0.3939 0.2107 -0.8947
vn -0.4207 0.1083 -0.9007
vn -0.8757 0.4163 -0.2444
vn -0.9410 0.2681 -0.2063
vn -0.8284 0.4951 -0.2621
vn 0.4799 0.6982 0.5313
vn 0.3299 0.7368 0.5902
vn 0.6144 0.6758 0.4071
vn -0.5792 0.6593 -0.4794
vn -0.5601 0.6134 -0.5567
vn -0.6242 0.6865 -0.3730
vn -0.1366 -0.2407 -0.9609
vn -0.1194 0.0411 -0.9920
vn 0.0551 -0.9144 -0.4010
vn -0.6271 0.7052 -0.3308
vn -0.3562 0.7557 0.5495
vn -0.5315 0.6478 0.5458
vn -0.5779 0.6116 0.5404
vn 0.2133 0.1329 0.9679
vn -0.7036 0.4914 0.5133
vn -0.5088 0.8426 -0.1766
vn -0.4243 0.8969 -0.1250
vn -0.3742 0.1281 -0.9185
vn -0.3999 0.2422 -0.8840
vn -0.4828 0.4039 -0.7770
vn 0.5056 0.4838 -0.7144
vn -0.4499 0.7719 -0.4491
vn -0.2945 0.2045 -0.9335
vn -0.2989 0.0450 -0.9532
vn -0.4764 -0.2369 -0.8467
vn -0.5334 0.1046 -0.8394
vn -0.1835 -0.5681 -0.8022
vn -0.0574 -0.4859 -0.8721
vn -0.4770 0.5501 -0.6855
vn -0.3785 0.3586 -0.8533
vn -0.3052 -0.0018 -0.9523
vn -0.4972 -0.2184 -0.8397
vn -0.1674 -0.2336 -0.9578
vn -0.0636 0.1846 -0.9807
vn 0.1379 -0.0922 -0.9861
vn 0.0914 0.4516 -0.8875
vn -0.2048 -0.1964 -0.9589
vn -0.5789 0.7996 -0.1598
vn 0.1448 0.6670 -0.7309
vn 0.2928 0.5526 -0.7803
vn 0.2024 0.6323 -0.7479
vn -0.2147 -0.0026 -0.9767
vn -0.1996 0.4752 -0.8569
vn 0.2253 0.7036 -0.6739
vn 0.3069 0.2222 -0.9254
vn -0.1622 -0.4366 -0.8849
vn -0.0668 0.3408 -0.9378
vn -0.3525 0.2117 -0.9115
vn -0.3582 0.1609 -0.9197
vn -0.5927 0.7447 0.3068
vn -0.3978 0.8774 0.2682
vn -0.6261 0.7783 0.0470
vn -0.7892 0.4945 -0.3643
vn -0.6595 0.4791 -0.5792
vn -0.7532 0.4627 -0.4675
vn -0.6393 0.5829 -0.5015
vn -0.7074 0.4737 -0.5246
vn -0.5727 0.8128 -0.1067
vn 0.1889 0.7697 0.6098
vn 0.0618 0.8204 0.5684
vn 0.4044 0.6342 0.6590
vn -0.5711 0.7788 -0.2595
vn -0.4512 0.8283 -0.3321
vn -0.5007 0.7976 -0.3364
vn -0.4860 0.4185 -0.7672
vn -0.2295 0.3423 -0.9111
vn -0.0839 0.8427 0.5319
vn -0.3465 0.8611 0.3722
vn -0.3790 0.8864 0.2656
vn -0.0835 0.7956 0.6001
vn 0.1767 0.6049 0.7765
vn -0.0930 0.8726 0.4795
vn -0.0209 0.9688 0.2470
vn -0.0699 0.9092 0.4104
vn -0.1334 0.9115 0.3891
vn -0.1796 0.8005 -0.5718
vn 0.0158 0.8758 -0.4824
vn -0.1898 0.8438 -0.5019
vn 0.1166 0.8799 -0.4606
vn -0.2853 0.4476 -0.8475
vn -0.3851 0.6549 -0.6502
vn -0.2693 0.8126 -0.5168
vn 0.2688 0.8740 0.4049
vn 0.4163 0.7723 0.4798
vn -0.1429 0.9878 0.0622
vn -0.0488 0.9945 0.0930
vn -0.1204 0.7732 -0.6226
vn -0.1285 0.8816 -0.4541
vn -0.2758 0.5866 -0.7615
vn -0.5341 0.8216 -0.1993
vn -0.5272 0.7698 -0.3598
vn -0.6779 0.6688 -0.3052
vn -0.4580 0.4839 -0.7457
vn -0.5281 0.5313 -0.6625
vn -0.5391 0.6435 -0.5434
vn -0.3597 0.8703 -0.3363
vn -0.4963 0.7288 -0.4718
vn -0.2298 0.9152 -0.3310
vn -0.2920 0.9100 -0.2944
vn -0.4078 0.7537 -0.5154
vn 0.0265 0.7283 -0.6847
vn -0.3789 0.8609 0.3395
vn -0.6830 0.7105 -0.1694
vn 0.3895 0.7197 -0.5747
vn 0.5539 0.6693 -0.4952
vn 0.6004 0.7119 -0.3643
vn 0.5665 0.7734 -0.2846
vn 0.6322 0.7381 -0.2355
vn 0.0875 -0.0316 -0.9957
vn 0.1963 -0.3131 -0.9292
vn 0.2172 -0.1210 -0.9686
vn 0.2739 -0.2303 -0.9338
vn 0.3228 -0.1744 -0.9302
vn 0.0734 0.9192 -0.3869
vn 0.0827 0.7566 -0.6486
vn 0.1411 0.5251 -0.8393
vn 0.1109 0.3099 -0.9443
vn 0.2336 0.3205 -0.9180
vn 0.4576 0.8048 -0.3780
vn 0.5666 0.7910 -0.2307
vn 0.6059 0.7760 -0.1749
vn 0.5305 0.4466 -0.7205
vn 0.0808 0.4235 -0.9023
vn 0.0549 0.6911 -0.7206
vn 0.1187 0.6466 -0.7535
vn 0.0141 0.7096 -0.7045
vn -0.1799 0.6464 -0.7415
vn 0.0149 0.3617 -0.9322
vn 0.0183 0.2994 -0.9539
vn 0.0343 -0.0407 -0.9986
vn 0.2002 0.7432 -0.6384
vn 0.2000 0.7433 -0.6384
vn 0.2131 0.7177 -0.6629
vn 0.2624 0.6229 -0.7370
vn 0.0728 0.4450 -0.8926
vn 0.1289 0.5812 -0.8035
vn 0.1537 0.4365 -0.8865
vn 0.0289 0.4748 -0.8796
vn -0.0054 0.4370 -0.8994
vn -0.0860 0.2980 -0.9507
vn -0.0418 0.3639 -0.9305
vn -0.0971 0.8422 0.5303
vn -0.3497 0.6074 -0.7133
vn -0.0899 0.6481 -0.7562
vn -0.1822 0.4723 -0.8624
vn -0.3823 0.5077 -0.7721
vn -0.3621 0.5727 -0.7355
vn -0.2137 0.4605 -0.8615
vn -0.3797 0.6773 -0.6302
vn -0.6152 0.1186 -0.7794
vn -0.4789 -0.0949 -0.8727
vn -0.5700 0.0405 -0.8207
vn -0.3307 0.8131 -0.4791
vn -0.1040 0.9301 -0.3524
vn -0.0928 0.9765 -0.1944
vn -0.2002 0.9769 -0.0750
vn -0.9447 -0.3277 -0.0159
vn -0.4534 0.6542 -0.6053
vn -0.6174 0.7376 0.2733
vn -0.0856 0.8749 -0.4767
vn 0.1119 0.8182 -0.5640
vn -0.0310 -0.2873 -0.9574
vn 0.3622 0.9258 -0.1081
vn 0.3961 0.9143 -0.0847
vn 0.4342 0.8990 -0.0576
vn 0.7725 0.3553 -0.5262
vn 0.8669 0.1550 -0.4737
vn 0.9152 0.0595 -0.3986
vn 0.2619 -0.2478 -0.9327
vn -0.3257 -0.0812 -0.9420
vn 0.1271 -0.2768 -0.9525
vn 0.5090 -0.2192 -0.8324
vn -0.1351 0.2017 -0.9701
vn -0.5987 0.0872 -0.7962
vn 0.3223 0.4569 -0.8291
vn 0.2340 0.5381 -0.8097
vn 0.0524 -0.0864 -0.9949
vn -0.4042 -0.0856 -0.9106
vn -0.4043 -0.0856 -0.9106
vn -0.5029 0.0061 -0.8643
vn -0.1996 0.3610 -0.9109
vn -0.3339 0.0924 -0.9381
vn -0.1158 0.3602 -0.9257
vn -0.1046 0.5502 -0.8284
vn 0.0545 0.4944 -0.8675
vn -0.1046 0.5502 -0.8285
vn 0.1179 0.2210 -0.9681
vn -0.1729 -0.0018 -0.9849
vn -0.4668 0.1075 -0.8778
vn -0.4669 0.1068 -0.8779
vn 0.0591 0.0375 -0.9975
vn 0.2752 0.0048 -0.9614
vn 0.2812 -0.0623 -0.9576
vn -0.3118 0.5764 -0.7553
vn -0.4589 0.4210 -0.7825
vn -0.4398 0.4928 -0.7508
vn -0.1997 0.7874 -0.5833
vn -0.3920 0.7730 -0.4988
vn -0.2351 0.8662 -0.4410
vn -0.4414 0.8911 -0.1058
vn 0.1904 0.1623 -0.9682
vn 0.2455 -0.0835 -0.9658
vn 0.2243 -0.1158 -0.9676
vn -0.4312 0.4320 -0.7921
vn 0.3100 0.1791 -0.9337
vn 0.3234 0.3400 -0.8831
vn 0.3234 0.3400 -0.8830
vn 0.4560 0.0346 -0.8893
vn 0.4526 0.0250 -0.8914
vn 0.3634 0.2254 -0.9039
vn 0.5033 0.1154 -0.8564
vn 0.1489 -0.2699 -0.9513
vn 0.2457 -0.1017 -0.9640
vn 0.1778 0.0383 -0.9833
vn 0.1195 -0.4030 -0.9074
vn 0.1047 -0.4909 -0.8649
vn 0.3240 -0.1957 -0.9256
vn -0.1897 0.8768 -0.4420
vn -0.2283 0.6941 -0.6827
vn 0.3254 -0.3234 -0.8885
vn 0.1371 -0.0734 -0.9878
vn 0.2092 -0.1924 -0.9588
vn -0.4220 0.6449 -0.6372
vn 0.0077 0.7592 -0.6509
vn -0.0241 0.8317 -0.5548
vn 0.3194 -0.1407 -0.9371
vn 0.3194 -0.1408 -0.9371
vn 0.7169 -0.0380 -0.6962
vn 0.0941 0.0824 -0.9922
vn 0.3817 -0.2968 -0.8753
vn 0.3440 -0.2786 -0.8967
vn 0.2913 -0.3950 -0.8713
vn -0.0545 0.9396 0.3378
vn -0.0152 -0.9954 0.0949
vn 0.1413 -0.9830 -0.1173
vn 0.1546 -0.9767 -0.1488
vn 0.0433 -0.9986 0.0313
vn 0.0435 -0.9973 -0.0594
vn -0.0757 -0.9971 -0.0047
vn 0.3589 -0.8928 -0.2723
vn 0.2836 -0.9124 -0.2952
vn 0.9323 -0.1714 -0.3186
vn 0.3742 -0.9163 -0.1430
vn 0.4648 -0.8014 -0.3765
vn 0.2892 -0.9494 0.1224
vn 0.2828 -0.9592 0.0024
vn 0.0953 -0.8595 -0.5021
vn 0.1822 -0.8686 -0.4608
vn 0.2131 -0.8694 -0.4458
vn 0.0690 -0.8547 -0.5146
vn 0.4135 0.1054 -0.9044
vn 0.4305 0.5619 -0.7064
vn 0.4959 0.6124 -0.6157
vn 0.4120 0.7438 -0.5263
vn 0.3699 0.8330 -0.4115
vn 0.2048 0.8998 -0.3852
vn 0.1840 0.8254 -0.5337
vn 0.1665 0.2660 -0.9495
vn 0.2368 -0.9515 -0.1964
vn 0.1147 -0.9565 -0.2681
vn 0.1080 -0.9689 -0.2226
vn -0.2405 -0.9669 0.0855
vn 0.1702 -0.7646 -0.6216
vn 0.3577 -0.7182 -0.5969
vn 0.1176 -0.7723 -0.6243
vn 0.4379 -0.6883 -0.5783
vn -0.4904 -0.8475 0.2030
vn -0.3818 -0.9239 0.0270
vn 0.6737 -0.6481 -0.3551
vn 0.8205 -0.3948 -0.4135
vn 0.8356 -0.2861 -0.4690
vn -0.7889 -0.5466 -0.2807
vn -0.2463 -0.9623 0.1151
vn -0.1884 -0.9802 -0.0606
vn -0.0057 -0.9986 -0.0523
vn 0.1349 -0.9798 -0.1477
vn 0.1910 -0.9571 -0.2178
vn -0.0128 -0.9804 -0.1967
vn -0.1509 -0.8682 -0.4727
vn -0.3375 -0.8706 -0.3581
vn 0.0758 -0.8618 -0.5015
vn -0.4824 -0.8479 -0.2201
vn 0.0273 -0.6592 -0.7514
vn 0.1565 -0.6365 -0.7552
vn 0.0417 -0.5504 -0.8339
vn 0.4875 -0.7548 -0.4390
vn -0.2252 -0.9660 -0.1269
vn -0.2647 -0.9468 -0.1830
vn -0.2424 -0.9583 -0.1513
vn 0.3786 -0.7614 -0.5262
vn -0.5212 -0.8130 0.2596
vn -0.5117 -0.8188 0.2602
vn -0.4849 -0.7932 0.3683
vn -0.4408 -0.6932 0.5702
vn -0.2998 -0.8673 -0.3974
vn 0.2503 -0.9077 -0.3369
vn 0.2412 -0.9465 0.2143
vn -0.2107 -0.9419 -0.2615
vn 0.0223 0.2288 -0.9732
vn 0.0181 0.3979 -0.9172
vn 0.0681 0.3884 -0.9190
vn 0.4362 0.4830 -0.7592
vn 0.4219 0.4749 -0.7723
vn 0.4175 0.4725 -0.7762
vn 0.5130 -0.1220 -0.8497
vn 0.5108 -0.1248 -0.8506
vn 0.5118 -0.1235 -0.8502
vn -0.0247 0.9490 -0.3143
vn 0.2829 -0.8476 -0.4489
vn 0.5139 -0.1208 -0.8493
vn -0.0385 0.9741 -0.2230
vn 0.0971 -0.9732 -0.2085
vn -0.1960 -0.9768 -0.0859
vn -0.8041 -0.1873 0.5642
vn -0.4042 -0.6038 0.6871
vn 0.2311 -0.5752 -0.7847
vn -0.1849 -0.9746 0.1265
vn -0.0780 -0.9969 0.0098
vn -0.1061 -0.9940 0.0266
vn -0.1356 -0.9891 0.0573
vn -0.0500 -0.9985 -0.0230
vn 0.0176 -0.9997 -0.0192
vn -0.1411 -0.9877 -0.0675
vn -0.0777 -0.9915 -0.1047
vn -0.0978 -0.9951 -0.0159
vn -0.0761 -0.9962 0.0427
vn 0.0021 -1.0000 0.0017
vn -0.1310 -0.9904 -0.0431
vn -0.0869 -0.9962 -0.0106
vn -0.0446 -0.9925 -0.1136
vn -0.0088 -0.9910 -0.1332
vn -0.0191 -0.9965 -0.0815
vn -0.0006 -0.9957 -0.0931
vn 0.0086 -0.9956 -0.0929
vn 0.0317 -0.9859 -0.1645
vn 0.1317 -0.9909 0.0295
vn 0.3438 -0.9193 -0.1916
vn 0.2235 -0.9721 0.0719
vn 0.0899 -0.9955 -0.0306
vn -0.3992 -0.9167 0.0160
vn -0.4056 -0.9119 -0.0631
vn -0.2726 -0.9615 -0.0352
vn 0.3700 -0.8990 -0.2342
vn 0.6110 -0.6824 -0.4013
vn 0.7090 -0.3846 -0.5911
vn 0.4966 -0.7786 -0.3836
vn 0.6575 -0.6889 -0.3053
vn 0.4115 -0.8982 -0.1547
vn 0.7543 -0.4903 -0.4367
vn 0.7073 -0.4150 -0.5723
vn 0.6650 -0.4618 -0.5870
vn 0.6641 -0.4145 -0.6222
vn 0.6675 -0.4123 -0.6200
vn 0.1258 -0.9904 -0.0580
vn 0.3439 -0.9245 -0.1646
vn 0.3661 -0.9244 -0.1072
vn 0.2472 -0.9604 -0.1283
vn 0.7623 -0.6325 -0.1376
vn 0.1488 -0.9848 -0.0894
vn 0.1261 -0.9889 -0.0783
vn 0.8003 -0.3161 -0.5095
vn 0.7050 -0.5399 -0.4599
vn -0.2206 -0.7988 0.5597
vn 0.2757 -0.8368 0.4731
vn 0.4574 -0.8319 0.3141
vn -0.1325 -0.9268 0.3515
vn -0.1892 -0.7634 0.6176
vn 0.1609 -0.8810 0.4449
vn -0.3604 -0.6183 0.6985
vn -0.3270 -0.6809 0.6553
vn 0.6667 -0.7348 -0.1252
vn 0.6934 -0.7201 -0.0247
vn 0.8916 -0.3577 -0.2777
vn 0.9082 -0.2194 -0.3563
vn 0.3737 -0.8122 0.4480
vn 0.1311 -0.8462 0.5164
vn -0.0996 -0.8309 0.5474
vn 0.0331 -0.8501 0.5256
vn 0.6472 -0.7472 0.1511
vn 0.7065 -0.6983 -0.1152
vn 0.6019 -0.7984 -0.0157
vn 0.0345 -0.9672 0.2517
vn 0.7507 -0.6003 0.2758
vn 0.9253 -0.3793 -0.0033
vn 0.8740 -0.4105 0.2601
vn 0.8417 -0.5386 -0.0367
vn -0.3002 -0.9512 -0.0708
vn 0.1065 -0.9881 -0.1107
vn 0.7145 -0.6536 -0.2497
vn 0.5308 -0.8170 -0.2252
vn 0.7729 -0.5567 -0.3045
vn -0.2406 -0.7654 0.5969
vn -0.2967 -0.7070 0.6419
vn -0.0929 -0.9550 0.2816
vn -0.0942 -0.8137 0.5736
vn 0.3178 -0.8245 0.4681
vn -0.7866 -0.6157 0.0460
vn -0.3682 -0.9254 0.0893
vn -0.8577 -0.5039 0.1020
vn -0.6621 -0.7406 0.1146
vn -0.6914 -0.7224 -0.0051
vn 0.1823 -0.9810 0.0669
vn 0.3883 -0.9176 0.0849
vn 0.2976 -0.9442 0.1410
vn -0.4801 -0.8729 0.0867
vn -0.0282 -0.9995 0.0173
vn -0.2101 -0.9773 0.0264
vn 0.0275 -0.9871 0.1577
vn 0.1067 -0.9804 0.1654
vn 0.3406 -0.9396 0.0354
vn 0.8115 -0.5803 -0.0684
vn 0.7501 -0.6408 -0.1635
vn 0.6549 -0.7551 -0.0287
vn 0.9322 -0.3505 -0.0905
vn 0.4956 -0.8685 -0.0060
vn 0.9111 -0.3526 -0.2137
vn 0.2703 -0.9628 0.0039
vn 0.7880 -0.5590 -0.2582
vn 0.8925 -0.3489 -0.2860
vn 0.9422 -0.2864 -0.1740
vn 0.9398 -0.2950 -0.1726
vn 0.9845 -0.1172 -0.1306
vn 0.9835 -0.0500 -0.1736
vn 0.9897 0.1431 -0.0066
vn 0.9806 0.1569 -0.1176
vn 0.9589 -0.2388 -0.1530
vn 0.9799 -0.0258 -0.1977
vn 0.9847 0.1205 -0.1256
vn 0.3335 -0.9409 0.0590
vn 0.0397 -0.9990 0.0225
vn -0.7729 -0.6332 -0.0410
vn 0.1003 -0.9799 0.1723
vn 0.7923 -0.5952 -0.1346
vn 0.9329 -0.2894 -0.2143
vn 0.6371 0.5048 0.5825
vn 0.6970 0.6179 0.3638
vn 0.5899 0.7803 0.2076
vn 0.6695 0.6899 0.2752
vn 0.6619 -0.0285 0.7491
vn 0.7910 0.0457 0.6101
vn 0.7756 0.2521 0.5787
vn 0.6532 0.7251 0.2180
vn 0.8218 0.2254 0.5233
vn 0.7458 0.6269 0.2254
vn 0.7788 0.2458 0.5771
vn 0.7788 0.4350 0.4518
vn 0.6989 0.7087 -0.0968
vn 0.6186 0.7789 -0.1034
vn 0.4688 0.8395 -0.2748
vn 0.9090 0.3210 0.2659
vn 0.6726 0.7386 -0.0459
vn 0.7117 -0.0056 0.7024
vn 0.7209 0.2163 0.6585
vn 0.8243 0.0361 0.5650
vn 0.8675 0.4194 0.2676
vn 0.7529 0.2739 0.5984
vn 0.8899 0.4363 -0.1333
vn 0.9311 0.1567 0.3293
vn 0.8602 -0.1532 0.4865
vn 0.9133 0.0936 0.3964
vn 0.8112 -0.0654 0.5810
vn 0.9979 -0.0322 -0.0557
vn 0.8318 0.4520 -0.3222
vn 0.8032 0.5022 -0.3203
vn 0.6588 0.6191 -0.4274
vn 0.8290 -0.1704 0.5326
vn 0.8272 0.5036 -0.2492
vn 0.7894 0.6078 -0.0860
vn 0.7601 0.6497 -0.0110
vn 0.6702 0.7295 0.1367
vn 0.7272 -0.3469 0.5923
vn 0.8595 -0.2601 0.4399
vn 0.9459 -0.0961 0.3100
vn 0.4150 -0.6041 0.6803
vn 0.6475 -0.4460 0.6180
vn 0.5972 -0.5463 0.5873
vn 0.6185 -0.5010 0.6054
vn 0.9814 0.0347 0.1888
vn 0.9830 -0.0987 0.1549
vn 0.8122 -0.0907 0.5763
vn 0.9266 0.1603 0.3403
vn 0.5308 0.8151 -0.2319
vn 0.6909 0.6854 -0.2301
vn 0.5370 0.8220 -0.1899
vn 0.6687 0.7435 -0.0082
vn 0.7243 -0.0342 0.6887
vn 0.7248 0.2930 0.6235
vn 0.7904 -0.3891 0.4732
vn 0.8317 0.4328 -0.3478
vn 0.7123 0.5986 -0.3664
vn -0.0275 -0.9970 -0.0717
vn -0.0378 -0.9988 -0.0299
vn 0.1878 -0.9769 -0.1019
vn 0.1117 -0.9932 -0.0325
vn 0.1673 -0.9767 -0.1341
vn 0.2658 -0.9540 -0.1384
vn 0.3047 -0.9438 -0.1280
vn 0.3132 -0.9309 -0.1879
vn 0.6115 -0.7859 -0.0914
vn 0.5059 -0.8042 -0.3121
vn 0.2524 -0.9495 -0.1864
vn 0.5829 -0.6749 -0.4525
vn 0.6500 -0.7029 -0.2887
vn 0.4752 -0.8002 -0.3657
vn 0.3403 -0.8971 -0.2817
vn 0.5748 -0.6666 -0.4746
vn 0.5223 -0.8315 -0.1891
vn 0.7610 -0.6328 -0.1428
vn 0.6006 -0.7750 -0.1967
vn 0.6973 -0.6764 -0.2373
vn 0.6450 -0.6921 -0.3239
vn 0.6422 -0.7653 0.0438
vn 0.7977 -0.5762 -0.1781
vn 0.8827 -0.4038 -0.2404
vn 0.6455 -0.6685 -0.3694
vn 0.5920 -0.7368 -0.3265
vn 0.9335 -0.1564 -0.3226
vn 0.9089 -0.2366 -0.3434
vn 0.9215 -0.2328 -0.3109
vn 0.9027 -0.2338 -0.3612
vn 0.9339 -0.1028 -0.3426
vn 0.8808 0.2197 -0.4195
vn 0.5528 -0.6476 -0.5244
vn 0.9856 -0.0731 -0.1524
vn 0.5878 -0.6584 -0.4702
vn 0.5110 -0.7397 -0.4378
vn 0.3644 -0.0991 -0.9260
vn 0.4107 0.0598 -0.9098
vn 0.3760 -0.0200 -0.9264
vn 0.5383 0.3642 -0.7600
vn 0.6904 0.3377 -0.6398
vn 0.4697 -0.8433 0.2613
vn 0.9143 -0.1916 -0.3569
vn 0.8937 0.0819 -0.4412
vn 0.6621 0.2310 -0.7129
vn 0.7849 0.5378 -0.3078
vn 0.8015 0.4189 -0.4268
vn 0.7886 0.6006 -0.1320
vn 0.7944 0.4969 -0.3493
vn 0.4716 0.7096 -0.5235
vn 0.6839 0.6489 -0.3335
vn 0.4261 0.7901 -0.4407
vn 0.7727 0.5669 -0.2857
vn 0.7705 0.6175 0.1582
vn 0.7759 0.6309 0.0013
vn 0.6908 0.7230 -0.0034
vn 0.4759 0.7966 -0.3728
vn 0.5577 0.7409 -0.3743
vn 0.7058 0.6751 -0.2147
vn 0.9826 -0.1110 -0.1492
vn 0.9707 0.0385 -0.2371
vn 0.9966 -0.0222 -0.0799
vn 0.9722 -0.0437 -0.2299
vn 0.9607 -0.1438 -0.2375
vn 0.9181 -0.2251 -0.3261
vn 0.9092 -0.1838 -0.3737
vn 0.9064 -0.2654 -0.3286
vn 0.8588 -0.0463 -0.5102
vn 0.9370 -0.0743 -0.3413
vn 0.3744 0.7117 -0.5944
vn 0.7830 0.3968 -0.4791
vn 0.8526 0.0870 -0.5153
vn 0.9308 0.2898 -0.2229
vn 0.9207 0.3200 -0.2236
vn 0.3633 0.7409 -0.5649
vn 0.9290 0.3512 -0.1169
vn 0.6774 0.6250 -0.3880
vn 0.7345 0.5503 -0.3972
vn 0.9679 0.2507 -0.0173
vn 0.8283 0.5328 -0.1735
vn 0.9771 0.1979 0.0777
vn 0.8836 0.4682 0.0090
vn 0.8072 0.5712 -0.1488
vn 0.7356 0.6560 -0.1690
vn 0.4597 0.7818 0.4213
vn 0.4010 0.7665 0.5016
vn 0.5555 0.5701 0.6053
vn 0.5150 0.6310 0.5802
vn 0.3638 0.8827 0.2973
vn 0.4508 0.8011 0.3937
vn 0.5176 0.8442 0.1392
vn 0.2651 0.9632 -0.0446
vn 0.0633 0.9851 -0.1598
vn 0.0878 0.9916 -0.0951
vn 0.1165 0.9825 -0.1451
vn 0.1728 0.9461 -0.2737
vn 0.2493 0.9660 -0.0681
vn 0.4507 0.8875 -0.0955
vn 0.6802 0.7300 0.0659
vn 0.4278 0.8818 -0.1986
vn 0.5722 0.8074 0.1437
vn -0.0880 0.9780 -0.1890
vn -0.2147 0.8360 -0.5051
vn -0.1863 0.9792 -0.0802
vn -0.1307 0.9830 0.1289
vn 0.3426 0.8794 0.3307
vn 0.2804 0.8394 0.4656
vn 0.0178 0.9998 -0.0006
vn 0.1279 0.9908 -0.0449
vn 0.0095 0.9931 -0.1173
vn -0.2318 0.8667 -0.4417
vn -0.0760 0.9390 -0.3354
vn -0.0967 0.9451 -0.3120
vn 0.0977 0.9275 -0.3610
vn 0.0107 0.9578 -0.2873
vn 0.0336 0.9806 -0.1931
vn 0.4457 0.8872 0.1197
vn 0.1277 0.9151 -0.3826
vn 0.2686 0.9011 -0.3405
vn 0.3735 0.8892 -0.2642
vn 0.1586 0.8915 -0.4244
vn 0.3357 0.8886 -0.3126
vn 0.1790 0.9130 -0.3665
vn 0.4631 0.8398 -0.2832
vn 0.1925 0.8482 -0.4934
vn 0.1460 0.8648 -0.4805
vn 0.6493 0.7450 -0.1530
vn 0.5441 0.7070 0.4517
vn 0.1541 0.9284 0.3380
vn 0.1518 0.9822 0.1103
vn 0.0824 0.9746 0.2081
vn 0.0287 0.9899 0.1387
vn -0.0848 0.9908 0.1051
vn -0.1348 0.9875 0.0816
vn -0.1294 0.9915 -0.0136
vn 0.1389 0.9886 0.0577
vn 0.3010 0.9529 0.0379
vn 0.3526 0.9206 0.1679
vn 0.1797 0.9680 0.1753
vn 0.2760 0.9542 0.1152
vn 0.5949 0.6002 0.5347
vn 0.4862 0.8169 0.3104
vn 0.5647 0.5756 0.5914
vn 0.6173 0.6237 0.4795
vn 0.7418 0.4139 0.5276
vn 0.6886 0.4369 0.5788
vn 0.6901 0.5556 0.4638
vn 0.3732 0.9265 0.0489
vn 0.7203 0.1821 0.6693
vn 0.6425 0.7064 0.2968
vn 0.6900 0.7130 0.1247
vn 0.7177 0.6031 0.3483
vn 0.7372 0.5122 0.4406
vn 0.7499 0.5326 0.3924
vn 0.6036 0.7438 0.2872
vn 0.0775 0.9466 0.3130
vn 0.2112 0.9541 0.2125
vn 0.1751 0.9750 0.1368
vn 0.2679 0.9239 0.2731
vn 0.3633 0.9273 0.0903
vn 0.2192 0.9755 -0.0182
vn 0.2342 0.9534 -0.1901
vn 0.6976 0.6663 0.2634
vn 0.7549 0.5647 0.3334
vn 0.7579 0.5684 0.3202
vn 0.7564 0.5727 0.3160
vn 0.7759 0.6109 0.1573
vn 0.8208 0.0569 0.5684
vn 0.8663 -0.2633 0.4245
vn 0.8924 0.2909 0.3450
vn 0.8257 0.4936 0.2733
vn 0.7084 0.5945 0.3804
vn 0.7620 0.5751 0.2978
vn 0.6939 0.7196 0.0266
vn 0.6350 0.7657 -0.1026
vn 0.8415 0.5401 0.0147
vn 0.7560 0.6545 0.0035
vn 0.5493 0.7868 -0.2814
vn 0.4210 0.5525 -0.7194
vn 0.5111 0.5440 -0.6654
vn 0.6055 0.4288 -0.6704
vn 0.1776 0.4593 -0.8703
vn 0.5936 0.7893 0.1571
vn 0.4585 0.8603 -0.2229
vn -0.8669 -0.0128 -0.4983
vn 0.5923 0.6475 -0.4796
vn 0.5951 0.3173 -0.7384
vn 0.9130 0.3816 0.1443
vn 0.8932 0.4017 0.2018
vn 0.8985 0.3688 0.2380
vn 0.8750 0.4732 -0.1019
vn 0.4692 0.3788 -0.7977
vn 0.5022 0.3995 -0.7670
vn 0.2571 0.9144 -0.3127
vn 0.2817 0.8856 -0.3693
vn 0.3238 0.9255 -0.1964
vn 0.4548 0.8570 -0.2425
vn 0.4577 0.8814 -0.1169
vn 0.7894 0.5705 0.2265
vn 0.6949 0.7138 -0.0871
vn 0.1023 0.9501 0.2947
vn 0.6179 0.6445 0.4503
vn 0.3082 0.9242 -0.2255
vn 0.9232 0.3791 -0.0637
vn 0.9959 0.0898 0.0125
vn -0.8061 -0.5900 -0.0456
vn -0.8746 -0.4848 0.0104
vn -0.5340 -0.8365 0.1227
vn -0.7822 -0.5739 0.2425
vn -0.3859 -0.9214 0.0447
vn -0.3039 -0.9495 0.0783
vn -0.7325 -0.6620 0.1587
vn 0.1257 -0.9921 -0.0006
vn -0.7731 0.4230 0.4726
vn -0.9247 0.1984 0.3250
vn -0.8422 0.3966 0.3653
vn -0.9017 -0.3502 0.2537
vn -0.9631 -0.0318 0.2674
vn -0.9593 -0.0368 0.2801
vn -0.9270 -0.1766 0.3309
vn -0.7364 0.5138 0.4402
vn -0.9502 0.1598 0.2675
vn -0.9541 -0.2844 0.0933
vn -0.7068 -0.7036 0.0736
vn -0.9049 0.1341 0.4041
vn -0.9011 -0.4267 -0.0773
vn -0.6858 -0.5597 -0.4652
vn -0.8061 -0.4938 -0.3262
vn 0.2884 -0.5034 -0.8145
vn 0.2386 -0.6548 -0.7172
vn 0.2554 -0.6090 -0.7509
vn -0.8908 0.3212 0.3213
vn -0.8817 0.3500 -0.3164
vn -0.9635 0.1811 0.1970
vn -0.9178 -0.3209 0.2337
vn 0.4140 -0.9092 -0.0451
vn 0.2230 -0.9744 0.0297
vn 0.3646 -0.9256 -0.1019
vn -0.9025 -0.1506 0.4035
vn -0.9058 -0.2084 0.3690
vn -0.8211 0.4529 0.3473
vn -0.6716 0.5644 0.4801
vn -0.6133 0.1182 0.7810
vn -0.6317 0.5861 0.5075
vn -0.9551 0.0566 -0.2908
vn -0.9585 0.0309 -0.2833
vn -0.9607 0.0114 -0.2775
vn -0.9801 -0.1956 -0.0348
vn -0.8638 -0.3891 -0.3199
vn -0.9794 -0.1528 -0.1319
vn 0.2014 -0.7416 -0.6399
vn -0.9206 -0.3267 -0.2141
vn -0.7751 -0.4875 -0.4019
vn -0.4080 -0.6460 -0.6451
vn -0.4539 -0.7109 -0.5373
vn -0.9436 0.2612 0.2036
vn -0.7030 0.5241 0.4807
vn -0.9101 -0.3867 0.1486
vn -0.9533 -0.2990 0.0430
vn -0.9279 -0.3443 0.1429
vn -0.9184 -0.3857 0.0878
vn -0.8634 -0.5032 -0.0374
vn -0.0526 -0.8976 0.4377
vn -0.0323 -0.9108 0.4117
vn -0.1794 -0.9164 0.3578
vn -0.6555 -0.6912 0.3041
vn -0.5536 -0.7933 0.2534
vn -0.1548 -0.9508 0.2684
vn -0.3072 -0.9233 0.2307
vn 0.1087 -0.9818 0.1557
vn -0.1290 -0.9816 0.1408
vn -0.5691 -0.8176 0.0874
vn -0.5923 -0.8003 0.0936
vn -0.6277 -0.7770 0.0475
vn -0.6506 -0.7468 0.1379
vn 0.2122 -0.9768 -0.0292
vn 0.5397 -0.8360 -0.0988
vn 0.6829 -0.7230 -0.1048
vn -0.3439 -0.9380 0.0429
vn 0.4939 -0.8609 0.1219
vn 0.2893 -0.9286 0.2325
vn 0.3189 -0.9270 0.1977
vn 0.6834 -0.7162 0.1419
vn -0.9363 -0.2799 0.2122
vn -0.8874 -0.3373 0.3141
vn -0.6562 -0.5911 0.4691
vn -0.8754 -0.3966 0.2765
vn -0.9399 -0.3238 0.1084
vn -0.8051 -0.5853 0.0964
vn -0.9690 -0.2462 0.0214
vn -0.9390 -0.3339 0.0830
vn -0.5314 -0.3751 0.7595
vn -0.9541 -0.2426 0.1753
vn 0.4677 -0.8799 0.0837
vn -0.3205 -0.9457 0.0536
vn -0.9749 -0.2227 0.0026
vn 0.6652 -0.7370 0.1200
vn 0.6126 -0.7904 -0.0079
vn 0.6194 -0.7851 -0.0007
vn -0.3140 -0.9492 0.0226
vn -0.0843 -0.9710 -0.2235
vn -0.2186 -0.9756 0.0205
vn 0.1191 -0.9634 -0.2403
vn 0.7579 -0.6523 0.0123
vn 0.2522 -0.8439 -0.4735
vn 0.3419 -0.8679 -0.3603
vn 0.1426 -0.9290 -0.3416
vn 0.4330 -0.8676 -0.2446
vn 0.2564 -0.8838 -0.3914
vn 0.3363 -0.8283 -0.4482
vn 0.3225 -0.9441 -0.0680
vn 0.5223 -0.7715 -0.3632
vn -0.5636 -0.6158 0.5506
vn -0.5396 -0.5770 0.6131
vn -0.6113 -0.5150 0.6009
vn -0.5664 -0.5564 0.6080
vn -0.0530 -0.9979 0.0367
vn -0.0510 -0.9966 0.0651
vn -0.0846 -0.9949 0.0557
vn 0.3503 -0.9037 -0.2463
vn 0.4602 -0.8122 -0.3586
vn -0.5886 -0.6525 0.4772
vn -0.5422 -0.6816 0.4914
vn -0.5301 -0.6439 0.5517
vn -0.5827 -0.5759 0.5734
vn -0.3404 -0.8530 0.3956
vn -0.3312 -0.8856 0.3256
vn -0.6044 -0.4742 0.6402
vn -0.3337 -0.8923 0.3041
vn -0.3281 -0.8895 0.3182
vn 0.2570 -0.9645 -0.0600
vn -0.2162 -0.8855 -0.4113
vn -0.2201 -0.9501 -0.2211
vn -0.2196 -0.9293 -0.2969
vn -0.0856 -0.9854 -0.1474
vn 0.2133 -0.9755 -0.0547
vn 0.1583 -0.9677 -0.1962
vn -0.6723 -0.7400 0.0203
vn -0.5044 -0.8635 -0.0014
vn -0.2577 -0.9636 -0.0708
vn -0.0404 -0.9991 -0.0148
vn -0.0647 -0.9964 0.0556
vn -0.0091 -0.9968 0.0800
vn -0.1694 -0.9855 -0.0021
vn -0.8522 -0.4818 0.2041
vn -0.9408 -0.3318 0.0696
vn -0.7470 -0.6646 -0.0179
vn -0.7787 -0.6243 0.0624
vn -0.4222 -0.8680 -0.2614
vn -0.4812 -0.8741 -0.0666
vn -0.3917 -0.7860 -0.4783
vn 0.2468 -0.9687 0.0274
vn 0.0337 -0.9861 -0.1627
vn 0.1114 -0.9938 -0.0008
vn 0.1276 -0.9765 -0.1738
vn 0.0491 -0.9839 -0.1721
vn 0.0604 -0.9953 -0.0763
vn 0.2925 -0.9402 -0.1743
vn 0.3221 -0.9409 -0.1048
vn 0.3415 -0.8770 -0.3379
vn 0.1649 -0.9857 -0.0349
vn 0.1310 -0.9800 -0.1497
vn 0.0538 -0.9962 -0.0681
vn 0.0121 -0.9967 -0.0806
vn 0.7721 -0.6323 0.0639
vn 0.7675 -0.6343 0.0924
vn 0.7698 -0.6303 0.1003
vn 0.6098 -0.6143 -0.5008
vn 0.4607 -0.7084 -0.5348
vn 0.4275 -0.6502 -0.6281
vn 0.3643 -0.8024 -0.4726
vn 0.8657 -0.4986 -0.0427
vn 0.9067 -0.4188 -0.0509
vn 0.9177 -0.3970 -0.0139
vn 0.9362 -0.3434 -0.0747
vn 0.3947 -0.5002 0.7707
vn 0.9910 -0.1327 -0.0150
vn 0.0839 -0.8491 0.5216
vn 0.2747 -0.9610 0.0328
vn 0.0337 -0.9986 -0.0396
vn 0.3623 -0.9293 0.0717
vn -0.7622 -0.5819 0.2837
vn 0.9272 -0.3496 -0.1343
vn -0.1972 -0.9795 0.0406
vn 0.9340 -0.3263 -0.1453
vn -0.4834 -0.6295 0.6083
vn -0.5089 -0.7606 0.4032
vn -0.5901 -0.2594 0.7645
vn -0.6406 -0.2006 0.7412
vn -0.4075 -0.5147 0.7544
vn -0.6110 0.1645 0.7744
vn -0.9647 -0.1165 0.2362
vn 0.8494 -0.5264 -0.0378
vn 0.9469 -0.3210 0.0182
vn -0.3932 -0.4529 0.8002
vn -0.9881 0.0419 0.1482
vn -0.2833 0.8394 0.4638
vn -0.1865 0.8791 0.4385
vn -0.2239 0.9128 0.3415
vn -0.1710 0.9292 0.3277
vn -0.2088 0.9628 0.1718
vn -0.1280 0.9839 0.1251
vn -0.0389 0.9388 0.3422
vn 0.1386 0.8599 0.4912
vn -0.1705 0.9853 0.0129
vn -0.0457 0.9984 0.0339
vn -0.2734 0.9175 -0.2887
vn 0.8249 0.4156 0.3832
vn -0.3177 0.7086 0.6300
vn -0.5635 0.7943 0.2270
vn -0.3383 0.9145 0.2218
vn -0.6236 0.7734 -0.1140
vn -0.6189 0.7854 0.0080
vn -0.5889 0.8061 -0.0574
vn -0.7682 0.4847 -0.4182
vn -0.7180 0.6615 -0.2167
vn -0.7519 0.4791 -0.4529
vn -0.8101 0.3591 -0.4634
vn -0.7418 0.4408 -0.5054
vn -0.6663 -0.1547 -0.7294
vn -0.7638 -0.0241 -0.6450
vn -0.7688 0.0278 -0.6389
vn -0.7821 0.4622 -0.4179
vn -0.6355 0.7293 -0.2536
vn -0.4650 0.8818 -0.0789
vn -0.3601 0.9329 -0.0024
vn -0.3172 0.9478 -0.0313
vn -0.0954 0.9316 0.3508
vn -0.4937 0.8606 0.1251
vn -0.4411 0.8974 -0.0119
vn -0.2906 0.9480 0.1297
vn -0.5491 0.8353 -0.0262
vn -0.4657 0.8805 0.0889
vn 0.5036 0.6787 0.5345
vn -0.3616 0.9161 0.1733
vn -0.2406 0.9577 0.1577
vn 0.5780 0.6430 0.5025
vn 0.1176 0.8948 0.4307
vn -0.0068 0.9584 0.2853
vn 0.2105 0.9450 0.2504
vn -0.2575 0.9657 -0.0336
vn -0.4811 0.8736 0.0727
vn -0.5210 0.7172 0.4628
vn -0.6926 0.6628 0.2844
vn -0.4307 0.8220 0.3726
vn -0.4483 0.8012 0.3963
vn -0.4211 0.8456 0.3280
vn -0.5928 0.7912 0.1503
vn -0.7244 0.6860 -0.0678
vn -0.4820 0.8752 0.0404
vn -0.3531 0.8968 0.2664
vn -0.5366 0.8415 -0.0621
vn -0.3164 0.8760 0.3640
vn -0.2420 0.9439 0.2246
vn -0.5731 0.7964 -0.1929
vn -0.1694 0.9535 0.2492
vn -0.2532 0.9571 0.1410
vn -0.6979 0.5844 0.4140
vn -0.7974 0.5712 0.1946
vn -0.9654 0.2117 0.1522
vn -0.7828 0.3848 0.4890
vn -0.9716 0.1795 0.1544
vn -0.9072 0.3296 0.2614
vn -0.9285 0.2311 0.2907
vn -0.7450 0.5221 0.4152
vn -0.9898 -0.1400 0.0245
vn -0.9923 -0.1214 -0.0249
vn -0.9919 -0.0024 -0.1273
vn -0.5734 0.5495 0.6077
vn -0.4609 0.6257 0.6293
vn -0.4020 0.5888 0.7012
vn -0.9899 0.0486 -0.1331
vn -0.9908 0.1080 -0.0816
vn -0.9666 -0.0250 -0.2551
vn -0.9930 0.0680 -0.0963
vn -0.9819 -0.0711 -0.1757
vn -0.9925 -0.0287 -0.1192
vn -0.9883 -0.1173 -0.0975
vn -0.9932 0.1157 -0.0134
vn -0.9297 0.3682 -0.0061
vn -0.8330 0.5529 0.0171
vn -0.9795 0.1501 -0.1341
vn -0.9576 0.1857 0.2201
vn -0.9160 0.3209 0.2406
vn -0.9492 0.2423 0.2009
vn -0.9923 0.0731 0.1003
vn -0.4403 0.7003 0.5619
vn -0.6261 0.6260 0.4650
vn -0.5053 0.7148 0.4836
vn -0.7748 0.5197 0.3601
vn -0.5528 0.7203 0.4190
vn -0.6334 0.6686 0.3896
vn -0.5061 0.7678 0.3929
vn -0.4512 0.7837 0.4269
vn -0.3366 0.9324 -0.1319
vn -0.8004 0.5933 -0.0859
vn -0.3137 0.7484 0.5843
vn -0.4649 0.8088 0.3602
vn -0.4364 0.8533 0.2854
vn -0.8407 -0.1008 -0.5320
vn -0.7672 -0.1771 -0.6165
vn -0.7391 -0.1578 -0.6549
vn -0.8632 0.0860 -0.4974
vn -0.9988 -0.0480 0.0098
vn -0.8453 0.1608 -0.5095
vn -0.5055 -0.5464 -0.6678
vn -0.8308 -0.2780 -0.4823
vn -0.5245 -0.4759 -0.7060
vn -0.9862 0.1100 0.1240
vn -0.9665 0.2556 -0.0214
vn -0.9561 0.2880 -0.0551
vn -0.8790 -0.2883 -0.3798
vn -0.6048 -0.4130 -0.6809
vn -0.8339 -0.2634 -0.4850
vn -0.8877 0.4168 -0.1957
vn -0.4110 -0.5356 -0.7377
vn -0.9806 0.0772 -0.1799
vn -0.9118 0.3154 -0.2628
vn -0.8903 0.3230 -0.3211
vn -0.9720 0.2209 -0.0802
vn -0.9134 0.2834 -0.2923
vn -0.8348 0.3827 -0.3958
vn -0.8776 0.4643 -0.1190
vn -0.8605 0.3505 -0.3696
vn -0.7854 -0.0411 -0.6176
vn -0.7434 0.2874 -0.6040
vn -0.4752 -0.5908 -0.6520
vn -0.4958 -0.6336 -0.5939
vn -0.4373 -0.5870 -0.6813
vn -0.4220 -0.8481 0.3204
vn -0.2079 -0.9728 0.1018
vn -0.1328 -0.9749 0.1784
vn 0.0321 -0.9994 0.0097
vn 0.0430 -0.9956 -0.0829
vn 0.1771 -0.9792 -0.0989
vn 0.0676 -0.9977 0.0062
vn 0.1324 -0.9890 -0.0664
vn 0.2170 -0.9755 -0.0363
vn 0.0477 -0.9841 0.1714
vn 0.1979 -0.9703 0.1393
vn 0.2526 -0.9673 -0.0250
vn 0.1979 0.0818 0.9768
vn 0.2005 -0.1956 0.9600
vn 0.3002 0.2430 0.9224
vn 0.3073 0.0241 0.9513
vn 0.4040 0.0645 0.9125
vn 0.2457 -0.1968 0.9492
vn -0.0231 -0.3608 0.9323
vn 0.1853 -0.1398 0.9727
vn -0.2798 -0.5506 0.7865
vn 0.0254 -0.5587 0.8290
vn -0.2292 -0.8000 0.5545
vn -0.4597 -0.7690 0.4442
vn 0.0662 -0.8198 0.5688
vn 0.0348 -0.3615 0.9317
vn 0.1196 -0.9385 0.3239
vn 0.1708 -0.9733 0.1535
vn 0.2015 -0.9794 0.0149
vn 0.1486 -0.4565 0.8772
vn 0.1885 -0.1832 0.9648
vn 0.2206 -0.9684 0.1161
vn 0.1626 -0.0031 0.9867
vn 0.2090 0.1607 0.9646
vn 0.2463 0.0241 0.9689
vn 0.3538 0.0515 0.9339
vn 0.2144 -0.2242 0.9507
vn 0.1741 -0.0721 0.9821
vn 0.4477 0.4970 0.7433
vn 0.1358 0.1800 0.9743
vn -0.5644 -0.6927 0.4490
vn -0.3490 -0.8246 0.4452
vn -0.6350 -0.5158 0.5751
vn -0.1757 -0.9581 0.2262
vn -0.6728 -0.5177 0.5285
vn -0.0038 -0.9217 0.3879
vn -0.1210 -0.9531 0.2775
vn -0.4998 -0.5146 0.6967
vn -0.5388 -0.4847 0.6890
vn -0.6475 -0.3211 0.6912
vn -0.1068 -0.9917 0.0710
vn 0.0068 -0.9956 0.0937
vn 0.0486 -0.9849 0.1665
vn -0.5007 -0.5150 0.6958
vn -0.4986 -0.5133 0.6985
vn -0.0413 -0.9981 0.0453
vn 0.1341 -0.9909 -0.0073
vn -0.0986 -0.9879 0.1198
vn 0.2073 -0.9731 0.1006
vn 0.2104 -0.9174 0.3378
vn 0.0914 -0.9727 0.2131
vn 0.5181 -0.8471 0.1184
vn -0.6702 -0.2032 0.7139
vn 0.3306 -0.9377 -0.1070
vn 0.3719 -0.9124 -0.1710
vn 0.2808 -0.9521 -0.1208
vn 0.3011 -0.9536 0.0072
vn 0.6589 -0.7082 -0.2535
vn 0.6644 -0.7473 -0.0025
vn 0.8209 -0.4909 -0.2916
vn 0.8492 -0.4200 -0.3199
vn 0.6559 -0.7223 -0.2192
vn -0.0079 -0.9430 0.3327
vn 0.0897 -0.8588 0.5043
vn 0.1440 -0.8820 0.4487
vn 0.3271 -0.9140 -0.2401
vn 0.2569 -0.1149 -0.9596
vn 0.1098 -0.9512 -0.2885
vn 0.2437 -0.9147 -0.3224
vn 0.1988 -0.9464 -0.2546
vn 0.4174 -0.8885 -0.1907
vn -0.7043 -0.5596 0.4367
vn -0.7005 -0.5633 0.4381
vn 0.0253 -0.9900 -0.1387
vn 0.7926 -0.5557 -0.2507
vn 0.2307 -0.9157 0.3292
vn -0.4989 -0.4585 0.7355
vn -0.4861 -0.5218 0.7010
vn -0.1294 -0.8197 0.5579
vn -0.1677 -0.8365 0.5216
vn 0.2233 -0.9586 -0.1765
vn 0.0142 -0.9998 0.0106
vn -0.2946 -0.3665 0.8825
vn -0.2689 -0.1950 0.9432
vn -0.3360 -0.1641 0.9275
vn -0.2848 -0.0663 0.9563
vn -0.4219 -0.3015 0.8551
vn -0.4529 -0.5082 0.7325
vn -0.2092 -0.8110 0.5463
vn -0.2005 -0.8889 0.4119
vn -0.0073 -0.7375 0.6754
vn 0.0591 -0.6037 0.7950
vn -0.1119 -0.7144 0.6907
vn -0.1801 -0.7652 0.6180
vn 0.6835 -0.6996 0.2084
vn 0.0715 -0.9608 0.2677
vn -0.0886 -0.9397 0.3305
vn 0.2353 -0.9711 0.0410
vn 0.1922 -0.9813 0.0088
vn -0.3106 -0.1049 0.9447
vn -0.2210 -0.2879 0.9318
vn -0.2885 0.1045 0.9518
vn -0.2707 0.1406 0.9523
vn -0.2069 -0.0803 0.9751
vn -0.2916 -0.0952 0.9518
vn -0.2785 -0.3072 0.9100
vn -0.2688 0.2644 0.9262
vn -0.2762 0.2577 0.9259
vn -0.5509 0.1966 0.8111
vn -0.6840 0.0925 0.7236
vn -0.5976 -0.0201 0.8016
vn -0.4973 0.1077 0.8609
vn -0.6203 0.2696 0.7366
vn 0.0553 0.4312 0.9006
vn -0.6332 -0.0114 0.7739
vn -0.5494 0.0103 0.8355
vn -0.4229 0.0404 0.9053
vn -0.3317 -0.9009 0.2800
vn -0.3159 -0.9073 0.2775
vn -0.1354 -0.8269 0.5458
vn 0.0750 -0.5668 0.8204
vn 0.3139 -0.5654 0.7627
vn 0.2582 -0.5489 0.7950
vn 0.3505 -0.9300 0.1105
vn 0.4213 -0.9053 0.0531
vn 0.3452 -0.9381 -0.0301
vn -0.4409 -0.0113 0.8975
vn -0.3858 0.6166 0.6862
vn 0.1941 -0.9717 0.1348
vn 0.0400 -0.6146 0.7878
vn -0.0035 -0.7845 0.6201
vn 0.3403 -0.9364 -0.0856
vn 0.2725 -0.9621 0.0109
vn 0.3572 -0.9339 0.0167
vn -0.4066 -0.1052 0.9075
vn -0.0516 0.2936 0.9545
vn 0.0552 0.3634 0.9300
vn 0.2354 0.5412 0.8073
vn 0.1902 0.3041 0.9334
vn 0.1770 0.5933 0.7853
vn 0.1207 0.4273 0.8960
vn 0.2254 0.4553 0.8613
vn 0.9429 0.0313 0.3315
vn 0.8896 0.0027 0.4568
vn 0.8897 -0.0187 0.4562
vn 0.2275 0.8350 0.5011
vn -0.0075 0.4716 0.8818
vn -0.2079 0.3268 0.9220
vn 0.3324 0.6057 0.7229
vn -0.1535 0.4193 0.8947
vn -0.1009 0.3993 0.9113
vn 0.2747 0.4765 0.8352
vn -0.0473 0.4405 0.8965
vn 0.3564 0.9276 0.1122
vn 0.4758 0.7727 0.4203
vn 0.3500 0.9295 0.1165
vn 0.5634 0.5054 0.6536
vn 0.7401 0.4490 0.5006
vn 0.8654 0.1507 0.4779
vn 0.5319 0.7441 0.4042
vn 0.6785 0.6381 0.3639
vn 0.7632 0.1981 0.6150
vn 0.6923 0.1276 0.7103
vn 0.5561 0.7671 0.3198
vn 0.4937 0.1870 0.8493
vn 0.2196 0.3266 0.9193
vn 0.8669 0.3652 -0.3392
vn 0.8669 0.3653 -0.3392
vn 0.4341 0.8965 0.0885
vn 0.4335 0.8968 0.0884
vn -0.2822 -0.1699 0.9442
vn -0.2632 0.0553 0.9632
vn -0.4559 -0.2500 0.8542
vn -0.1398 0.4345 0.8898
vn -0.0964 0.4305 0.8974
vn -0.2298 0.3574 0.9052
vn 0.0328 0.3564 0.9338
vn -0.0599 0.3007 0.9518
vn -0.5012 0.5047 0.7029
vn -0.6493 0.5077 0.5663
vn -0.5750 0.6761 0.4607
vn -0.6599 0.6747 0.3308
vn -0.7414 0.5388 0.4000
vn -0.5080 0.6651 0.5473
vn -0.4159 0.6910 0.5912
vn -0.4348 0.7279 0.5302
vn -0.9362 0.3507 0.0245
vn -0.9489 0.3139 0.0313
vn -0.9064 0.3909 0.1601
vn -0.7675 0.5228 0.3709
vn -0.5984 0.6094 0.5202
vn 0.1542 -0.5350 0.8307
vn 0.1638 0.0276 0.9861
vn 0.1730 -0.4723 0.8643
vn 0.0797 0.1754 0.9813
vn 0.2268 0.8348 0.5017
vn -0.1401 0.1861 0.9725
vn 0.0627 0.5022 0.8624
vn -0.0395 0.6433 0.7646
vn -0.3681 0.7669 0.5257
vn 0.1725 0.3235 0.9304
vn 0.4358 0.0803 0.8965
vn 0.1594 0.2658 0.9508
vn 0.4351 0.2209 0.8729
vn 0.3524 0.0708 0.9332
vn 0.2083 -0.0697 0.9756
vn 0.0690 -0.3221 0.9442
vn 0.1601 -0.2778 0.9472
vn -0.2799 0.2643 0.9229
vn -0.2136 0.3709 0.9038
vn -0.1372 0.1853 0.9731
vn -0.8487 0.0342 -0.5278
vn -0.8639 0.3893 -0.3195
vn -0.8995 0.0376 -0.4352
vn -0.8634 -0.1450 -0.4833
vn -0.8979 0.0963 -0.4296
vn -0.9160 0.3306 -0.2271
vn -0.8133 0.1628 -0.5586
vn -0.1670 0.3055 0.9374
vn -0.2044 0.4965 0.8436
vn 0.2303 0.2338 0.9446
vn 0.0337 -0.3663 0.9299
vn 0.1581 -0.3011 0.9404
vn 0.2777 -0.0844 0.9570
vn -0.3033 0.2903 0.9076
vn -0.2212 0.5064 0.8334
vn -0.2288 0.7291 0.6450
vn -0.7742 0.6233 -0.1099
vn -0.7046 0.7096 0.0041
vn -0.7199 0.6939 -0.0170
vn -0.7780 0.6259 -0.0555
vn -0.7011 0.7129 -0.0156
vn -0.7225 0.6914 0.0005
vn -0.7620 0.5748 -0.2981
vn -0.7577 0.6390 -0.1324
vn -0.7164 0.6920 -0.0890
vn -0.0663 0.1725 0.9828
vn -0.0085 0.2928 0.9561
vn -0.0820 0.2597 0.9622
vn -0.0681 0.3681 0.9273
vn -0.0256 0.3835 0.9232
vn -0.1410 0.5742 0.8065
vn 0.0660 0.3220 0.9444
vn 0.0887 -0.2878 0.9536
vn 0.1467 -0.4186 0.8962
vn 0.0396 0.3630 0.9310
vn 0.0480 -0.3063 0.9507
vn -0.1563 0.5967 0.7871
vn 0.3590 -0.1919 0.9134
vn 0.3375 -0.0491 0.9400
vn 0.2961 -0.2207 0.9293
vn 0.2962 -0.2207 0.9293
vn 0.2804 -0.2555 0.9253
vn 0.2803 -0.2556 0.9252
vn -0.8931 -0.1571 -0.4215
vn 0.3015 -0.4079 0.8618
vn -0.5381 0.8146 -0.2167
vn -0.2745 0.7435 0.6098
vn 0.0208 0.8221 0.5689
vn -0.1768 0.9556 0.2358
vn -0.2287 0.8908 0.3926
vn -0.0068 0.4874 0.8731
vn 0.1911 0.9474 0.2569
vn -0.0706 0.9974 -0.0138
vn -0.2527 0.9572 -0.1413
vn -0.1603 0.9185 -0.3614
vn -0.4227 0.7800 -0.4615
vn 0.2819 0.9535 0.1065
vn 0.1021 0.9870 -0.1238
vn -0.0196 0.9494 -0.3135
vn 0.1188 0.9727 -0.1994
vn 0.1972 0.9700 -0.1421
vn 0.1151 0.9745 -0.1925
vn 0.1249 0.9489 -0.2897
vn 0.1705 0.9739 -0.1497
vn 0.1757 0.9746 -0.1391
vn 0.3736 0.3700 0.8506
vn 0.5207 0.3716 0.7686
vn 0.5647 0.2938 0.7712
vn 0.0900 0.9145 0.3944
vn 0.1402 0.9028 0.4065
vn 0.1994 0.8996 0.3886
vn 0.5879 0.3604 0.7242
vn 0.6381 0.4268 0.6409
vn 0.4360 0.4063 0.8030
vn 0.7050 0.1854 0.6845
vn 0.6473 0.3529 0.6756
vn 0.4206 0.7266 0.5433
vn 0.5047 0.7189 0.4780
vn 0.1950 0.6038 0.7729
vn 0.5406 0.7526 0.3760
vn 0.3966 0.9170 0.0418
vn 0.6956 0.3852 0.6064
vn 0.5868 0.7791 0.2204
vn -0.2430 0.9635 0.1126
vn 0.1501 0.4199 0.8951
vn 0.1419 0.3549 0.9241
vn -0.3612 0.2574 0.8963
vn -0.1196 0.2003 0.9724
vn -0.2514 0.0929 0.9634
vn -0.0487 0.3386 0.9397
vn -0.3295 -0.0433 0.9432
vn -0.2963 0.0966 0.9502
vn -0.0914 0.3857 0.9181
vn -0.1405 0.5600 0.8165
vn -0.3499 0.0184 0.9366
vn -0.4539 0.1931 0.8699
vn -0.5969 0.2348 0.7672
vn -0.1463 0.1837 0.9720
vn -0.6011 0.2455 0.7606
vn -0.1841 0.0587 0.9812
vn 0.0046 0.5390 0.8423
vn -0.3557 -0.0294 0.9341
vn 0.1629 0.1185 0.9795
vn 0.1231 0.1244 0.9846
vn -0.1413 0.1473 0.9790
vn -0.3209 0.2373 0.9169
vn -0.3076 0.2306 0.9231
vn 0.0805 0.1087 0.9908
vn 0.0496 0.0403 0.9980
vn 0.4081 0.4199 0.8107
vn -0.1453 0.1556 0.9771
vn 0.5815 0.0691 0.8106
vn -0.0128 0.0719 0.9973
vn -0.0694 0.2464 0.9667
vn -0.5150 0.0188 0.8570
vn -0.2248 -0.0531 0.9730
vn 0.5071 0.7223 0.4703
vn 0.5798 0.6889 0.4351
vn -0.1492 -0.3428 0.9275
vn 0.4945 0.7359 0.4626
vn 0.7393 -0.0038 0.6734
vn 0.7381 0.4708 0.4833
vn 0.7876 -0.0549 0.6137
vn 0.8561 0.4730 0.2082
vn 0.7608 0.5747 0.3015
vn 0.9311 0.0451 0.3621
vn 0.8891 0.0106 0.4575
vn 0.9341 0.0615 0.3516
vn 0.5776 0.7698 -0.2717
vn 0.3535 0.8089 -0.4699
vn 0.7718 0.5799 -0.2608
vn 0.8309 0.5361 -0.1487
vn 0.8441 0.5288 -0.0888
vn 0.3962 0.9104 -0.1187
vn 0.2513 0.9430 -0.2181
vn 0.4090 0.8781 -0.2483
vn 0.7136 -0.3476 0.6082
vn 0.7736 -0.4296 0.4658
vn 0.7604 -0.4128 0.5014
vn 0.9292 -0.1737 0.3263
vn 0.7761 0.3482 0.5258
vn 0.8291 0.2291 0.5099
vn 0.9434 -0.1970 0.2668
vn 0.9309 -0.0327 0.3638
vn 0.2393 0.9683 -0.0718
vn 0.0569 0.9149 -0.3997
vn 0.1693 0.9329 -0.3177
vn -0.1524 0.8320 -0.5334
vn 0.7482 0.1698 0.6414
vn 0.7618 0.2898 0.5794
vn 0.7259 0.1260 0.6762
vn 0.2213 0.9748 -0.0268
vn 0.2023 0.9658 -0.1622
vn 0.3753 0.9165 -0.1383
vn 0.5288 0.8386 -0.1309
vn 0.5391 0.8096 -0.2321
vn 0.6040 0.7970 -0.0072
vn -0.0872 0.9203 -0.3815
vn 0.6906 0.1394 0.7097
vn 0.5856 -0.0447 0.8094
vn 0.6050 0.0679 0.7933
vn -0.0836 0.1055 0.9909
vn -0.3196 0.0021 0.9476
vn 0.1432 0.0389 0.9889
vn 0.6198 0.1359 0.7729
vn 0.0978 -0.9340 0.3437
vn 0.2525 -0.9530 0.1675
vn -0.0926 -0.6782 0.7290
vn -0.0096 -0.6030 0.7977
vn 0.0338 -0.6867 0.7262
vn -0.2448 -0.5923 0.7677
vn -0.1897 -0.6755 0.7126
vn -0.3931 -0.5676 0.7235
vn 0.5281 -0.8054 0.2693
vn 0.6129 -0.7541 0.2358
vn 0.6413 -0.6759 0.3633
vn 0.7496 -0.6228 0.2243
vn 0.6178 -0.6447 0.4502
vn 0.7363 -0.5690 0.3661
vn 0.7350 -0.5235 0.4309
vn 0.8624 -0.4494 0.2330
vn 0.8247 -0.4630 0.3248
vn -0.4705 0.0921 0.8776
vn -0.5712 0.0019 0.8208
vn -0.6245 -0.1510 0.7663
vn -0.5393 -0.0067 0.8421
vn -0.4927 0.0873 0.8658
vn -0.6222 0.0184 0.7826
vn -0.6221 0.0183 0.7828
vn 0.4292 0.2522 0.8673
vn -0.2611 0.1907 0.9463
vn -0.6091 -0.1952 0.7687
vn -0.4618 -0.3493 0.8153
vn 0.6804 -0.6434 0.3509
vn 0.6070 -0.6384 0.4732
vn 0.7132 -0.5729 0.4038
vn 0.1731 0.0808 0.9816
vn 0.1878 -0.0845 0.9786
vn 0.1929 -0.0159 0.9811
vn -0.2127 0.8977 0.3860
vn 0.7381 -0.6223 0.2607
vn 0.0358 0.6763 0.7358
vn 0.2788 0.6883 0.6697
vn 0.2047 0.0365 0.9781
vn 0.1880 0.0028 0.9822
vn 0.2182 -0.0740 0.9731
vn -0.0789 -0.5361 0.8405
vn -0.0645 -0.5471 0.8346
vn -0.0746 -0.5059 0.8594
vn 0.1370 -0.6001 0.7881
vn 0.8394 -0.4312 0.3308
vn 0.7717 -0.4296 0.4690
vn 0.3490 0.2725 0.8966
vn 0.1884 0.0932 0.9777
vn 0.6420 -0.7533 0.1429
vn 0.3020 -0.6787 0.6694
vn -0.7489 0.0046 0.6627
vn -0.6181 -0.1843 0.7642
vn -0.0250 -0.5064 0.8620
vn -0.0521 -0.9985 0.0175
vn 0.0475 -0.9950 -0.0880
vn -0.0536 -0.9985 0.0117
vn -0.0715 -0.9974 0.0116
vn -0.4226 -0.9058 0.0320
vn -0.3395 -0.9406 -0.0103
vn -0.6342 -0.7655 0.1086
vn -0.0731 -0.9966 -0.0374
vn -0.3374 -0.9378 -0.0813
vn 0.5409 -0.8407 0.0239
vn 0.6162 -0.7876 -0.0050
vn -0.0456 -0.9860 -0.1603
vn 0.0459 -0.8932 -0.4474
vn -0.3975 -0.9147 -0.0728
vn -0.3399 -0.9400 -0.0302
vn -0.4340 -0.9000 0.0403
vn 0.9750 -0.0161 0.2215
vn 0.9339 -0.2866 0.2139
vn 0.9213 -0.2813 0.2684
vn -0.3465 -0.9378 0.0229
vn -0.4135 -0.9068 -0.0820
vn -0.5792 -0.8144 0.0368
vn -0.3822 -0.9213 0.0718
vn 0.7189 -0.6949 -0.0158
vn 0.7146 -0.6977 -0.0501
vn 0.8278 -0.5338 0.1730
vn 0.7518 -0.6252 0.2095
vn 0.6520 -0.7169 0.2470
vn 0.8673 -0.1894 -0.4603
vn 0.0792 -0.9967 0.0163
vn 0.1667 -0.9859 -0.0153
vn 0.3782 -0.9257 0.0090
vn 0.9795 0.0467 0.1961
vn -0.1216 -0.9912 -0.0528
vn 0.4460 -0.8949 0.0140
vn -0.1997 -0.9795 0.0257
vn -0.0098 -0.9996 -0.0279
vn 0.0158 -0.9999 0.0063
vn 0.0143 -0.9999 0.0013
vn -0.0619 -0.9979 -0.0182
vn -0.1052 -0.9936 -0.0400
vn -0.0830 -0.9964 0.0157
vn -0.0182 -0.9998 0.0125
vn -0.0323 -0.9987 0.0383
vn -0.0312 -0.9994 0.0126
vn 0.0005 -0.9951 0.0985
vn -0.0271 -0.9968 0.0748
vn -0.0109 -0.9988 -0.0485
vn -0.0075 -0.9989 0.0456
vn -0.5862 -0.7897 0.1812
vn -0.0812 -0.9843 0.1570
vn -0.0566 -0.9979 0.0327
vn -0.0313 -0.9991 0.0277
vn -0.0093 -0.9995 -0.0315
vn 0.0162 -0.9996 0.0242
vn -0.0298 -0.9978 -0.0585
vn 0.0419 -0.9986 -0.0330
vn -0.0348 -0.9993 -0.0165
vn 0.0223 -0.9971 -0.0727
vn -0.0165 -0.9985 -0.0520
vn 0.0139 -0.9962 0.0861
vn 0.0387 -0.9978 -0.0536
vn -0.0116 -0.9931 0.1163
vn -0.0758 -0.9805 0.1812
vn 0.0318 -0.9994 -0.0103
vn 0.1076 -0.9908 -0.0814
vn 0.1932 -0.9683 -0.1581
vn 0.1828 -0.9557 -0.2309
vn -0.2052 -0.8503 0.4847
vn -0.1355 -0.9774 0.1620
vn -0.2805 -0.9250 0.2562
vn -0.0682 -0.9976 0.0073
vn -0.0840 -0.9953 0.0479
vn 0.0274 -0.9980 -0.0569
vn -0.0075 -1.0000 0.0052
vn -0.0326 -0.9992 0.0211
vn 0.0700 -0.9890 0.1306
vn 0.4130 -0.9094 -0.0492
vn 0.1421 -0.9897 0.0154
vn 0.1732 -0.9686 0.1781
vn 0.1786 -0.9838 0.0129
vn 0.1210 -0.9926 0.0130
vn 0.4146 -0.8716 0.2617
vn 0.2907 -0.9454 0.1475
vn 0.2868 -0.9233 0.2555
vn -0.0167 -0.9999 0.0015
vn -0.0800 -0.9894 -0.1216
vn 0.2723 -0.9516 0.1427
vn -0.1657 -0.9703 -0.1763
vn -0.1226 -0.9810 -0.1505
vn -0.2476 -0.9682 -0.0358
vn 0.2540 -0.9369 0.2402
vn 0.1175 -0.9928 0.0235
vn 0.2606 -0.9642 0.0481
vn 0.3249 -0.9449 -0.0408
vn 0.4175 -0.9084 0.0198
vn 0.5941 -0.8001 -0.0824
vn 0.5727 -0.8191 0.0316
vn -0.4693 -0.5353 0.7023
vn -0.4864 -0.3175 0.8140
vn -0.4802 -0.4823 0.7327
vn 0.3413 -0.8720 0.3510
vn -0.6851 0.2902 0.6682
vn 0.2618 -0.9081 0.3269
vn -0.0445 -0.9746 0.2195
vn -0.3336 -0.9292 0.1590
vn 0.1393 -0.9863 0.0889
vn 0.0247 -0.9943 -0.1033
vn 0.1039 -0.9893 -0.1022
vn 0.2043 -0.9787 -0.0222
vn 0.4569 -0.8868 0.0691
vn 0.4445 -0.8958 0.0089
vn 0.6229 -0.7796 0.0655
vn 0.1683 -0.9775 0.1271
vn 0.5870 -0.8052 0.0836
vn 0.8155 -0.5758 -0.0582
vn 0.7010 -0.6897 0.1814
vn 0.6121 -0.7780 -0.1418
vn 0.6096 -0.7874 0.0917
vn 0.7324 -0.6808 0.0106
vn 0.7588 -0.6499 0.0435
vn 0.6840 -0.7119 0.1592
vn 0.8803 -0.4644 0.0971
vn 0.5662 -0.8173 0.1071
vn 0.4780 -0.8421 0.2496
vn 0.4120 -0.9092 0.0604
vn 0.1729 -0.9849 -0.0075
vn 0.6044 -0.7954 -0.0457
vn -0.3466 -0.9379 0.0163
vn 0.4346 -0.8980 0.0693
vn 0.7757 -0.6271 -0.0712
vn 0.8157 -0.5619 0.1377
vn 0.8955 -0.4348 -0.0956
vn 0.1626 -0.9846 0.0644
vn 0.4643 -0.7937 0.3929
vn 0.7441 -0.5599 0.3644
vn 0.6481 -0.6048 0.4628
vn 0.0502 -0.8968 0.4395
vn 0.1623 -0.8551 0.4924
vn -0.1037 -0.6297 0.7699
vn -0.3920 -0.3758 0.8397
vn 0.4773 -0.7819 0.4011
vn 0.3973 -0.6729 0.6240
vn 0.3799 -0.5528 0.7416
vn 0.7986 -0.5894 0.1219
vn 0.8079 -0.4622 0.3656
vn 0.5829 -0.7867 0.2030
vn 0.9729 -0.1767 -0.1491
vn 0.9326 -0.3565 0.0569
vn 0.5069 -0.8546 0.1125
vn 0.8364 -0.5353 0.1177
vn 0.9349 -0.3369 0.1111
vn 0.6826 -0.7244 0.0969
vn 0.9958 0.0787 0.0463
vn 0.9470 0.3212 0.0056
vn 0.9818 0.1531 0.1121
vn 0.9906 -0.1345 0.0229
vn 0.0349 -0.6345 0.7722
vn 0.0736 -0.9972 0.0128
vn 0.0058 -0.9993 -0.0362
vn 0.0200 -0.9956 0.0919
vn -0.0601 -0.9982 -0.0053
vn -0.0416 -0.9984 -0.0389
vn 0.6845 -0.7159 -0.1375
vn 0.9576 -0.2339 -0.1682
vn 0.7275 -0.6703 -0.1463
vn 0.7172 -0.6934 -0.0699
vn 0.4653 -0.8850 -0.0185
vn 0.6492 -0.7597 -0.0364
vn 0.1834 -0.9830 -0.0124
vn 0.3071 -0.9499 -0.0586
vn 0.0758 -0.9923 0.0983
vn 0.0824 -0.9950 0.0562
vn 0.1440 -0.9883 -0.0508
vn 0.2252 -0.9596 -0.1689
vn 0.3663 -0.8884 -0.2768
vn 0.4698 -0.8662 -0.1702
vn 0.5395 -0.7732 -0.3335
vn 0.6641 -0.7476 0.0114
vn 0.6178 -0.7764 -0.1244
vn 0.8455 -0.2336 -0.4802
vn 0.9214 -0.3005 -0.2466
vn 0.9288 -0.3443 -0.1370
vn 0.6208 -0.7147 -0.3223
vn 0.6671 -0.7445 0.0266
vn 0.9747 0.1095 -0.1947
vn 0.9643 0.1481 -0.2196
vn 0.8560 -0.5060 -0.1058
vn 0.8140 -0.2031 -0.5442
vn -0.0422 -0.9965 0.0721
vn -0.0782 -0.9964 0.0327
vn 0.3339 -0.9374 -0.0989
vn -0.3003 -0.4735 0.8280
vn -0.4614 -0.0247 0.8869
vn -0.4028 -0.1011 0.9097
vn -0.1985 -0.8542 0.4806
vn -0.0052 -0.9984 -0.0554
vn 0.3048 -0.9524 -0.0024
vn 0.2423 -0.9599 0.1411
vn -0.1618 -0.9868 -0.0089
vn -0.4172 -0.9044 -0.0898
vn 0.3377 -0.9351 0.1074
vn 0.6540 -0.7490 -0.1060
vn 0.8745 -0.4166 -0.2482
vn 0.8950 -0.4172 -0.1581
vn 0.7329 -0.6530 -0.1910
vn 0.9648 -0.0635 -0.2551
vn 0.8800 0.3698 -0.2981
vn 0.6769 0.6398 -0.3640
vn 0.8929 0.4120 -0.1816
vn 0.7805 0.5021 -0.3724
vn 0.9661 -0.1201 -0.2285
vn 0.9802 -0.0135 -0.1976
vn 0.9811 0.0461 -0.1880
vn 0.3733 -0.9110 0.1755
vn 0.6246 -0.7809 -0.0072
vn 0.4054 -0.8729 0.2715
vn -0.6130 0.1291 0.7795
vn -0.5649 0.0745 0.8218
vn 0.9715 -0.1638 -0.1714
vn 0.8902 -0.4502 -0.0704
vn 0.9611 -0.2278 0.1565
vn 0.9798 0.0450 -0.1947
vn 0.9884 0.1142 0.1005
vn 0.9804 0.0733 -0.1827
vn 0.9254 0.3033 -0.2272
vn 0.9818 0.1094 -0.1553
vn 0.9482 0.2849 -0.1407
vn 0.5976 0.7533 -0.2746
vn 0.6814 0.6788 -0.2737
vn 0.7392 -0.5803 0.3418
vn 0.9973 0.0614 0.0403
vn 0.9957 0.0488 0.0789
vn 0.9949 0.0921 -0.0419
vn 0.9964 -0.0280 0.0803
vn 0.9478 -0.2560 0.1900
vn 0.8403 0.3181 -0.4390
vn 0.8896 0.3704 -0.2674
vn 0.7933 0.4342 -0.4269
vn 0.9737 -0.1751 -0.1457
vn 0.9545 0.2448 -0.1702
vn 0.9767 0.0374 -0.2113
vn 0.8695 0.3168 -0.3789
vn 0.6663 0.6185 -0.4165
vn 0.8407 0.5140 -0.1706
vn 0.6741 0.7173 -0.1763
vn 0.7565 0.6277 -0.1834
vn 0.8959 0.3949 -0.2036
vn 0.6660 -0.0997 0.7393
vn 0.6365 -0.0328 0.7705
vn 0.7675 0.0164 0.6409
vn 0.6240 -0.0342 0.7807
vn 0.3746 -0.8107 0.4499
vn 0.7072 -0.3655 0.6052
vn 0.8978 -0.1124 0.4258
vn 0.9372 -0.0942 0.3357
vn 0.9115 0.2633 0.3159
vn 0.9251 0.2381 0.2957
vn 0.3856 0.8216 -0.4198
vn 0.4192 0.7413 -0.5242
vn 0.0362 0.9232 -0.3827
vn -0.0589 0.9537 -0.2951
vn 0.4851 0.7994 -0.3546
vn 0.8745 0.3397 0.3463
vn 0.8836 0.3335 0.3288
vn 0.9274 0.2962 0.2283
vn 0.8160 0.3719 0.4424
vn -0.0517 0.9728 -0.2256
vn 0.7252 0.3216 0.6088
vn 0.6380 0.0365 0.7692
vn 0.8043 0.3121 0.5056
vn 0.7544 0.6104 0.2413
vn 0.6454 -0.0602 0.7615
vn 0.7192 -0.0597 0.6922
vn 0.8333 0.0031 0.5528
vn 0.7713 0.6353 0.0402
vn 0.8510 0.5164 0.0956
vn 0.8667 0.4989 -0.0008
vn 0.6861 0.1436 0.7132
vn 0.6672 0.7224 0.1817
vn 0.7575 0.6502 0.0588
vn 0.9787 0.1560 -0.1332
vn 0.9475 -0.2402 -0.2112
vn 0.6979 0.5684 -0.4358
vn 0.0923 -0.5156 0.8518
vn 0.9339 0.3404 0.1095
vn -0.1283 0.8908 -0.4358
vn -0.1663 0.9420 -0.2914
vn -0.0854 0.9923 -0.0892
vn -0.0186 0.9732 -0.2292
vn 0.0897 0.9805 -0.1750
vn 0.2953 0.9315 -0.2124
vn 0.1231 0.9901 -0.0673
vn 0.1330 0.9454 -0.2974
vn 0.3051 0.9075 -0.2887
vn 0.2733 0.8909 -0.3628
vn 0.3000 0.9188 -0.2565
vn 0.4367 0.8814 -0.1800
vn 0.6265 0.7789 -0.0279
vn 0.7659 0.6359 -0.0951
vn 0.4880 0.8314 -0.2657
vn -0.1710 0.9382 -0.3008
vn 0.0546 0.9270 -0.3711
vn 0.2556 0.8873 -0.3840
vn 0.6373 0.7186 -0.2782
vn 0.7878 0.6010 -0.1351
vn 0.3274 0.8752 -0.3561
vn 0.3889 0.8422 -0.3735
vn -0.3529 0.9340 0.0564
vn -0.2352 0.9713 0.0344
vn -0.1013 0.9906 -0.0923
vn -0.5278 0.7646 -0.3699
vn -0.3557 0.7839 -0.5088
vn -0.6243 0.2986 -0.7219
vn -0.3836 0.7820 -0.4912
vn -0.3396 0.7055 -0.6220
vn 0.0860 0.9652 -0.2469
vn 0.3720 0.9275 -0.0374
vn 0.3725 0.8839 -0.2828
vn -0.2889 0.6478 -0.7049
vn -0.4901 0.4263 -0.7603
vn -0.5414 0.3910 -0.7443
vn -0.4139 0.4812 -0.7728
vn -0.0811 0.7616 -0.6429
vn -0.0917 0.8496 -0.5194
vn -0.1437 0.7906 -0.5953
vn -0.0408 0.8262 -0.5618
vn 0.2885 0.8786 -0.3807
vn 0.1347 0.8197 -0.5567
vn -0.1639 0.7884 -0.5929
vn -0.0585 0.9432 -0.3271
vn 0.0952 0.9707 -0.2207
vn 0.0791 0.9274 -0.3657
vn -0.1239 0.9092 -0.3974
vn 0.0095 0.9292 -0.3694
vn 0.1226 0.8669 -0.4832
vn 0.1918 0.9810 -0.0276
vn -0.0734 0.9885 -0.1322
vn 0.4183 0.9081 -0.0187
vn 0.4164 0.9090 -0.0197
vn 0.4015 0.9154 -0.0279
vn 0.7237 0.4287 0.5409
vn 0.6269 0.1568 0.7632
vn 0.6953 0.4579 0.5540
vn 0.7479 0.4769 0.4617
vn 0.7052 0.3309 0.6270
vn 0.4056 0.8515 0.3324
vn 0.6423 0.7345 0.2190
vn 0.5333 0.7887 0.3060
vn 0.6291 0.2785 0.7258
vn 0.5617 0.1020 0.8210
vn 0.5895 0.0386 0.8068
vn 0.4497 0.8192 0.3558
vn 0.3450 0.9254 0.1567
vn 0.6037 0.7865 0.1302
vn 0.3272 0.9449 -0.0103
vn 0.3494 0.7853 -0.5111
vn 0.3367 0.7529 -0.5654
vn -0.5149 0.5152 -0.6852
vn -0.4725 0.6017 -0.6439
vn -0.4651 0.6152 -0.6365
vn 0.3993 0.9164 -0.0291
vn 0.4614 0.8428 -0.2771
vn 0.3663 0.8038 -0.4687
vn 0.6185 0.7701 -0.1565
vn 0.6710 0.3696 0.6428
vn 0.0487 0.8689 -0.4926
vn 0.1473 0.8446 -0.5147
vn 0.1461 0.8778 -0.4562
vn 0.2102 0.8183 -0.5350
vn 0.2337 0.8278 -0.5100
vn 0.5749 0.8123 0.0985
vn 0.6474 0.7591 0.0688
vn 0.5146 0.8437 -0.1530
vn 0.7959 0.3116 0.5191
vn -0.5204 0.5025 -0.6904
vn -0.0504 0.9346 -0.3520
vn -0.0432 0.8772 -0.4781
vn -0.0105 0.8671 -0.4980
vn 0.3092 0.9254 0.2190
vn 0.4993 0.8450 0.1915
vn 0.4196 0.7918 0.4438
vn -0.0460 0.8595 -0.5090
vn 0.5236 0.7786 0.3459
vn 0.2782 0.7854 0.5529
vn 0.5212 0.5450 0.6567
vn 0.4974 0.3741 0.7827
vn 0.1743 0.9574 0.2302
vn 0.0162 0.9944 0.1048
vn -0.0507 0.9624 0.2670
vn 0.5892 0.5468 0.5949
vn 0.1531 0.9860 -0.0664
vn 0.5913 0.4591 0.6630
vn 0.4405 0.8966 0.0452
vn 0.2709 0.9625 0.0144
vn 0.0063 0.8881 -0.4597
vn -0.0037 0.8921 -0.4518
vn 0.0387 0.8291 -0.5578
vn 0.0293 0.8277 -0.5604
vn 0.0831 0.8422 -0.5327
vn -0.0545 0.8433 -0.5347
vn -0.1043 0.8495 -0.5172
vn 0.1488 0.8769 -0.4571
vn 0.5096 0.7996 0.3177
vn 0.6162 0.6211 0.4843
vn 0.6635 0.6214 0.4168
vn 0.6078 0.5483 0.5744
vn 0.5876 0.6505 0.4812
vn 0.4079 0.9001 0.1530
vn 0.3348 -0.9423 -0.0010
vn 0.3782 -0.9257 0.0085
vn 0.1023 -0.9947 0.0138
vn 0.2908 -0.9550 0.0581
vn 0.5683 -0.8200 0.0679
vn 0.6833 -0.7176 0.1349
vn 0.7358 -0.6643 0.1314
vn 0.7384 -0.6665 0.1025
vn 0.8237 -0.5478 0.1467
vn 0.5963 -0.8026 0.0162
vn 0.8135 -0.5789 0.0549
vn 0.8841 -0.4635 0.0596
vn 0.8333 -0.5526 -0.0138
vn 0.6997 -0.7136 0.0347
vn 0.7589 -0.6510 -0.0151
vn 0.8715 -0.4147 0.2617
vn 0.8408 -0.5123 0.1748
vn 0.8699 -0.4416 0.2198
vn 0.8630 -0.4777 0.1641
vn 0.8845 -0.4547 0.1048
vn 0.8979 -0.4204 0.1304
vn 0.9155 -0.3584 -0.1830
vn 0.9557 -0.2715 -0.1140
vn 0.9518 -0.1387 -0.2737
vn 0.9406 -0.2285 -0.2509
vn 0.9688 -0.2476 -0.0104
vn 0.9802 0.1743 -0.0937
vn 0.9800 -0.1651 0.1108
vn 0.9861 -0.0363 -0.1624
vn 0.9381 0.3107 -0.1532
vn 0.9844 -0.0170 0.1753
vn 0.9635 0.0145 0.2673
vn 0.9925 0.0907 0.0814
vn 0.5021 -0.6275 0.5951
vn 0.3093 -0.6074 0.7317
vn 0.3311 -0.7008 0.6318
vn 0.4930 -0.5510 0.6733
vn 0.7981 -0.4688 0.3785
vn 0.7740 -0.5058 0.3809
vn 0.5594 -0.6113 0.5598
vn 0.0055 -0.6447 0.7644
vn 0.1407 -0.5496 0.8235
vn 0.0512 -0.5991 0.7990
vn 0.8484 -0.4179 0.3248
vn 0.7375 -0.5834 0.3402
vn 0.8931 -0.4169 0.1690
vn 0.6937 -0.1076 0.7122
vn 0.6654 -0.2519 0.7026
vn 0.5500 -0.2237 0.8047
vn 0.1506 -0.5180 0.8420
vn 0.4115 -0.1651 0.8963
vn 0.1003 -0.4869 0.8677
vn 0.5667 -0.0515 0.8223
vn 0.6850 0.7256 -0.0655
vn 0.6980 0.7160 0.0082
vn 0.4197 0.8995 -0.1211
vn -0.2785 0.6097 0.7421
vn 0.4474 0.8924 -0.0583
vn 0.6257 0.7773 0.0652
vn 0.8382 0.5025 0.2118
vn 0.5216 -0.2076 0.8276
vn 0.6033 -0.0210 0.7972
vn 0.9822 -0.1380 0.1271
vn 0.7836 0.5873 -0.2024
vn 0.7543 0.6206 -0.2143
vn 0.8157 0.5675 -0.1122
vn 0.6263 0.6642 -0.4081
vn 0.5372 0.7881 -0.3004
vn 0.5411 0.8408 0.0154
vn 0.6537 0.7568 0.0041
vn 0.6912 0.6949 -0.1984
vn 0.7225 0.6829 -0.1080
vn 0.7193 0.6505 -0.2437
vn 0.3971 0.8185 -0.4153
vn 0.3386 0.9121 0.2313
vn 0.5331 0.8406 0.0960
vn 0.4510 0.8907 -0.0571
vn 0.8409 0.2914 0.4560
vn 0.8437 0.3430 0.4130
vn 0.8920 0.2026 0.4041
vn 0.5055 0.8312 -0.2315
vn 0.1669 0.9074 -0.3858
vn 0.3096 0.8184 -0.4841
vn 0.4316 0.8014 -0.4140
vn 0.7958 0.4878 0.3587
vn 0.7856 0.5866 0.1969
vn 0.7340 0.6740 -0.0840
vn 0.7414 0.6245 0.2458
vn 0.0135 0.8312 -0.5559
vn -0.1305 0.7727 -0.6212
vn 0.1498 0.9365 -0.3172
vn 0.1316 0.9007 -0.4141
vn 0.0594 0.8901 -0.4519
vn 0.3343 0.8794 -0.3388
vn 0.3023 0.2653 0.9156
vn 0.3442 0.9305 -0.1252
vn 0.0504 0.8062 -0.5895
vn 0.3755 0.9236 -0.0767
vn 0.2347 0.9439 -0.2323
vn 0.7324 0.1997 0.6509
vn 0.7498 0.1793 0.6370
vn 0.6948 0.7004 0.1631
vn 0.7785 0.6276 -0.0088
vn 0.6310 0.7577 0.1664
vn 0.7049 0.6210 0.3427
vn 0.5893 0.7974 0.1299
vn 0.9611 -0.2763 0.0068
vn 0.9705 -0.2400 -0.0248
vn 0.9916 -0.0281 -0.1263
vn 0.9832 0.0301 -0.1800
vn 0.9546 -0.2465 -0.1669
vn 0.9876 0.1247 -0.0957
vn 0.9553 0.2643 -0.1327
vn 0.4083 0.7311 -0.5465
vn 0.7399 0.6001 -0.3040
vn 0.8066 0.5094 -0.2999
vn 0.8982 0.4395 -0.0083
vn 0.6342 0.7436 -0.2119
vn 0.7676 0.6292 0.1216
vn 0.8721 0.4098 -0.2676
vn 0.9886 -0.0715 0.1328
vn 0.3128 0.8363 -0.4504
vn 0.5012 0.7861 -0.3618
vn 0.1976 0.8369 -0.5104
vn 0.3335 0.8483 -0.4113
vn 0.6348 0.7684 -0.0809
vn 0.4478 -0.8931 0.0439
vn -0.2181 -0.9744 0.0548
vn -0.3622 -0.9317 0.0289
vn -0.7666 -0.6345 0.0989
vn -0.0443 -0.9830 -0.1781
vn -0.0713 -0.9954 0.0634
vn -0.0974 -0.9941 0.0479
vn -0.1642 -0.9826 0.0865
vn -0.1755 -0.9841 -0.0278
vn -0.3487 -0.7664 0.5396
vn -0.0651 -0.9970 -0.0418
vn 0.0382 -0.9953 -0.0884
vn 0.1717 -0.9829 0.0663
vn -0.7112 -0.6796 -0.1798
vn 0.0396 -0.9951 0.0905
vn 0.9989 -0.0413 -0.0224
vn 0.8562 -0.3204 0.4053
vn 0.0251 -0.9981 0.0558
vn 0.0188 -0.9677 0.2513
vn -0.0235 -0.9991 0.0349
vn -0.0012 -0.9974 -0.0727
vn -0.4890 -0.8690 0.0761
vn 0.7862 -0.6170 -0.0352
vn 0.8432 -0.5376 -0.0052
vn 0.8106 -0.5317 -0.2452
vn 0.7745 -0.6234 -0.1072
vn 0.9030 -0.4295 0.0037
vn 0.7236 -0.6827 -0.1012
vn 0.7458 -0.6645 0.0470
vn 0.7405 -0.6597 -0.1283
vn 0.7119 -0.7023 -0.0008
vn 0.7816 -0.5794 -0.2311
vn -0.1722 -0.9773 -0.1233
vn -0.6071 -0.7928 0.0534
vn -0.0467 -0.9989 -0.0093
vn -0.0747 -0.9968 0.0295
vn -0.0180 -0.9991 0.0389
vn 0.5785 -0.8154 -0.0217
vn 0.6793 -0.7243 -0.1179
vn 0.8549 -0.5137 0.0717
vn 0.5450 -0.8376 -0.0377
vn 0.6486 -0.7522 -0.1163
vn 0.5766 -0.7976 0.1770
vn 0.4897 -0.8335 0.2558
vn 0.0234 -0.9956 -0.0908
vn 0.5880 -0.8028 -0.0991
vn 0.2173 -0.9750 -0.0466
vn 0.6731 -0.7293 -0.1229
vn -0.3471 -0.9319 -0.1051
vn 0.4317 -0.7105 -0.5557
vn -0.9441 -0.2715 -0.1872
vn -0.9530 -0.2508 0.1698
vn -0.9410 -0.2069 0.2679
vn -0.9486 -0.2913 0.1236
vn -0.9632 0.0150 0.2684
vn -0.9773 -0.0626 0.2023
vn -0.6440 0.3539 0.6782
vn -0.6034 0.5340 0.5922
vn 0.2208 0.6347 0.7405
vn -0.7317 0.5949 -0.3328
vn -0.8533 0.4909 -0.1759
vn -0.9597 0.0558 0.2753
vn -0.6188 0.2517 0.7441
vn -0.9527 0.3012 0.0398
vn -0.9882 0.0947 -0.1204
vn -0.7250 -0.6211 -0.2975
vn -0.9615 0.2476 0.1193
vn -0.8905 0.4465 0.0876
vn 0.3476 0.7379 0.5785
vn 0.3620 0.6765 0.6413
vn -0.0523 0.9203 0.3876
vn -0.2448 0.9696 0.0024
vn -0.0029 0.9701 -0.2427
vn 0.3769 0.8073 0.4540
vn 0.3539 0.7837 0.5105
vn -0.0121 0.9952 -0.0972
vn -0.0636 -0.9975 -0.0324
vn 0.1564 -0.9866 0.0474
vn -0.4430 -0.8283 0.3431
vn -0.4142 -0.7557 0.5073
vn -0.3678 -0.9112 0.1855
vn 0.2491 -0.9582 0.1409
vn -0.7848 -0.5395 0.3050
vn -0.5827 -0.7523 0.3073
vn -0.6289 -0.7134 0.3090
vn -0.8254 -0.4781 0.3003
vn -0.8034 -0.5954 -0.0036
vn -0.2882 -0.8867 -0.3616
vn -0.1757 -0.9122 -0.3701
vn 0.1852 -0.1368 0.9731
vn -0.8243 -0.5601 -0.0824
vn -0.8654 0.4698 -0.1741
vn -0.9003 0.4340 0.0338
vn -0.9861 0.1385 0.0923
vn 0.8749 -0.4386 -0.2052
vn -0.9971 -0.0607 0.0466
vn 0.2145 0.9244 0.3153
vn -0.3134 0.8240 0.4721
vn -0.7738 0.1335 -0.6192
vn -0.9639 0.1987 0.1774
vn -0.7543 -0.0186 -0.6563
vn -0.1715 0.9311 0.3220
vn -0.7921 -0.2645 0.5501
vn -0.3517 0.9047 -0.2403
vn -0.6858 0.5010 -0.5280
vn -0.5343 0.5980 -0.5975
vn -0.7161 0.5423 -0.4395
vn -0.1082 0.8402 -0.5314
vn -0.7159 0.6337 -0.2930
vn -0.7181 0.6411 -0.2706
vn -0.9970 -0.0201 -0.0751
vn -0.7049 0.4971 -0.5060
vn -0.6906 0.5036 -0.5191
vn 0.4612 0.6424 0.6121
vn 0.0126 0.9769 -0.2133
vn 0.3589 0.8742 -0.3270
vn -0.9655 0.0269 -0.2589
vn -0.5159 -0.7143 -0.4729
vn -0.7436 -0.3562 -0.5659
vn -0.1172 -0.0340 -0.9925
vn -0.8407 0.3922 -0.3734
vn -0.7411 -0.1382 -0.6571
vn -0.9497 -0.2841 0.1316
vn -0.3247 -0.9455 0.0246
vn -0.5063 -0.6323 -0.5864
vn -0.7888 -0.2573 -0.5582
vn -0.1632 -0.9796 -0.1171
vn -0.2193 0.2466 -0.9440
vn -0.2764 0.2146 -0.9368
vn -0.2131 0.2041 -0.9555
vn -0.8611 -0.4498 -0.2372
vn -0.8667 -0.3582 -0.3471
vn -0.9536 -0.2147 -0.2109
vn 0.2341 -0.9001 -0.3676
vn -0.3730 -0.6379 -0.6737
vn -0.3658 -0.7257 -0.5827
vn -0.2383 -0.9702 -0.0449
vn -0.2138 0.2945 -0.9314
vn -0.1346 0.3543 -0.9254
vn -0.4866 -0.8724 0.0451
vn -0.8533 0.3072 -0.4212
vn -0.0149 -0.0321 -0.9994
vn 0.5274 0.7331 -0.4294
vn 0.4598 0.4823 -0.7456
vn 0.5260 0.3095 -0.7922
vn -0.8217 0.5597 -0.1077
vn -0.6864 0.7186 -0.1118
vn -0.5097 -0.2706 -0.8167
vn -0.4690 -0.0350 -0.8825
vn 0.5890 0.1833 -0.7870
vn 0.6796 0.0366 -0.7327
vn 0.4408 0.7208 0.5350
vn 0.7959 0.5043 0.3350
vn -0.6055 0.4462 -0.6590
vn -0.6138 0.7692 0.1776
vn -0.4713 0.8687 0.1523
vn -0.3731 0.9055 0.2022
vn 0.4490 0.2946 -0.8436
vn 0.5380 0.3817 -0.7516
vn -0.5267 0.8385 0.1398
vn -0.3820 0.9209 0.0773
vn -0.4044 0.9105 0.0867
vn -0.2793 0.9596 0.0344
vn -0.6733 0.6856 -0.2768
vn 0.1209 0.1107 -0.9865
vn 0.1114 -0.0926 -0.9895
vn 0.6358 -0.2534 -0.7290
vn -0.4510 0.4601 -0.7648
vn -0.6757 0.2129 -0.7058
vn -0.5531 -0.3598 -0.7514
vn -0.5240 -0.4412 -0.7285
vn -0.9505 0.2020 -0.2360
vn -0.1297 0.3872 -0.9128
vn 0.1414 0.6532 0.7439
vn 0.0522 0.0059 -0.9986
vn 0.3469 0.5293 -0.7743
vn -0.4710 0.8104 0.3484
vn -0.1244 0.5575 -0.8208
vn -0.1120 0.4363 -0.8928
vn -0.0757 0.9766 -0.2015
vn 0.4469 0.7520 0.4845
vn -0.3554 0.5967 -0.7194
vn -0.2345 0.9712 -0.0418
vn -0.4069 0.2813 -0.8691
vn -0.5134 0.5177 -0.6843
vn -0.4227 -0.1683 -0.8905
vn -0.4872 0.8653 0.1180
vn -0.0219 0.2089 -0.9777
vn 0.2290 -0.1797 -0.9567
vn -0.1755 0.1819 -0.9675
vn 0.0974 0.9605 -0.2606
vn 0.0325 0.2051 -0.9782
vn -0.1077 0.0271 -0.9938
vn -0.0029 0.2551 -0.9669
vn 0.0261 0.4286 -0.9031
vn 0.0482 0.9987 0.0158
vn 0.2341 0.9722 0.0048
vn 0.2028 0.9475 -0.2472
vn 0.2805 0.9539 -0.1064
vn 0.4640 0.6672 -0.5827
vn 0.0573 0.3309 -0.9419
vn 0.1059 0.4975 -0.8610
vn 0.4811 0.8764 -0.0235
vn 0.3626 0.9256 -0.1085
vn 0.4857 0.6163 -0.6199
vn 0.9304 0.0128 -0.3663
vn -0.2196 -0.1658 -0.9614
vn -0.3243 -0.1621 -0.9320
vn -0.3299 -0.1617 -0.9301
vn -0.3913 -0.0541 -0.9187
vn -0.4233 -0.1261 -0.8972
vn -0.1995 0.3605 -0.9112
vn 0.4661 0.0129 -0.8847
vn 0.4661 0.0129 -0.8846
vn 0.1522 0.4517 -0.8791
vn 0.0966 0.3866 -0.9172
vn -0.0735 0.1734 -0.9821
vn 0.1267 0.4221 -0.8977
vn 0.0187 0.8355 -0.5492
vn 0.5156 0.2040 -0.8322
vn 0.3209 0.3657 -0.8736
vn -0.0173 0.4429 -0.8964
vn 0.1000 0.1093 -0.9890
vn 0.1735 0.6194 -0.7657
vn 0.1734 0.6194 -0.7657
vn -0.0351 0.4378 -0.8984
vn -0.0352 0.4378 -0.8984
vn 0.3257 -0.2233 -0.9187
vn 0.2997 0.2676 -0.9157
vn 0.2624 0.0707 -0.9624
vn 0.3654 -0.1456 -0.9194
vn 0.1113 0.0060 -0.9938
vn 0.1887 0.1245 -0.9741
vn 0.4482 0.0091 -0.8939
vn 0.2023 0.5006 -0.8417
vn 0.1821 0.5150 -0.8376
vn 0.2066 0.0103 -0.9784
vn 0.3437 -0.2503 -0.9051
vn 0.4294 -0.4143 -0.8025
vn 0.6221 0.6033 -0.4990
vn 0.0223 -0.4421 -0.8967
vn 0.3842 -0.1127 -0.9164
vn 0.5212 0.0803 -0.8496
vn 0.2123 -0.9379 -0.2745
vn 0.1701 -0.9505 -0.2599
vn 0.2877 -0.8887 -0.3569
vn 0.4919 -0.7442 -0.4519
vn 0.1948 -0.3485 -0.9168
vn -0.1882 -0.7345 -0.6520
vn 0.0229 0.1582 -0.9871
vn 0.0130 0.0496 -0.9987
vn 0.0226 0.1485 -0.9887
vn -0.0750 0.0867 -0.9934
vn -0.0611 0.0675 -0.9958
vn -0.0710 0.0810 -0.9942
vn 0.1377 0.0479 -0.9893
vn 0.2757 -0.0941 -0.9566
vn 0.0678 0.8709 -0.4867
vn -0.0183 0.9204 -0.3905
vn -0.0139 0.8274 -0.5615
vn -0.4172 -0.1817 -0.8905
vn -0.4172 -0.1811 -0.8906
vn 0.1222 -0.2830 -0.9513
vn 0.5836 0.2190 -0.7820
vn 0.5279 0.2645 -0.8071
vn -0.4446 0.3253 -0.8346
vn 0.1815 -0.4455 -0.8767
vn 0.0183 -0.4118 -0.9111
vn 0.2435 -0.9524 -0.1833
vn -0.0446 0.0523 -0.9976
vn -0.0441 0.0557 -0.9975
vn 0.1802 -0.2544 -0.9502
vn 0.0174 -0.3500 -0.9366
vn -0.0498 -0.9870 -0.1526
vn -0.0835 -0.9965 0.0039
vn -0.0627 -0.9972 -0.0402
vn 0.1686 0.4043 -0.8990
vn 0.4023 0.4637 -0.7894
vn -0.3031 -0.7271 0.6161
vn -0.0691 -0.9961 -0.0552
vn -0.1180 -0.9908 -0.0665
vn -0.0012 -0.9983 0.0582
vn -0.0196 -0.9997 0.0164
vn 0.1961 -0.9576 -0.2112
vn 0.3676 -0.8686 -0.3323
vn -0.1888 -0.8702 0.4552
vn 0.5617 -0.7937 0.2337
vn 0.6987 -0.7023 -0.1364
vn 0.9416 -0.2342 -0.2419
vn 0.5909 -0.5506 0.5897
vn 0.9716 -0.2245 -0.0747
vn 0.2286 -0.9603 -0.1602
vn 0.2945 -0.9178 -0.2665
vn 0.2275 -0.8579 -0.4607
vn 0.8722 -0.4753 -0.1154
vn 0.3240 -0.7542 0.5711
vn -0.0653 -0.9969 0.0429
vn 0.9750 -0.0319 -0.2201
vn 0.8889 0.0026 0.4580
vn 0.5828 0.6107 -0.5361
vn 0.6003 -0.1536 -0.7849
vn -0.2077 -0.0628 -0.9762
vn -0.1054 0.0645 -0.9923
vn 0.9942 -0.0173 0.1060
vn 0.9923 -0.0620 0.1072
vn 0.3776 -0.9258 0.0190
vn 0.2309 -0.9683 -0.0956
vn 0.4870 -0.7963 -0.3589
vn 0.4770 -0.8079 -0.3460
vn 0.5496 -0.7078 -0.4438
vn 0.9793 0.0040 0.2023
vn -0.4098 -0.7200 -0.5602
vn 0.5700 -0.6002 -0.5611
vn 0.5945 -0.2613 -0.7605
vn 0.7074 0.4604 -0.5363
vn -0.3433 0.4923 -0.7999
vn 0.4548 -0.8322 -0.3173
vn 0.5998 0.3568 -0.7162
vn 0.1855 0.2627 -0.9469
vn 0.7326 0.4828 -0.4798
vn 0.6284 0.7345 -0.2560
vn 0.6616 0.7114 -0.2368
vn 0.9241 -0.0301 -0.3810
vn 0.5964 0.4937 0.6329
vn 0.6223 0.7816 0.0441
vn -0.0660 0.8004 -0.5958
vn -0.0806 0.9384 0.3360
vn 0.5822 0.2186 -0.7831
vn 0.6024 0.7494 0.2749
vn 0.3446 0.9142 -0.2134
vn 0.8506 -0.0946 -0.5172
vn 0.5888 0.2097 -0.7806
vn 0.4634 -0.8837 -0.0667
vn -0.0421 -0.9961 0.0770
vn -0.0498 -0.9923 0.1132
vn -0.9607 0.0335 0.2754
vn -0.2982 0.7521 0.5878
vn -0.9553 0.0635 0.2889
vn 0.1081 -0.9937 0.0305
vn 0.1075 -0.9868 0.1213
vn 0.2856 -0.9471 0.1467
vn 0.0992 -0.9831 0.1539
vn 0.1666 -0.8629 0.4771
vn -0.5150 -0.8448 0.1454
vn -0.0332 -0.9992 -0.0243
vn -0.9038 -0.2020 0.3772
vn -0.9067 -0.1372 0.3987
vn -0.7708 -0.6112 0.1796
vn 0.0397 -0.9983 0.0428
vn -0.3671 -0.9217 -0.1250
vn -0.2178 -0.9717 -0.0912
vn -0.0887 -0.9960 -0.0053
vn -0.0627 -0.9959 0.0648
vn -0.3633 0.4214 -0.8309
vn -0.0315 -0.9964 0.0789
vn -0.0582 -0.9980 0.0248
vn 0.1796 -0.9800 0.0855
vn -0.2454 -0.9662 0.0794
vn 0.2119 -0.9750 0.0668
vn -0.0249 -0.9795 -0.2000
vn -0.2609 -0.9646 0.0390
vn -0.1318 -0.9863 -0.0991
vn 0.0248 0.9976 0.0653
vn 0.3568 0.8313 0.4262
vn -0.6105 0.5882 0.5304
vn -0.8279 0.4309 -0.3591
vn -0.1803 0.9821 0.0550
vn -0.8230 0.2434 -0.5133
vn -0.7334 0.5003 0.4603
vn -0.7602 0.4590 0.4599
vn -0.9944 -0.0483 0.0940
vn -0.3159 0.7374 0.5970
vn -0.9991 -0.0308 0.0304
vn -0.9806 -0.1888 -0.0519
vn -0.4863 0.7387 0.4668
vn -0.8195 0.2103 -0.5331
vn -0.8118 0.1051 -0.5743
vn -0.5593 -0.5415 -0.6277
vn -0.9937 0.0963 0.0580
vn -0.9630 -0.0159 -0.2691
vn -0.4937 -0.8492 0.1872
vn 0.2701 0.4771 0.8363
vn 0.2079 0.5512 0.8081
vn 0.2136 0.7992 -0.5619
vn 0.2052 0.5781 -0.7897
vn 0.2054 0.5772 -0.7903
vn 0.0783 0.9273 -0.3661
vn 0.0494 0.8267 -0.5604
vn -0.3569 0.8432 -0.4021
vn 0.8154 0.2011 0.5429
vn 0.9308 0.0504 0.3621
vn 0.7187 0.3103 0.6222
vn 0.9446 -0.0174 0.3277
vn -0.1031 0.2077 0.9727
vn -0.1031 0.2077 0.9728
vn -0.3115 -0.3604 0.8792
vn -0.3104 -0.3402 0.8876
vn -0.3855 -0.8568 0.3425
vn 0.3523 -0.3539 0.8664
vn 0.1167 0.2895 0.9501
vn 0.1167 0.2894 0.9501
vn 0.1690 0.1801 0.9690
vn 0.0175 0.8488 0.5285
vn 0.0645 0.8608 0.5049
vn 0.2457 0.8834 0.3990
vn -0.3346 0.8235 -0.4582
vn -0.6062 0.6767 -0.4177
vn -0.2638 0.8471 -0.4614
vn -0.6121 0.2153 0.7609
vn 0.3450 -0.3921 0.8528
vn 0.0476 0.3670 0.9290
vn -0.5329 -0.8306 0.1617
vn -0.3325 0.9069 -0.2588
vn -0.2942 0.8772 -0.3793
vn -0.1074 0.2026 0.9734
vn -0.1110 0.1983 0.9738
vn -0.1043 0.2063 0.9729
vn -0.6208 -0.7537 0.2156
vn 0.3339 -0.9354 0.1167
vn 0.2470 -0.9591 -0.1381
vn -0.6777 0.6615 0.3212
vn -0.5413 -0.5864 0.6027
vn 0.6982 -0.6978 0.1599
vn 0.8472 -0.5156 -0.1281
vn 0.9944 0.0980 0.0405
vn 0.3800 -0.9232 0.0571
vn 0.3261 0.0703 -0.9427
vn -0.5656 -0.4759 0.6735
vn 0.6028 -0.6993 -0.3843
vn 0.7084 -0.2826 0.6468
vn 0.7424 -0.6277 0.2342
vn 0.8386 -0.2154 -0.5003
vn -0.3345 -0.9005 0.2778
vn -0.0165 -0.9998 -0.0126
vn -0.7584 -0.6350 0.1466
vn 0.7791 -0.4591 0.4269
vn -0.6943 -0.0285 0.7191
vn -0.0736 -0.9858 0.1509
vn -0.2277 -0.9233 0.3093
vn -0.2414 -0.9672 -0.0788
vn 0.3721 -0.3675 0.8524
vn 0.2898 -0.4139 0.8630
vn 0.1930 -0.5286 0.8267
vn 0.1347 -0.5742 0.8076
vn -0.5208 -0.4732 0.7105
vn -0.0617 0.1040 0.9927
vn 0.4196 -0.4669 0.7784
vn -0.5665 -0.8217 0.0619
vn 0.4107 -0.9111 -0.0356
vn 0.1438 -0.9794 0.1417
vn 0.1049 -0.9687 0.2251
vn -0.5993 0.0437 0.7993
vn -0.4096 0.5906 0.6953
vn 0.0931 -0.6498 0.7544
vn 0.1261 -0.6384 0.7593
vn -0.1441 0.6668 0.7312
vn -0.3860 0.7432 0.5465
vn -0.3861 0.7431 0.5466
vn 0.4280 0.0081 0.9037
vn 0.4597 -0.1498 0.8754
vn -0.0465 0.3151 0.9479
vn 0.4627 0.5315 0.7095
vn 0.4626 0.5323 0.7090
vn 0.0935 0.8124 -0.5755
vn 0.0934 0.8125 -0.5754
vn 0.4311 0.8980 0.0879
vn 0.4290 0.8991 0.0875
vn 0.3476 0.8075 -0.4767
vn 0.3475 0.8075 -0.4767
vn 0.5079 0.4049 0.7603
vn 0.3972 0.4839 0.7798
vn 0.3972 0.4840 0.7798
vn 0.5767 0.3476 0.7393
vn 0.1530 0.1402 0.9782
vn -0.9481 0.1173 0.2956
vn -0.9001 -0.1777 -0.3977
vn -0.4148 0.1124 0.9029
vn -0.2585 0.2160 0.9416
vn 0.4085 0.5281 0.7445
vn 0.4745 0.5213 0.7093
vn -0.0453 0.6300 0.7753
vn -0.2881 0.7118 0.6406
vn 0.6354 -0.2045 0.7446
vn 0.4827 0.2136 0.8493
vn 0.4775 0.1782 0.8604
vn 0.5502 -0.3401 0.7627
vn 0.5544 -0.3405 0.7595
vn 0.1279 -0.2214 0.9668
vn 0.0903 -0.2863 0.9539
vn -0.0779 -0.3303 0.9407
vn 0.0124 -0.2844 0.9586
vn -0.8234 0.5188 -0.2299
vn -0.0409 0.2307 0.9722
vn 0.2812 -0.2460 0.9276
vn -0.2245 0.9394 0.2591
vn -0.6582 0.5620 -0.5010
vn -0.0381 0.1069 0.9935
vn 0.2172 -0.2080 0.9537
vn 0.1031 -0.1877 0.9768
vn 0.0664 -0.1102 0.9917
vn -0.9145 -0.4006 -0.0561
vn 0.0319 -0.3221 0.9462
vn 0.0043 0.2827 0.9592
vn 0.2111 0.3210 0.9233
vn 0.0109 0.9229 0.3848
vn 0.3407 0.9343 -0.1046
vn 0.3404 0.9403 0.0020
vn 0.5109 0.8477 0.1431
vn 0.6733 0.0807 0.7349
vn 0.6306 0.1420 0.7630
vn 0.6406 0.7382 0.2115
vn -0.0500 0.0762 0.9958
vn -0.1357 0.0763 0.9878
vn -0.1357 0.0764 0.9878
vn -0.0333 0.9359 0.3506
vn 0.9736 0.1621 0.1607
vn 0.9590 0.0620 0.2764
vn 0.9046 -0.2987 0.3041
vn 0.6703 0.7182 -0.1866
vn 0.9240 0.3822 0.0096
vn -0.5411 0.2156 0.8129
vn 0.8645 -0.3353 -0.3745
vn -0.1037 0.8064 0.5822
vn -0.1862 0.5314 0.8264
vn 0.8455 -0.0640 0.5302
vn 0.9206 0.0058 0.3905
vn 0.9341 0.0220 0.3564
vn 0.8734 -0.4365 0.2162
vn 0.9786 0.1018 0.1787
vn 0.4221 0.0180 0.9064
vn 0.0528 -0.0526 0.9972
vn 0.0528 -0.0527 0.9972
vn -0.4667 0.0837 0.8804
vn -0.0728 -0.9950 -0.0683
vn 0.7971 -0.1194 0.5919
vn 0.8586 -0.4887 0.1551
vn 0.1669 -0.9221 -0.3490
vn -0.0012 -0.9996 0.0277
vn -0.2358 -0.9689 0.0746
vn 0.0621 -0.8687 0.4914
vn 0.3085 0.0205 0.9510
vn 0.0680 -0.9653 0.2520
vn 0.0871 -0.9716 0.2202
vn 0.6711 -0.7382 -0.0680
vn 0.7494 -0.6537 -0.1057
vn 0.9031 -0.4168 0.1036
vn 0.8366 -0.5351 -0.1168
vn -0.4336 -0.2808 0.8562
vn 0.7379 -0.5785 0.3478
vn 0.5742 -0.6147 0.5408
vn 0.9127 -0.3822 0.1444
vn 0.0782 -0.7931 0.6041
vn -0.0005 -0.8610 0.5087
vn 0.8190 -0.5188 -0.2451
vn 0.9605 -0.2768 0.0282
vn 0.9538 0.2639 -0.1439
vn 0.4180 -0.8708 -0.2589
vn -0.1815 -0.8132 0.5530
vn -0.4349 -0.7941 0.4246
vn -0.3851 -0.6724 0.6322
vn 0.1950 -0.8133 0.5482
vn 0.1310 -0.8421 0.5232
vn 0.1637 -0.8446 0.5097
vn 0.5564 -0.5380 0.6332
vn 0.7529 -0.3584 0.5520
vn 0.6017 -0.5059 0.6181
vn 0.9428 0.1643 -0.2899
vn 0.7803 -0.2391 -0.5780
vn -0.1647 -0.7773 0.6072
vn -0.1079 -0.8784 0.4656
vn 0.8713 -0.1126 0.4777
vn 0.6860 -0.3572 0.6339
vn 0.2788 -0.3304 0.9017
vn 0.2802 -0.3257 0.9030
vn 0.2141 -0.5151 0.8299
vn 0.3393 -0.0949 0.9359
vn -0.0687 -0.8545 0.5150
vn -0.0083 -0.8617 0.5073
vn -0.3372 -0.5619 0.7553
vn 0.0097 -0.9960 0.0892
vn 0.9903 0.0703 -0.1202
vn -0.4556 -0.5112 0.7288
vn -0.4711 -0.5210 0.7118
vn -0.9198 -0.1595 0.3585
vn 0.3881 -0.8469 0.3635
vn 0.6894 -0.7227 0.0501
vn 0.7506 -0.4348 0.4976
vn 0.8705 -0.3433 -0.3527
vn 0.8571 0.4927 -0.1503
vn -0.4082 -0.6077 0.6812
vn 0.4497 -0.6388 0.6243
vn 0.6614 -0.3968 0.6365
vn 0.6291 -0.5974 0.4973
vn 0.6583 0.7526 0.0155
vn 0.6485 0.7596 0.0492
vn 0.6686 -0.4033 0.6248
vn 0.6111 0.7894 -0.0586
vn 0.0618 0.9446 -0.3224
vn 0.3706 0.8828 -0.2887
vn 0.7514 0.6281 0.2023
vn 0.3122 0.8578 -0.4083
vn -0.5559 0.6135 -0.5609
vn 0.8785 -0.0637 0.4735
vn -0.5838 0.7916 -0.1804
vn -0.1882 0.9797 -0.0694
vn -0.1583 0.9864 -0.0431
vn 0.3771 0.9246 -0.0542
vn 0.2806 0.9475 -0.1530
vn -0.0030 0.6893 -0.7244
vn -0.0080 0.6948 -0.7191
vn -0.0209 0.7089 -0.7050
vn 0.6328 0.6018 0.4873
vn 0.1082 0.8107 -0.5754
vn 0.2170 0.7296 0.6486
vn 0.0092 0.6756 -0.7372
vn -0.0954 0.7886 -0.6075
vn 0.6804 -0.6815 0.2695
vn 0.6980 -0.6600 0.2779
vn 0.6973 -0.6456 0.3114
vn 0.1215 -0.6311 0.7661
vn 0.1099 -0.6544 0.7481
vn 0.6139 -0.6464 0.4532
vn 0.9876 0.1250 0.0946
vn 0.9407 0.3238 -0.1012
vn 0.7549 -0.1505 0.6383
vn 0.6998 -0.0930 0.7082
vn 0.7826 -0.1415 0.6062
vn 0.7265 0.0366 0.6862
vn 0.5999 -0.1220 0.7907
vn 0.8237 -0.1357 0.5505
vn 0.8271 -0.0919 0.5545
vn 0.0728 -0.6476 0.7585
vn 0.5006 -0.2527 0.8280
vn 0.9612 -0.0348 0.2736
vn 0.8410 0.5383 0.0537
vn 0.7804 0.6014 -0.1711
vn 0.7200 0.5443 0.4304
vn 0.5452 0.7087 0.4478
vn 0.8567 0.2437 0.4546
vn 0.8244 0.2484 0.5085
vn 0.6764 0.1294 0.7251
vn 0.8327 -0.5234 0.1807
vn 0.9856 0.1613 -0.0507
vn 0.7940 -0.4106 -0.4484
vn 0.8138 -0.3522 -0.4623
vn 0.7538 0.6543 -0.0608
vn 0.8545 0.5193 0.0116
vn -0.0786 -0.9969 -0.0066
vn -0.0240 -0.9980 0.0576
vn -0.0205 -0.9996 -0.0170
vn 0.0801 -0.9968 -0.0036
vn -0.0492 -0.9964 -0.0689
vn -0.0264 -0.9997 -0.0004
vn -0.2173 -0.9559 0.1973
vn -0.4285 -0.8252 0.3679
vn -0.0384 -0.9987 0.0335
vn -0.0588 -0.9981 -0.0183
vn -0.0437 -0.9989 0.0147
vn -0.9780 0.2048 0.0403
vn -0.9397 0.3383 0.0510
vn -0.9126 0.4089 -0.0010
vn -0.9354 0.3467 0.0691
vn -0.8704 0.4883 0.0621
vn -0.8313 0.4906 0.2614
vn -0.7863 0.6121 0.0840
vn -0.8462 0.5326 0.0182
vn -0.1562 0.7911 0.5913
vn -0.0661 0.8146 0.5763
vn -0.8002 0.5620 0.2093
vn -0.7839 0.3234 -0.5300
vn -0.7739 0.1525 -0.6147
vn -0.7310 0.2730 -0.6254
vn -0.6756 0.6757 -0.2951
vn -0.5754 0.7231 -0.3822
vn -0.6897 0.0099 -0.7240
vn -0.6714 0.1194 -0.7314
vn 0.8857 0.0048 0.4642
vn 0.4793 0.7271 0.4915
vn 0.6894 0.4853 0.5378
vn 0.6896 0.3265 0.6464
vn 0.6573 0.4425 0.6100
vn 0.6205 0.7264 0.2955
vn 0.5914 0.7943 0.1388
vn 0.6320 0.7269 0.2687
vn -0.6901 0.1409 -0.7099
vn -0.6744 -0.1937 -0.7125
vn -0.7018 0.0844 -0.7073
vn -0.4843 0.8606 -0.1577
vn -0.7597 0.4498 -0.4695
vn -0.7601 0.4637 -0.4553
vn -0.7032 0.5612 -0.4367
vn -0.7774 0.5387 -0.3246
vn -0.6615 0.7140 -0.2294
vn -0.7059 0.3514 -0.6150
vn -0.6753 0.4831 -0.5573
vn -0.6703 0.1788 -0.7202
vn -0.6488 -0.0600 -0.7586
vn -0.7148 -0.0040 -0.6994
vn -0.6687 0.5191 -0.5322
vn -0.7384 -0.2761 -0.6153
vn -0.1010 -0.9948 0.0104
vn -0.0726 -0.9973 0.0059
vn -0.1205 -0.9921 0.0341
vn -0.1185 -0.9929 0.0084
vn -0.1078 -0.9938 0.0269
vn -0.1126 -0.9936 -0.0128
vn 0.6920 -0.0488 -0.7202
vn 0.7672 -0.2824 -0.5760
vn 0.6996 0.1388 -0.7010
vn 0.7411 -0.5521 -0.3821
vn -0.3775 -0.7886 0.4854
vn -0.4608 -0.8002 0.3839
vn -0.4343 -0.8007 0.4126
vn -0.0066 -0.9854 0.1702
vn 0.7467 -0.6605 -0.0790
vn 0.2446 -0.6576 0.7125
vn 0.0667 -0.9609 0.2688
vn 0.1014 -0.9753 0.1961
vn 0.0871 -0.9392 0.3322
vn 0.8079 -0.4680 0.3583
vn 0.0248 -0.9973 0.0694
vn 0.8468 -0.1732 -0.5029
vn 0.5415 -0.6085 -0.5801
vn 0.0952 -0.9894 -0.1098
vn 0.3107 -0.9191 -0.2423
vn 0.3405 -0.8793 -0.3330
vn 0.4379 -0.8174 -0.3743
vn 0.4310 -0.8145 -0.3884
vn 0.4709 -0.7531 -0.4594
vn -0.7715 0.1049 -0.6275
vn -0.7295 0.3204 -0.6043
vn -0.6250 0.7463 -0.2289
vn -0.7560 0.4800 -0.4450
vn -0.5498 0.7390 -0.3894
vn -0.3852 0.8180 -0.4273
vn -0.4095 0.8393 -0.3577
vn -0.3145 0.8450 -0.4326
vn -0.2725 0.8138 -0.5133
vn -0.1786 0.7905 -0.5858
vn -0.1645 0.8932 -0.4185
vn -0.5977 0.5914 -0.5412
vn -0.3858 0.9226 0.0023
vn -0.3442 0.8558 -0.3862
vn -0.3609 0.7976 -0.4833
vn -0.2156 0.8070 -0.5499
vn -0.5300 0.6052 0.5940
vn -0.2589 0.7778 0.5728
vn -0.4565 0.6829 0.5704
vn -0.4270 0.7578 0.4934
vn -0.2343 0.8278 0.5098
vn -0.3706 0.7028 0.6073
vn -0.8733 0.4092 0.2644
vn -0.3498 0.8047 0.4797
vn -0.4465 0.8316 0.3304
vn -0.1694 0.8265 0.5369
vn -0.3924 0.8747 0.2846
vn -0.6281 0.7781 0.0048
vn -0.5662 0.8185 -0.0976
vn 0.3620 -0.8676 -0.3408
vn 0.4935 -0.6680 -0.5570
vn 0.4423 -0.8215 -0.3600
vn 0.5872 -0.5946 -0.5492
vn 0.4480 -0.8399 -0.3066
vn 0.2330 -0.9488 -0.2132
vn 0.0621 -0.9915 -0.1145
vn -0.7830 0.1428 -0.6055
vn -0.7431 0.4487 -0.4964
vn -0.2060 0.8794 0.4291
vn -0.3910 0.8844 0.2549
vn -0.2043 0.8970 0.3920
vn -0.4485 0.8867 0.1125
vn -0.4883 0.8723 -0.0265
vn -0.5929 0.6282 -0.5038
vn -0.6575 0.5521 -0.5128
vn -0.6913 0.3061 -0.6545
vn -0.6948 0.5038 -0.5132
vn -0.6867 0.2983 -0.6630
vn -0.5752 0.2921 -0.7640
vn -0.5967 0.0373 -0.8016
vn -0.4087 0.8701 -0.2754
vn -0.5260 0.8257 -0.2039
vn -0.5222 0.8275 -0.2064
vn -0.6401 0.7585 -0.1221
vn 0.9575 0.2801 -0.0688
vn 0.8724 0.4600 -0.1651
vn 0.9065 0.4219 -0.0161
vn 0.9168 0.3774 0.1305
vn 0.9095 0.3923 0.1377
vn 0.9684 0.0021 0.2493
vn 0.9882 0.1256 0.0874
vn 0.8081 0.5697 -0.1498
vn 0.8873 0.2112 0.4100
vn 0.9619 0.1421 0.2335
vn -0.2193 0.6966 -0.6831
vn 0.8004 0.5610 0.2114
vn 0.9425 0.3158 -0.1094
vn 0.9532 0.3008 0.0314
vn 0.9081 0.4173 0.0345
vn 0.9006 0.3826 0.2064
vn 0.8386 0.4858 0.2464
vn 0.9670 0.2535 -0.0250
vn 0.8082 0.3617 0.4647
vn -0.0015 -0.9999 -0.0123
vn -0.7430 -0.2919 -0.6023
vn -0.4146 0.0549 -0.9083
vn -0.8572 0.2261 -0.4626
vn 0.6320 -0.3014 -0.7139
vn 0.6758 -0.2707 -0.6856
vn -0.4940 -0.7749 0.3943
vn -0.2674 -0.8935 0.3607
vn 0.1666 -0.9563 0.2403
vn 0.1355 -0.9885 0.0667
vn 0.9323 0.1216 -0.3407
vn 0.5547 -0.4683 -0.6878
vn 0.2844 -0.9234 -0.2579
vn -0.2602 -0.9387 0.2261
vn 0.5234 -0.8519 0.0195
vn -0.3322 -0.6813 0.6523
vn -0.4149 -0.8950 0.1641
vn -0.3334 0.8665 0.3714
vn -0.1484 -0.9739 0.1717
vn -0.0626 -0.9950 0.0782
vn -0.1926 -0.8303 0.5230
vn -0.1897 0.9652 0.1802
vn -0.4389 0.4814 0.7587
vn -0.1356 0.8170 -0.5604
vn 0.0324 0.9995 -0.0000
vn 0.0970 0.9953 -0.0000
vn -0.8258 -0.5640 -0.0000
vn -0.8606 -0.5093 -0.0000
vn -0.9530 0.3029 -0.0000
vn -0.9706 0.2405 -0.0000
vn -0.9842 0.1772 -0.0000
vn 0.6537 -0.7567 -0.0000
vn 0.6034 -0.7974 -0.0000
vn 0.7014 -0.7128 -0.0000
vn 0.9967 -0.0809 -0.0000
vn 0.9894 -0.1452 -0.0000
vn 0.9999 -0.0162 -0.0000
vn -0.9936 0.1131 -0.0000
vn -0.9988 0.0486 -0.0000
vn 0.3182 -0.9480 -0.0000
vn 0.2562 -0.9666 -0.0000
vn 0.3789 -0.9254 -0.0000
vn 0.3488 0.9372 -0.0000
vn 0.2874 0.9578 -0.0000
vn 0.2248 0.9744 -0.0000
vn -0.0647 -0.9979 -0.0000
vn -0.1292 -0.9916 -0.0000
vn -0.0000 -1.0000 -0.0000
vn 0.1931 -0.9812 -0.0000
vn 0.6289 0.7775 -0.0000
vn 0.6779 0.7351 -0.0000
vn 0.5773 0.8166 -0.0000
vn 0.9192 -0.3939 -0.0000
vn 0.8917 -0.4525 -0.0000
vn 0.9427 -0.3336 -0.0000
vn 0.5232 0.8522 -0.0000
vn 0.4669 0.8843 -0.0000
vn 0.7241 0.6897 -0.0000
vn -0.9999 -0.0162 -0.0000
vn -0.9967 -0.0809 -0.0000
vn 0.7672 0.6414 -0.0000
vn 0.8071 0.5904 -0.0000
vn -0.6289 0.7775 -0.0000
vn -0.5773 0.8166 -0.0000
vn -0.6779 0.7352 -0.0000
vn -0.8436 0.5369 -0.0000
vn -0.8071 0.5904 -0.0000
vn -0.8766 0.4812 -0.0000
vn -0.1931 -0.9812 -0.0000
vn 0.4087 0.9127 -0.0000
vn -0.9059 0.4234 -0.0000
vn -0.3182 -0.9480 -0.0000
vn -0.3789 -0.9254 -0.0000
vn -0.2562 -0.9666 -0.0000
vn 0.4953 -0.8687 -0.0000
vn 0.4381 -0.8989 -0.0000
vn 0.5505 -0.8348 -0.0000
vn 0.9842 0.1772 -0.0000
vn 0.9936 0.1131 -0.0000
vn 0.9706 0.2405 -0.0000
vn -0.9427 -0.3336 -0.0000
vn -0.9623 -0.2718 -0.0000
vn -0.9192 -0.3939 -0.0000
vn 0.1292 -0.9916 -0.0000
vn 0.0647 -0.9979 -0.0000
vn -0.4381 -0.8990 -0.0000
vn -0.4380 -0.8990 -0.0000
vn -0.4953 -0.8687 -0.0000
vn 0.9988 0.0486 -0.0000
vn -0.0970 0.9953 -0.0000
vn -0.0324 0.9995 -0.0000
vn -0.1612 0.9869 -0.0000
vn -0.7241 0.6897 -0.0000
vn -0.8917 -0.4525 -0.0000
vn 0.8606 -0.5093 -0.0000
vn -0.7460 -0.6659 -0.0000
vn -0.7876 -0.6162 -0.0000
vn 0.1612 0.9869 -0.0000
vn -0.4669 0.8843 -0.0000
vn -0.4087 0.9127 -0.0000
vn -0.5232 0.8522 -0.0000
vn 0.9530 0.3028 -0.0000
vn -0.9779 -0.2090 -0.0000
vn 0.9623 -0.2718 -0.0000
vn -0.3488 0.9372 -0.0000
vn -0.2874 0.9578 -0.0000
vn -0.6034 -0.7974 -0.0000
vn -0.6538 -0.7567 -0.0000
vn -0.6537 -0.7567 -0.0000
vn -0.5505 -0.8348 -0.0000
vn 0.9779 -0.2090 -0.0000
vn -0.2248 0.9744 -0.0000
vn -0.7672 0.6414 -0.0000
vn 0.8258 -0.5640 -0.0000
vn 0.7876 -0.6162 -0.0000
vn -0.7014 -0.7128 -0.0000
vn -0.9314 0.3639 -0.0000
vn 0.9314 0.3639 -0.0000
vn 0.9059 0.4234 -0.0000
vn -0.9894 -0.1452 -0.0000
vn 0.7460 -0.6659 -0.0000
vn 0.8436 0.5369 -0.0000
vn 0.8766 0.4812 -0.0000
vn 0.2166 -0.2329 -0.9481
vn 0.3240 -0.1930 -0.9262
vn -0.1802 0.6462 -0.7416
vn -0.4321 -0.0607 -0.8998
vn -0.4775 0.0791 -0.8750
vn -0.0587 0.4157 -0.9076
vn -0.0503 0.4847 -0.8732
vn 0.1281 0.6115 -0.7808
vn -0.3717 -0.0049 -0.9283
vn 0.1842 0.0188 -0.9827
vn 0.3490 0.2897 -0.8912
vn 0.5156 0.0915 -0.8519
vn 0.2729 -0.1803 -0.9450
vn 0.3356 -0.3484 -0.8752
vn 0.2913 -0.3949 -0.8713
vn 0.2467 0.0260 0.9687
vn 0.4477 0.4970 0.7434
vn 0.3553 0.4437 0.8228
vn 0.0648 0.4991 0.8641
vn 0.1725 0.3236 0.9303
vn 0.1725 0.3235 0.9303
vn 0.0690 -0.3220 0.9442
vn 0.1677 -0.2931 0.9413
vn 0.2928 -0.2281 0.9286
vn -0.3611 0.2577 0.8962
vn -0.3290 0.1751 0.9280
vn -0.3410 -0.0372 0.9393
vn -0.3294 -0.0433 0.9432
vn -0.3236 -0.0165 0.9460
vn -0.3076 0.2306 0.9232
vn -0.3377 0.2047 0.9187
vn -0.4692 0.0892 0.8786
vn -0.6251 -0.0444 0.7793
vn -0.6221 0.0183 0.7827
vn -0.5246 0.0712 0.8484
vn 0.2788 0.6884 0.6697
vn 0.0856 0.6433 0.7608
vn 0.4029 0.1049 0.9092
vn 0.2592 0.1713 0.9505
vn -0.2402 -0.1652 -0.9566
vn 0.4661 0.0130 -0.8847
vn 0.1692 0.5829 -0.7947
vn -0.0239 0.4407 -0.8973
vn -0.0173 0.4428 -0.8964
vn -0.0173 0.4427 -0.8965
vn -0.0374 0.4211 -0.9063
vn 0.5213 0.0803 -0.8496
vn -0.0220 0.0581 -0.9981
vn 0.0410 -0.0344 -0.9986
vn 0.0394 0.0663 -0.9970
vn -0.0750 0.0866 -0.9934
vn -0.2272 -0.2271 -0.9470
vn -0.4171 -0.1818 -0.8905
vn -0.4171 -0.1817 -0.8905
vn 0.0182 -0.4118 -0.9111
vn -0.0217 0.0211 -0.9995
vn 0.5866 0.2128 -0.7815
vn 0.2052 0.5779 -0.7899
vn 0.1780 0.6465 -0.7419
vn 0.1168 0.2892 0.9501
vn 0.1166 0.2892 0.9501
vn -0.1110 0.1984 0.9738
vn -0.3859 0.7432 0.5466
vn 0.4598 -0.1496 0.8754
vn 0.4626 0.5322 0.7090
vn 0.3066 0.8125 -0.4958
vn 0.0935 0.8125 -0.5755
vn 0.3476 0.8075 -0.4766
vn 0.4903 0.4185 0.7645
vn 0.5502 -0.3401 0.7626
vn 0.0013 -0.3247 0.9458
vn 0.0450 -0.1244 0.9912
vn 0.0443 -0.2491 0.9675
vn 0.0319 -0.3220 0.9462
vn -0.0886 0.0762 0.9931
vn -0.0500 0.0761 0.9958
vn -0.0500 0.0760 0.9959
vn -0.1225 0.7574 0.6414
vn 0.0896 0.9960 0.0060
vn -0.8239 -0.5667 -0.0000
vn -0.9530 0.3028 0.0001
vn 0.7013 -0.7129 -0.0000
vn 0.2565 -0.9665 -0.0000
vn 0.5773 0.8165 -0.0000
vn 0.9427 -0.3335 -0.0000
vn -0.6290 0.7774 -0.0000
vn -0.6779 0.7351 -0.0000
vn -0.2565 -0.9665 -0.0002
vn -0.2563 -0.9666 -0.0000
vn 0.4954 -0.8687 -0.0000
vn 0.4380 -0.8990 -0.0000
vn 0.5506 -0.8348 -0.0000
vn 0.9710 0.2391 -0.0029
vn -0.1613 0.9869 -0.0000
vn -0.7240 0.6898 -0.0001
vn -0.7244 0.6894 -0.0000
vn -0.7461 -0.6659 -0.0000
vn 0.1611 0.9869 -0.0000
vn -0.4664 0.8846 -0.0000
vn 0.9530 0.3029 -0.0000
vn -0.2880 0.9576 0.0004
vn -0.6037 -0.7972 0.0001
vn 0.9779 -0.2089 -0.0001
vn 0.8437 0.5368 -0.0000
vn 0.8438 0.5367 0.0002
vn 0.8765 0.4813 0.0001
vt 0.113588 0.342140
vt 0.125987 0.328461
vt 0.122193 0.357711
vt 0.174735 0.392648
vt 0.166749 0.368113
vt 0.173910 0.377601
vt 0.147649 0.370752
vt 0.164348 0.386542
vt 0.141400 0.354985
vt 0.156444 0.346253
vt 0.126148 0.377112
vt 0.169464 0.337633
vt 0.176863 0.358183
vt 0.216737 0.392123
vt 0.221148 0.360565
vt 0.246839 0.383595
vt 0.187331 0.399459
vt 0.199300 0.386517
vt 0.191787 0.374467
vt 0.186630 0.362542
vt 0.192403 0.342042
vt 0.204645 0.341835
vt 0.212816 0.372530
vt 0.236421 0.363771
vt 0.237715 0.349390
vt 0.228953 0.344148
vt 0.223399 0.334225
vt 0.253229 0.379601
vt 0.260605 0.350606
vt 0.256545 0.363165
vt 0.214026 0.434083
vt 0.243915 0.431321
vt 0.229104 0.437347
vt 0.245211 0.413015
vt 0.256984 0.416207
vt 0.226477 0.410535
vt 0.262297 0.390261
vt 0.279296 0.391318
vt 0.282377 0.409227
vt 0.272086 0.412003
vt 0.272732 0.383076
vt 0.287391 0.389741
vt 0.281063 0.365950
vt 0.301369 0.373948
vt 0.245912 0.449186
vt 0.280189 0.446155
vt 0.260799 0.471602
vt 0.268429 0.428057
vt 0.279835 0.470543
vt 0.295995 0.457930
vt 0.290765 0.429957
vt 0.305941 0.431669
vt 0.317010 0.451633
vt 0.313390 0.417592
vt 0.323258 0.429761
vt 0.317905 0.411797
vt 0.298291 0.408460
vt 0.331700 0.415553
vt 0.339738 0.429704
vt 0.327507 0.395770
vt 0.343918 0.403751
vt 0.313666 0.393270
vt 0.281143 0.482938
vt 0.344671 0.440143
vt 0.341907 0.447935
vt 0.358556 0.431832
vt 0.358504 0.415773
vt 0.190218 0.469888
vt 0.179592 0.477805
vt 0.177436 0.459329
vt 0.162942 0.458671
vt 0.185019 0.436265
vt 0.199649 0.426396
vt 0.171374 0.439478
vt 0.182160 0.528772
vt 0.171502 0.516930
vt 0.186199 0.517528
vt 0.179245 0.506491
vt 0.205272 0.510209
vt 0.168888 0.502820
vt 0.166297 0.489233
vt 0.179306 0.495023
vt 0.198085 0.490514
vt 0.210416 0.505891
vt 0.192538 0.496559
vt 0.189136 0.542010
vt 0.218831 0.535888
vt 0.171679 0.536598
vt 0.216224 0.529500
vt 0.225292 0.526370
vt 0.168539 0.479007
vt 0.124334 0.485103
vt 0.108129 0.474637
vt 0.111566 0.456980
vt 0.100013 0.452733
vt 0.102166 0.428801
vt 0.121781 0.424912
vt 0.127224 0.442108
vt 0.114293 0.405750
vt 0.130926 0.407568
vt 0.135512 0.379295
vt 0.132803 0.471503
vt 0.135178 0.461574
vt 0.145346 0.463906
vt 0.148656 0.443588
vt 0.136767 0.435397
vt 0.146536 0.429765
vt 0.144196 0.394916
vt 0.102834 0.530343
vt 0.113468 0.498328
vt 0.093241 0.491571
vt 0.135457 0.499305
vt 0.096954 0.547197
vt 0.117604 0.536458
vt 0.108110 0.570349
vt 0.123260 0.551341
vt 0.124673 0.520059
vt 0.131341 0.547775
vt 0.138369 0.541908
vt 0.136316 0.555461
vt 0.141112 0.527121
vt 0.145999 0.540793
vt 0.149159 0.520047
vt 0.157147 0.543447
vt 0.134033 0.513917
vt 0.138475 0.509746
vt 0.150558 0.490669
vt 0.157611 0.510234
vt 0.122599 0.581719
vt 0.133590 0.576992
vt 0.142985 0.560671
vt 0.089611 0.584266
vt 0.116438 0.595406
vt 0.161302 0.415240
vt 0.090085 0.509115
vt 0.088805 0.454696
vt 0.078198 0.438654
vt 0.092194 0.407780
vt 0.089615 0.372857
vt 0.100770 0.385201
vt 0.081529 0.396834
vt 0.092851 0.332989
vt 0.100844 0.347455
vt 0.078204 0.364531
vt 0.069133 0.340387
vt 0.063673 0.377694
vt 0.067858 0.365975
vt 0.074542 0.404571
vt 0.054594 0.391662
vt 0.054151 0.378446
vt 0.049398 0.365649
vt 0.052685 0.358917
vt 0.063855 0.427154
vt 0.053471 0.415929
vt 0.039554 0.403734
vt 0.040830 0.413562
vt 0.025146 0.390685
vt 0.053541 0.458981
vt 0.040834 0.437834
vt 0.049478 0.423828
vt 0.079491 0.478611
vt 0.070109 0.455257
vt 0.067476 0.487317
vt 0.040992 0.455692
vt 0.957613 0.365920
vt 0.936103 0.354098
vt 0.953439 0.340878
vt 0.028054 0.453726
vt 0.020624 0.478196
vt 0.000099 0.458070
vt 0.927710 0.397160
vt 0.927158 0.423995
vt 0.913856 0.404133
vt 0.889871 0.388206
vt 0.894866 0.380745
vt 0.910472 0.386508
vt 0.924618 0.369917
vt 0.950813 0.388020
vt 0.933719 0.379887
vt 0.937260 0.450149
vt 0.927473 0.444533
vt 0.939385 0.426550
vt 0.917951 0.429247
vt 0.934931 0.410924
vt 0.906948 0.410563
vt 0.915509 0.457641
vt 0.905874 0.468263
vt 0.896045 0.442384
vt 0.930204 0.454171
vt 0.916059 0.447371
vt 0.893795 0.436152
vt 0.901245 0.423608
vt 0.871278 0.419548
vt 0.894246 0.406195
vt 0.874014 0.435124
vt 0.848057 0.408148
vt 0.863716 0.408997
vt 0.884753 0.399793
vt 0.876048 0.399465
vt 0.862025 0.387486
vt 0.848453 0.393301
vt 0.882403 0.471548
vt 0.883481 0.452036
vt 0.853828 0.433381
vt 0.844010 0.417007
vt 0.832972 0.435237
vt 0.834568 0.421687
vt 0.076686 0.509690
vt 0.088847 0.547283
vt 0.058320 0.529300
vt 0.079029 0.551381
vt 0.070781 0.561625
vt 0.062180 0.552232
vt 0.056035 0.514244
vt 0.066908 0.575604
vt 0.952414 0.519483
vt 0.941698 0.496828
vt 0.968419 0.509155
vt 0.960562 0.496351
vt 0.969520 0.490413
vt 0.976510 0.486774
vt 0.960658 0.487445
vt 0.930495 0.484788
vt 0.944782 0.470265
vt 0.944981 0.486789
vt 0.958272 0.475353
vt 0.931314 0.471230
vt 0.951369 0.544216
vt 0.963561 0.532496
vt 0.973510 0.560240
vt 0.976527 0.534319
vt 0.934162 0.520529
vt 0.921318 0.501146
vt 0.920941 0.483018
vt 0.922946 0.471664
vt 0.077386 0.594070
vt 0.938218 0.566988
vt 0.925960 0.575432
vt 0.926916 0.563112
vt 0.957965 0.568584
vt 0.988979 0.554022
vt 0.850674 0.512369
vt 0.833489 0.513906
vt 0.836072 0.495434
vt 0.801870 0.489251
vt 0.854529 0.498085
vt 0.853621 0.488059
vt 0.873468 0.488424
vt 0.852698 0.474943
vt 0.818572 0.463138
vt 0.838390 0.462283
vt 0.785096 0.496656
vt 0.806947 0.467790
vt 0.785472 0.480423
vt 0.756661 0.466283
vt 0.785096 0.466101
vt 0.852402 0.535003
vt 0.827889 0.528856
vt 0.805668 0.525993
vt 0.780809 0.505346
vt 0.781424 0.514058
vt 0.765615 0.513166
vt 0.762929 0.494883
vt 0.746215 0.488238
vt 0.731150 0.469769
vt 0.744877 0.528140
vt 0.689013 0.464471
vt 0.663901 0.463860
vt 0.659400 0.449276
vt 0.708716 0.475249
vt 0.702794 0.456705
vt 0.093725 0.313966
vt 0.109500 0.297268
vt 0.109538 0.323161
vt 0.158372 0.327371
vt 0.171151 0.312165
vt 0.150619 0.317716
vt 0.159179 0.304226
vt 0.133027 0.303430
vt 0.144877 0.291546
vt 0.138951 0.325277
vt 0.087708 0.288410
vt 0.115338 0.283516
vt 0.126012 0.288497
vt 0.100894 0.263425
vt 0.094672 0.277766
vt 0.127569 0.266366
vt 0.136740 0.271462
vt 0.114521 0.247459
vt 0.116825 0.223816
vt 0.115488 0.227946
vt 0.129490 0.253091
vt 0.147229 0.272626
vt 0.162465 0.281751
vt 0.173592 0.286867
vt 0.186537 0.307074
vt 0.180946 0.325869
vt 0.193410 0.309877
vt 0.211552 0.323968
vt 0.095588 0.285088
vt 0.201451 0.310276
vt 0.065182 0.252386
vt 0.091803 0.270402
vt 0.065898 0.287350
vt 0.059222 0.348441
vt 0.044515 0.305691
vt 0.046907 0.289841
vt 0.046394 0.271559
vt 0.059665 0.274751
vt 0.034909 0.283615
vt 0.926862 0.185858
vt 0.904727 0.164484
vt 0.928767 0.163611
vt 0.919431 0.160511
vt 0.914228 0.145801
vt 0.905440 0.183845
vt 0.050926 0.233784
vt 0.081837 0.248257
vt 0.059542 0.218330
vt 0.061275 0.208300
vt 0.079375 0.211196
vt 0.096638 0.242898
vt 0.023110 0.267658
vt 0.016112 0.258696
vt 0.022558 0.255031
vt 0.048700 0.249179
vt 0.040991 0.242332
vt 0.057051 0.266611
vt 0.007710 0.235758
vt 0.029995 0.225561
vt 0.035235 0.214794
vt 0.014750 0.211740
vt 0.048300 0.191809
vt 0.023924 0.194060
vt 0.056518 0.349494
vt 0.051124 0.369405
vt 0.052098 0.357967
vt 0.959412 0.270532
vt 0.947313 0.275147
vt 0.946370 0.261623
vt 0.030552 0.330281
vt 0.030821 0.307317
vt 0.012905 0.300414
vt 0.940637 0.243284
vt 0.929276 0.245510
vt 0.014738 0.284208
vt 0.949431 0.304786
vt 0.942639 0.283460
vt 0.961026 0.289762
vt 0.040576 0.356468
vt 0.923008 0.275145
vt 0.933287 0.261222
vt 0.892429 0.208466
vt 0.871297 0.214136
vt 0.862788 0.166886
vt 0.924565 0.204516
vt 0.921717 0.231891
vt 0.897941 0.192995
vt 0.885169 0.220941
vt 0.913613 0.253993
vt 0.912937 0.232384
vt 0.891724 0.250380
vt 0.898636 0.231773
vt 0.893375 0.213335
vt 0.875538 0.212702
vt 0.902879 0.223369
vt 0.865778 0.202170
vt 0.929640 0.337530
vt 0.942051 0.323590
vt 0.931295 0.296307
vt 0.897987 0.317598
vt 0.914273 0.290978
vt 0.891701 0.286058
vt 0.898946 0.275652
vt 0.867327 0.253495
vt 0.875126 0.257547
vt 0.912877 0.353501
vt 0.883943 0.354535
vt 0.910148 0.341075
vt 0.914485 0.326987
vt 0.861868 0.379965
vt 0.858602 0.366290
vt 0.897472 0.364531
vt 0.854293 0.343009
vt 0.882686 0.334258
vt 0.918492 0.316077
vt 0.879252 0.298939
vt 0.860475 0.307898
vt 0.849095 0.280025
vt 0.849693 0.263538
vt 0.836095 0.249505
vt 0.847595 0.240199
vt 0.826589 0.255803
vt 0.816095 0.260493
vt 0.824886 0.226706
vt 0.803529 0.239379
vt 0.838549 0.233505
vt 0.812442 0.305743
vt 0.836082 0.295716
vt 0.842275 0.328438
vt 0.814463 0.279803
vt 0.786617 0.267591
vt 0.766816 0.245308
vt 0.785580 0.238344
vt 0.779955 0.287546
vt 0.755730 0.284593
vt 0.753368 0.264793
vt 0.798709 0.287674
vt 0.831961 0.371316
vt 0.835205 0.358994
vt 0.838898 0.343236
vt 0.831640 0.383146
vt 0.820582 0.388884
vt 0.819245 0.377151
vt 0.813093 0.357238
vt 0.813318 0.345842
vt 0.817240 0.334015
vt 0.799648 0.334503
vt 0.811838 0.365628
vt 0.788901 0.355860
vt 0.786975 0.346879
vt 0.777522 0.359493
vt 0.770527 0.339862
vt 0.775615 0.328471
vt 0.782461 0.318495
vt 0.760471 0.324730
vt 0.798854 0.382137
vt 0.800264 0.368619
vt 0.766882 0.298743
vt 0.758749 0.305993
vt 0.743400 0.323060
vt 0.739522 0.319583
vt 0.729608 0.307563
vt 0.741864 0.293214
vt 0.732884 0.276224
vt 0.710865 0.293029
vt 0.730533 0.262920
vt 0.751441 0.334091
vt 0.749853 0.326880
vt 0.727950 0.329637
vt 0.709437 0.330615
vt 0.704636 0.316402
vt 0.719510 0.313497
vt 0.703871 0.300331
vt 0.815777 0.321609
vt 0.835317 0.403386
vt 0.826337 0.402236
vt 0.830649 0.391492
vt 0.818443 0.416904
vt 0.804246 0.402537
vt 0.806193 0.382175
vt 0.808189 0.437179
vt 0.782496 0.424629
vt 0.785032 0.404656
vt 0.818139 0.431075
vt 0.771020 0.452283
vt 0.753482 0.427071
vt 0.768632 0.431594
vt 0.785286 0.440334
vt 0.767549 0.399374
vt 0.788660 0.394150
vt 0.753652 0.407137
vt 0.745052 0.394461
vt 0.774680 0.368762
vt 0.759599 0.387150
vt 0.728877 0.376603
vt 0.724186 0.388243
vt 0.713557 0.369677
vt 0.743091 0.363700
vt 0.759042 0.370145
vt 0.715503 0.355548
vt 0.725522 0.352129
vt 0.735313 0.427081
vt 0.727649 0.410372
vt 0.717440 0.415769
vt 0.740262 0.465476
vt 0.737960 0.460519
vt 0.712870 0.431086
vt 0.696229 0.377179
vt 0.698274 0.352800
vt 0.692386 0.327247
vt 0.706378 0.446491
vt 0.749564 0.351579
vt 0.700216 0.390074
vt 0.682519 0.370816
vt 0.668621 0.377248
vt 0.666948 0.358206
vt 0.654195 0.366434
vt 0.682492 0.342481
vt 0.659872 0.329757
vt 0.667904 0.310221
vt 0.687157 0.410493
vt 0.665991 0.401950
vt 0.654929 0.401762
vt 0.641884 0.372316
vt 0.603827 0.401572
vt 0.587179 0.387903
vt 0.609814 0.387453
vt 0.622021 0.345489
vt 0.641524 0.337903
vt 0.678530 0.448836
vt 0.643139 0.438296
vt 0.670741 0.432558
vt 0.623251 0.433532
vt 0.627193 0.426207
vt 0.581635 0.414445
vt 0.570872 0.401215
vt 0.594631 0.410704
vt 0.611851 0.429264
vt 0.607713 0.412259
vt 0.590367 0.396526
vt 0.122119 0.225327
vt 0.105531 0.212010
vt 0.113404 0.222955
vt 0.090984 0.210844
vt 0.022463 0.092296
vt 0.086357 0.196843
vt 0.117161 0.125177
vt 0.116745 0.099991
vt 0.131815 0.111255
vt 0.138006 0.093086
vt 0.043884 0.175988
vt 0.029528 0.176277
vt 0.039897 0.150275
vt 0.059648 0.162672
vt 0.072157 0.129347
vt 0.073468 0.153165
vt 0.095299 0.138159
vt 0.091927 0.125579
vt 0.077824 0.117409
vt 0.096891 0.116215
vt 0.922232 0.121697
vt 0.909168 0.117479
vt 0.917398 0.101661
vt 0.058240 0.088740
vt 0.092793 0.191056
vt 0.083286 0.045874
vt 0.094672 0.153224
vt 0.106854 0.154397
vt 0.106564 0.146245
vt 0.122960 0.131430
vt 0.106164 0.125257
vt 0.095489 0.180481
vt 0.112411 0.181982
vt 0.125729 0.214460
vt 0.291462 0.059433
vt 0.088041 0.133927
vt 0.302169 0.049224
vt 0.120404 0.118862
vt 0.337745 0.014433
vt 0.119699 0.146948
vt 0.146256 0.152652
vt 0.172206 0.140606
vt 0.123891 0.175854
vt 0.134553 0.110904
vt 0.175401 0.134629
vt 0.179473 0.134363
vt 0.170593 0.133367
vt 0.196891 0.142932
vt 0.181935 0.027073
vt 0.188221 0.129480
vt 0.180492 0.137306
vt 0.173637 0.117545
vt 0.133232 0.197535
vt 0.142809 0.202368
vt 0.140763 0.221538
vt 0.152656 0.185259
vt 0.172479 0.183436
vt 0.159503 0.214329
vt 0.167648 0.205423
vt 0.180907 0.173549
vt 0.183855 0.189600
vt 0.143951 0.237490
vt 0.155166 0.238972
vt 0.174870 0.210605
vt 0.187408 0.216847
vt 0.195726 0.197680
vt 0.190047 0.271693
vt 0.182151 0.267026
vt 0.192166 0.240427
vt 0.181289 0.237365
vt 0.173884 0.241486
vt 0.164688 0.251276
vt 0.168895 0.230021
vt 0.205453 0.228739
vt 0.208000 0.254588
vt 0.208883 0.211904
vt 0.212392 0.195372
vt 0.216152 0.187906
vt 0.263254 0.040308
vt 0.219416 0.142694
vt 0.232380 0.068554
vt 0.198713 0.119254
vt 0.209172 0.136772
vt 0.182078 0.112755
vt 0.165649 0.140189
vt 0.211610 0.115612
vt 0.198692 0.099939
vt 0.162495 0.145610
vt 0.133619 0.243708
vt 0.185123 0.113114
vt 0.173403 0.088395
vt 0.194824 0.089121
vt 0.157021 0.071942
vt 0.202708 0.100301
vt 0.235541 0.087368
vt 0.234939 0.072157
vt 0.192850 0.052995
vt 0.242341 0.049968
vt 0.218853 0.029174
vt 0.185197 0.021639
vt 0.126059 0.048887
vt 0.143536 0.051836
vt 0.127227 0.061589
vt 0.121670 0.075593
vt 0.134830 0.063387
vt 0.136547 0.077065
vt 0.850491 0.889402
vt 0.845668 0.865136
vt 0.853804 0.873377
vt 0.876463 0.902976
vt 0.865230 0.891501
vt 0.877105 0.891987
vt 0.855230 0.061308
vt 0.856281 0.072814
vt 0.829982 0.069529
vt 0.088293 0.101224
vt 0.088653 0.088911
vt 0.101712 0.095356
vt 0.882573 0.897871
vt 0.888947 0.899866
vt 0.886080 0.891899
vt 0.883153 0.889107
vt 0.886105 0.880343
vt 0.874808 0.875936
vt 0.893182 0.886610
vt 0.906363 0.889501
vt 0.893606 0.879713
vt 0.901480 0.865278
vt 0.166513 0.029152
vt 0.166146 0.020741
vt 0.080155 0.096550
vt 0.892530 0.083321
vt 0.868349 0.090242
vt 0.287528 0.061012
vt 0.838177 0.075157
vt 0.863248 0.876472
vt 0.871378 0.862275
vt 0.842714 0.842657
vt 0.853492 0.842938
vt 0.862754 0.846153
vt 0.899993 0.853478
vt 0.793255 0.056808
vt 0.795384 0.069010
vt 0.771615 0.062074
vt 0.766598 0.036842
vt 0.898925 0.817888
vt 0.878955 0.843776
vt 0.172481 0.020353
vt 0.163786 0.090964
vt 0.875086 0.064924
vt 0.890200 0.095646
vt 0.878748 0.153236
vt 0.856108 0.143237
vt 0.871967 0.141065
vt 0.889677 0.131169
vt 0.876209 0.110201
vt 0.892057 0.118272
vt 0.855047 0.111347
vt 0.843916 0.132275
vt 0.843231 0.140698
vt 0.832879 0.125239
vt 0.814067 0.117286
vt 0.830052 0.109298
vt 0.853347 0.097290
vt 0.842579 0.150851
vt 0.827936 0.166554
vt 0.822381 0.154960
vt 0.815441 0.129652
vt 0.798979 0.145243
vt 0.811655 0.149241
vt 0.799566 0.109546
vt 0.791808 0.116896
vt 0.826082 0.096676
vt 0.801569 0.095489
vt 0.789793 0.114350
vt 0.783689 0.124325
vt 0.784089 0.127965
vt 0.769572 0.090046
vt 0.781206 0.079021
vt 0.792947 0.225628
vt 0.780701 0.196484
vt 0.794764 0.213032
vt 0.799951 0.198631
vt 0.798282 0.192215
vt 0.779727 0.173714
vt 0.777985 0.117439
vt 0.769304 0.114831
vt 0.761233 0.178370
vt 0.759397 0.155222
vt 0.769801 0.107811
vt 0.853186 0.204483
vt 0.748256 0.064737
vt 0.748846 0.063413
vt 0.752370 0.057495
vt 0.748932 0.069191
vt 0.753191 0.056610
vt 0.754679 0.054912
vt 0.750349 0.052771
vt 0.756948 0.050276
vt 0.757842 0.047382
vt 0.753455 0.037890
vt 0.758135 0.045836
vt 0.758585 0.044292
vt 0.758599 0.092924
vt 0.746154 0.099303
vt 0.736793 0.086917
vt 0.739925 0.078511
vt 0.760406 0.076549
vt 0.753006 0.063794
vt 0.732156 0.095685
vt 0.708502 0.089177
vt 0.726872 0.076614
vt 0.724096 0.078079
vt 0.716695 0.081435
vt 0.720086 0.080064
vt 0.728509 0.076230
vt 0.729880 0.075835
vt 0.732911 0.075119
vt 0.737055 0.073923
vt 0.741122 0.071538
vt 0.745124 0.067725
vt 0.746798 0.065923
vt 0.747893 0.065024
vt 0.688081 0.111702
vt 0.700749 0.119312
vt 0.687832 0.126411
vt 0.668579 0.115413
vt 0.674378 0.099141
vt 0.699201 0.068151
vt 0.689632 0.090557
vt 0.749220 0.142588
vt 0.737232 0.144315
vt 0.734196 0.139072
vt 0.708353 0.131000
vt 0.721052 0.115586
vt 0.748524 0.130105
vt 0.762393 0.121522
vt 0.733381 0.106355
vt 0.741723 0.152273
vt 0.749156 0.162542
vt 0.736761 0.161628
vt 0.725070 0.146467
vt 0.744889 0.058847
vt 0.238285 0.051783
vt 0.148066 0.063388
vt 0.138411 0.072300
vt 0.229765 0.069879
vt 0.246489 0.040329
vt 0.397062 0.073181
vt 0.310708 0.026183
vt 0.277307 0.047674
vt 0.145474 0.037263
vt 0.601666 0.007934
vt 0.308647 0.062208
vt 0.452695 0.014271
vt 0.397312 0.016182
vt 0.188431 0.026038
vt 0.593250 0.005486
vt 0.575404 0.010559
vt 0.711763 0.084288
vt 0.706860 0.086082
vt 0.658351 0.095422
vt 0.648359 0.077756
vt 0.653678 0.095305
vt 0.233573 0.083226
vt 0.144010 0.035910
vt 0.174945 0.040528
vt 0.328829 0.066764
vt 0.350389 0.082378
vt 0.354878 0.081982
vt 0.358112 0.062396
vt 0.396406 0.084444
vt 0.369912 0.104107
vt 0.352086 0.100221
vt 0.334118 0.104321
vt 0.360193 0.121170
vt 0.343374 0.126312
vt 0.398595 0.097771
vt 0.389898 0.071918
vt 0.378112 0.078465
vt 0.381592 0.078358
vt 0.388263 0.077983
vt 0.391331 0.077172
vt 0.591773 0.065927
vt 0.603518 0.079992
vt 0.604984 0.082361
vt 0.330156 0.140104
vt 0.342808 0.138800
vt 0.321917 0.116485
vt 0.320320 0.143033
vt 0.308902 0.136152
vt 0.355832 0.139959
vt 0.307891 0.100292
vt 0.320965 0.066484
vt 0.299374 0.089354
vt 0.333537 0.062558
vt 0.306096 0.108637
vt 0.355707 0.101180
vt 0.324998 0.085220
vt 0.328911 0.085194
vt 0.370485 0.080069
vt 0.375672 0.079063
vt 0.360267 0.081561
vt 0.365356 0.080908
vt 0.233861 0.195695
vt 0.233001 0.161142
vt 0.242817 0.180653
vt 0.229628 0.222621
vt 0.255986 0.204695
vt 0.246398 0.231568
vt 0.250850 0.041887
vt 0.228009 0.142333
vt 0.248412 0.137156
vt 0.254736 0.143176
vt 0.298230 0.049382
vt 0.248524 0.123233
vt 0.259381 0.131994
vt 0.222796 0.125216
vt 0.247617 0.112191
vt 0.227613 0.107891
vt 0.236781 0.091666
vt 0.244739 0.095935
vt 0.237441 0.069481
vt 0.246990 0.082596
vt 0.209737 0.075877
vt 0.181886 0.134452
vt 0.266160 0.187827
vt 0.277981 0.208434
vt 0.277376 0.193331
vt 0.279270 0.183808
vt 0.270808 0.141735
vt 0.291913 0.067048
vt 0.370951 0.031571
vt 0.304037 0.058105
vt 0.291249 0.182083
vt 0.442927 -0.002788
vt 0.306413 0.179399
vt 0.538514 0.005943
vt 0.348514 0.061586
vt 0.318674 0.064066
vt 0.286430 0.143246
vt 0.273907 0.141259
vt 0.302693 0.145712
vt 0.263389 0.141902
vt 0.284243 0.131772
vt 0.323783 0.117453
vt 0.292802 0.126510
vt 0.263051 0.135891
vt 0.238275 0.121019
vt 0.301442 0.111338
vt 0.283525 0.102638
vt 0.277748 0.090371
vt 0.331768 0.142987
vt 0.208323 0.304545
vt 0.238363 0.296786
vt 0.238950 0.308470
vt 0.207344 0.288023
vt 0.238599 0.271447
vt 0.234149 0.242712
vt 0.280790 0.275766
vt 0.296425 0.266280
vt 0.296439 0.285731
vt 0.307286 0.307299
vt 0.315950 0.293983
vt 0.266032 0.274877
vt 0.268812 0.238012
vt 0.285573 0.251781
vt 0.310372 0.249630
vt 0.286954 0.235857
vt 0.266978 0.217041
vt 0.315549 0.274016
vt 0.294048 0.222761
vt 0.341777 0.327582
vt 0.361674 0.307977
vt 0.354235 0.327904
vt 0.332940 0.299424
vt 0.364834 0.316329
vt 0.353346 0.286716
vt 0.371501 0.295958
vt 0.364075 0.279090
vt 0.380980 0.308263
vt 0.375522 0.328344
vt 0.389323 0.301082
vt 0.384216 0.287279
vt 0.337180 0.257751
vt 0.321060 0.238754
vt 0.339807 0.250157
vt 0.371777 0.226820
vt 0.393726 0.223619
vt 0.395822 0.237697
vt 0.387373 0.215219
vt 0.405642 0.217147
vt 0.336824 0.268712
vt 0.403488 0.290612
vt 0.398237 0.283337
vt 0.394133 0.248123
vt 0.406980 0.274022
vt 0.394227 0.264280
vt 0.409284 0.257131
vt 0.406280 0.243686
vt 0.409709 0.233368
vt 0.406398 0.309051
vt 0.416945 0.294723
vt 0.419958 0.280537
vt 0.428709 0.289858
vt 0.421588 0.268531
vt 0.416628 0.241374
vt 0.422122 0.250299
vt 0.427641 0.261662
vt 0.441219 0.251952
vt 0.448634 0.273224
vt 0.430885 0.247193
vt 0.425448 0.237969
vt 0.430965 0.237325
vt 0.324533 0.267162
vt 0.337640 0.230068
vt 0.357244 0.242588
vt 0.363513 0.238122
vt 0.332715 0.222778
vt 0.365230 0.386234
vt 0.365920 0.405950
vt 0.354391 0.390399
vt 0.356613 0.376314
vt 0.336748 0.358187
vt 0.362502 0.357901
vt 0.368822 0.364247
vt 0.362770 0.335681
vt 0.378090 0.399062
vt 0.381076 0.381399
vt 0.405037 0.375439
vt 0.401740 0.384070
vt 0.391002 0.358640
vt 0.415356 0.368464
vt 0.384386 0.345042
vt 0.404200 0.342896
vt 0.373758 0.340702
vt 0.387484 0.328266
vt 0.394680 0.323821
vt 0.415853 0.336886
vt 0.415246 0.325059
vt 0.427952 0.342107
vt 0.433154 0.320572
vt 0.451120 0.334850
vt 0.448909 0.346265
vt 0.432767 0.381818
vt 0.430534 0.365028
vt 0.444375 0.356115
vt 0.390630 0.406434
vt 0.377940 0.427352
vt 0.365930 0.418316
vt 0.406021 0.402485
vt 0.432348 0.406964
vt 0.607853 0.372922
vt 0.582221 0.350226
vt 0.610309 0.355760
vt 0.624425 0.353605
vt 0.533982 0.362290
vt 0.510476 0.347472
vt 0.530714 0.351439
vt 0.565369 0.343748
vt 0.577599 0.332469
vt 0.513712 0.335731
vt 0.562630 0.319442
vt 0.549044 0.321910
vt 0.549280 0.384850
vt 0.528856 0.369374
vt 0.508347 0.373265
vt 0.523206 0.383381
vt 0.519961 0.391371
vt 0.503153 0.364382
vt 0.528380 0.375710
vt 0.570352 0.357097
vt 0.579802 0.354533
vt 0.502476 0.325517
vt 0.500061 0.308592
vt 0.586494 0.371571
vt 0.460569 0.358460
vt 0.481256 0.352552
vt 0.471244 0.329560
vt 0.484950 0.346594
vt 0.490622 0.335523
vt 0.445825 0.317846
vt 0.498103 0.383081
vt 0.486459 0.362118
vt 0.471704 0.363930
vt 0.466624 0.304240
vt 0.459862 0.290964
vt 0.472469 0.289856
vt 0.439578 0.289823
vt 0.466903 0.314998
vt 0.452658 0.305211
vt 0.447769 0.282354
vt 0.466635 0.273811
vt 0.460202 0.268469
vt 0.484816 0.316981
vt 0.487028 0.300214
vt 0.530812 0.415080
vt 0.514408 0.398577
vt 0.533534 0.393885
vt 0.539022 0.401591
vt 0.596607 0.374518
vt 0.462086 0.381711
vt 0.497194 0.403957
vt 0.309207 0.217052
vt 0.319141 0.195246
vt 0.346012 0.195278
vt 0.347791 0.209115
vt 0.337788 0.184687
vt 0.365750 0.189676
vt 0.382525 0.195089
vt 0.370361 0.180204
vt 0.400106 0.188922
vt 0.388676 0.174846
vt 0.350434 0.164678
vt 0.380526 0.155263
vt 0.396559 0.168480
vt 0.407437 0.066789
vt 0.390252 0.064059
vt 0.370935 0.137744
vt 0.414150 0.220780
vt 0.424342 0.206174
vt 0.423625 0.222182
vt 0.437168 0.210578
vt 0.433559 0.226508
vt 0.409287 0.205908
vt 0.408155 0.192420
vt 0.422787 0.185827
vt 0.442091 0.224641
vt 0.402915 0.161579
vt 0.418364 0.163449
vt 0.405807 0.152124
vt 0.413251 0.149607
vt 0.415201 0.134250
vt 0.434339 0.156526
vt 0.403372 0.139086
vt 0.388396 0.137072
vt 0.397515 0.119220
vt 0.414629 0.119068
vt 0.430378 0.172361
vt 0.409159 0.109486
vt 0.560451 0.121555
vt 0.561024 0.114929
vt 0.572176 0.142907
vt 0.577369 0.118275
vt 0.538505 0.162071
vt 0.552459 0.154842
vt 0.562989 0.193002
vt 0.555756 0.138021
vt 0.551285 0.300492
vt 0.543695 0.270473
vt 0.560399 0.279340
vt 0.534186 0.290494
vt 0.561632 0.220346
vt 0.548998 0.204051
vt 0.541832 0.231344
vt 0.458993 0.236122
vt 0.472288 0.234418
vt 0.467925 0.252852
vt 0.462027 0.220284
vt 0.454086 0.209655
vt 0.459745 0.202026
vt 0.451800 0.199661
vt 0.464549 0.192489
vt 0.446589 0.184139
vt 0.525712 0.162291
vt 0.528338 0.138445
vt 0.473455 0.186460
vt 0.450729 0.167850
vt 0.478962 0.227176
vt 0.541870 0.176682
vt 0.490883 0.202603
vt 0.532078 0.182285
vt 0.540403 0.129908
vt 0.480840 0.264381
vt 0.493320 0.245881
vt 0.522528 0.222496
vt 0.481487 0.283774
vt 0.492238 0.283532
vt 0.523471 0.261596
vt 0.528556 0.242262
vt 0.542132 0.251470
vt 0.500698 0.262237
vt 0.694532 0.270166
vt 0.682260 0.252782
vt 0.705631 0.247734
vt 0.685405 0.235801
vt 0.660499 0.248522
vt 0.667621 0.238449
vt 0.595495 0.333090
vt 0.616572 0.319612
vt 0.641287 0.320681
vt 0.618133 0.298460
vt 0.629228 0.286009
vt 0.610432 0.278385
vt 0.606385 0.299880
vt 0.588380 0.289202
vt 0.564931 0.292816
vt 0.581748 0.270250
vt 0.581597 0.315240
vt 0.687388 0.275288
vt 0.680426 0.295586
vt 0.664160 0.272360
vt 0.671768 0.258542
vt 0.657819 0.258147
vt 0.653200 0.303714
vt 0.664457 0.299783
vt 0.635794 0.280333
vt 0.642679 0.267177
vt 0.625524 0.257107
vt 0.633704 0.251203
vt 0.641122 0.245597
vt 0.649493 0.235394
vt 0.608136 0.257567
vt 0.620113 0.233998
vt 0.633577 0.224701
vt 0.609837 0.231129
vt 0.622198 0.216231
vt 0.590856 0.248737
vt 0.572699 0.246657
vt 0.580661 0.233020
vt 0.585751 0.220617
vt 0.560337 0.262670
vt 0.706046 0.269723
vt 0.737584 0.251646
vt 0.732055 0.216571
vt 0.743295 0.235764
vt 0.753021 0.248643
vt 0.752913 0.221412
vt 0.768313 0.225568
vt 0.754543 0.200803
vt 0.735128 0.185200
vt 0.718887 0.196316
vt 0.716146 0.221943
vt 0.696898 0.189322
vt 0.723176 0.173895
vt 0.705472 0.235258
vt 0.702466 0.217232
vt 0.680009 0.224201
vt 0.684792 0.209388
vt 0.665668 0.197309
vt 0.676707 0.195185
vt 0.665735 0.215807
vt 0.654081 0.202154
vt 0.647327 0.209912
vt 0.635219 0.209582
vt 0.625272 0.194484
vt 0.641726 0.188295
vt 0.645242 0.166180
vt 0.671527 0.182925
vt 0.683097 0.186650
vt 0.694696 0.173221
vt 0.670549 0.166589
vt 0.701463 0.157240
vt 0.681855 0.138559
vt 0.612623 0.203525
vt 0.608188 0.176281
vt 0.601669 0.190561
vt 0.619241 0.169445
vt 0.633414 0.163442
vt 0.621824 0.137073
vt 0.632581 0.151547
vt 0.599947 0.164027
vt 0.615913 0.149849
vt 0.608816 0.147897
vt 0.637115 0.137560
vt 0.603599 0.127557
vt 0.614798 0.128541
vt 0.631009 0.118728
vt 0.610721 0.115942
vt 0.651969 0.155685
vt 0.653054 0.133491
vt 0.585977 0.098886
vt 0.592274 0.108689
vt 0.580637 0.102237
vt 0.595702 0.137275
vt 0.592400 0.157322
vt 0.586613 0.126232
vt 0.607081 0.092910
vt 0.603108 0.211904
vt 0.582396 0.204447
vt 0.579433 0.186370
vt 0.591572 0.179032
vt 0.579728 0.158626
vt 0.723994 0.244371
vt 0.665168 0.225268
vt 0.666232 0.125155
vt 0.578278 0.130517
vt 0.978845 0.723572
vt 0.962638 0.711032
vt 0.992496 0.697188
vt 0.972105 0.685810
vt 0.105572 0.723438
vt 0.105534 0.700764
vt 0.110976 0.719482
vt 0.982488 0.665451
vt 0.999665 0.673200
vt 0.112878 0.704189
vt 0.939099 0.686548
vt 0.927639 0.677686
vt 0.934414 0.667874
vt 0.962929 0.675429
vt 0.954830 0.693515
vt 0.950378 0.677371
vt 0.949463 0.661959
vt 0.966774 0.645374
vt 0.988491 0.647685
vt 0.948759 0.701538
vt 0.942503 0.720963
vt 0.932900 0.695730
vt 0.938375 0.691983
vt 0.942709 0.646696
vt 0.966745 0.631788
vt 0.127775 0.711655
vt 0.121772 0.734684
vt 0.951334 0.630105
vt 0.923174 0.657535
vt 0.924894 0.648722
vt 0.928698 0.637061
vt 0.906469 0.645478
vt 0.905575 0.649976
vt 0.922412 0.716321
vt 0.926753 0.697047
vt 0.911350 0.703958
vt 0.915973 0.680516
vt 0.906522 0.668148
vt 0.958382 0.751738
vt 0.959724 0.768922
vt 0.941920 0.780098
vt 0.969727 0.743945
vt 0.955262 0.721560
vt 0.069373 0.886331
vt 0.119561 0.809922
vt 0.120762 0.931397
vt 0.053698 0.900232
vt 0.107049 0.789158
vt 0.096333 0.775191
vt 0.127879 0.817361
vt 0.107942 0.771841
vt 0.161993 0.769141
vt 0.153691 0.775790
vt 0.148250 0.750072
vt 0.150030 0.741556
vt 0.139959 0.755645
vt 0.165374 0.741271
vt 0.145369 0.735428
vt 0.150828 0.724402
vt 0.928732 0.803429
vt 0.920103 0.808996
vt 0.091256 0.819551
vt 0.929449 0.770018
vt 0.931289 0.752871
vt 0.944962 0.750787
vt 0.921486 0.742232
vt 0.933814 0.737839
vt 0.903024 0.803185
vt 0.916214 0.822616
vt 0.910868 0.780159
vt 0.132643 0.740861
vt 0.167854 0.773034
vt 0.947525 0.786157
vt 0.141833 0.715306
vt 0.142866 0.700163
vt 0.151568 0.706847
vt 0.161700 0.698441
vt 0.162847 0.720620
vt 0.177587 0.703928
vt 0.155432 0.688795
vt 0.189876 0.689317
vt 0.194785 0.699967
vt 0.205468 0.692991
vt 0.175789 0.679220
vt 0.188590 0.676784
vt 0.206248 0.678806
vt 0.214790 0.698149
vt 0.192095 0.661345
vt 0.249340 0.702343
vt 0.207539 0.657526
vt 0.232557 0.668391
vt 0.198186 0.713482
vt 0.224237 0.709667
vt 0.254151 0.722750
vt 0.238342 0.724614
vt 0.247253 0.714208
vt 0.264066 0.717243
vt 0.230180 0.696469
vt 0.108087 0.661510
vt 0.122667 0.674653
vt 0.117035 0.653110
vt 0.078604 0.638040
vt 0.087260 0.612321
vt 0.107550 0.634600
vt 0.115028 0.631761
vt 0.111122 0.612280
vt 0.129762 0.618827
vt 0.101017 0.614632
vt 0.973631 0.618175
vt 0.963105 0.593217
vt 0.984034 0.603607
vt 0.976073 0.588155
vt 0.998114 0.573539
vt 0.981655 0.630143
vt 0.999882 0.615087
vt 0.998986 0.636097
vt 0.097563 0.667261
vt 0.095866 0.642257
vt 0.126009 0.684349
vt 0.132078 0.660048
vt 0.147063 0.681493
vt 0.127861 0.651386
vt 0.151322 0.640438
vt 0.144236 0.660998
vt 0.155450 0.669825
vt 0.156666 0.657213
vt 0.164967 0.668903
vt 0.130846 0.630740
vt 0.141941 0.632692
vt 0.152679 0.620360
vt 0.138764 0.617832
vt 0.163473 0.650718
vt 0.171664 0.651685
vt 0.175539 0.663581
vt 0.162355 0.637118
vt 0.172118 0.642846
vt 0.170297 0.626676
vt 0.180822 0.640606
vt 0.162729 0.618765
vt 0.184764 0.647916
vt 0.193520 0.652283
vt 0.953304 0.613279
vt 0.948375 0.599364
vt 0.817928 0.729987
vt 0.800642 0.723809
vt 0.799624 0.707527
vt 0.780006 0.696132
vt 0.774415 0.694863
vt 0.736475 0.682184
vt 0.758423 0.688425
vt 0.754635 0.685458
vt 0.745598 0.698185
vt 0.719221 0.677995
vt 0.731088 0.675741
vt 0.736895 0.685001
vt 0.824010 0.709380
vt 0.793488 0.691426
vt 0.836629 0.658404
vt 0.815742 0.644311
vt 0.823329 0.644792
vt 0.801305 0.616740
vt 0.814137 0.627499
vt 0.805549 0.585318
vt 0.814993 0.590105
vt 0.802386 0.590817
vt 0.828606 0.604142
vt 0.782477 0.594778
vt 0.769476 0.597590
vt 0.776058 0.617783
vt 0.765337 0.619850
vt 0.752370 0.629291
vt 0.772715 0.696576
vt 0.784022 0.661549
vt 0.805299 0.678070
vt 0.765304 0.653064
vt 0.801971 0.659603
vt 0.782001 0.650520
vt 0.749878 0.652788
vt 0.754797 0.638137
vt 0.720372 0.637805
vt 0.694704 0.658528
vt 0.738348 0.597841
vt 0.817244 0.680891
vt 0.798225 0.772896
vt 0.780986 0.772248
vt 0.781872 0.756764
vt 0.794371 0.752559
vt 0.781927 0.741378
vt 0.766849 0.748260
vt 0.752277 0.751683
vt 0.754902 0.729068
vt 0.769276 0.734179
vt 0.745743 0.731508
vt 0.787052 0.726814
vt 0.768630 0.718707
vt 0.752940 0.712435
vt 0.740600 0.690018
vt 0.842927 0.738082
vt 0.841418 0.713052
vt 0.885798 0.747442
vt 0.861048 0.761199
vt 0.876191 0.737139
vt 0.857016 0.716878
vt 0.908902 0.809630
vt 0.885714 0.795501
vt 0.908104 0.753190
vt 0.910128 0.729909
vt 0.896105 0.714694
vt 0.901823 0.804743
vt 0.859487 0.789151
vt 0.890333 0.817526
vt 0.887559 0.708547
vt 0.862471 0.698483
vt 0.869630 0.699043
vt 0.885856 0.688330
vt 0.849650 0.683888
vt 0.868232 0.710504
vt 0.898935 0.670009
vt 0.873027 0.670944
vt 0.842776 0.686174
vt 0.844766 0.676326
vt 0.838524 0.674978
vt 0.931530 0.611567
vt 0.910063 0.609579
vt 0.924756 0.598195
vt 0.941501 0.583881
vt 0.919906 0.635701
vt 0.902202 0.632111
vt 0.903765 0.618424
vt 0.895084 0.637282
vt 0.888035 0.621244
vt 0.871911 0.614776
vt 0.883001 0.604966
vt 0.898553 0.606403
vt 0.871675 0.607661
vt 0.854368 0.599227
vt 0.868993 0.597882
vt 0.849990 0.605491
vt 0.844113 0.596154
vt 0.848612 0.590507
vt 0.873122 0.639556
vt 0.861275 0.651232
vt 0.857317 0.638411
vt 0.877217 0.647897
vt 0.852545 0.628273
vt 0.882484 0.629734
vt 0.859143 0.618443
vt 0.846858 0.669780
vt 0.830430 0.660425
vt 0.829330 0.651295
vt 0.843572 0.638647
vt 0.838012 0.628913
vt 0.837787 0.623255
vt 0.829110 0.613957
vt 0.893155 0.657261
vt 0.382989 0.975290
vt 0.179958 0.799045
vt 0.183511 0.921277
vt 0.192677 0.787069
vt 0.195377 0.762685
vt 0.210547 0.769504
vt 0.360401 0.956254
vt 0.217626 0.791198
vt 0.237934 0.802432
vt 0.282854 0.909565
vt 0.248717 0.886557
vt 0.276751 0.904561
vt 0.223282 0.888999
vt 0.241664 0.869384
vt 0.258227 0.877344
vt 0.274310 0.909686
vt 0.290865 0.891916
vt 0.264824 0.892679
vt 0.205668 0.864733
vt 0.208653 0.881254
vt 0.182241 0.855307
vt 0.210725 0.853625
vt 0.190382 0.896754
vt 0.376263 0.986163
vt 0.214710 0.848462
vt 0.232639 0.849600
vt 0.251926 0.844035
vt 0.276474 0.898238
vt 0.263762 0.844836
vt 0.282840 0.899037
vt 0.293519 0.874163
vt 0.292020 0.891192
vt 0.291250 0.891695
vt 0.279588 0.850040
vt 0.292191 0.888895
vt 0.300246 0.887342
vt 0.304844 0.885685
vt 0.310936 0.869773
vt 0.248736 0.740340
vt 0.268596 0.742501
vt 0.269984 0.756563
vt 0.271507 0.736890
vt 0.276826 0.755202
vt 0.297558 0.765069
vt 0.294215 0.747596
vt 0.280322 0.734235
vt 0.292970 0.735475
vt 0.268541 0.725040
vt 0.279547 0.710935
vt 0.305362 0.719109
vt 0.313895 0.741928
vt 0.323049 0.773045
vt 0.303822 0.761400
vt 0.335783 0.753673
vt 0.272416 0.790274
vt 0.278551 0.804934
vt 0.252292 0.787322
vt 0.544511 0.969637
vt 0.287727 0.813174
vt 0.365275 0.978885
vt 0.300928 0.832399
vt 0.307977 0.817531
vt 0.287297 0.800603
vt 0.282891 0.772455
vt 0.341262 0.854832
vt 0.412717 0.877481
vt 0.273335 0.779512
vt 0.261989 0.768684
vt 0.275684 0.766748
vt 0.258367 0.756281
vt 0.308609 0.804789
vt 0.318000 0.779656
vt 0.332439 0.793067
vt 0.236499 0.777763
vt 0.112376 0.840502
vt 0.110623 0.857316
vt 0.095620 0.859688
vt 0.102975 0.874370
vt 0.088300 0.843208
vt 0.107121 0.809735
vt 0.132105 0.828944
vt 0.128804 0.926340
vt 0.145189 0.862050
vt 0.135408 0.836777
vt 0.126582 0.827631
vt 0.347271 0.950259
vt 0.131081 0.908483
vt 0.089783 0.931970
vt 0.144536 0.825724
vt 0.324840 0.940079
vt 0.132017 0.868694
vt 0.147735 0.877780
vt 0.144318 0.892085
vt 0.130595 0.894727
vt 0.122026 0.871447
vt 0.106540 0.888676
vt 0.117371 0.900471
vt 0.174381 0.861704
vt 0.192619 0.875705
vt 0.168273 0.873089
vt 0.161011 0.857772
vt 0.152127 0.885816
vt 0.151679 0.803313
vt 0.153247 0.875185
vt 0.168613 0.880150
vt 0.160542 0.887602
vt 0.151788 0.860840
vt 0.086713 0.877559
vt 0.901535 0.802527
vt 0.875317 0.838995
vt 0.133851 0.813074
vt 0.143129 0.936334
vt 0.158335 0.801660
vt 0.085362 0.857486
vt 0.168590 0.906876
vt 0.189760 0.900637
vt 0.210260 0.910024
vt 0.210926 0.897484
vt 0.232494 0.910705
vt 0.184079 0.922933
vt 0.281614 0.941773
vt 0.286446 0.907856
vt 0.167336 0.926796
vt 0.150238 0.908485
vt 0.211778 0.936415
vt 0.157253 0.922604
vt 0.134588 0.924022
vt 0.180760 0.948213
vt 0.156510 0.938260
vt 0.388026 0.945708
vt 0.345899 0.949338
vt 0.302415 0.938642
vt 0.317123 0.927074
vt 0.241634 0.948090
vt 0.276036 0.944508
vt 0.798734 0.888216
vt 0.793233 0.915007
vt 0.775176 0.894055
vt 0.403229 0.956828
vt 0.790902 0.909089
vt 0.803312 0.872259
vt 0.790977 0.878255
vt 0.293603 0.921108
vt 0.290949 0.921307
vt 0.289490 0.915110
vt 0.282999 0.920715
vt 0.304260 0.927220
vt 0.182837 0.890292
vt 0.171154 0.891174
vt 0.825452 0.842330
vt 0.809037 0.853194
vt 0.799580 0.842771
vt 0.830464 0.826674
vt 0.839531 0.838068
vt 0.810724 0.823780
vt 0.800008 0.832248
vt 0.849083 0.826137
vt 0.824570 0.814426
vt 0.803737 0.806281
vt 0.815913 0.802222
vt 0.841272 0.802237
vt 0.825923 0.798770
vt 0.799017 0.819619
vt 0.783470 0.794735
vt 0.790943 0.791180
vt 0.797752 0.787233
vt 0.782408 0.851838
vt 0.786164 0.830651
vt 0.154347 0.897562
vt 0.329720 0.941248
vt 0.309305 0.946313
vt 0.253767 0.888872
vt 0.304452 0.927437
vt 0.323106 0.933437
vt 0.764981 0.883721
vt 0.783086 0.901280
vt 0.749894 0.883665
vt 0.753761 0.894009
vt 0.735573 0.874966
vt 0.696178 0.881270
vt 0.690955 0.879962
vt 0.673846 0.857814
vt 0.771828 0.805088
vt 0.758546 0.817421
vt 0.763102 0.804416
vt 0.765951 0.798104
vt 0.764539 0.786775
vt 0.776976 0.801958
vt 0.755025 0.782404
vt 0.764402 0.768466
vt 0.739180 0.770359
vt 0.764395 0.830245
vt 0.735154 0.814281
vt 0.762293 0.879982
vt 0.723383 0.869639
vt 0.741354 0.871568
vt 0.763352 0.893614
vt 0.780829 0.816785
vt 0.749840 0.801045
vt 0.726806 0.795092
vt 0.734771 0.791618
vt 0.727174 0.785781
vt 0.726835 0.762718
vt 0.712700 0.779060
vt 0.715921 0.770855
vt 0.756138 0.854125
vt 0.732312 0.888656
vt 0.748125 0.841924
vt 0.731314 0.832498
vt 0.705668 0.834807
vt 0.715044 0.813344
vt 0.683029 0.858685
vt 0.687605 0.847993
vt 0.699641 0.867258
vt 0.701434 0.812688
vt 0.636876 0.851942
vt 0.647989 0.854392
vt 0.667441 0.871058
vt 0.661881 0.869352
vt 0.684865 0.877720
vt 0.678430 0.875357
vt 0.707137 0.759319
vt 0.696485 0.804011
vt 0.670447 0.801322
vt 0.679495 0.784315
vt 0.703554 0.788434
vt 0.681839 0.820527
vt 0.649493 0.783274
vt 0.673621 0.766778
vt 0.685483 0.754413
vt 0.669696 0.734060
vt 0.689376 0.739370
vt 0.634770 0.770208
vt 0.654183 0.757652
vt 0.653479 0.726550
vt 0.631751 0.752495
vt 0.637249 0.743211
vt 0.618888 0.736274
vt 0.650899 0.713868
vt 0.614662 0.748658
vt 0.605618 0.734308
vt 0.650565 0.861324
vt 0.615836 0.839120
vt 0.628160 0.829435
vt 0.469994 0.900204
vt 0.493294 0.888174
vt 0.473697 0.909043
vt 0.618856 0.821993
vt 0.605956 0.822975
vt 0.639404 0.820974
vt 0.596644 0.796933
vt 0.605915 0.789166
vt 0.636001 0.797957
vt 0.615095 0.786578
vt 0.659326 0.813401
vt 0.605105 0.770940
vt 0.604623 0.747926
vt 0.587001 0.769743
vt 0.590211 0.752235
vt 0.690725 0.770143
vt 0.672010 0.834772
vt 0.667212 0.867805
vt 0.416017 0.889405
vt 0.420775 0.885484
vt 0.421130 0.890703
vt 0.449858 0.905441
vt 0.462413 0.913568
vt 0.445968 0.899950
vt 0.442109 0.899197
vt 0.434321 0.896172
vt 0.430287 0.894140
vt 0.461397 0.893679
vt 0.468634 0.883063
vt 0.471787 0.872124
vt 0.477919 0.879607
vt 0.461383 0.909685
vt 0.458508 0.905979
vt 0.456943 0.904482
vt 0.382510 0.870441
vt 0.398957 0.865854
vt 0.388285 0.867983
vt 0.410464 0.888197
vt 0.406789 0.886196
vt 0.423938 0.889706
vt 0.442195 0.899609
vt 0.455793 0.876125
vt 0.439059 0.880141
vt 0.439625 0.883250
vt 0.460944 0.877890
vt 0.454029 0.908487
vt 0.469879 0.854369
vt 0.439333 0.845075
vt 0.451688 0.844544
vt 0.431219 0.845074
vt 0.454891 0.818986
vt 0.464930 0.834538
vt 0.431888 0.821412
vt 0.445795 0.829720
vt 0.469683 0.827679
vt 0.456618 0.809598
vt 0.456787 0.800431
vt 0.488942 0.845524
vt 0.397396 0.875765
vt 0.396552 0.833388
vt 0.413157 0.855389
vt 0.414577 0.828959
vt 0.418063 0.842249
vt 0.419419 0.818011
vt 0.443032 0.805674
vt 0.498685 0.848523
vt 0.498021 0.822654
vt 0.510648 0.840743
vt 0.501582 0.819660
vt 0.573695 0.798448
vt 0.555723 0.788666
vt 0.561576 0.783419
vt 0.487029 0.878560
vt 0.492326 0.828270
vt 0.480098 0.815991
vt 0.473618 0.816158
vt 0.484778 0.806402
vt 0.496269 0.800346
vt 0.548845 0.772545
vt 0.550510 0.767221
vt 0.563864 0.762843
vt 0.460429 0.909122
vt 0.459632 0.908059
vt 0.545563 0.915478
vt 0.363022 0.862161
vt 0.341065 0.863887
vt 0.368207 0.869701
vt 0.458901 0.932569
vt 0.343373 0.779818
vt 0.360578 0.782838
vt 0.651535 0.935007
vt 0.367247 0.854438
vt 0.386968 0.792010
vt 0.379879 0.802805
vt 0.386352 0.876281
vt 0.382586 0.874327
vt 0.363416 0.857983
vt 0.374859 0.870044
vt 0.377267 0.872144
vt 0.356184 0.857986
vt 0.371394 0.867316
vt 0.368224 0.865000
vt 0.331392 0.848056
vt 0.344491 0.844476
vt 0.362019 0.861722
vt 0.360877 0.861726
vt 0.349075 0.866854
vt 0.359265 0.862535
vt 0.324826 0.866608
vt 0.333731 0.867423
vt 0.330203 0.863730
vt 0.347771 0.867429
vt 0.346084 0.867104
vt 0.381286 0.872052
vt 0.390929 0.814931
vt 0.782253 0.901897
vt 0.777586 0.900506
vt 0.773147 0.898893
vt 0.230138 0.585178
vt 0.246719 0.555977
vt 0.249128 0.573759
vt 0.210008 0.554699
vt 0.188579 0.622558
vt 0.191723 0.600329
vt 0.194002 0.616491
vt 0.172294 0.618872
vt 0.173262 0.597313
vt 0.166077 0.603063
vt 0.166229 0.594817
vt 0.180020 0.587730
vt 0.169575 0.578374
vt 0.186404 0.583505
vt 0.160935 0.577813
vt 0.194169 0.581340
vt 0.172461 0.564435
vt 0.190482 0.565301
vt 0.130232 0.597663
vt 0.140779 0.594836
vt 0.164157 0.614660
vt 0.156914 0.598065
vt 0.147418 0.601333
vt 0.151872 0.573606
vt 0.202782 0.635015
vt 0.227225 0.635110
vt 0.236707 0.644338
vt 0.246407 0.623131
vt 0.206611 0.606961
vt 0.205576 0.569757
vt 0.234196 0.606654
vt 0.257210 0.609212
vt 0.267211 0.582109
vt 0.273063 0.608104
vt 0.252602 0.595893
vt 0.268062 0.564038
vt 0.285713 0.571252
vt 0.264181 0.548220
vt 0.260364 0.553161
vt 0.297424 0.556549
vt 0.275549 0.527254
vt 0.252282 0.642343
vt 0.265139 0.625401
vt 0.264228 0.644677
vt 0.278689 0.635498
vt 0.271558 0.672793
vt 0.285365 0.657820
vt 0.261050 0.659115
vt 0.305186 0.626424
vt 0.301031 0.644830
vt 0.285272 0.617771
vt 0.292478 0.613058
vt 0.285914 0.590138
vt 0.303424 0.595344
vt 0.295331 0.579466
vt 0.307430 0.587984
vt 0.310939 0.579557
vt 0.293800 0.535766
vt 0.304821 0.519453
vt 0.300334 0.674510
vt 0.284068 0.694722
vt 0.314876 0.537700
vt 0.321658 0.627356
vt 0.339416 0.630202
vt 0.330283 0.639013
vt 0.326621 0.599645
vt 0.324416 0.583864
vt 0.341572 0.595619
vt 0.328521 0.568420
vt 0.344673 0.574362
vt 0.337341 0.565123
vt 0.354784 0.596396
vt 0.363717 0.581112
vt 0.366939 0.594313
vt 0.353615 0.582005
vt 0.363809 0.566035
vt 0.366319 0.550830
vt 0.327804 0.532640
vt 0.347375 0.543193
vt 0.335322 0.647429
vt 0.339595 0.616252
vt 0.353145 0.647201
vt 0.360731 0.628256
vt 0.352367 0.617293
vt 0.377269 0.627946
vt 0.351451 0.609666
vt 0.369448 0.614129
vt 0.339691 0.521909
vt 0.307548 0.658899
vt 0.322816 0.650189
vt 0.322955 0.667927
vt 0.343544 0.688233
vt 0.342067 0.667935
vt 0.358288 0.681544
vt 0.319983 0.610853
vt 0.389751 0.551445
vt 0.417131 0.541865
vt 0.412060 0.563910
vt 0.395773 0.529322
vt 0.390571 0.592368
vt 0.403366 0.578999
vt 0.413857 0.592638
vt 0.409719 0.574772
vt 0.429135 0.594882
vt 0.390723 0.566459
vt 0.383705 0.604750
vt 0.376686 0.586078
vt 0.374186 0.564662
vt 0.386481 0.538620
vt 0.376899 0.532455
vt 0.376997 0.653357
vt 0.379801 0.640669
vt 0.395710 0.660058
vt 0.372299 0.641065
vt 0.406969 0.637925
vt 0.418686 0.642309
vt 0.407430 0.647992
vt 0.399739 0.647389
vt 0.392446 0.623939
vt 0.380769 0.621677
vt 0.417317 0.619482
vt 0.427918 0.631945
vt 0.394156 0.611359
vt 0.434990 0.627252
vt 0.419739 0.600605
vt 0.439032 0.612107
vt 0.409208 0.605449
vt 0.454477 0.604391
vt 0.463616 0.607740
vt 0.462172 0.625514
vt 0.444853 0.604373
vt 0.324226 0.498322
vt 0.325979 0.474654
vt 0.336498 0.500865
vt 0.313086 0.493251
vt 0.302664 0.476309
vt 0.404762 0.517276
vt 0.425711 0.521449
vt 0.411324 0.531723
vt 0.384704 0.516340
vt 0.374202 0.518435
vt 0.385134 0.501288
vt 0.356709 0.496880
vt 0.368049 0.502644
vt 0.356344 0.517740
vt 0.343954 0.498120
vt 0.342217 0.475132
vt 0.344967 0.462067
vt 0.362465 0.466761
vt 0.373453 0.478563
vt 0.375777 0.465581
vt 0.397502 0.500954
vt 0.391365 0.483873
vt 0.410478 0.490523
vt 0.395746 0.476264
vt 0.403500 0.496954
vt 0.423240 0.503646
vt 0.448257 0.517450
vt 0.287562 0.510680
vt 0.298206 0.493287
vt 0.366620 0.488567
vt 0.375569 0.449540
vt 0.397983 0.455295
vt 0.391740 0.460348
vt 0.382976 0.446465
vt 0.387721 0.436647
vt 0.402908 0.441572
vt 0.400735 0.416597
vt 0.413890 0.431839
vt 0.426073 0.421331
vt 0.432301 0.438697
vt 0.446802 0.429994
vt 0.478486 0.425697
vt 0.502710 0.420650
vt 0.490208 0.444570
vt 0.483972 0.408189
vt 0.450115 0.415672
vt 0.456964 0.435392
vt 0.459355 0.412500
vt 0.412084 0.461550
vt 0.417113 0.451416
vt 0.423582 0.461970
vt 0.405112 0.467459
vt 0.445581 0.452094
vt 0.433630 0.465781
vt 0.449076 0.480466
vt 0.461224 0.468663
vt 0.464025 0.484852
vt 0.465498 0.448009
vt 0.478804 0.464158
vt 0.469143 0.437097
vt 0.488038 0.454117
vt 0.527206 0.422666
vt 0.518198 0.451142
vt 0.430885 0.474443
vt 0.455337 0.581594
vt 0.460280 0.575894
vt 0.460933 0.593733
vt 0.446969 0.574755
vt 0.440339 0.562402
vt 0.461751 0.566761
vt 0.431180 0.548936
vt 0.454120 0.541743
vt 0.437947 0.528970
vt 0.474942 0.587893
vt 0.485737 0.578983
vt 0.471592 0.547965
vt 0.488341 0.557880
vt 0.482604 0.541909
vt 0.467563 0.529901
vt 0.504426 0.527969
vt 0.493268 0.520406
vt 0.505147 0.518595
vt 0.493347 0.510356
vt 0.464509 0.521610
vt 0.473293 0.518412
vt 0.503284 0.497639
vt 0.509691 0.561166
vt 0.515978 0.576128
vt 0.496979 0.569127
vt 0.501882 0.547226
vt 0.511864 0.547071
vt 0.525707 0.563077
vt 0.518135 0.540992
vt 0.539075 0.534945
vt 0.531217 0.536436
vt 0.526903 0.521633
vt 0.537182 0.517125
vt 0.518574 0.526507
vt 0.515831 0.506169
vt 0.532277 0.495305
vt 0.518440 0.485869
vt 0.548521 0.546490
vt 0.558421 0.521991
vt 0.550980 0.504427
vt 0.477800 0.608932
vt 0.425937 0.535235
vt 0.487466 0.596787
vt 0.454332 0.510282
vt 0.486340 0.505932
vt 0.488569 0.494298
vt 0.503827 0.494996
vt 0.670050 0.486619
vt 0.651265 0.485646
vt 0.653626 0.467172
vt 0.632500 0.478785
vt 0.628305 0.463834
vt 0.608234 0.444309
vt 0.634495 0.451157
vt 0.611245 0.470454
vt 0.587367 0.463254
vt 0.584945 0.447025
vt 0.582592 0.478869
vt 0.574412 0.494837
vt 0.557208 0.487579
vt 0.543644 0.475189
vt 0.559156 0.475467
vt 0.643058 0.511916
vt 0.620434 0.489981
vt 0.595625 0.494391
vt 0.536199 0.455139
vt 0.547389 0.459463
vt 0.532815 0.469048
vt 0.578739 0.431480
vt 0.570669 0.439875
vt 0.551221 0.428334
vt 0.755563 0.604735
vt 0.734134 0.598615
vt 0.721431 0.560425
vt 0.758779 0.610231
vt 0.741595 0.551144
vt 0.756503 0.589912
vt 0.745919 0.507705
vt 0.714587 0.513431
vt 0.699354 0.543202
vt 0.694151 0.553449
vt 0.687080 0.553952
vt 0.711045 0.554706
vt 0.726307 0.556129
vt 0.746881 0.544657
vt 0.703019 0.509358
vt 0.698877 0.553154
vt 0.654221 0.535858
vt 0.651746 0.527676
vt 0.671127 0.552914
vt 0.668975 0.506464
vt 0.690629 0.494738
vt 0.722152 0.562354
vt 0.674107 0.562921
vt 0.638429 0.525547
vt 0.646613 0.532416
vt 0.619188 0.535454
vt 0.609609 0.502750
vt 0.701765 0.578192
vt 0.600567 0.606654
vt 0.572122 0.592383
vt 0.559650 0.576957
vt 0.603686 0.589794
vt 0.570387 0.565789
vt 0.610577 0.574876
vt 0.618209 0.580815
vt 0.576109 0.551623
vt 0.607354 0.592776
vt 0.620447 0.579576
vt 0.626232 0.555391
vt 0.637556 0.574879
vt 0.588961 0.538520
vt 0.614751 0.529830
vt 0.527276 0.590331
vt 0.518239 0.598772
vt 0.547654 0.581504
vt 0.540892 0.563263
vt 0.536484 0.584637
vt 0.550330 0.565892
vt 0.585892 0.587679
vt 0.558633 0.616900
vt 0.554738 0.602374
vt 0.537825 0.618032
vt 0.537833 0.598441
vt 0.558481 0.534678
vt 0.576233 0.521556
vt 0.592487 0.513296
vt 0.674217 0.657001
vt 0.653094 0.669706
vt 0.649998 0.643918
vt 0.675318 0.636247
vt 0.629492 0.638489
vt 0.647460 0.632789
vt 0.694302 0.623362
vt 0.672314 0.625693
vt 0.681842 0.617065
vt 0.695657 0.612332
vt 0.705515 0.624233
vt 0.648137 0.608138
vt 0.677023 0.597769
vt 0.663437 0.599781
vt 0.665962 0.580885
vt 0.621107 0.649229
vt 0.617953 0.664115
vt 0.601799 0.621986
vt 0.580092 0.619692
vt 0.612291 0.625524
vt 0.634330 0.680951
vt 0.630212 0.629868
vt 0.619177 0.635361
vt 0.625354 0.602871
vt 0.624804 0.572552
vt 0.638614 0.590390
vt 0.649454 0.574082
vt 0.326025 0.711181
vt 0.327907 0.728786
vt 0.303613 0.699428
vt 0.321424 0.693340
vt 0.343983 0.731165
vt 0.355436 0.764305
vt 0.365933 0.748164
vt 0.370475 0.726125
vt 0.387573 0.737288
vt 0.354142 0.703715
vt 0.385791 0.710901
vt 0.399309 0.723851
vt 0.387176 0.699238
vt 0.368004 0.698297
vt 0.375680 0.676199
vt 0.402179 0.792950
vt 0.385122 0.763667
vt 0.405864 0.773703
vt 0.397342 0.755183
vt 0.407787 0.732279
vt 0.415288 0.745898
vt 0.399763 0.680696
vt 0.414865 0.700887
vt 0.422879 0.688630
vt 0.410112 0.677247
vt 0.419369 0.726833
vt 0.432996 0.733811
vt 0.425330 0.760758
vt 0.433050 0.700610
vt 0.439035 0.714920
vt 0.439718 0.691813
vt 0.450399 0.718990
vt 0.448640 0.696229
vt 0.460568 0.705597
vt 0.427921 0.682976
vt 0.459411 0.691075
vt 0.450433 0.681753
vt 0.434646 0.668562
vt 0.448975 0.662199
vt 0.480358 0.751637
vt 0.461204 0.723967
vt 0.474764 0.733280
vt 0.467909 0.714529
vt 0.483056 0.721446
vt 0.475943 0.795747
vt 0.479623 0.783647
vt 0.490501 0.798523
vt 0.497322 0.796764
vt 0.489118 0.769745
vt 0.475791 0.760848
vt 0.500707 0.782212
vt 0.429021 0.781667
vt 0.501303 0.706546
vt 0.507658 0.730370
vt 0.489891 0.732575
vt 0.514501 0.716722
vt 0.576850 0.706192
vt 0.587406 0.718155
vt 0.568777 0.723824
vt 0.563978 0.702542
vt 0.523707 0.747098
vt 0.525657 0.739443
vt 0.540805 0.738602
vt 0.583430 0.695242
vt 0.573580 0.691270
vt 0.534914 0.719071
vt 0.538931 0.712012
vt 0.551989 0.680114
vt 0.590507 0.681720
vt 0.581114 0.672315
vt 0.557397 0.666713
vt 0.521762 0.716230
vt 0.529453 0.711160
vt 0.625907 0.684293
vt 0.627794 0.691410
vt 0.632898 0.704206
vt 0.609442 0.677375
vt 0.624672 0.685136
vt 0.597222 0.702304
vt 0.604056 0.647452
vt 0.616838 0.724773
vt 0.617672 0.715959
vt 0.544987 0.749798
vt 0.541182 0.726730
vt 0.553665 0.735776
vt 0.553715 0.719507
vt 0.507652 0.751602
vt 0.566217 0.739100
vt 0.556767 0.749609
vt 0.572131 0.737502
vt 0.446690 0.636205
vt 0.465410 0.651457
vt 0.454169 0.635612
vt 0.460509 0.637117
vt 0.468202 0.625859
vt 0.476420 0.640113
vt 0.483109 0.623913
vt 0.511958 0.624721
vt 0.506882 0.638815
vt 0.500018 0.623998
vt 0.503210 0.656554
vt 0.519099 0.663593
vt 0.516862 0.686768
vt 0.490434 0.630893
vt 0.462720 0.673303
vt 0.532983 0.659080
vt 0.522317 0.652423
vt 0.558077 0.639851
vt 0.550422 0.654200
vt 0.536400 0.635198
vt 0.509826 0.609686
vt 0.533869 0.696896
vt 0.541051 0.668867
vt 0.171571 0.408789
vt 0.109393 0.360055
vt 0.178285 0.335452
vt 0.241246 0.324921
vt 0.266139 0.370029
vt 0.274953 0.355021
vt 0.287228 0.364365
vt 0.295090 0.352837
vt 0.357376 0.443217
vt 0.368050 0.433965
vt 0.155142 0.432894
vt 0.164595 0.439843
vt 0.171297 0.421431
vt 0.218209 0.447928
vt 0.158111 0.473038
vt 0.161735 0.529402
vt 0.173027 0.547848
vt 0.261894 0.490579
vt 0.276546 0.498604
vt 0.247914 0.490907
vt 0.161821 0.555032
vt 0.097402 0.597980
vt 0.033595 0.430560
vt 0.035408 0.481695
vt 0.012101 0.435100
vt 0.043003 0.517625
vt 0.043303 0.494921
vt 0.022279 0.498903
vt 0.028714 0.482158
vt 0.963876 0.470038
vt 0.946332 0.451254
vt 0.867420 0.453390
vt 0.899992 0.486135
vt 0.912677 0.570576
vt 0.892375 0.502126
vt 0.719750 0.460513
vt 0.791571 0.529873
vt 0.750211 0.511002
vt 0.684515 0.477251
vt 0.121177 0.316094
vt 0.156335 0.267769
vt 0.183060 0.287852
vt 0.086648 0.290264
vt 0.065568 0.325546
vt 0.006192 0.189147
vt 0.026210 0.287863
vt 0.001483 0.255676
vt 0.010798 0.371648
vt 0.018849 0.356817
vt 0.869024 0.209813
vt 0.944262 0.228112
vt 0.856628 0.229670
vt 0.787167 0.302615
vt 0.681838 0.310247
vt 0.697354 0.428683
vt 0.553918 0.391212
vt 0.585661 0.424223
vt 0.142165 0.135769
vt 0.140099 0.068057
vt 0.165963 0.144985
vt 0.229849 0.128635
vt 0.181026 0.021731
vt 0.222684 0.095511
vt 0.108124 0.077547
vt 0.869342 0.908645
vt 0.882779 0.055802
vt 0.876527 0.049450
vt 0.887820 0.909930
vt 0.100704 0.078500
vt 0.914776 0.074057
vt 0.821462 0.083328
vt 0.829316 0.859649
vt 0.796735 0.079762
vt 0.907160 0.822478
vt 0.767343 0.072034
vt 0.773098 0.208210
vt 0.768487 0.113090
vt 0.755824 0.052915
vt 0.909795 0.817312
vt 0.760959 0.035905
vt 0.712036 0.100202
vt 0.748288 0.064266
vt 0.241675 0.071316
vt 0.258944 0.044746
vt 0.206380 0.044611
vt 0.218566 0.048663
vt 0.235372 0.052704
vt 0.261302 0.056283
vt 0.263245 0.056721
vt 0.271607 0.058766
vt 0.609653 0.010408
vt 0.608584 0.010444
vt 0.715988 0.081897
vt 0.712528 0.083968
vt 0.633839 0.093950
vt 0.638121 0.094107
vt 0.625136 0.093285
vt 0.625825 0.092999
vt 0.626669 0.093177
vt 0.625534 0.092887
vt 0.625388 0.092878
vt 0.672145 0.095264
vt 0.676703 0.094756
vt 0.645912 0.095128
vt 0.642081 0.094628
vt 0.694311 0.090595
vt 0.698442 0.089289
vt 0.759784 0.037561
vt 0.760344 0.033952
vt 0.384155 0.107831
vt 0.401211 0.063538
vt 0.392470 0.076912
vt 0.607622 0.087575
vt 0.609208 0.089498
vt 0.573760 0.085028
vt 0.598376 0.069985
vt 0.570055 0.068816
vt 0.605279 0.083050
vt 0.607240 0.086938
vt 0.598667 0.069428
vt 0.598829 0.069693
vt 0.600739 0.074960
vt 0.602030 0.077489
vt 0.574838 -0.015237
vt 0.276151 0.067120
vt 0.353237 0.080800
vt 0.370166 0.082905
vt 0.351596 0.062372
vt 0.409220 0.084627
vt 0.396479 0.084846
vt 0.387444 0.084040
vt 0.409576 0.084173
vt 0.364074 0.084833
vt 0.344758 0.084712
vt 0.293436 0.068232
vt 0.296950 0.071992
vt 0.309602 0.075246
vt 0.331721 0.078293
vt 0.623459 0.092818
vt 0.624956 0.092823
vt 0.586172 0.051871
vt 0.594147 0.062776
vt 0.343031 0.083893
vt 0.346199 0.082911
vt 0.332654 0.085247
vt 0.336333 0.085084
vt 0.291883 0.207614
vt 0.300354 0.198864
vt 0.306521 0.203097
vt 0.303243 0.358973
vt 0.284746 0.346414
vt 0.323058 0.360463
vt 0.319026 0.332180
vt 0.322780 0.224888
vt 0.453710 0.254497
vt 0.452449 0.392315
vt 0.459831 0.391287
vt 0.565462 0.093930
vt 0.403082 0.207039
vt 0.390279 0.202744
vt 0.433930 0.129945
vt 0.417967 0.097804
vt 0.574453 0.103482
vt 0.570319 0.159019
vt 0.561661 0.246602
vt 0.527995 0.121523
vt 0.547497 0.111596
vt 0.434964 0.113265
vt 0.609494 0.089705
vt 0.618923 0.092696
vt 0.622070 0.092890
vt 0.609753 0.089939
vt 0.943226 0.624749
vt 0.130122 0.779083
vt 0.138580 0.783021
vt 0.149780 0.784623
vt 0.147223 0.789835
vt 0.183632 0.757092
vt 0.916713 0.808913
vt 0.258517 0.687155
vt 0.246122 0.669492
vt 0.700202 0.679122
vt 0.698729 0.648961
vt 0.807417 0.788645
vt 0.737601 0.746456
vt 0.735149 0.682031
vt 0.737094 0.760633
vt 0.837589 0.790903
vt 0.839220 0.580710
vt 0.801749 0.556270
vt 0.161166 0.842386
vt 0.251583 0.891739
vt 0.284024 0.899029
vt 0.282063 0.902067
vt 0.303033 0.916263
vt 0.308331 0.903036
vt 0.310375 0.899132
vt 0.309415 0.908161
vt 0.309438 0.901618
vt 0.323470 0.899612
vt 0.311059 0.912749
vt 0.307778 0.915325
vt 0.318392 0.911267
vt 0.312055 0.912536
vt 0.321001 0.905663
vt 0.319793 0.908038
vt 0.301761 0.876962
vt 0.321680 0.877935
vt 0.317401 0.879783
vt 0.326338 0.876130
vt 0.326386 0.876236
vt 0.326240 0.876221
vt 0.321025 0.898352
vt 0.324706 0.898674
vt 0.315746 0.898924
vt 0.320053 0.898508
vt 0.324565 0.899932
vt 0.314322 0.879242
vt 0.157732 0.787928
vt 0.310465 0.898943
vt 0.312072 0.899077
vt 0.323835 0.900989
vt 0.323327 0.901792
vt 0.222532 0.761689
vt 0.319409 0.864220
vt 0.303651 0.859505
vt 0.282358 0.777942
vt 0.222641 0.940547
vt 0.155666 0.868418
vt 0.856498 0.841813
vt 0.280499 0.946336
vt 0.428594 0.949865
vt 0.791498 0.911496
vt 0.790006 0.908698
vt 0.277718 0.907333
vt 0.274841 0.909642
vt 0.300743 0.908206
vt 0.305769 0.906631
vt 0.279918 0.918204
vt 0.288268 0.911341
vt 0.290274 0.910799
vt 0.297082 0.919238
vt 0.292076 0.921902
vt 0.306605 0.915619
vt 0.302164 0.916999
vt 0.123204 0.915311
vt 0.280302 0.905650
vt 0.278761 0.906683
vt 0.279586 0.945840
vt 0.278854 0.946035
vt 0.756669 0.894059
vt 0.755318 0.894051
vt 0.762621 0.895837
vt 0.757795 0.894330
vt 0.706964 0.884214
vt 0.703877 0.883830
vt 0.713104 0.884875
vt 0.710133 0.884726
vt 0.774374 0.844034
vt 0.711120 0.747923
vt 0.621719 0.851130
vt 0.658429 0.868509
vt 0.656740 0.867415
vt 0.744793 0.891889
vt 0.737654 0.890461
vt 0.725331 0.887314
vt 0.719225 0.885892
vt 0.454007 0.911094
vt 0.497885 0.873615
vt 0.574502 0.773598
vt 0.573294 0.756586
vt 0.460816 0.909598
vt 0.462589 0.916287
vt 0.462329 0.919195
vt 0.418788 0.802673
vt 0.467116 0.798314
vt 0.376283 0.878818
vt 0.397706 0.959195
vt 0.331516 0.871732
vt 0.328762 0.873881
vt 0.337550 0.868401
vt 0.339756 0.867068
vt 0.352190 0.866429
vt 0.349249 0.867024
vt 0.772703 0.899169
vt 0.767488 0.897484
vt 0.394133 0.880382
vt 0.398422 0.882392
vt 0.357537 0.534609
vt 0.367290 0.531277
vt 0.360347 0.662697
vt 0.430173 0.561936
vt 0.382523 0.664931
vt 0.420592 0.661120
vt 0.430502 0.654582
vt 0.436464 0.637733
vt 0.369031 0.453300
vt 0.416612 0.477435
vt 0.428023 0.488305
vt 0.442238 0.495319
vt 0.437225 0.506279
vt 0.457602 0.496104
vt 0.421276 0.472403
vt 0.501882 0.469017
vt 0.519368 0.458105
vt 0.494224 0.584836
vt 0.560162 0.505103
vt 0.653975 0.512287
vt 0.583043 0.508128
vt 0.555542 0.409746
vt 0.555674 0.417340
vt 0.803427 0.543616
vt 0.793536 0.536545
vt 0.767844 0.523098
vt 0.711522 0.600806
vt 0.711621 0.585847
vt 0.648524 0.538945
vt 0.566876 0.634686
vt 0.619476 0.677420
vt 0.412854 0.670694
vt 0.439858 0.792949
vt 0.443940 0.778643
vt 0.476514 0.702378
vt 0.491278 0.750929
vt 0.499252 0.765325
vt 0.489410 0.701199
vt 0.199669 0.469556
vt 0.224544 0.490825
vt 0.225784 0.471915
vt 0.214862 0.459423
vt 0.230941 0.461126
vt 0.224292 0.518479
vt 0.234264 0.501139
vt 0.240955 0.513859
vt 0.261272 0.513753
vt 0.921928 0.542116
vt 0.905155 0.556333
vt 0.884622 0.533139
vt 0.904431 0.521854
vt 0.880042 0.510640
vt 0.897350 0.575393
vt 0.869298 0.536498
vt 0.871310 0.524242
vt 0.874752 0.559863
vt 0.845397 0.578836
vt 0.855737 0.203422
vt 0.849478 0.210068
vt 0.835052 0.195009
vt 0.809084 0.204380
vt 0.823967 0.209119
vt 0.825716 0.197057
vt 0.668876 0.420583
vt 0.645555 0.411128
vt 0.632536 0.401133
vt 0.638382 0.391989
vt 0.625153 0.408932
vt 0.645380 0.426754
vt 0.795213 0.143156
vt 0.814852 0.175236
vt 0.834214 0.185463
vt 0.812977 0.161388
vt 0.804884 0.178088
vt 0.797275 0.143303
vt 0.793484 0.174427
vt 0.782032 0.158657
vt 0.777323 0.124615
vt 0.259173 0.308595
vt 0.275344 0.310693
vt 0.274154 0.336229
vt 0.291247 0.334556
vt 0.291189 0.317413
vt 0.265630 0.292269
vt 0.363495 0.266713
vt 0.379130 0.281815
vt 0.385446 0.250648
vt 0.384128 0.271827
vt 0.121785 0.789413
vt 0.123717 0.769732
vt 0.121285 0.758873
vt 0.132023 0.753364
vt 0.133029 0.767053
vt 0.113766 0.741258
vt 0.188402 0.735929
vt 0.202427 0.724877
vt 0.217665 0.741337
vt 0.221121 0.718688
vt 0.232785 0.734895
vt 0.793438 0.587230
vt 0.778220 0.579211
vt 0.730485 0.724794
vt 0.725554 0.739596
vt 0.706171 0.716142
vt 0.723694 0.688633
vt 0.676058 0.684962
vt 0.658821 0.687710
vt 0.676512 0.681077
vt 0.701790 0.728683
vt 0.735147 0.688824
vt 0.704697 0.696682
vt 0.687164 0.681843
vt 0.663541 0.688737
vt 0.857061 0.778272
vt 0.823332 0.760641
vt 0.841889 0.755900
vt 0.804926 0.764004
vt 0.813552 0.746693
vt 0.824827 0.781481
vt 0.899887 0.588061
vt 0.871988 0.591974
vt 0.857336 0.571586
vt 0.845947 0.591754
vt 0.232652 0.757548
vt 0.240962 0.746702
vt 0.213209 0.750229
vt 0.243527 0.544031
vt 0.791557 0.563023
vt 0.781634 0.538427
vt 0.820067 0.567859
vt 0.751261 0.533362
vt 0.770597 0.554056
vt 0.762816 0.581242
vt 0.758128 0.563079
vt 0.744173 0.559085
vt 0.755290 0.564944
vt 0.438010 0.757781
vt 0.444827 0.737869
vt 0.452692 0.751553
vt 0.466947 0.743795
vt 0.464012 0.755391
vt 0.448865 0.730695
vt 0.459854 0.771835
vt 0.637494 0.704821
vt 0.508897 0.692531
vt 0.489478 0.642378
vt 0.473539 0.678856
vt 0.491535 0.673929
vt 0.491716 0.693156
vt 0.499468 0.692657
vt 0.474169 0.661354
vt 0.243978 0.469640
vt 0.378102 0.264008
vt 0.367371 0.254804
vt 0.375938 0.253497
vt 0.253073 0.537702
vt 0.650050 0.696133
vt 0.607134 0.593990
vt 0.099945 0.274709
vt 0.604093 0.598013
vt 0.124629 0.239000
vt 0.608344 0.591252
vt 0.329924 0.936162
vt 0.766408 0.705321
vt 0.748518 0.700110
vt 0.325465 0.927813
vt 0.731241 0.695079
vt 0.632949 0.688367
vt 0.058362 0.713368
vt 0.066865 0.726408
vt 0.631299 0.691182
vt 0.068181 0.733290
vt 0.629895 0.693976
vt 0.068771 0.740150
vt 0.639530 0.699426
vt 0.628532 0.698560
vt 0.747299 0.505374
vt 0.852395 0.211059
vt 0.746692 0.485367
vt 0.860265 0.211981
vt 0.748394 0.513887
vt 0.748304 0.532486
vt 0.810220 0.160664
vt 0.789219 0.134349
vt 0.744545 0.481308
vt 0.700153 0.561123
vt 0.561783 0.021655
vt 0.694173 0.552235
vt 0.702672 0.558304
vt 0.569162 0.018985
vt 0.692619 0.556273
vt 0.526231 0.014554
vt 0.114321 0.794546
vt 0.121100 0.801403
vt 0.645655 0.702273
vt 0.645242 0.706811
vt 0.656116 0.703066
vt 0.890600 0.230741
vt 0.756183 0.589857
vt 0.755536 0.613321
vt 0.758739 0.622963
vt 0.894590 0.233444
vt 0.758715 0.615821
vt 0.885372 0.228380
vt 0.755862 0.575574
vt 0.148909 0.186989
vt 0.617165 0.582933
vt 0.616160 0.579203
vt 0.132091 0.218652
vt 0.615833 0.585605
vt 0.127681 0.229890
vt 0.616519 0.589593
vt 0.823963 0.602932
vt 0.919249 0.240993
vt 0.916481 0.241759
vt 0.920276 0.248026
vt 0.835348 0.593517
vt 0.840639 0.583710
vt 0.916226 0.235908
vt 0.767763 0.647087
vt 0.806831 0.621352
vt 0.759667 0.645582
vt 0.905411 0.234245
vt 0.899882 0.234946
vt 0.183714 0.130883
vt 0.642219 0.577495
vt 0.646114 0.578792
vt 0.629870 0.552621
vt 0.646683 0.577342
vt 0.180620 0.137226
vt 0.167586 0.147544
vt 0.636876 0.576654
vt 0.625796 0.012544
vt 0.719603 0.563218
vt 0.721723 0.560715
vt 0.635622 0.014066
vt 0.725367 0.564317
vt 0.717963 0.568326
vt 0.617809 0.013618
vt 0.710436 0.559001
vt 0.164351 0.155465
vt 0.630421 0.574791
vt 0.157767 0.166314
vt 0.630860 0.579125
vt 0.208567 0.106495
vt 0.635513 0.551604
vt 0.121865 0.806063
vt 0.635813 0.712136
vt 0.122807 0.810670
vt 0.628276 0.716490
vt 0.637925 0.549029
vt 0.236450 0.087190
vt 0.641238 0.541278
vt 0.638440 0.545033
vt 0.624325 0.649149
vt 0.027686 0.505879
vt 0.618347 0.650278
vt 0.616431 0.643677
vt 0.030976 0.487213
vt 0.618268 0.655252
vt 0.025353 0.514825
vt 0.620538 0.658406
vt 0.033552 0.639222
vt 0.624263 0.674572
vt 0.624294 0.670853
vt 0.618677 0.667458
vt 0.027796 0.615107
vt 0.030913 0.632785
vt 0.038339 0.658138
vt 0.626637 0.678084
vt 0.849411 0.586430
vt 0.832236 0.598459
vt 0.829749 0.604225
vt 0.372925 0.996259
vt 0.559287 0.994425
vt 0.565864 0.991635
vt 0.154788 0.176996
vt 0.625800 0.578671
vt 0.038203 0.665428
vt 0.626925 0.682876
vt 0.626538 0.682391
vt 0.827051 0.618151
vt 0.845259 0.605910
vt 0.831412 0.613154
vt 0.379964 0.984253
vt 0.378390 0.987177
vt 0.908490 0.825381
vt 0.822628 0.624732
vt 0.840212 0.621375
vt 0.842815 0.613148
vt 0.898817 0.823669
vt 0.903013 0.824811
vt 0.831586 0.612218
vt 0.846930 0.600283
vt 0.376809 0.990120
vt 0.374870 0.993108
vt 0.920276 0.825840
vt 0.877012 0.220913
vt 0.872756 0.216283
vt 0.748578 0.558526
vt 0.754069 0.569753
vt 0.881310 0.224646
vt 0.751463 0.568826
vt 0.867411 0.213564
vt 0.678073 0.553643
vt 0.437590 0.000000
vt 0.431939 0.004617
vt 0.494895 0.008077
vt 0.681822 0.553865
vt 0.686732 0.556308
vt 0.403562 0.007896
vt 0.674101 0.555998
vt 0.672020 0.709421
vt 0.321738 0.923552
vt 0.693263 0.704565
vt 0.615620 0.727511
vt 0.265196 0.894693
vt 0.651209 0.715969
vt 0.710069 0.701525
vt 0.695895 0.702564
vt 0.764975 0.644356
vt 0.908533 0.233599
vt 0.912084 0.232222
vt 0.836408 0.634025
vt 0.818906 0.631633
vt 0.895540 0.822176
vt 0.382221 0.978431
vt 0.836471 0.642674
vt 0.817192 0.638449
vt 0.907582 0.811265
vt 0.382713 0.975681
vt 0.896602 0.820317
vt 0.500227 0.009007
vt 0.683768 0.547168
vt 0.686466 0.547383
vt 0.092809 0.295226
vt 0.599303 0.607090
vt 0.604753 0.605621
vt 0.602993 0.601579
vt 0.088008 0.307823
vt 0.061151 0.363352
vt 0.608230 0.614259
vt 0.021703 0.523335
vt 0.031376 0.589041
vt 0.618912 0.661565
vt 0.327704 0.929156
vt 0.643693 0.009844
vt 0.727409 0.558534
vt 0.338338 0.957621
vt 0.366725 0.963573
vt 0.783876 0.706266
vt 0.331186 0.953115
vt 0.765933 0.708522
vt 0.609436 0.588401
vt 0.614923 0.632956
vt 0.040291 0.422856
vt 0.034255 0.464692
vt 0.613400 0.629018
vt 0.042773 0.414486
vt 0.618156 0.641048
vt 0.395901 0.010280
vt 0.667784 0.551130
vt 0.132476 0.831991
vt 0.616077 0.725058
vt 0.619271 0.721499
vt 0.610395 0.017636
vt 0.707778 0.562827
vt 0.710276 0.564566
vt 0.613101 0.624519
vt 0.047429 0.399332
vt 0.045386 0.406047
vt 0.610777 0.619698
vt 0.055573 0.379251
vt 0.842069 0.670397
vt 0.823521 0.644615
vt 0.821620 0.649827
vt 0.914040 0.801273
vt 0.363925 0.974142
vt 0.906310 0.808343
vt 0.825633 0.656262
vt 0.854982 0.688819
vt 0.366086 0.967114
vt 0.911731 0.798467
vt 0.823638 0.643362
vt 0.837475 0.650989
vt 0.369060 0.974091
vt 0.382548 0.972351
vt 0.602479 0.018543
vt 0.576541 0.010846
vt 0.058424 0.371188
vt 0.030773 0.597935
vt 0.028356 0.606152
vt 0.618146 0.664559
vt 0.661952 0.007454
vt 0.729935 0.558751
vt 0.733361 0.561885
vt 0.674322 0.007953
vt 0.666805 0.004507
vt 0.735395 0.555418
vt 0.847870 0.684783
vt 0.909431 0.795515
vt 0.059157 0.704721
vt 0.627869 0.685585
vt 0.389755 0.016303
vt 0.659338 0.543439
vt 0.657657 0.545777
vt 0.380953 0.026679
vt 0.655378 0.548471
vt 0.124935 0.815488
vt 0.128791 0.823888
vt 0.740876 0.478949
vt 0.736974 0.542209
vt 0.642448 0.537904
vt 0.291259 0.054549
vt 0.241238 0.076640
vt 0.321520 0.046030
vt 0.305110 0.049961
vt 0.756797 0.050621
vt 0.759178 0.041019
vt 0.759291 0.039543
vt 0.724069 0.078095
vt 0.739151 0.073197
vt 0.427850 0.010724
vt 0.575403 0.010559
vt 0.571660 0.015266
vt 0.653256 0.011233
vt 0.146021 0.028491
vt 0.704406 0.086860
vt 0.660929 0.095349
vt 0.653054 0.095255
vt 0.177420 0.040812
vt 0.171379 0.028826
vt 0.347367 0.082466
vt 0.388223 0.077992
vt 0.602973 0.078931
vt 0.325156 0.084979
vt 0.329290 0.085165
vt 0.368139 0.080411
vt 0.355098 0.081975
vt 0.292095 0.891150
vt 0.295962 0.889180
vt 0.308316 0.884643
vt 0.292319 0.922660
vt 0.322799 0.933631
vt 0.291454 0.923628
vt 0.701259 0.882849
vt 0.689652 0.879710
vt 0.676942 0.874881
vt 0.672871 0.873082
vt 0.410628 0.888228
vt 0.424854 0.891797
vt 0.451936 0.902020
vt 0.449336 0.900929
vt 0.438746 0.898791
vt 0.425917 0.892210
vt 0.438003 0.898296
vt 0.452223 0.902100
vt 0.459533 0.907671
vt 0.454845 0.903187
vt 0.402638 0.884341
vt 0.400731 0.883644
vt 0.378548 0.872594
vt 0.390410 0.878880
vt 0.389833 0.878449
vt 0.372171 0.867973
vt 0.364860 0.862890
vt 0.362935 0.861859
vt 0.355652 0.864606
vt 0.352971 0.866327
vt 0.342744 0.866778
vt 0.340413 0.866781
vt 0.785723 0.903118
vt 0.773769 0.899559
vt 0.235358 0.052701
vt 0.629571 0.093578
vt 0.639494 0.094088
vt 0.685682 0.092952
vt 0.690040 0.091672
vt 0.662991 0.095481
vt 0.667568 0.095506
vt 0.681221 0.093984
vt 0.649747 0.095334
vt 0.702442 0.087755
vt 0.690066 0.091667
vt 0.760529 0.031083
vt 0.599586 0.072090
vt 0.378249 0.083880
vt 0.341401 0.079453
vt 0.379898 0.084847
vt 0.409622 0.084191
vt 0.297596 0.072268
vt 0.278145 0.060317
vt 0.289862 0.064336
vt 0.590388 0.054840
vt 0.590630 0.055490
vt 0.592300 0.059253
vt 0.598339 0.069045
vt 0.596163 0.066045
vt 0.339331 0.084739
vt 0.339869 0.084649
vt 0.610133 0.090221
vt 0.612668 0.091248
vt 0.615785 0.092148
vt 0.288937 0.893524
vt 0.286319 0.896178
vt 0.280443 0.905277
vt 0.306421 0.906371
vt 0.322324 0.903356
vt 0.318703 0.910469
vt 0.309390 0.883970
vt 0.326116 0.876261
vt 0.313299 0.881797
vt 0.792835 0.914839
vt 0.792718 0.914453
vt 0.786234 0.903626
vt 0.788249 0.906071
vt 0.273678 0.910860
vt 0.292075 0.910097
vt 0.295310 0.909517
vt 0.301036 0.917431
vt 0.765042 0.896794
vt 0.714807 0.885032
vt 0.652361 0.864920
vt 0.650885 0.864192
vt 0.751676 0.893466
vt 0.734133 0.889853
vt 0.731203 0.888921
vt 0.462538 0.915553
vt 0.462436 0.913811
vt 0.461849 0.911610
vt 0.461858 0.921238
vt 0.337153 0.868713
vt 0.334520 0.869914
vt 0.096285 0.284872
vt 0.107501 0.260267
vt 0.327757 0.931591
vt 0.330145 0.946458
vt 0.731938 0.699143
vt 0.061126 0.720428
vt 0.120050 0.796047
vt 0.793916 0.140066
vt 0.555482 0.019745
vt 0.117551 0.798005
vt 0.758262 0.616795
vt 0.622146 0.580461
vt 0.143979 0.196463
vt 0.918957 0.236285
vt 0.843133 0.584634
vt 0.845246 0.585916
vt 0.849219 0.581780
vt 0.849870 0.577251
vt 0.915494 0.230629
vt 0.191815 0.117013
vt 0.173685 0.140753
vt 0.226723 0.096980
vt 0.624400 0.650411
vt 0.028822 0.495852
vt 0.039000 0.650418
vt 0.028992 0.626711
vt 0.370447 1.000000
vt 0.623314 0.680264
vt 0.627915 0.682539
vt 0.830421 0.614147
vt 0.838124 0.626560
vt 0.381239 0.981280
vt 0.831272 0.611826
vt 0.848279 0.594445
vt 0.874817 0.216793
vt 0.745362 0.551269
vt 0.424442 0.002338
vt 0.417388 0.003915
vt 0.411220 0.009144
vt 0.676449 0.556469
vt 0.319995 0.919534
vt 0.145654 0.842045
vt 0.693477 0.702758
vt 0.323574 0.927455
vt 0.897411 0.818585
vt 0.903168 0.815023
vt 0.064617 0.355465
vt 0.024427 0.554013
vt 0.025180 0.558229
vt 0.655900 0.009298
vt 0.649645 0.010528
vt 0.771188 0.710885
vt 0.352985 0.962052
vt 0.615919 0.591377
vt 0.612575 0.635772
vt 0.034321 0.450180
vt 0.615325 0.630268
vt 0.031291 0.480747
vt 0.603321 0.018955
vt 0.052268 0.387139
vt 0.612907 0.621220
vt 0.839354 0.659800
vt 0.820640 0.648464
vt 0.910368 0.805226
vt 0.365106 0.970580
vt 0.872626 0.714424
vt 0.597687 0.016486
vt 0.671298 0.005035
vt 0.745673 0.685478
vt 0.374367 0.034060
vt 0.299258 0.051766
vt 0.285353 0.056790
vt 0.311185 0.048409
s 1
usemtl pastry
f 717/1/1 725/2/2 718/3/3
f 886/4/4 890/5/5 898/6/6
f 887/7/7 890/5/5 888/8/8
f 724/9/9 889/10/10 887/7/7
f 718/3/3 724/9/9 722/11/11
f 887/7/7 889/10/10 890/5/5
f 889/10/10 894/12/12 890/5/5
f 890/5/5 894/12/12 899/13/13
f 910/14/14 920/15/15 2060/16/16
f 885/17/17 917/18/18 910/14/14
f 885/17/17 897/19/19 917/18/18
f 885/17/17 886/4/20 897/19/19
f 886/4/20 898/6/21 897/19/19
f 896/20/22 898/6/21 899/13/23
f 896/20/22 897/19/19 898/6/21
f 890/5/5 899/13/13 898/6/6
f 896/20/22 900/21/24 897/19/19
f 897/19/19 900/21/24 918/22/25
f 910/14/14 919/23/26 920/15/15
f 920/15/15 925/24/27 2060/16/16
f 920/15/15 926/25/28 925/24/27
f 920/15/15 927/26/29 926/25/28
f 920/15/15 922/27/30 927/26/31
f 918/22/25 922/27/30 920/15/15
f 922/27/32 926/25/32 927/26/32
f 925/24/27 2061/28/33 2060/16/16
f 925/24/27 926/25/28 2061/28/33
f 926/25/28 2064/29/34 2062/30/35
f 886/4/4 888/8/8 890/5/5
f 718/3/3 725/2/2 724/9/9
f 897/19/19 920/15/15 919/23/26
f 910/14/14 917/18/18 919/23/26
f 897/19/19 919/23/26 917/18/18
f 897/19/19 918/22/25 920/15/15
f 926/25/28 2062/30/35 2061/28/33
f 907/31/36 916/32/37 913/33/38
f 916/32/37 2050/34/39 2051/35/40
f 907/31/36 2050/34/39 916/32/37
f 907/31/36 915/36/41 2050/34/39
f 2050/34/39 2052/37/42 2051/35/40
f 2052/37/42 2059/38/43 2057/39/44
f 2052/37/42 2057/39/44 2056/40/45
f 2052/37/42 2066/41/46 2059/38/47
f 2058/42/48 2059/38/48 2066/41/48
f 2066/41/46 2069/43/49 2088/44/50
f 2048/45/51 2054/46/52 2049/47/53
f 913/33/38 916/32/37 2048/45/51
f 2048/45/51 2051/35/40 2055/48/54
f 916/32/37 2051/35/40 2048/45/51
f 2049/47/53 2054/46/52 2053/49/55
f 2053/49/55 2054/46/52 2075/50/56
f 2054/46/52 2055/48/54 2077/51/57
f 2048/45/51 2055/48/54 2054/46/52
f 2055/48/54 2056/40/45 2077/51/57
f 2056/40/45 2057/39/44 2077/51/57
f 2075/50/56 2078/52/58 2081/53/59
f 2054/46/52 2077/51/57 2078/52/58
f 2078/52/58 2083/54/60 2084/55/61
f 2083/54/62 2085/56/63 2084/55/61
f 2078/52/58 2080/57/64 2083/54/60
f 2077/51/57 2080/57/64 2078/52/58
f 2057/39/44 2080/57/64 2077/51/57
f 2080/57/65 2085/56/63 2083/54/62
f 2057/39/44 2059/38/43 2080/57/64
f 2058/42/66 2085/56/63 2080/57/65
f 2058/42/67 2080/57/67 2059/38/67
f 2084/55/61 2086/58/68 2225/59/69
f 2084/55/61 2085/56/63 2086/58/68
f 2085/56/63 2087/60/70 2086/58/68
f 2086/58/68 2087/60/70 2226/61/71
f 2079/62/72 2087/60/70 2085/56/63
f 2058/42/66 2079/62/72 2085/56/63
f 1494/63/73 2053/49/55 2075/50/56
f 2084/55/61 2223/64/74 2222/65/75
f 2223/64/74 2225/59/69 2227/66/76
f 2084/55/61 2225/59/69 2223/64/74
f 2225/59/69 2229/67/77 2227/66/76
f 2051/35/40 2052/37/42 2056/40/45
f 2058/42/66 2088/44/50 2079/62/72
f 2058/42/66 2066/41/46 2088/44/50
f 2051/35/40 2056/40/45 2055/48/54
f 2054/46/52 2078/52/58 2075/50/56
f 2078/52/58 2084/55/61 2081/53/59
f 2081/53/59 2084/55/61 2222/65/75
f 881/68/78 883/69/79 882/70/80
f 871/71/81 882/70/80 883/69/79
f 880/72/82 881/68/78 882/70/80
f 880/72/82 909/73/83 881/68/78
f 880/72/82 882/70/80 884/74/84
f 387/75/85 394/76/86 392/77/87
f 392/77/87 394/76/86 393/78/88
f 392/77/87 393/78/88 411/79/89
f 393/78/88 394/76/86 396/80/90
f 384/81/91 393/78/88 396/80/90
f 384/81/91 395/82/92 393/78/88
f 409/83/93 410/84/94 411/79/95
f 395/82/92 397/85/96 411/79/89
f 397/85/97 409/83/98 411/79/99
f 397/85/97 883/69/79 409/83/98
f 409/83/100 883/69/79 881/68/78
f 391/86/101 392/77/87 412/87/102
f 387/75/85 388/88/103 394/76/86
f 387/75/85 392/77/87 391/86/101
f 408/89/104 411/79/89 414/90/105
f 871/71/81 883/69/79 873/91/106
f 881/68/78 909/73/83 907/31/36
f 393/78/88 395/82/92 411/79/89
f 392/77/87 411/79/89 408/89/104
f 392/77/87 408/89/104 412/87/102
f 159/92/107 704/93/108 705/94/109
f 703/95/110 706/96/111 705/94/109
f 705/94/109 712/97/112 708/98/113
f 705/94/109 706/96/111 712/97/112
f 707/99/114 722/11/11 713/100/115
f 713/100/115 722/11/11 723/101/116
f 706/96/111 707/99/114 712/97/112
f 709/102/117 710/103/118 869/104/119
f 710/103/118 870/105/120 869/104/119
f 708/98/113 711/106/121 710/103/122
f 710/103/118 711/106/123 870/105/120
f 711/106/123 875/107/124 870/105/120
f 708/98/113 713/100/115 711/106/121
f 708/98/113 712/97/112 713/100/115
f 711/106/123 714/108/125 875/107/124
f 711/106/121 713/100/115 714/108/126
f 713/100/115 723/101/116 714/108/126
f 150/109/127 704/93/108 158/110/128
f 150/109/127 153/111/129 704/93/108
f 158/110/128 159/92/107 161/112/130
f 148/113/131 154/114/132 149/115/133
f 149/115/133 154/114/132 155/116/134
f 148/113/131 150/109/127 154/114/132
f 150/109/127 160/117/135 154/114/132
f 156/118/136 375/119/137 157/120/138
f 155/116/139 160/117/135 156/118/136
f 375/119/137 379/121/140 376/122/141
f 156/118/136 379/121/140 375/119/137
f 376/122/141 379/121/140 382/123/142
f 376/122/141 382/123/142 377/124/143
f 156/118/136 160/117/135 162/125/144
f 156/118/145 162/125/146 379/121/140
f 162/125/146 381/126/147 379/121/140
f 379/121/140 381/126/147 382/123/142
f 161/112/148 382/123/142 381/126/149
f 380/127/150 383/128/151 382/123/142
f 161/112/148 380/127/150 382/123/142
f 161/112/152 381/126/147 162/125/146
f 161/112/148 709/102/117 380/127/150
f 159/92/107 709/102/153 161/112/130
f 145/129/154 149/115/133 155/116/134
f 147/130/155 155/116/139 156/118/136
f 374/131/156 376/122/141 377/124/143
f 136/132/157 149/115/133 143/133/158
f 158/110/128 704/93/108 159/92/107
f 159/92/107 705/94/109 709/102/153
f 707/99/114 713/100/115 712/97/112
f 705/94/109 708/98/113 709/102/153
f 708/98/113 710/103/122 709/102/153
f 380/127/150 709/102/117 869/104/119
f 714/108/125 877/134/159 875/107/124
f 154/114/132 160/117/135 155/116/134
f 148/113/131 152/135/160 150/109/127
f 150/109/127 158/110/128 160/117/135
f 157/120/138 375/119/137 376/122/141
f 158/110/128 161/112/130 160/117/135
f 160/117/135 161/112/130 162/125/144
f 670/136/161 672/137/162 706/96/111
f 674/138/163 685/139/164 715/140/165
f 674/138/166 676/141/167 685/139/164
f 685/139/164 689/142/168 686/143/169
f 685/139/164 687/144/170 689/142/168
f 687/144/170 691/145/171 689/142/168
f 676/141/167 687/144/170 685/139/164
f 676/141/167 701/146/172 687/144/170
f 687/144/170 701/146/172 700/147/173
f 675/148/174 682/149/175 701/146/176
f 675/148/174 701/146/176 676/141/177
f 682/149/175 747/150/178 692/151/179
f 682/149/175 692/151/179 701/146/176
f 700/147/180 701/146/181 702/152/182
f 692/151/179 702/152/183 701/146/176
f 669/153/184 681/154/185 682/149/175
f 684/155/186 732/156/187 733/157/188
f 682/149/175 733/157/188 747/150/178
f 669/153/184 677/158/189 679/159/190
f 669/153/184 679/159/190 680/160/191
f 669/153/184 680/160/191 681/154/185
f 669/153/184 675/148/174 672/137/162
f 672/137/162 675/148/174 706/96/111
f 674/138/163 706/96/111 675/148/174
f 674/138/163 675/148/174 676/141/177
f 670/136/161 673/161/192 671/162/193
f 116/163/194 677/158/189 673/161/192
f 671/162/193 673/161/192 677/158/189
f 677/158/189 678/164/195 679/159/190
f 732/165/187 740/166/196 733/167/188
f 669/153/184 682/149/175 675/148/174
f 669/153/184 671/162/193 677/158/189
f 670/136/161 671/162/193 672/137/162
f 669/153/184 672/137/162 671/162/193
f 729/168/197 730/169/198 734/170/199
f 735/171/200 736/172/201 737/173/202
f 737/173/202 1062/174/203 1061/175/204
f 735/171/200 737/173/202 738/176/205
f 737/173/202 1061/175/204 738/176/205
f 735/171/200 738/176/205 742/177/206
f 731/178/207 735/171/200 739/179/208
f 735/171/200 742/177/206 739/179/208
f 180/180/209 181/181/210 730/182/211
f 181/181/210 736/172/201 730/182/211
f 181/181/210 190/183/212 736/172/201
f 730/182/211 736/172/201 734/184/213
f 190/183/212 745/185/214 737/173/202
f 190/183/212 737/173/202 736/172/201
f 734/184/213 736/172/201 735/171/200
f 194/186/215 195/187/216 197/188/217
f 181/181/210 187/189/218 196/190/219
f 194/186/220 197/188/221 196/190/219
f 196/190/219 197/188/221 198/191/222
f 196/190/219 198/191/222 746/192/223
f 190/183/212 196/190/219 746/192/223
f 198/191/222 1075/193/224 746/192/223
f 745/185/214 746/192/223 1060/194/225
f 197/188/221 465/195/226 198/191/222
f 198/191/227 465/195/228 1075/193/229
f 1075/193/230 1081/196/231 1077/197/232
f 1063/198/233 1075/193/234 1076/199/235
f 1075/193/234 1077/197/236 1076/199/235
f 1076/199/235 1077/197/236 1080/200/237
f 1077/197/236 1083/201/238 1080/200/237
f 1060/194/225 1063/198/239 1062/174/203
f 195/187/240 463/202/241 464/203/242
f 464/203/243 1078/204/244 465/195/228
f 1078/204/244 1079/205/245 1081/196/246
f 1078/204/247 1085/206/248 1086/207/249
f 731/178/207 734/184/199 735/171/200
f 737/173/202 745/185/214 1060/194/225
f 737/173/202 1060/194/225 1062/174/203
f 195/187/216 464/203/243 197/188/217
f 181/181/210 196/190/219 190/183/212
f 190/183/212 746/192/223 745/185/214
f 746/192/223 1075/193/224 1060/194/225
f 1060/194/225 1075/193/224 1063/198/239
f 197/188/217 464/203/243 465/195/228
f 465/195/228 1078/204/244 1075/193/229
f 1075/193/229 1078/204/244 1081/196/246
f 117/208/250 151/209/251 124/210/252
f 115/211/253 126/212/254 123/213/255
f 115/211/253 124/210/252 151/209/251
f 117/208/250 124/210/252 119/214/256
f 113/215/257 123/213/255 126/212/254
f 118/216/258 182/217/259 123/218/255
f 123/218/255 182/217/259 128/219/260
f 115/211/253 123/213/255 124/210/252
f 123/218/261 128/219/262 125/220/263
f 123/218/255 125/220/264 124/221/252
f 125/220/263 128/219/262 127/222/265
f 128/219/260 182/217/259 184/223/266
f 127/222/265 128/219/262 186/224/267
f 128/219/262 183/225/268 186/224/267
f 125/220/263 127/222/265 129/226/269
f 127/222/265 186/224/267 129/226/269
f 183/225/268 188/227/270 186/224/267
f 109/228/271 114/229/272 112/230/273
f 112/230/273 114/229/272 113/231/257
f 109/228/271 177/232/274 118/216/258
f 109/228/271 118/216/258 114/229/272
f 114/229/272 118/216/258 123/218/255
f 177/232/274 178/233/275 182/217/259
f 118/216/258 177/232/274 182/217/259
f 178/233/275 185/234/276 182/217/259
f 182/217/259 185/234/276 184/223/266
f 183/225/277 184/223/277 188/227/277
f 184/223/278 189/235/279 188/227/280
f 184/223/266 185/234/276 195/187/281
f 184/223/282 195/187/282 189/235/282
f 105/236/283 126/212/254 136/132/157
f 164/237/284 170/238/285 171/239/286
f 108/240/287 164/237/284 109/228/271
f 108/240/287 109/228/271 112/230/273
f 105/236/283 113/215/257 126/212/254
f 128/219/288 184/223/288 183/225/288
f 113/231/257 114/229/272 123/218/255
f 105/241/283 112/230/273 113/231/257
f 490/242/289 491/243/290 492/244/291
f 491/243/290 496/245/292 492/244/291
f 488/246/293 490/242/289 492/244/291
f 488/246/293 492/244/291 489/247/294
f 462/248/295 489/247/294 493/249/296
f 462/248/295 493/249/296 463/202/241
f 489/247/294 492/244/291 493/249/296
f 492/244/291 497/250/297 493/249/296
f 493/249/296 497/250/297 494/251/298
f 491/243/290 616/252/299 496/245/292
f 492/244/291 496/245/292 498/253/300
f 496/245/292 641/254/301 498/253/300
f 616/252/299 645/255/302 641/254/301
f 641/254/301 645/255/302 642/256/303
f 473/257/304 495/258/305 491/243/290
f 473/257/304 491/243/290 490/242/289
f 495/258/305 612/259/306 616/252/299
f 612/259/306 615/260/307 616/252/299
f 614/261/308 619/262/309 615/260/307
f 615/260/307 619/262/309 620/263/310
f 624/264/311 625/265/312 645/255/302
f 623/266/313 625/265/312 624/264/311
f 1843/267/314 1845/268/315 2469/269/316
f 625/265/312 626/270/317 1841/271/318
f 491/243/290 495/258/305 616/252/299
f 492/244/291 498/253/300 497/250/297
f 496/245/292 616/252/299 641/254/301
f 498/253/300 641/254/301 642/256/303
f 612/259/306 614/261/308 615/260/307
f 619/262/309 624/264/311 620/263/310
f 690/272/319 720/273/320 719/274/321
f 892/275/322 895/276/323 894/12/12
f 891/277/324 893/278/325 892/275/322
f 892/275/322 893/278/326 895/276/323
f 726/279/327 802/280/328 727/281/329
f 727/281/329 802/280/328 891/277/324
f 690/272/319 770/282/330 720/273/320
f 720/273/320 792/283/331 794/284/332
f 720/273/320 769/285/333 792/283/331
f 720/273/320 773/286/334 769/285/333
f 794/284/332 795/287/335 801/288/336
f 792/283/331 795/287/335 794/284/332
f 792/283/331 793/289/337 795/287/335
f 793/289/338 801/288/336 795/287/335
f 793/289/338 799/290/339 801/288/336
f 769/285/333 775/291/340 792/283/331
f 799/290/341 804/292/342 801/288/336
f 775/291/340 793/289/337 792/283/331
f 802/280/328 893/278/325 891/277/324
f 801/288/336 803/293/343 802/280/328
f 802/280/328 803/293/343 931/294/344
f 895/276/323 933/295/345 903/296/346
f 895/276/323 931/294/344 933/295/345
f 893/278/326 931/294/344 895/276/323
f 802/280/328 931/294/344 893/278/325
f 900/21/24 902/297/347 904/298/348
f 900/21/24 904/298/348 923/299/349
f 895/276/323 903/296/346 902/297/347
f 902/297/347 903/296/350 904/298/348
f 769/285/333 773/286/334 771/300/351
f 726/279/327 794/284/332 802/280/328
f 794/284/332 801/288/336 802/280/328
f 801/288/336 804/292/342 803/293/343
f 904/298/348 924/301/352 923/299/349
f 720/273/320 770/282/330 773/286/334
f 771/300/351 777/302/353 772/303/354
f 695/304/355 697/305/356 696/306/357
f 695/304/355 696/306/357 699/307/358
f 699/307/358 780/308/359 778/309/360
f 699/307/358 832/310/361 780/308/359
f 843/311/362 1117/312/363 844/313/364
f 844/313/364 1117/312/363 848/314/365
f 848/314/365 1117/312/363 849/315/366
f 843/311/362 1115/316/367 1117/312/363
f 777/302/353 837/317/368 783/318/369
f 781/319/370 783/318/369 837/317/368
f 781/319/370 782/320/371 784/321/372
f 774/322/373 783/318/369 781/319/370
f 774/322/373 781/319/370 784/321/372
f 835/323/374 841/324/375 836/325/376
f 780/308/359 835/323/374 833/326/377
f 833/326/377 835/323/374 834/327/378
f 834/327/378 835/323/374 836/325/376
f 779/328/379 780/308/359 833/326/377
f 836/325/376 841/324/375 843/329/362
f 777/302/353 779/328/379 833/326/377
f 836/325/376 843/329/362 839/330/380
f 777/302/353 833/326/377 834/327/378
f 777/302/353 834/327/378 837/317/368
f 834/327/378 839/330/380 837/317/368
f 837/317/368 839/330/380 838/331/381
f 781/319/370 837/317/368 838/331/381
f 838/331/381 839/330/380 844/332/364
f 781/319/370 838/331/381 840/333/382
f 778/309/360 780/308/359 779/328/379
f 839/330/380 843/329/362 844/332/364
f 838/331/381 844/332/364 847/334/383
f 834/327/378 836/325/376 839/330/380
f 772/303/354 777/302/353 783/318/369
f 693/335/384 753/336/385 698/337/386
f 691/145/171 693/335/387 698/337/386
f 750/338/388 755/339/389 756/340/390
f 698/337/386 750/341/388 751/342/391
f 750/341/388 757/343/392 751/342/391
f 750/338/388 756/340/390 757/344/392
f 756/340/390 766/345/393 757/344/392
f 751/342/391 757/343/392 763/346/394
f 748/347/395 749/348/396 754/349/397
f 750/341/388 753/336/398 754/350/399
f 749/348/396 764/351/400 765/352/401
f 749/348/396 765/352/401 755/339/402
f 755/339/389 765/352/403 756/340/390
f 1120/353/404 1126/354/405 1125/355/406
f 842/356/407 845/357/408 1116/358/409
f 845/357/408 1121/359/410 1120/353/404
f 845/357/408 1120/353/404 1116/358/409
f 766/345/393 767/360/411 768/361/412
f 767/360/413 1071/362/414 1102/363/415
f 767/360/413 1102/363/415 1119/364/416
f 767/360/411 1119/364/417 768/361/412
f 757/344/392 766/345/393 768/361/412
f 1102/363/415 1122/365/418 1119/364/416
f 768/361/412 1119/364/417 846/366/419
f 768/361/412 846/366/419 845/357/408
f 1119/364/416 1122/365/418 1123/367/420
f 846/366/419 1119/364/417 1121/359/410
f 1119/364/417 1123/367/420 1121/359/410
f 1121/359/410 1123/367/420 1126/354/421
f 1120/353/404 1121/359/410 1126/354/405
f 698/337/386 753/336/385 750/341/388
f 756/340/390 765/352/403 766/345/393
f 749/348/396 755/339/402 754/349/397
f 750/338/388 754/349/399 755/339/389
f 764/351/400 767/360/413 765/352/401
f 765/352/403 767/360/411 766/345/393
f 845/357/408 846/366/419 1121/359/410
f 733/167/188 741/368/422 758/369/423
f 759/370/424 1067/371/425 762/372/426
f 762/372/426 1068/373/427 1070/374/428
f 1068/373/427 1074/375/429 1070/374/428
f 1070/374/428 1074/375/429 1072/376/430
f 743/377/431 1065/378/432 744/379/433
f 741/368/422 743/377/431 744/379/433
f 741/368/422 744/379/433 760/380/434
f 1061/175/204 1082/381/435 1087/382/436
f 1061/175/204 1087/382/437 1064/383/438
f 1064/383/438 1087/382/437 1065/378/432
f 743/377/431 1064/383/438 1065/378/432
f 1065/378/432 1088/384/439 1066/385/440
f 760/380/434 1066/385/440 1067/371/425
f 760/380/434 1067/371/425 761/386/441
f 1066/385/440 1069/387/442 1067/371/425
f 1066/385/440 1073/388/443 1069/387/442
f 762/372/426 1067/371/425 1068/373/427
f 1069/387/442 1073/388/443 1105/389/444
f 1067/371/425 1069/387/442 1068/373/427
f 744/379/433 1065/378/432 1066/385/440
f 741/368/422 760/380/434 758/369/423
f 744/379/433 1066/385/440 760/380/434
f 1106/390/445 1107/391/446 1132/392/447
f 1110/393/448 1113/394/449 1151/395/450
f 1113/394/449 1154/396/451 1151/395/450
f 1107/391/446 1133/397/452 1132/392/447
f 1107/391/446 1110/393/448 1151/395/450
f 1107/391/446 1151/395/450 1133/397/452
f 1073/388/443 1111/398/453 1104/399/454
f 1073/388/443 1103/400/455 1111/398/453
f 1105/389/444 1110/393/448 1107/391/446
f 1105/389/444 1107/391/446 1106/390/445
f 1104/399/454 1112/401/456 1105/389/444
f 1110/393/448 1112/401/456 1113/394/449
f 1112/401/456 1181/402/457 1113/394/449
f 1113/394/449 1181/402/457 1154/396/451
f 1181/402/457 1187/403/458 1276/404/459
f 1154/396/451 1181/402/457 1276/404/459
f 1104/399/454 1111/398/453 1112/401/456
f 1180/405/460 1206/406/461 1207/407/462
f 1105/389/444 1112/401/456 1110/393/448
f 1112/401/456 1114/408/463 1181/402/457
f 1087/382/436 1097/409/464 1098/410/465
f 1087/382/437 1098/410/466 1089/411/467
f 1088/384/439 1089/411/467 1103/400/455
f 1083/201/238 1084/412/468 1097/409/464
f 1093/413/469 1099/414/470 1097/409/471
f 1098/410/465 1156/415/472 1101/416/473
f 1089/411/467 1098/410/466 1101/416/474
f 1089/411/467 1101/416/474 1100/417/475
f 1100/417/475 1101/416/474 1177/418/476
f 1155/419/477 1160/420/478 1156/415/472
f 1156/415/472 1160/420/478 1161/421/479
f 1101/416/473 1156/415/472 1161/421/479
f 1101/416/474 1161/421/480 1177/418/476
f 1161/421/481 1174/422/482 1183/423/483
f 1161/421/480 1183/423/484 1177/418/476
f 1177/418/476 1183/423/484 1182/424/485
f 1177/418/476 1182/424/485 1179/425/486
f 1182/424/485 1183/423/484 1184/426/487
f 1158/427/488 1174/422/489 1159/428/490
f 1155/419/491 1159/428/492 1160/420/493
f 1159/428/494 1174/422/494 1160/420/494
f 1111/398/453 1177/418/476 1179/425/486
f 1179/425/486 1182/424/485 1186/429/495
f 1182/424/485 1185/430/496 1186/429/495
f 1184/426/487 1203/431/497 1185/430/496
f 1185/430/496 1203/431/497 1204/432/498
f 1163/433/499 1205/434/500 1185/430/496
f 1185/430/496 1206/406/461 1186/429/495
f 1185/430/496 1205/434/500 1211/435/501
f 1185/430/496 1211/435/501 1206/406/461
f 1163/433/499 1164/436/502 1205/434/500
f 1206/406/461 1211/435/501 1212/437/503
f 1183/423/484 1202/438/504 1184/426/487
f 1162/439/505 1184/426/487 1202/438/504
f 1162/439/506 1202/438/507 1203/431/508
f 1203/431/508 1208/440/509 1204/432/498
f 1162/439/510 1203/431/510 1184/426/510
f 1208/440/509 1210/441/511 2504/442/512
f 1208/440/509 2504/442/512 1209/443/513
f 1163/433/499 1204/432/498 1209/443/513
f 1209/443/513 2504/442/512 2470/444/514
f 1164/436/515 1209/443/513 2470/444/516
f 1163/433/499 1209/443/513 1164/436/515
f 1108/445/517 1177/418/476 1111/398/453
f 1160/420/518 1174/422/518 1161/421/518
f 1182/424/485 1184/426/487 1185/430/496
f 1204/432/498 1208/440/509 1209/443/513
f 1163/433/499 1185/430/496 1204/432/498
f 1090/446/519 1091/447/520 1092/448/521
f 1091/447/520 1093/413/522 1092/448/521
f 1086/207/249 1095/449/523 1091/447/524
f 1079/205/525 1086/207/249 1091/447/524
f 1091/447/524 1095/449/523 1096/450/526
f 1093/413/527 1096/450/526 1157/451/528
f 1109/452/529 1167/453/530 1166/454/531
f 1094/455/532 1109/452/529 1166/454/531
f 1094/455/532 1166/454/531 1096/450/526
f 644/456/533 1171/457/534 1170/458/535
f 1165/459/536 1170/458/535 1167/453/530
f 1167/453/530 1170/458/535 1169/460/537
f 1166/454/531 1167/453/530 1169/460/537
f 1096/450/526 1166/454/531 1168/461/538
f 1169/460/537 1172/462/539 1190/463/540
f 1166/454/531 1173/464/541 1168/461/538
f 1166/454/531 1169/460/537 1175/465/542
f 1166/454/531 1175/465/542 1173/464/541
f 1169/460/537 1190/463/540 1175/465/542
f 1175/465/542 1190/463/540 1197/466/543
f 1190/463/540 1198/467/544 1197/466/543
f 1197/466/543 1198/467/544 1201/468/545
f 1175/465/542 1191/469/546 1176/470/547
f 1175/465/542 1197/466/543 1191/469/546
f 1197/466/543 1201/468/545 1200/471/548
f 1197/466/543 1200/471/548 1199/472/549
f 1191/469/546 1197/466/543 1199/472/549
f 1170/458/535 1171/457/534 1172/462/539
f 1172/462/539 1188/473/550 1194/474/551
f 1171/457/534 1188/473/550 1172/462/539
f 1194/474/551 1196/475/552 1198/467/553
f 1172/462/539 1194/474/551 1198/467/553
f 661/476/554 1193/477/555 1188/473/550
f 661/476/554 1188/473/550 1171/457/534
f 1188/473/550 1193/477/555 1195/478/556
f 1188/473/550 1195/478/556 1196/475/552
f 1198/467/553 2495/479/557 1201/468/545
f 1200/471/548 2496/480/558 2505/481/559
f 1200/471/548 2505/481/559 1210/441/511
f 1192/482/560 1195/478/561 1193/477/562
f 1091/447/524 1096/450/526 1093/413/527
f 1173/464/541 1175/465/542 1176/470/547
f 1199/472/549 1200/471/548 1210/441/511
f 1094/455/532 1096/450/526 1095/449/523
f 1189/483/563 1191/469/546 1199/472/549
f 1169/460/537 1170/458/535 1172/462/539
f 1172/462/539 1198/467/553 1190/463/540
f 1196/475/552 2497/484/564 1198/467/553
f 1188/473/550 1196/475/552 1194/474/551
f 2495/479/557 2497/484/564 2502/485/565
f 2497/484/564 2503/486/566 2502/485/565
f 2501/487/567 2503/486/566 2513/488/568
f 2501/487/567 2509/489/569 2502/485/565
f 2496/480/558 2509/489/569 2505/481/559
f 2501/487/567 2517/490/570 2509/489/569
f 2509/489/569 2517/490/570 2510/491/571
f 2494/492/572 2500/493/573 2503/486/566
f 2494/492/574 2503/486/566 2497/484/564
f 2500/493/573 2512/494/575 2515/495/576
f 2500/493/573 2515/495/576 2513/488/568
f 2500/493/573 2513/488/568 2503/486/566
f 2488/496/577 2640/497/578 2489/498/579
f 2513/488/568 2515/495/576 2522/499/580
f 2501/487/567 2518/500/581 2517/490/570
f 2468/501/582 2477/502/583 2498/503/584
f 2477/502/585 2482/504/586 2481/505/587
f 2635/506/588 2647/507/589 2638/508/590
f 2482/504/591 2487/509/592 2486/510/593
f 2486/510/593 2639/511/594 2488/496/595
f 2638/508/590 2647/507/589 2639/511/594
f 2488/496/595 2639/511/594 2640/497/596
f 2501/487/567 2502/485/565 2503/486/566
f 2495/479/557 2502/485/565 2509/489/569
f 2501/487/567 2513/488/568 2518/500/581
f 2481/505/587 2482/504/586 2486/510/597
f 797/512/598 799/290/598 800/513/598
f 776/514/599 797/512/599 800/513/599
f 785/515/600 790/516/601 786/517/602
f 830/518/603 861/519/604 831/520/605
f 831/520/605 861/519/604 862/521/606
f 852/522/607 853/523/608 854/524/609
f 850/525/610 854/524/609 857/526/611
f 850/525/610 857/526/611 851/527/612
f 827/528/613 851/527/612 857/526/611
f 856/529/614 864/530/615 859/531/616
f 853/532/608 855/533/617 854/534/609
f 786/517/602 822/535/618 809/536/619
f 786/517/602 791/537/620 822/535/618
f 791/537/620 851/527/621 822/535/618
f 822/535/618 851/527/621 825/538/622
f 825/538/622 851/527/621 827/528/623
f 822/535/624 825/538/625 823/539/626
f 823/539/626 825/538/625 826/540/627
f 825/538/625 827/528/628 826/540/627
f 826/540/629 827/528/630 828/541/631
f 827/528/630 858/542/632 828/541/631
f 827/528/630 856/529/614 858/542/632
f 828/541/631 858/542/633 830/518/603
f 786/517/602 790/516/601 791/537/620
f 850/525/610 852/522/607 854/524/609
f 790/516/601 851/527/621 791/537/620
f 776/514/634 800/513/635 812/543/636
f 786/517/602 809/536/619 800/513/637
f 800/513/635 809/536/638 812/543/636
f 776/514/639 787/544/640 796/545/641
f 812/543/636 822/535/642 821/546/643
f 788/547/644 821/546/643 789/548/645
f 787/544/646 788/547/646 789/548/646
f 821/546/643 822/535/642 823/539/647
f 789/548/645 821/546/643 823/539/647
f 789/548/648 823/539/649 811/549/650
f 817/550/651 823/539/652 824/551/653
f 818/552/654 824/551/653 828/541/631
f 831/520/605 862/521/655 962/553/656
f 827/528/613 857/526/611 856/529/614
f 856/529/614 859/531/616 858/542/632
f 809/536/638 822/535/642 812/543/636
f 787/544/657 789/548/648 810/554/658
f 815/555/659 949/556/660 947/557/661
f 950/558/662 958/559/663 955/560/664
f 950/558/662 959/561/665 958/559/663
f 950/558/666 951/562/667 952/563/668
f 950/558/666 952/563/668 959/561/669
f 798/564/670 807/565/671 806/566/672
f 814/567/673 948/568/674 936/569/675
f 936/569/675 948/568/676 937/570/677
f 814/567/673 947/557/661 948/568/674
f 948/568/674 954/571/678 953/572/679
f 947/557/661 954/571/678 948/568/674
f 811/549/680 815/555/659 814/567/673
f 814/567/673 815/555/659 947/557/661
f 808/573/681 936/569/675 935/574/682
f 806/566/672 936/569/675 808/573/681
f 806/566/672 807/565/671 936/569/675
f 937/570/683 953/572/679 938/575/684
f 944/576/685 953/572/679 956/577/686
f 938/575/684 953/572/679 944/576/685
f 941/578/687 943/579/688 945/580/689
f 943/579/688 946/581/690 945/580/689
f 940/582/691 946/581/690 943/579/692
f 934/583/693 935/574/682 940/582/694
f 935/574/682 939/584/695 940/582/694
f 938/575/684 946/581/690 940/582/691
f 938/575/684 940/582/696 939/584/697
f 945/580/689 970/585/698 969/586/699
f 944/576/685 945/580/689 946/581/690
f 944/576/685 970/585/698 945/580/689
f 944/576/685 971/587/700 970/585/698
f 944/576/685 956/577/686 971/587/700
f 956/577/686 976/588/701 971/587/700
f 956/577/686 977/589/702 976/588/701
f 956/577/686 957/590/703 977/589/702
f 954/571/678 957/590/703 956/577/686
f 954/571/678 955/560/664 957/590/703
f 957/590/703 979/591/704 978/592/705
f 958/559/663 959/561/665 960/593/706
f 958/559/663 960/593/706 980/594/707
f 952/563/668 964/595/708 959/561/669
f 952/563/668 961/596/709 964/595/708
f 960/593/706 981/597/710 980/594/707
f 959/561/669 964/595/708 965/598/711
f 959/561/669 965/598/711 960/593/706
f 820/599/712 961/596/709 951/562/713
f 797/512/714 798/564/670 806/566/672
f 798/564/670 811/549/680 814/567/673
f 805/600/715 806/566/672 808/573/681
f 797/512/714 806/566/672 805/600/715
f 955/560/664 958/559/663 957/590/703
f 936/569/675 937/570/677 939/584/695
f 807/565/671 814/567/673 936/569/675
f 937/570/683 948/568/674 953/572/679
f 935/574/682 936/569/675 939/584/695
f 937/570/683 938/575/684 939/584/697
f 953/572/679 954/571/678 956/577/686
f 798/564/670 814/567/673 807/565/671
f 966/601/716 1003/602/717 967/603/718
f 1002/604/719 1004/605/720 1003/602/717
f 992/606/721 1004/605/722 1027/607/723
f 967/603/718 1003/602/717 1004/605/720
f 967/603/718 1004/605/720 992/606/724
f 1005/608/725 1040/609/726 1029/610/727
f 1005/608/725 1024/611/728 1040/609/726
f 1016/612/729 1022/613/730 1018/614/731
f 1002/604/719 1022/613/732 1024/611/733
f 1015/615/734 1018/614/735 1017/616/736
f 1000/617/737 1022/613/732 1002/604/719
f 1017/616/738 1018/614/738 1022/613/738
f 1000/617/739 1017/616/739 1022/613/739
f 1000/617/740 1015/615/734 1017/616/736
f 1010/618/741 1224/619/741 1222/620/741
f 1006/621/742 1009/622/743 1007/623/744
f 1010/624/745 1146/625/746 1224/626/747
f 860/627/748 867/628/749 863/629/750
f 998/630/751 1001/631/752 1006/621/753
f 999/632/754 1008/633/755 1020/634/756
f 1009/622/743 1011/635/757 1020/634/758
f 1007/623/759 1020/634/759 1008/633/759
f 999/632/754 1020/634/756 1019/636/760
f 1001/631/761 1019/636/762 1016/637/763
f 1019/636/764 1021/638/764 1025/639/764
f 1016/637/763 1019/636/762 1025/639/765
f 1016/612/729 1025/640/766 1023/641/767
f 1016/612/729 1023/641/767 1022/613/730
f 857/526/611 866/642/768 864/530/615
f 865/643/769 1144/644/770 1146/625/746
f 1024/611/728 1041/645/771 1040/609/726
f 1146/625/772 1223/646/772 1224/626/772
f 1012/647/773 1222/620/774 1226/648/775
f 1222/620/774 1224/619/776 1226/648/775
f 1011/635/757 1012/647/777 1226/648/778
f 1224/619/776 1236/649/779 1229/650/780
f 1224/619/776 1229/650/780 1227/651/781
f 1025/639/782 1226/648/775 1042/652/783
f 1227/653/781 1229/654/780 1243/655/784
f 1227/653/781 1243/655/784 1242/656/785
f 1227/651/781 1242/657/785 1228/658/786
f 1042/652/783 1228/658/787 1242/657/785
f 1023/641/767 1025/640/766 1042/659/788
f 1023/641/789 1042/659/790 1024/611/791
f 963/660/792 1002/604/719 1003/602/717
f 1002/604/719 1005/608/793 1004/605/720
f 963/660/792 1003/602/717 966/601/716
f 1022/613/794 1023/641/789 1024/611/791
f 1002/604/719 1024/611/733 1005/608/793
f 998/630/795 1006/621/742 1007/623/744
f 1009/622/743 1010/618/796 1011/635/757
f 1007/623/744 1009/622/743 1020/634/758
f 1010/618/797 1222/620/774 1012/647/773
f 1010/618/796 1012/647/777 1011/635/757
f 865/643/769 1146/625/746 868/661/798
f 865/643/769 1142/662/799 1144/644/770
f 1124/663/800 1135/664/801 1134/665/802
f 1118/666/803 1145/667/804 1143/668/805
f 1118/666/803 1148/669/806 1145/667/804
f 1142/662/807 1143/668/805 1145/667/804
f 1134/665/802 1135/664/801 1141/670/808
f 1139/671/809 1149/672/810 1141/670/811
f 1134/665/802 1141/670/808 1148/669/806
f 1141/670/808 1149/672/812 1148/669/806
f 1149/672/812 1233/673/813 1150/674/814
f 1148/669/806 1149/672/812 1150/674/814
f 1147/675/815 1148/669/806 1150/674/816
f 1138/676/817 1216/677/818 1217/678/819
f 1124/663/820 1138/676/817 1135/664/821
f 1135/664/821 1138/676/817 1139/671/809
f 1135/664/821 1139/671/809 1141/670/811
f 1138/676/817 1232/679/822 1139/671/809
f 1138/676/817 1217/678/819 1237/680/823
f 1138/676/817 1237/680/823 1232/679/822
f 1232/679/822 1237/680/823 1235/681/824
f 1232/679/822 1235/681/824 1233/673/825
f 1234/682/826 1235/681/827 1238/683/828
f 1233/673/829 1235/681/827 1234/682/826
f 1147/675/815 1150/674/816 1230/684/830
f 1231/685/831 1234/682/826 1240/686/832
f 1237/680/823 1239/687/833 1259/688/834
f 1237/680/823 1259/688/835 1238/683/836
f 1234/682/826 1238/683/828 1240/686/832
f 1238/683/828 1259/688/837 1240/686/832
f 1240/686/832 1261/689/838 1241/690/839
f 1274/691/840 1282/692/841 1275/693/842
f 1273/694/843 1282/692/841 1277/695/844
f 1277/695/844 1282/692/841 1281/696/845
f 1239/687/846 1299/697/847 1260/698/848
f 1281/696/845 1282/692/841 1293/699/849
f 1281/696/845 1293/699/849 1286/700/850
f 1124/663/820 1125/355/406 1138/676/817
f 1149/672/810 1232/679/822 1233/673/825
f 1118/666/803 1134/665/802 1148/669/806
f 1145/667/804 1148/669/806 1147/675/815
f 1139/671/809 1232/679/822 1149/672/810
f 1235/681/824 1237/680/823 1238/683/836
f 1240/686/832 1259/688/837 1262/701/851
f 1125/355/406 1129/702/852 1216/677/818
f 1125/355/406 1216/677/818 1138/676/817
f 1273/694/853 1275/693/842 1282/692/841
f 2530/703/854 2534/704/855 2527/705/856
f 1271/706/857 2528/707/858 2529/708/858
f 1252/709/859 1256/710/860 1255/711/860
f 1244/712/861 1254/713/862 1253/714/863
f 1265/715/864 1266/716/865 1267/717/866
f 1264/718/867 1265/715/868 1267/717/866
f 1264/718/869 1271/706/857 1265/715/870
f 1264/718/869 2530/703/854 1271/706/857
f 1265/715/870 1271/706/857 1272/719/871
f 1269/720/872 1272/719/872 1271/706/872
f 1267/717/866 1268/721/873 2545/722/874
f 2542/723/875 2545/722/874 2543/724/876
f 2545/722/874 2547/725/877 2546/726/877
f 1267/717/866 2541/727/878 2540/728/879
f 1264/718/867 2539/729/880 2538/730/880
f 2536/731/881 2533/732/882 2530/703/854
f 2530/703/854 2532/733/883 2531/734/884
f 2618/735/885 2619/736/886 2620/737/887
f 2618/735/885 2620/737/887 2630/738/888
f 2618/735/885 2630/738/888 2631/739/889
f 2552/740/890 2631/739/889 2587/741/891
f 1287/742/892 1289/743/892 1304/744/892
f 1304/744/893 2617/745/894 2616/746/895
f 1303/747/896 1304/744/893 2616/746/895
f 1300/748/897 1303/747/896 1302/749/898
f 1266/716/899 1300/748/897 1302/749/898
f 2616/746/895 2617/745/894 2619/736/886
f 1288/750/900 1294/751/901 1297/752/902
f 1287/742/903 1294/751/904 1288/750/905
f 1287/742/903 1288/750/905 1289/743/906
f 1288/750/907 1297/752/907 1289/743/907
f 1289/743/908 1297/752/908 1298/753/908
f 1289/743/909 1298/753/909 1304/744/909
f 1298/753/910 2617/745/894 1304/744/893
f 2617/745/894 2620/737/887 2619/736/886
f 1269/720/911 1271/706/911 1270/754/911
f 1266/716/865 1268/721/873 1267/717/866
f 2616/746/912 2619/736/912 2618/735/912
f 1026/755/913 1030/756/914 1032/757/915
f 1026/755/916 1028/758/917 1033/759/918
f 1043/760/919 1045/761/920 1044/762/921
f 1041/645/922 1043/760/919 1044/762/921
f 1037/763/923 1044/762/924 1045/761/920
f 1033/759/925 1041/645/771 1044/762/926
f 1033/759/925 1044/762/926 1037/763/923
f 1054/764/927 1056/765/928 1055/766/929
f 1045/761/920 1052/767/930 1050/768/930
f 1054/764/927 1246/769/931 1059/770/932
f 2550/771/933 2552/740/890 2551/772/933
f 2594/773/934 2595/774/935 2592/775/936
f 1030/756/937 1037/763/923 1034/776/938
f 1045/761/920 1046/777/939 1049/778/940
f 2174/779/941 2208/780/942 2209/781/943
f 2202/782/944 2410/783/945 2412/784/946
f 2174/779/947 2202/782/944 2411/785/948
f 2174/779/947 2411/785/948 2176/786/949
f 2176/786/949 2411/785/948 2412/784/950
f 2176/786/951 2374/787/952 2372/788/953
f 2410/783/945 2416/789/954 2412/784/946
f 2204/790/955 2216/791/956 2217/792/957
f 2204/790/955 2219/793/958 2203/794/959
f 2434/795/960 2431/796/961 2432/797/961
f 2167/798/962 2372/788/953 2367/799/963
f 2167/798/962 2175/800/964 2372/788/953
f 2166/801/965 2175/800/964 2167/798/962
f 2175/800/964 2176/786/951 2372/788/953
f 2162/802/966 2175/800/964 2166/801/965
f 2372/788/953 2374/787/952 2373/803/967
f 2367/799/963 2372/788/953 2373/803/967
f 2168/804/968 2173/805/969 2174/779/947
f 2133/806/970 2134/807/971 2173/805/972
f 2133/806/973 2173/805/969 2168/804/968
f 2168/804/968 2174/779/947 2176/786/949
f 2168/804/968 2176/786/949 2169/808/974
f 2131/809/975 2168/804/968 2169/808/974
f 2169/808/974 2176/786/951 2175/800/964
f 2170/810/976 2171/811/977 2173/805/972
f 2131/809/978 2134/807/978 2133/806/978
f 2176/786/951 2412/784/979 2374/787/952
f 2214/812/980 2215/813/980 2410/783/980
f 2202/782/981 2211/814/982 2212/815/982
f 2131/809/983 2133/806/983 2168/804/983
f 983/816/984 984/817/985 985/818/986
f 974/819/987 2097/820/988 975/821/989
f 976/588/701 983/816/984 2097/820/988
f 983/816/984 985/818/986 2097/820/988
f 984/817/985 986/822/990 985/818/986
f 984/817/985 987/823/991 986/822/990
f 989/824/992 2119/825/992 2105/826/992
f 986/822/990 989/824/993 2105/826/994
f 989/824/993 990/827/995 2121/828/996
f 982/829/997 994/830/998 990/827/999
f 982/829/997 993/831/1000 994/830/998
f 994/830/1001 995/832/1002 997/833/1003
f 996/834/1004 2125/835/1005 2124/836/1006
f 996/834/1004 2122/837/1007 997/833/1003
f 996/834/1004 2124/836/1006 2122/837/1007
f 994/830/1008 997/833/1008 2122/837/1008
f 2097/820/988 2107/838/1009 2102/839/1010
f 2102/839/1010 2107/838/1009 2114/840/1011
f 985/818/986 2107/838/1009 2097/820/988
f 2107/838/1009 2115/841/1012 2114/840/1011
f 2107/838/1013 2108/842/1014 2115/841/1015
f 2106/843/1016 2108/842/1014 2107/838/1013
f 2108/842/1017 2116/844/1018 2115/841/1012
f 985/818/986 986/822/990 2107/838/1009
f 986/822/990 2105/826/994 2107/838/1009
f 2105/826/1019 2106/843/1020 2107/838/1021
f 2108/842/1022 2109/845/1022 2116/844/1022
f 2112/846/1023 2116/844/1018 2113/847/1024
f 2112/846/1023 2113/847/1024 2158/848/1025
f 2158/848/1025 2159/849/1026 2165/850/1027
f 2113/847/1024 2160/851/1028 2158/848/1025
f 2158/848/1025 2160/851/1028 2159/849/1026
f 2113/847/1024 2116/844/1018 2118/852/1029
f 2111/853/1030 2118/852/1029 2116/844/1018
f 2159/849/1026 2160/851/1028 2161/854/1031
f 2110/855/1032 2111/853/1030 2116/844/1018
f 2113/847/1024 2118/852/1029 2160/851/1028
f 2118/852/1029 2161/854/1031 2160/851/1028
f 2117/856/1033 2161/854/1031 2118/852/1029
f 2117/856/1033 2162/802/966 2161/854/1031
f 2117/856/1033 2130/857/1034 2129/858/1035
f 2105/826/1019 2120/859/1036 2106/843/1020
f 2106/843/1037 2120/859/1038 2109/845/1039
f 2105/826/1019 2119/825/1040 2120/859/1036
f 2109/845/1041 2120/859/1042 2110/855/1043
f 2110/855/1043 2120/859/1042 2119/825/1044
f 2110/855/1032 2121/828/1045 2111/853/1030
f 989/824/993 2121/828/996 2110/855/1046
f 990/827/995 2123/860/1047 2121/828/996
f 2117/856/1033 2121/828/1045 2123/860/1048
f 2123/860/1049 2128/861/1050 2130/857/1051
f 2122/837/1052 2127/862/1053 2128/861/1054
f 2122/837/1055 2128/861/1056 2123/860/1057
f 2122/837/1007 2124/836/1006 2127/862/1058
f 990/827/999 994/830/998 2123/860/1059
f 994/830/1060 2122/837/1055 2123/860/1057
f 2124/836/1006 2126/863/1061 2127/862/1058
f 2112/846/1023 2115/841/1012 2116/844/1018
f 2158/848/1025 2165/850/1027 2164/864/1062
f 2117/856/1033 2129/858/1035 2162/802/966
f 2106/843/1037 2109/845/1039 2108/842/1063
f 2109/845/1064 2110/855/1064 2116/844/1064
f 989/824/1065 2110/855/1043 2119/825/1044
f 2117/856/1033 2123/860/1066 2130/857/1034
f 921/865/1067 930/866/1068 929/867/1069
f 921/865/1067 968/868/1070 930/866/1068
f 968/868/1070 969/586/699 972/869/1071
f 972/869/1071 973/870/1072 975/821/989
f 930/866/1068 968/868/1070 972/869/1071
f 2100/871/1073 2142/872/1074 2141/873/1075
f 2091/874/1076 2141/873/1075 2148/875/1077
f 2096/876/1078 2142/872/1074 2100/871/1073
f 2096/876/1078 2098/877/1079 2142/872/1074
f 972/869/1071 2098/877/1079 2096/876/1078
f 2098/877/1079 2101/878/1080 2142/872/1074
f 2101/878/1080 2144/879/1081 2142/872/1074
f 2101/878/1080 2103/880/1082 2144/879/1081
f 2098/877/1079 2103/880/1082 2101/878/1080
f 2098/877/1079 2099/881/1083 2103/880/1082
f 2141/873/1075 2142/872/1074 2143/882/1084
f 2142/872/1074 2144/879/1081 2143/882/1084
f 972/869/1071 975/821/989 2098/877/1079
f 2103/880/1082 2145/883/1085 2144/879/1081
f 2243/884/1086 2250/885/1087 2244/886/1088
f 2094/887/1089 2250/885/1087 2243/884/1086
f 2244/886/1090 2250/885/1091 2251/888/1092
f 2250/885/1087 2340/889/1093 2252/890/1094
f 2094/887/1089 2340/889/1093 2250/885/1087
f 2252/890/1094 2340/889/1093 2347/891/1095
f 2251/888/1096 2255/892/1097 2254/893/1098
f 2250/885/1087 2255/892/1097 2251/888/1096
f 2250/885/1087 2252/890/1094 2255/892/1097
f 2252/890/1094 2256/894/1099 2255/892/1097
f 2252/890/1094 2350/895/1100 2256/894/1099
f 2151/896/1101 2153/897/1102 2152/898/1103
f 2344/899/1104 2354/900/1105 2346/901/1106
f 2353/902/1107 2382/903/1108 2354/900/1105
f 2151/896/1101 2347/891/1095 2340/889/1093
f 2150/904/1109 2151/896/1110 2340/889/1093
f 2151/896/1101 2152/898/1103 2347/891/1095
f 2256/894/1099 2350/895/1100 2292/905/1111
f 2292/905/1111 2350/895/1100 2361/906/1112
f 2352/907/1113 2385/908/1114 2361/906/1115
f 2351/909/1116 2352/907/1113 2361/906/1115
f 2352/907/1113 2379/910/1117 2385/908/1114
f 2346/901/1118 2378/911/1118 2379/910/1118
f 2346/901/1119 2379/910/1117 2352/907/1113
f 2344/899/1120 2346/901/1119 2352/907/1113
f 2346/901/1106 2381/912/1121 2378/911/1122
f 2256/894/1099 2292/905/1111 2293/913/1123
f 2292/905/1111 2361/906/1112 2295/914/1124
f 2295/914/1125 2385/908/1114 2387/915/1126
f 2297/916/1127 2387/915/1126 2386/917/1128
f 2295/914/1125 2361/906/1115 2385/908/1114
f 2385/908/1114 2386/917/1128 2387/915/1126
f 2379/910/1117 2386/917/1128 2385/908/1114
f 2379/910/1129 2380/918/1130 2395/919/1131
f 2297/916/1127 2386/917/1128 2394/920/1132
f 2394/920/1133 2400/921/1134 2399/922/1135
f 2394/920/1133 2396/923/1136 2400/921/1134
f 2396/923/1137 2397/924/1137 2398/925/1137
f 2094/887/1089 2149/926/1138 2340/889/1093
f 2149/926/1138 2150/904/1109 2340/889/1093
f 2152/898/1139 2156/927/1140 2341/928/1141
f 2156/927/1142 2344/899/1120 2345/929/1143
f 2155/930/1144 2344/899/1120 2156/927/1142
f 2252/890/1094 2347/891/1095 2350/895/1100
f 2156/927/1142 2345/929/1143 2341/928/1145
f 2378/911/1122 2381/912/1121 2380/918/1130
f 2346/901/1106 2354/900/1105 2381/912/1121
f 2378/911/1122 2380/918/1130 2379/910/1129
f 2295/914/1125 2387/915/1126 2297/916/1146
f 2229/67/1147 2245/931/1148 2238/932/1149
f 2228/933/1150 2245/931/1148 2229/67/1147
f 2228/933/1150 2242/934/1151 2245/931/1148
f 2087/60/70 2241/935/1152 2226/61/71
f 2226/61/71 2241/935/1152 2228/933/1153
f 2228/933/1153 2241/935/1152 2242/934/1154
f 2245/931/1148 2247/936/1155 2246/937/1156
f 2242/934/1151 2247/936/1155 2245/931/1148
f 2241/935/1152 2244/886/1088 2242/934/1154
f 2242/934/1151 2244/886/1090 2247/936/1155
f 2246/937/1156 2247/936/1155 2249/938/1157
f 2238/932/1158 2245/931/1148 2239/939/1159
f 2239/939/1159 2245/931/1148 2248/940/1160
f 2248/940/1160 2284/941/1161 2283/942/1162
f 2245/931/1148 2246/937/1156 2248/940/1160
f 2248/940/1160 2282/943/1163 2284/941/1161
f 2282/943/1163 2288/944/1164 2284/941/1161
f 2246/937/1156 2282/943/1163 2248/940/1160
f 2246/937/1156 2281/945/1165 2282/943/1163
f 2282/943/1163 2285/946/1166 2288/944/1164
f 2246/937/1156 2253/947/1167 2281/945/1165
f 2282/943/1163 2286/948/1168 2285/946/1166
f 2254/893/1098 2286/948/1168 2281/945/1165
f 2253/947/1167 2254/893/1098 2281/945/1165
f 2285/946/1166 2286/948/1168 2287/949/1169
f 2289/950/1170 2294/951/1171 2291/952/1172
f 2296/953/1173 2320/954/1174 2319/955/1175
f 2285/946/1166 2287/949/1169 2289/950/1170
f 2291/952/1172 2294/951/1171 2296/953/1173
f 2287/949/1169 2294/951/1171 2289/950/1170
f 2284/941/1161 2288/944/1164 2298/956/1176
f 2288/944/1164 2290/957/1177 2298/956/1176
f 2288/944/1164 2289/950/1170 2290/957/1177
f 2290/957/1177 2291/952/1172 2318/958/1178
f 2285/946/1166 2289/950/1170 2288/944/1164
f 2289/950/1170 2291/952/1172 2290/957/1177
f 2291/952/1172 2319/955/1175 2318/958/1178
f 2291/952/1172 2296/953/1173 2319/955/1175
f 2239/939/1159 2265/959/1179 2240/960/1180
f 2229/67/1147 2238/932/1149 2236/961/1181
f 2236/961/1182 2239/939/1159 2240/960/1180
f 2236/961/1182 2238/932/1158 2239/939/1159
f 2248/940/1160 2283/942/1162 2265/959/1179
f 2267/962/1183 2298/956/1176 2278/963/1184
f 2267/962/1183 2283/942/1162 2298/956/1176
f 2239/939/1159 2248/940/1160 2265/959/1179
f 2246/937/1156 2249/938/1157 2253/947/1167
f 2281/945/1165 2286/948/1168 2282/943/1163
f 2283/942/1162 2284/941/1161 2298/956/1176
f 2265/959/1179 2283/942/1162 2267/962/1183
f 2653/964/1185 2661/965/1186 2654/966/1187
f 2516/967/1188 2654/966/1187 2522/499/580
f 2655/968/1189 2670/969/1190 2656/970/1191
f 2656/971/1191 2662/972/1192 2661/965/1186
f 2656/970/1191 2670/969/1190 2671/973/1193
f 2656/971/1191 2673/974/1194 2662/972/1192
f 2656/971/1191 2671/975/1193 2673/974/1194
f 2640/976/578 2648/977/1195 2655/968/1196
f 2299/978/1197 2644/979/1198 2646/980/1199
f 2299/978/1197 2300/981/1200 2644/979/1198
f 2300/981/1200 2645/982/1201 2644/979/1198
f 2300/981/1200 2648/977/1195 2645/982/1202
f 2655/983/1189 2656/971/1191 2660/984/1203
f 2300/981/1200 2670/969/1190 2648/977/1195
f 2670/969/1190 2672/985/1204 2671/973/1193
f 2671/973/1193 2672/985/1204 2676/986/1205
f 2652/987/1206 2655/983/1189 2660/984/1203
f 2319/955/1175 2320/954/1174 2321/988/1207
f 2332/989/1208 2334/990/1209 2333/991/1210
f 2333/991/1210 2334/990/1209 2335/992/1211
f 2320/954/1174 2334/990/1209 2332/989/1208
f 2320/954/1174 2323/993/1212 2334/990/1209
f 2299/978/1213 2311/994/1214 2331/995/1215
f 2299/978/1197 2332/989/1208 2300/981/1200
f 2299/978/1216 2331/995/1216 2332/989/1216
f 2311/994/1214 2322/996/1217 2331/995/1215
f 2300/981/1200 2332/989/1208 2333/991/1210
f 2322/996/1218 2332/989/1219 2331/995/1220
f 2300/981/1200 2333/991/1210 2335/992/1211
f 2321/988/1207 2332/989/1219 2322/996/1218
f 2320/954/1174 2332/989/1219 2321/988/1207
f 2328/997/1221 2329/998/1222 2330/999/1223
f 2324/1000/1224 2327/1001/1225 2325/1002/1226
f 2324/1000/1224 2328/997/1221 2327/1001/1225
f 2326/1003/1227 2329/998/1222 2328/997/1221
f 2324/1000/1224 2326/1003/1227 2328/997/1221
f 2329/998/1222 2444/1004/1228 2330/999/1223
f 2326/1003/1227 2442/1005/1229 2329/998/1222
f 2326/1003/1227 2399/922/1135 2442/1005/1229
f 2329/998/1222 2442/1005/1229 2444/1004/1228
f 2334/990/1209 2337/1006/1230 2335/992/1211
f 2335/992/1211 2337/1006/1230 2672/985/1204
f 2327/1001/1225 2337/1006/1230 2334/990/1209
f 2337/1006/1230 2676/986/1205 2672/985/1204
f 2327/1001/1225 2328/997/1221 2337/1006/1230
f 2337/1006/1230 2338/1007/1231 2676/986/1205
f 2328/997/1221 2338/1007/1231 2337/1006/1230
f 2328/997/1221 2330/999/1223 2338/1007/1231
f 2646/980/1199 2649/1008/1232 2669/1009/1233
f 2643/1010/1234 2647/1011/589 2646/980/1199
f 2643/1010/1234 2646/980/1199 2644/979/1198
f 2640/976/1235 2644/979/1198 2645/982/1201
f 2648/977/1195 2670/969/1190 2655/968/1196
f 2300/981/1200 2335/992/1211 2670/969/1190
f 2640/976/1236 2645/982/1202 2648/977/1195
f 2640/497/578 2655/983/1196 2652/987/1206
f 2656/971/1191 2661/965/1186 2660/984/1203
f 2651/1012/1237 2652/987/1206 2653/964/1185
f 2652/987/1206 2660/984/1203 2653/964/1185
f 2653/964/1185 2660/984/1203 2661/965/1186
f 2323/993/1238 2325/1002/1226 2334/990/1209
f 2325/1002/1226 2327/1001/1225 2334/990/1209
f 2335/992/1211 2672/985/1204 2670/969/1190
f 2301/1013/1239 2311/994/1214 2312/1014/1240
f 2301/1013/1239 2322/996/1217 2311/994/1214
f 2299/978/1197 2646/980/1199 2669/1009/1233
f 2299/978/1213 2669/1009/1233 2311/994/1214
f 2146/1015/1241 2163/1016/1242 2155/930/1144
f 2163/1016/1242 2363/1017/1243 2343/1018/1244
f 2163/1016/1242 2362/1019/1245 2363/1017/1243
f 2353/902/1107 2368/1020/1246 2355/1021/1247
f 2353/902/1107 2363/1017/1243 2368/1020/1246
f 2355/1021/1247 2369/1022/1248 2384/1023/1249
f 2369/1022/1248 2371/1024/1250 2384/1023/1249
f 2355/1021/1247 2368/1020/1246 2369/1022/1248
f 2362/1019/1245 2368/1020/1246 2363/1017/1243
f 2364/1025/1251 2369/1022/1248 2368/1020/1246
f 2362/1019/1245 2364/1025/1251 2368/1020/1246
f 2371/1024/1250 2375/1026/1252 2404/1027/1253
f 2364/1025/1251 2370/1028/1254 2369/1022/1248
f 2369/1022/1248 2370/1028/1254 2371/1024/1250
f 2364/1025/1251 2366/1029/1255 2370/1028/1254
f 2370/1028/1254 2375/1026/1252 2371/1024/1250
f 2370/1028/1254 2377/1030/1256 2375/1026/1252
f 2388/1031/1257 2392/1032/1258 2391/1033/1259
f 2391/1033/1259 2402/1034/1260 2401/1035/1261
f 2388/1031/1257 2389/1036/1262 2392/1032/1258
f 2391/1033/1259 2392/1032/1258 2402/1034/1260
f 2390/1037/1263 2393/1038/1264 2392/1032/1258
f 2384/1023/1249 2393/1038/1264 2390/1037/1263
f 2371/1024/1250 2404/1027/1253 2384/1023/1249
f 2384/1023/1249 2404/1027/1253 2393/1038/1264
f 2401/1035/1261 2402/1034/1260 2403/1039/1265
f 2393/1038/1264 2404/1027/1253 2405/1040/1266
f 2393/1038/1264 2405/1040/1267 2409/1041/1268
f 2406/1042/1269 2407/1043/1270 2409/1041/1268
f 2405/1040/1267 2406/1042/1269 2409/1041/1268
f 2375/1026/1252 2405/1040/1266 2404/1027/1253
f 2407/1043/1270 2462/1044/1271 2464/1045/1272
f 2375/1026/1252 2406/1042/1273 2405/1040/1266
f 2406/1042/1269 2462/1044/1271 2407/1043/1270
f 2406/1042/1269 2408/1046/1274 2462/1044/1271
f 2375/1026/1252 2376/1047/1275 2406/1042/1273
f 2376/1047/1275 2408/1046/1276 2406/1042/1273
f 2375/1026/1252 2377/1030/1256 2376/1047/1275
f 2376/1047/1277 2415/1048/1278 2408/1046/1279
f 2408/1046/1279 2415/1048/1278 2462/1044/1280
f 2413/1049/1281 2462/1044/1280 2415/1048/1278
f 2355/1021/1247 2384/1023/1249 2390/1037/1282
f 2393/1038/1264 2409/1041/1268 2463/1050/1283
f 2413/1049/1281 2415/1048/1284 2417/1051/1285
f 2436/1052/1286 2437/1053/1287 2438/1054/1288
f 2437/1053/1287 2712/1055/1289 2438/1054/1288
f 2453/1056/1290 2454/1057/1291 2689/1058/1292
f 2435/1059/1293 2438/1054/1288 2454/1057/1291
f 2435/1059/1293 2436/1052/1286 2438/1054/1288
f 2674/1060/1294 2675/1061/1295 2679/1062/1296
f 2674/1060/1294 2676/1063/1205 2675/1061/1295
f 2689/1058/1292 2723/1064/1297 2724/1065/1298
f 2721/1066/1299 2724/1065/1298 2723/1064/1297
f 2443/1067/1300 2446/1068/1301 2445/1069/1302
f 2443/1067/1300 2450/1070/1303 2446/1068/1301
f 2403/1039/1304 2450/1070/1303 2443/1067/1300
f 2447/1071/1305 2452/1072/1306 2450/1070/1303
f 2447/1071/1305 2449/1073/1307 2452/1072/1306
f 2449/1073/1307 2451/1074/1308 2452/1072/1306
f 2448/1075/1309 2451/1074/1308 2449/1073/1307
f 2453/1056/1290 2459/1076/1310 2467/1077/1311
f 2448/1075/1309 2459/1078/1312 2451/1074/1308
f 2453/1056/1290 2467/1077/1311 2454/1057/1291
f 2448/1075/1309 2467/1079/1311 2459/1078/1312
f 2450/1070/1303 2452/1072/1306 2460/1080/1313
f 2451/1074/1314 2460/1080/1313 2452/1072/1306
f 2453/1056/1290 2689/1058/1292 2455/1081/1315
f 2451/1074/1314 2459/1078/1316 2461/1082/1317
f 2453/1056/1290 2455/1081/1315 2461/1083/1317
f 2453/1056/1290 2461/1083/1317 2459/1076/1310
f 2435/1059/1293 2454/1057/1291 2465/1084/1318
f 2444/1004/1228 2445/1069/1302 2456/1085/1319
f 2456/1085/1319 2460/1080/1313 2458/1086/1320
f 2445/1069/1302 2460/1080/1313 2456/1085/1319
f 2445/1069/1302 2446/1068/1301 2460/1080/1313
f 2458/1087/1320 2724/1065/1298 2721/1066/1299
f 2455/1081/1315 2724/1065/1298 2461/1083/1317
f 2336/1088/1321 2456/1085/1319 2339/1089/1322
f 2339/1090/1322 2457/1091/1323 2720/1092/1324
f 2339/1089/1322 2456/1085/1319 2457/1093/1323
f 2457/1091/1323 2721/1066/1299 2720/1092/1324
f 2456/1085/1319 2458/1086/1320 2457/1093/1323
f 2457/1091/1323 2458/1087/1320 2721/1066/1299
f 2455/1081/1315 2689/1058/1292 2724/1065/1298
f 2446/1068/1301 2450/1070/1303 2460/1080/1313
f 2454/1057/1291 2467/1077/1311 2465/1084/1318
f 2472/1094/1325 2474/1095/1326 2508/1096/1327
f 2474/1095/1326 2604/1097/1328 2508/1096/1327
f 2474/1095/1326 2526/1098/1329 2605/1099/1330
f 2522/499/580 2657/1100/1331 2523/1101/1332
f 2518/500/581 2523/1101/1332 2519/1102/1333
f 2519/1102/1333 2523/1101/1332 2525/1103/1334
f 2519/1102/1333 2525/1103/1334 2524/1104/1335
f 2659/1105/1336 2680/1106/1337 2664/1107/1338
f 2664/1107/1338 2677/1108/1339 2665/1109/1340
f 2523/1101/1332 2663/1110/1341 2680/1106/1337
f 2523/1101/1332 2680/1106/1337 2525/1103/1334
f 2663/1110/1341 2664/1107/1338 2680/1106/1337
f 2471/1111/1342 2473/1112/1343 2476/1113/1344
f 2471/1111/1342 2476/1113/1344 2475/1114/1345
f 2471/1111/1346 2475/1114/1347 2472/1094/1325
f 2475/1114/1345 2476/1113/1344 2490/1115/1348
f 2472/1094/1325 2475/1114/1347 2474/1095/1326
f 2475/1114/1345 2490/1115/1348 2526/1098/1349
f 2474/1095/1326 2475/1114/1347 2526/1098/1329
f 2519/1102/1333 2524/1104/1335 2520/1116/1350
f 2511/1117/1351 2520/1116/1350 2521/1118/1352
f 2473/1112/1343 2511/1117/1351 2521/1118/1352
f 2520/1116/1350 2524/1104/1335 2521/1118/1352
f 2473/1112/1343 2521/1118/1352 2476/1113/1344
f 2476/1113/1344 2521/1118/1352 2491/1119/1353
f 2524/1104/1335 2525/1103/1334 2659/1105/1336
f 2491/1119/1353 2521/1118/1352 2492/1120/1354
f 2521/1118/1352 2524/1104/1335 2659/1105/1336
f 2491/1119/1353 2565/1121/1355 2560/1122/1356
f 2491/1119/1353 2492/1120/1354 2565/1121/1355
f 2490/1115/1348 2491/1119/1353 2560/1122/1356
f 2490/1115/1348 2560/1122/1356 2526/1098/1349
f 2526/1098/1349 2560/1122/1356 2558/1123/1357
f 2658/1124/1358 2659/1105/1336 2665/1109/1340
f 2492/1120/1354 2658/1124/1358 2564/1125/1359
f 2492/1120/1354 2564/1125/1359 2565/1121/1355
f 2560/1122/1356 2565/1121/1355 2566/1126/1360
f 2564/1125/1359 2566/1126/1360 2565/1121/1355
f 2564/1125/1359 2658/1124/1358 2691/1127/1361
f 2563/1128/1362 2564/1125/1359 2691/1127/1361
f 2563/1128/1362 2566/1126/1360 2564/1125/1359
f 2692/1129/1363 2696/1130/1364 2695/1131/1365
f 2685/1132/1366 2691/1127/1361 2695/1131/1365
f 2659/1105/1336 2664/1107/1338 2665/1109/1340
f 2665/1109/1340 2678/1133/1367 2696/1130/1364
f 2665/1109/1340 2696/1130/1364 2692/1129/1363
f 2658/1124/1358 2665/1109/1340 2692/1129/1363
f 1211/435/501 2507/1134/1368 2508/1096/1327
f 2472/1094/1325 2508/1096/1327 2507/1134/1368
f 2523/1101/1332 2657/1100/1331 2663/1110/1341
f 2663/1110/1341 2673/974/1194 2677/1108/1339
f 2525/1103/1334 2680/1106/1337 2659/1105/1336
f 2665/1109/1340 2677/1108/1339 2679/1062/1296
f 2665/1109/1340 2679/1062/1296 2678/1133/1367
f 2662/972/1192 2673/974/1194 2663/1110/1341
f 2476/1113/1344 2491/1119/1353 2490/1115/1348
f 2521/1118/1352 2659/1105/1336 2658/1124/1358
f 2492/1120/1354 2521/1118/1352 2658/1124/1358
f 2658/1124/1358 2692/1129/1363 2691/1127/1361
f 2691/1127/1361 2692/1129/1363 2695/1131/1365
f 1213/1135/1369 1295/1136/1370 1292/1137/1371
f 1215/1138/1372 1292/1137/1371 1290/1139/1373
f 1290/1139/1373 1292/1137/1371 1295/1136/1370
f 1284/1140/1374 1290/1139/1373 1291/1141/1375
f 1290/1139/1373 1295/1136/1370 1296/1142/1376
f 1295/1136/1370 2601/1143/1377 1296/1142/1376
f 1290/1139/1373 1296/1142/1376 1291/1141/1375
f 1295/1136/1370 2612/1144/1378 2601/1143/1377
f 2601/1143/1377 2609/1145/1379 2613/1146/1380
f 1296/1142/1376 2601/1143/1377 2613/1146/1380
f 2602/1147/1381 2603/1148/1382 2612/1144/1378
f 2603/1148/1382 2604/1097/1328 2607/1149/1383
f 2603/1148/1382 2607/1149/1383 2608/1150/1384
f 2608/1150/1384 2623/1151/1385 2624/1152/1386
f 2608/1150/1384 2622/1153/1387 2623/1151/1385
f 2603/1148/1382 2608/1150/1388 2609/1145/1379
f 2603/1148/1382 2609/1145/1379 2612/1144/1378
f 2601/1143/1377 2612/1144/1378 2609/1145/1379
f 2559/1154/1389 2623/1151/1385 2622/1153/1387
f 2561/1155/1390 2562/1156/1391 2567/1157/1392
f 2559/1154/1389 2568/1158/1393 2623/1151/1385
f 2568/1158/1393 2627/1159/1394 2623/1151/1385
f 2623/1151/1385 2625/1160/1395 2624/1152/1386
f 2608/1150/1396 2611/1161/1397 2609/1145/1379
f 2609/1145/1379 2611/1161/1397 2610/1162/1398
f 2611/1161/1397 2624/1152/1399 2625/1160/1395
f 2611/1161/1397 2625/1160/1395 2626/1163/1400
f 2610/1162/1398 2611/1161/1397 2626/1163/1400
f 2609/1145/1379 2610/1162/1398 2613/1146/1380
f 2610/1162/1398 2614/1164/1401 2613/1146/1380
f 2610/1162/1398 2626/1163/1400 2614/1164/1401
f 2614/1164/1401 2626/1163/1400 2621/1165/1402
f 2557/1166/1403 2693/1167/1404 2567/1157/1392
f 2557/1166/1403 2682/1168/1405 2693/1167/1404
f 2567/1157/1392 2693/1167/1404 2569/1169/1406
f 2569/1169/1406 2570/1170/1407 2627/1159/1394
f 2570/1170/1408 2719/1171/1409 2628/1172/1410
f 2569/1169/1406 2694/1173/1411 2717/1174/1412
f 2694/1173/1411 2714/1175/1413 2717/1174/1412
f 2569/1169/1406 2717/1174/1412 2570/1170/1407
f 2570/1170/1407 2717/1174/1412 2719/1171/1414
f 2628/1172/1410 2719/1171/1414 2634/1176/1415
f 2714/1175/1413 2719/1171/1414 2717/1174/1412
f 2714/1175/1413 2716/1177/1416 2718/1178/1417
f 2714/1175/1413 2718/1178/1417 2719/1171/1414
f 2600/1179/1418 2719/1171/1414 2718/1178/1417
f 2715/1180/1419 2718/1178/1420 2716/1177/1421
f 2600/1179/1422 2718/1178/1420 2715/1180/1419
f 2623/1151/1385 2627/1159/1394 2625/1160/1395
f 2625/1160/1395 2627/1159/1394 2629/1181/1423
f 2625/1160/1395 2629/1181/1423 2626/1163/1400
f 2570/1170/1408 2628/1172/1410 2627/1159/1394
f 2621/1165/1402 2626/1163/1400 2629/1181/1423
f 2621/1165/1402 2629/1181/1423 2633/1182/1424
f 2628/1172/1410 2634/1176/1415 2629/1181/1423
f 2629/1181/1423 2634/1176/1415 2633/1182/1424
f 2600/1179/1418 2633/1182/1424 2634/1176/1415
f 2600/1179/1418 2634/1176/1415 2719/1171/1414
f 2705/1183/1425 2710/1184/1425 2706/1185/1425
f 2706/1185/1426 2710/1184/1427 2712/1055/1289
f 2694/1173/1411 2709/1186/1428 2714/1175/1413
f 2684/1187/1429 2713/1188/1430 2709/1186/1428
f 2709/1186/1428 2716/1177/1416 2714/1175/1413
f 2709/1186/1428 2713/1188/1431 2716/1177/1416
f 2708/1189/1432 2716/1177/1421 2710/1184/1427
f 2710/1184/1427 2716/1177/1421 2713/1188/1433
f 2681/1190/1434 2690/1191/1435 2682/1168/1436
f 2682/1168/1436 2690/1191/1435 2686/1192/1437
f 2682/1168/1436 2686/1192/1437 2683/1193/1438
f 2682/1168/1405 2683/1193/1439 2694/1173/1411
f 2682/1168/1405 2694/1173/1411 2693/1167/1404
f 2683/1193/1439 2684/1187/1429 2694/1173/1411
f 2683/1193/1439 2688/1194/1440 2684/1187/1429
f 2684/1187/1429 2709/1186/1428 2694/1173/1411
f 2595/774/935 2715/1180/1419 2708/1189/1432
f 1213/1135/1369 1214/1195/1441 1295/1136/1370
f 1214/1195/1441 2612/1144/1378 1295/1136/1370
f 2561/1155/1390 2622/1153/1387 2606/1196/1442
f 2602/1147/1381 2604/1097/1328 2603/1148/1382
f 2607/1149/1383 2622/1153/1387 2608/1150/1384
f 2557/1166/1403 2567/1157/1392 2562/1156/1391
f 2608/1150/1396 2624/1152/1399 2611/1161/1397
f 2568/1158/1393 2569/1169/1406 2627/1159/1394
f 2569/1169/1406 2693/1167/1404 2694/1173/1411
f 2708/1189/1432 2715/1180/1419 2716/1177/1421
f 2627/1159/1394 2628/1172/1410 2629/1181/1423
f 2600/1179/1418 2632/1197/1443 2633/1182/1424
f 2711/1198/1444 2712/1055/1289 2713/1188/1445
f 2710/1184/1427 2713/1188/1433 2712/1055/1289
f 32/1199/1446 34/1200/1447 33/1201/1448
f 33/1201/1448 34/1200/1447 36/1202/1449
f 33/1203/1448 40/1204/1450 43/1205/1451
f 33/1201/1448 37/1206/1452 40/1207/1450
f 33/1201/1448 36/1202/1449 37/1206/1452
f 40/1204/1450 46/1208/1453 43/1205/1451
f 54/1209/1454 95/1210/1455 55/1211/1456
f 4/1212/1457 50/1213/1458 7/1214/1459
f 4/1212/1457 36/1202/1449 50/1213/1460
f 7/1214/1461 54/1209/1454 55/1211/1456
f 4/1212/1457 7/1214/1459 9/1215/1462
f 7/1214/1461 55/1211/1456 9/1215/1462
f 4/1212/1457 9/1215/1462 5/1216/1463
f 4/1212/1457 5/1216/1463 37/1206/1452
f 5/1216/1463 39/1217/1464 37/1206/1452
f 34/1200/1447 51/1218/1465 50/1213/1460
f 6/1219/1466 52/1220/1467 51/1218/1468
f 51/1218/1469 52/1220/1470 53/1221/1471
f 50/1213/1460 51/1218/1465 53/1221/1472
f 50/1213/1473 53/1221/1473 54/1209/1473
f 5/1216/1463 9/1215/1462 12/1222/1474
f 5/1216/1463 12/1222/1474 10/1223/1475
f 43/1205/1476 47/1224/1477 45/1225/1478
f 43/1205/1476 46/1208/1453 47/1224/1477
f 10/1223/1475 12/1222/1479 11/1226/1480
f 55/1211/1456 96/1227/1481 69/1228/1482
f 9/1215/1462 55/1211/1456 69/1228/1482
f 9/1215/1462 69/1228/1482 12/1222/1474
f 12/1222/1483 69/1228/1483 68/1229/1483
f 69/1228/1482 96/1227/1481 98/1230/1484
f 96/1227/1485 97/1231/1486 98/1230/1487
f 6/1219/1466 64/1232/1488 8/1233/1489
f 8/1233/1489 64/1232/1488 67/1234/1490
f 52/1220/1470 95/1210/1491 53/1221/1471
f 53/1221/1492 95/1210/1492 54/1209/1492
f 52/1220/1467 65/1235/1493 95/1210/1494
f 8/1233/1489 65/1235/1493 52/1220/1467
f 55/1211/1456 95/1210/1455 96/1227/1481
f 65/1235/1493 71/1236/1495 95/1210/1494
f 95/1210/1455 97/1231/1496 96/1227/1481
f 4/1212/1457 37/1206/1452 36/1202/1449
f 34/1200/1447 50/1213/1460 36/1202/1449
f 7/1214/1461 50/1213/1497 54/1209/1454
f 6/1219/1466 8/1233/1489 52/1220/1467
f 15/1237/1498 17/1238/1499 28/1239/1500
f 14/1240/1501 15/1237/1498 35/1241/1502
f 16/1242/1503 21/1243/1504 25/1244/1505
f 16/1242/1506 17/1245/1507 22/1246/1508
f 16/1242/1503 22/1246/1508 21/1243/1504
f 14/1247/1509 22/1246/1508 17/1245/1507
f 14/1240/1501 17/1238/1499 15/1237/1498
f 21/1243/1504 22/1246/1508 23/1248/1510
f 14/1247/1509 32/1249/1511 22/1246/1508
f 221/1250/1512 226/1251/1513 242/1252/1514
f 221/1250/1512 242/1252/1514 243/1253/1515
f 226/1251/1516 240/1254/1517 242/1252/1518
f 221/1250/1512 243/1253/1515 251/1255/1519
f 240/1254/1517 244/1256/1520 242/1252/1518
f 242/1252/1521 244/1256/1520 243/1253/1522
f 243/1253/1522 244/1256/1520 245/1257/1523
f 27/1258/1524 56/1259/1525 28/1239/1500
f 16/1242/1506 26/1260/1526 17/1245/1507
f 1/1261/1527 2/1262/1528 29/1263/1529
f 2/1262/1528 59/1264/1530 3/1265/1531
f 56/1259/1532 83/1266/1532 57/1267/1532
f 28/1239/1500 56/1259/1525 58/1268/1533
f 2/1262/1528 3/1265/1531 29/1263/1529
f 239/1269/1534 244/1256/1520 240/1254/1517
f 221/1250/1512 251/1255/1519 223/1270/1535
f 17/1238/1499 26/1271/1536 28/1239/1500
f 1/1261/1527 15/1237/1498 28/1239/1500
f 1/1261/1527 29/1263/1529 15/1237/1498
f 241/1272/1537 246/1273/1538 247/1274/1539
f 247/1274/1540 253/1275/1541 252/1276/1542
f 252/1276/1542 253/1275/1541 254/1277/1543
f 246/1273/1538 249/1278/1544 247/1274/1539
f 254/1277/1543 281/1279/1545 279/1280/1546
f 249/1278/1547 254/1277/1543 253/1275/1541
f 279/1280/1546 281/1279/1545 284/1281/1548
f 254/1277/1543 255/1282/1549 281/1279/1545
f 255/1282/1549 282/1283/1550 281/1279/1545
f 283/1284/1551 289/1285/1552 284/1281/1548
f 283/1284/1553 400/1286/1554 1339/1287/1555
f 399/1288/1556 1339/1287/1555 400/1286/1554
f 288/1289/1557 1339/1287/1558 399/1288/1559
f 254/1277/1543 279/1280/1546 280/1290/1560
f 279/1280/1546 284/1281/1548 280/1290/1560
f 280/1290/1560 284/1281/1548 291/1291/1561
f 284/1281/1548 289/1285/1552 291/1291/1561
f 1337/1292/1562 1353/1293/1563 1342/1294/1564
f 1337/1292/1562 1342/1294/1564 1343/1295/1565
f 1339/1287/1555 1343/1295/1565 1342/1294/1564
f 291/1291/1566 292/1296/1567 1342/1294/1564
f 292/1296/1568 1339/1287/1555 1342/1294/1564
f 283/1284/1569 292/1296/1567 289/1285/1570
f 283/1284/1553 1339/1287/1555 292/1296/1568
f 281/1279/1571 283/1284/1551 284/1281/1548
f 281/1279/1572 282/1283/1573 283/1284/1574
f 289/1285/1570 292/1296/1567 291/1291/1566
f 291/1291/1566 1342/1294/1564 1353/1293/1563
f 46/1208/1453 131/1297/1575 49/1298/1576
f 49/1298/1576 131/1297/1575 137/1299/1577
f 104/1300/1578 133/1301/1579 132/1302/1580
f 138/1303/1581 142/1304/1582 144/1305/1583
f 134/1306/1584 142/1304/1582 138/1303/1581
f 132/1302/1580 133/1301/1579 134/1306/1584
f 142/1304/1582 143/133/158 144/1305/1583
f 101/1307/1585 106/1308/1586 104/1309/1578
f 102/1310/1587 104/1309/1578 106/1308/1586
f 102/1310/1587 133/1311/1579 104/1309/1578
f 39/1217/1464 103/1312/1588 130/1313/1589
f 38/1314/1590 39/1217/1464 130/1313/1589
f 38/1315/1590 130/1316/1589 131/1297/1575
f 131/1297/1575 132/1302/1580 137/1299/1577
f 103/1312/1588 104/1309/1578 130/1313/1589
f 130/1316/1589 132/1302/1580 131/1297/1575
f 132/1302/1580 138/1303/1581 137/1299/1577
f 104/1300/1591 132/1302/1580 130/1316/1589
f 132/1302/1580 134/1306/1584 138/1303/1581
f 48/1317/1592 139/1318/1593 248/1319/1594
f 48/1317/1592 49/1298/1576 139/1318/1593
f 49/1298/1576 140/1320/1595 139/1318/1593
f 139/1318/1593 342/1321/1596 341/1322/1597
f 139/1318/1593 140/1320/1595 342/1321/1596
f 139/1318/1593 341/1322/1597 248/1319/1594
f 250/1323/1598 343/1324/1599 354/1325/1600
f 140/1320/1595 141/1326/1601 340/1327/1602
f 340/1327/1602 348/1328/1603 342/1321/1596
f 141/1326/1601 349/1329/1604 340/1327/1602
f 138/1303/1581 144/1305/1583 141/1326/1601
f 141/1326/1605 144/1305/1606 349/1329/1607
f 343/1324/1608 344/1330/1609 354/1325/1600
f 344/1330/1609 371/1331/1610 372/1332/1611
f 341/1322/1612 342/1321/1613 343/1324/1614
f 342/1321/1613 345/1333/1615 343/1324/1614
f 344/1330/1616 356/1334/1616 371/1331/1616
f 343/1324/1614 345/1333/1615 344/1330/1617
f 344/1330/1618 345/1333/1618 356/1334/1618
f 345/1333/1619 357/1335/1620 356/1334/1621
f 355/1336/1622 356/1334/1622 357/1335/1622
f 342/1321/1613 348/1328/1623 345/1333/1615
f 345/1333/1619 350/1337/1624 357/1335/1620
f 345/1333/1615 348/1328/1623 350/1337/1625
f 371/1331/1626 400/1286/1554 372/1332/1627
f 358/1338/1628 359/1339/1629 400/1286/1554
f 358/1338/1628 400/1286/1554 371/1331/1626
f 356/1334/1630 358/1338/1628 371/1331/1626
f 355/1336/1631 359/1339/1629 358/1338/1628
f 101/1307/1585 110/1340/1632 106/1308/1586
f 49/1298/1576 137/1299/1577 140/1320/1595
f 10/1223/1475 101/1307/1585 103/1312/1588
f 101/1307/1585 104/1309/1578 103/1312/1588
f 137/1299/1577 138/1303/1581 140/1320/1595
f 138/1303/1581 141/1326/1601 140/1320/1595
f 248/1319/1633 343/1324/1614 250/1323/1634
f 140/1320/1595 340/1327/1602 342/1321/1596
f 344/1330/1609 372/1332/1611 354/1325/1600
f 248/1319/1633 341/1322/1612 343/1324/1614
f 355/1336/1635 358/1338/1628 356/1334/1630
f 106/1308/1586 110/1340/1632 107/1341/1636
f 444/1342/1637 450/1343/1638 451/1344/1639
f 450/1343/1638 564/1345/1640 451/1344/1639
f 566/1346/1641 575/1347/1642 567/1348/1643
f 567/1348/1643 575/1347/1642 576/1349/1644
f 575/1347/1642 593/1350/1645 596/1351/1646
f 574/1352/1647 575/1347/1642 596/1351/1646
f 574/1352/1648 578/1353/1648 575/1347/1648
f 574/1352/1649 596/1351/1649 578/1353/1649
f 445/1354/1650 451/1344/1639 454/1355/1651
f 447/1356/1652 499/1357/1653 483/1358/1654
f 483/1358/1655 500/1359/1656 484/1360/1657
f 484/1360/1657 487/1361/1658 485/1362/1659
f 485/1362/1660 607/1363/1661 486/1364/1662
f 484/1360/1657 500/1359/1656 629/1365/1663
f 500/1359/1656 631/1366/1664 629/1365/1663
f 484/1360/1657 629/1365/1663 487/1361/1658
f 627/1367/1665 632/1368/1666 631/1366/1664
f 627/1367/1665 634/1369/1667 632/1368/1666
f 564/1345/1640 576/1349/1644 565/1370/1668
f 564/1345/1640 567/1348/1643 576/1349/1644
f 454/1355/1651 564/1345/1640 565/1370/1668
f 454/1355/1651 565/1370/1668 455/1371/1669
f 448/1372/1670 454/1355/1651 455/1371/1669
f 455/1371/1669 565/1370/1668 628/1373/1671
f 448/1372/1670 455/1371/1669 453/1374/1672
f 455/1371/1669 501/1375/1673 499/1357/1653
f 455/1371/1669 628/1373/1671 501/1375/1673
f 565/1370/1668 576/1349/1644 577/1376/1674
f 565/1370/1668 577/1376/1675 628/1373/1671
f 577/1376/1675 639/1377/1676 628/1373/1671
f 501/1375/1673 628/1373/1671 634/1369/1667
f 628/1373/1671 639/1377/1676 634/1369/1667
f 576/1349/1644 639/1377/1677 577/1376/1674
f 576/1349/1644 578/1353/1678 648/1378/1679
f 576/1349/1644 648/1378/1679 639/1377/1676
f 578/1353/1678 647/1379/1680 648/1378/1679
f 634/1369/1667 639/1377/1676 640/1380/1681
f 578/1353/1678 596/1351/1646 647/1379/1680
f 446/1381/1682 448/1372/1670 453/1374/1672
f 447/1356/1652 453/1374/1672 499/1357/1653
f 451/1344/1639 564/1345/1640 454/1355/1651
f 453/1374/1672 455/1371/1669 499/1357/1653
f 575/1347/1642 578/1353/1678 576/1349/1644
f 442/1382/1683 515/1383/1684 516/1384/1685
f 443/1385/1686 516/1384/1685 520/1386/1687
f 515/1383/1684 522/1387/1688 516/1384/1685
f 516/1384/1685 522/1387/1688 520/1386/1687
f 522/1387/1688 569/1388/1689 568/1389/1690
f 520/1386/1687 522/1387/1688 521/1390/1691
f 568/1389/1690 569/1388/1689 571/1391/1692
f 521/1390/1691 522/1387/1688 568/1389/1690
f 452/1392/1693 520/1386/1687 521/1390/1691
f 521/1390/1691 568/1389/1690 563/1393/1694
f 568/1389/1690 571/1391/1692 570/1394/1695
f 452/1392/1693 521/1390/1691 563/1393/1694
f 563/1393/1694 568/1389/1690 570/1394/1696
f 563/1393/1694 570/1394/1696 573/1395/1697
f 443/1385/1686 520/1386/1687 452/1392/1693
f 422/1396/1698 444/1342/1637 445/1354/1650
f 422/1396/1698 445/1354/1650 427/1397/1699
f 62/1398/1700 418/1399/1701 76/1400/1702
f 76/1400/1702 418/1399/1701 422/1396/1698
f 76/1400/1702 422/1396/1698 421/1401/1703
f 61/1402/1704 63/1403/1705 62/1398/1700
f 60/1404/1706 61/1402/1704 62/1398/1700
f 62/1398/1700 76/1400/1702 66/1405/1707
f 66/1405/1707 76/1400/1702 73/1406/1708
f 63/1403/1705 88/1407/1709 90/1408/1710
f 88/1407/1709 89/1409/1711 90/1408/1710
f 66/1405/1707 73/1406/1708 67/1234/1490
f 67/1234/1490 73/1406/1708 74/1410/1712
f 74/1410/1712 76/1400/1702 420/1411/1713
f 73/1406/1708 76/1400/1702 74/1410/1712
f 74/1410/1712 420/1411/1713 419/1412/1714
f 74/1410/1712 419/1412/1714 75/1413/1715
f 67/1234/1490 74/1410/1712 75/1413/1715
f 419/1412/1714 420/1411/1713 425/1414/1716
f 419/1412/1714 425/1414/1716 423/1415/1717
f 67/1234/1490 75/1413/1715 72/1416/1718
f 75/1413/1715 419/1412/1714 423/1415/1717
f 75/1413/1715 423/1415/1717 78/1417/1719
f 428/1418/1720 430/1419/1721 429/1420/1722
f 420/1411/1713 421/1401/1703 427/1397/1699
f 420/1411/1713 427/1397/1699 428/1418/1720
f 427/1397/1699 445/1354/1650 428/1418/1720
f 428/1418/1720 445/1354/1650 430/1419/1721
f 420/1411/1713 428/1418/1720 425/1414/1716
f 430/1419/1721 445/1354/1650 446/1381/1682
f 76/1400/1702 421/1401/1703 420/1411/1713
f 60/1404/1706 62/1398/1700 66/1405/1707
f 61/1402/1704 88/1407/1709 63/1403/1705
f 421/1401/1703 422/1396/1698 427/1397/1699
f 166/1421/1723 167/1422/1724 168/1423/1725
f 163/1424/1726 166/1421/1723 168/1423/1725
f 70/1425/1727 99/1426/1728 169/1427/1729
f 99/1426/1728 100/1428/1730 199/1429/1731
f 199/1429/1731 203/1430/1732 201/1431/1733
f 169/1427/1729 199/1429/1731 201/1431/1733
f 169/1427/1729 201/1431/1733 173/1432/1734
f 201/1431/1735 203/1430/1735 204/1433/1735
f 203/1430/1736 206/1434/1736 204/1433/1736
f 201/1431/1733 204/1433/1737 205/1435/1738
f 204/1433/1737 206/1434/1739 205/1435/1738
f 206/1434/1740 469/1436/1741 474/1437/1742
f 206/1434/1740 474/1437/1742 476/1438/1743
f 80/1439/1744 424/1440/1744 456/1441/1744
f 79/1442/1745 424/1440/1745 80/1439/1745
f 80/1439/1746 456/1441/1747 468/1443/1748
f 100/1428/1749 200/1444/1750 199/1429/1751
f 200/1444/1752 467/1445/1753 203/1430/1754
f 80/1439/1746 468/1443/1748 467/1445/1753
f 199/1429/1751 200/1444/1750 203/1430/1755
f 80/1439/1746 467/1445/1753 200/1444/1756
f 426/1446/1757 429/1420/1722 431/1447/1758
f 426/1446/1757 431/1447/1758 480/1448/1759
f 424/1440/1760 426/1446/1757 480/1448/1759
f 424/1440/1760 480/1448/1759 470/1449/1761
f 470/1449/1761 480/1448/1759 481/1450/1762
f 456/1441/1763 470/1449/1761 468/1443/1764
f 468/1443/1764 470/1449/1761 471/1451/1765
f 470/1449/1761 481/1450/1762 471/1451/1765
f 467/1445/1753 468/1443/1748 471/1451/1765
f 467/1445/1753 471/1451/1765 474/1437/1742
f 471/1451/1765 481/1450/1762 482/1452/1766
f 467/1445/1753 474/1437/1742 469/1436/1741
f 471/1451/1765 485/1362/1660 474/1437/1742
f 99/1426/1728 199/1429/1731 169/1427/1729
f 203/1430/1754 469/1436/1741 206/1434/1740
f 77/1453/1767 80/1439/1746 97/1231/1768
f 424/1440/1760 470/1449/1761 456/1441/1763
f 77/1453/1767 79/1442/1769 80/1439/1746
f 256/1454/1770 260/1455/1771 258/1456/1772
f 223/1270/1535 261/1457/1773 260/1455/1771
f 223/1270/1535 277/1458/1774 261/1457/1773
f 261/1457/1773 277/1458/1774 265/1459/1775
f 258/1456/1772 260/1455/1771 266/1460/1776
f 260/1455/1771 267/1461/1777 266/1460/1776
f 260/1455/1771 261/1457/1773 267/1461/1777
f 266/1460/1776 267/1461/1777 1308/1462/1778
f 266/1460/1776 1308/1462/1778 1305/1463/1779
f 1306/1464/1780 1308/1462/1778 1315/1465/1781
f 274/1466/1782 1316/1467/1783 1317/1468/1784
f 1316/1467/1783 1319/1469/1785 1317/1468/1784
f 1319/1469/1785 1431/1470/1786 1317/1468/1784
f 1311/1471/1787 1319/1469/1785 1316/1467/1783
f 263/1472/1788 274/1466/1782 273/1473/1789
f 259/1474/1790 264/1475/1791 263/1472/1788
f 257/1476/1792 264/1475/1791 259/1474/1790
f 219/1477/1793 257/1476/1792 259/1474/1790
f 257/1476/1792 262/1478/1794 264/1475/1791
f 219/1477/1793 256/1454/1770 257/1476/1792
f 257/1476/1792 258/1456/1772 262/1478/1794
f 256/1454/1770 258/1456/1772 257/1476/1792
f 258/1456/1772 266/1460/1776 262/1478/1794
f 263/1472/1788 1316/1467/1783 274/1466/1782
f 263/1472/1788 264/1475/1791 1316/1467/1783
f 262/1478/1794 1316/1467/1783 264/1475/1791
f 262/1478/1794 1307/1479/1795 1316/1467/1783
f 262/1478/1794 1306/1464/1780 1307/1479/1796
f 1306/1464/1780 1310/1480/1797 1307/1479/1796
f 262/1478/1794 1305/1463/1779 1306/1464/1780
f 1306/1464/1780 1313/1481/1798 1310/1480/1797
f 1310/1480/1799 1312/1482/1800 1311/1471/1787
f 1310/1480/1797 1313/1481/1798 1312/1482/1801
f 1306/1464/1780 1315/1465/1781 1313/1481/1798
f 1311/1471/1787 1320/1483/1802 1319/1469/1785
f 1367/1484/1803 1433/1485/1804 1432/1486/1805
f 1311/1471/1787 1312/1482/1800 1320/1483/1802
f 1312/1482/1800 1355/1487/1806 1366/1488/1807
f 1319/1469/1785 1320/1483/1802 1367/1484/1803
f 1312/1482/1800 1366/1488/1807 1320/1483/1802
f 1320/1483/1802 1366/1488/1807 1367/1484/1803
f 1323/1489/1808 1367/1484/1803 1324/1490/1808
f 1366/1488/1807 1370/1491/1809 1367/1484/1803
f 1305/1463/1779 1308/1462/1778 1306/1464/1780
f 1338/1492/1810 1347/1493/1811 1349/1494/1812
f 1337/1292/1562 1347/1493/1811 1338/1492/1810
f 1337/1292/1562 1350/1495/1813 1347/1493/1811
f 1347/1493/1811 1384/1496/1814 1349/1494/1812
f 1350/1495/1813 1385/1497/1815 1384/1496/1816
f 1350/1495/1817 1382/1498/1818 1385/1497/1819
f 1345/1499/1820 1383/1500/1821 1382/1498/1822
f 1347/1493/1811 1350/1495/1813 1384/1496/1816
f 1345/1499/1823 1382/1498/1818 1350/1495/1817
f 1344/1501/1824 1345/1499/1823 1350/1495/1817
f 1345/1499/1820 1352/1502/1825 1383/1500/1821
f 1352/1502/1825 1388/1503/1826 1383/1500/1821
f 1344/1501/1827 1352/1502/1825 1345/1499/1820
f 1389/1504/1828 1522/1505/1829 1390/1506/1830
f 1389/1504/1828 1531/1507/1831 1522/1505/1829
f 1382/1498/1822 1389/1504/1828 1390/1506/1830
f 1382/1498/1818 1390/1506/1832 1385/1497/1819
f 1382/1498/1822 1383/1500/1821 1389/1504/1828
f 1315/1465/1781 1357/1508/1833 1356/1509/1834
f 1314/1510/1835 1357/1508/1833 1315/1465/1781
f 1354/1511/1836 1364/1512/1837 1363/1513/1838
f 1363/1513/1838 1364/1512/1837 1374/1514/1839
f 1364/1512/1837 1381/1515/1840 1374/1514/1839
f 1361/1516/1841 1381/1515/1840 1364/1512/1837
f 1356/1509/1834 1361/1516/1841 1364/1512/1837
f 1360/1517/1842 1380/1518/1843 1372/1519/1844
f 1314/1510/1835 1358/1520/1845 1357/1508/1833
f 1348/1521/1846 1359/1522/1846 1360/1517/1846
f 1348/1521/1847 1360/1517/1847 1358/1520/1847
f 1348/1521/1848 1349/1494/1849 1359/1522/1850
f 1359/1522/1851 1384/1496/1814 1360/1517/1852
f 1346/1523/1853 1349/1494/1849 1348/1521/1848
f 1349/1494/1812 1384/1496/1814 1359/1522/1851
f 1361/1516/1841 1372/1519/1854 1381/1515/1840
f 1372/1519/1844 1380/1518/1843 1379/1524/1855
f 1360/1517/1842 1385/1497/1815 1380/1518/1843
f 1365/1525/1856 1380/1518/1857 1385/1497/1819
f 1365/1525/1858 1390/1506/1830 1522/1505/1829
f 1365/1525/1856 1385/1497/1819 1390/1506/1832
f 1365/1525/1858 1522/1505/1829 1523/1526/1859
f 1309/1527/1860 1358/1520/1845 1314/1510/1835
f 1360/1517/1842 1384/1496/1816 1385/1497/1815
f 1338/1492/1861 1349/1494/1849 1346/1523/1853
f 1354/1511/1836 1356/1509/1834 1364/1512/1837
f 30/1528/1862 31/1529/1863 82/1530/1864
f 31/1529/1863 85/1531/1865 82/1530/1864
f 27/1532/1866 30/1528/1862 82/1530/1864
f 13/1533/1867 18/1534/1868 30/1528/1862
f 13/1533/1869 25/1244/1505 18/1534/1868
f 215/1535/1870 230/1536/1871 228/1537/1872
f 20/1538/1873 228/1537/1872 30/1528/1862
f 20/1538/1873 215/1535/1870 228/1537/1872
f 207/1539/1874 217/1540/1874 215/1535/1874
f 20/1538/1873 207/1539/1875 215/1535/1870
f 18/1534/1868 19/1541/1876 20/1538/1873
f 19/1541/1876 207/1539/1875 20/1538/1873
f 207/1539/1875 212/1542/1877 216/1543/1878
f 229/1544/1879 234/1545/1880 294/1546/1881
f 229/1544/1879 294/1546/1881 293/1547/1882
f 86/1548/1883 229/1544/1879 293/1547/1882
f 228/1537/1884 230/1536/1885 229/1544/1879
f 85/1531/1865 86/1548/1883 87/1549/1886
f 86/1548/1883 293/1547/1882 91/1550/1887
f 86/1548/1883 91/1550/1887 87/1549/1886
f 268/1551/1888 269/1552/1889 271/1553/1890
f 233/1554/1891 259/1474/1892 268/1551/1888
f 233/1554/1891 268/1551/1888 271/1553/1890
f 215/1535/1893 219/1477/1893 232/1555/1893
f 219/1477/1894 233/1554/1895 232/1555/1896
f 212/1542/1897 224/1556/1898 216/1543/1899
f 235/1557/1900 270/1558/1901 237/1559/1902
f 230/1536/1885 235/1557/1900 234/1545/1880
f 230/1536/1903 231/1560/1904 235/1557/1905
f 82/1530/1864 85/1531/1865 84/1561/1906
f 84/1561/1906 85/1531/1865 87/1549/1886
f 84/1562/1907 87/1563/1886 89/1409/1711
f 19/1541/1876 208/1564/1908 207/1539/1875
f 18/1534/1868 20/1538/1873 30/1528/1862
f 207/1539/1909 216/1543/1899 217/1540/1910
f 229/1544/1879 230/1536/1885 234/1545/1880
f 30/1528/1862 228/1537/1884 229/1544/1879
f 220/1565/1911 224/1556/1912 225/1566/1913
f 81/1567/1914 82/1530/1864 84/1561/1906
f 297/1568/1915 304/1569/1916 307/1570/1917
f 304/1569/1916 306/1571/1918 307/1570/1917
f 306/1571/1918 308/1572/1919 307/1570/1917
f 305/1573/1920 307/1570/1917 310/1574/1921
f 307/1570/1922 309/1575/1923 310/1574/1924
f 307/1570/1917 308/1572/1919 309/1575/1925
f 297/1568/1915 305/1573/1920 301/1576/1926
f 296/1577/1927 297/1568/1915 301/1576/1926
f 305/1573/1920 310/1574/1921 317/1578/1928
f 296/1577/1927 301/1576/1926 300/1579/1929
f 296/1577/1927 300/1579/1929 299/1580/1930
f 293/1547/1882 296/1577/1927 299/1580/1930
f 301/1576/1926 305/1573/1920 319/1581/1931
f 299/1580/1930 300/1579/1929 302/1582/1932
f 305/1573/1920 317/1578/1928 319/1581/1931
f 300/1579/1929 301/1576/1926 302/1582/1932
f 310/1574/1933 321/1583/1934 317/1578/1935
f 317/1578/1928 321/1583/1934 318/1584/1936
f 310/1574/1933 313/1585/1937 321/1583/1934
f 309/1575/1923 311/1586/1938 313/1585/1937
f 313/1585/1937 322/1587/1939 321/1583/1934
f 311/1586/1938 323/1588/1940 313/1585/1937
f 313/1585/1937 323/1588/1940 322/1587/1939
f 318/1584/1936 321/1583/1934 322/1587/1939
f 318/1589/1936 329/1590/1941 334/1591/1942
f 318/1584/1936 322/1587/1939 329/1592/1943
f 322/1587/1939 323/1588/1940 329/1592/1943
f 301/1576/1926 319/1581/1931 302/1582/1932
f 318/1589/1936 320/1593/1944 319/1594/1931
f 319/1594/1931 320/1593/1944 523/1595/1945
f 318/1589/1936 334/1591/1942 320/1593/1944
f 1400/1596/1946 1403/1597/1947 1397/1598/1946
f 311/1586/1948 1426/1599/1949 1429/1600/1948
f 272/1601/1950 297/1568/1951 303/1602/1952
f 299/1603/1930 302/1604/1932 507/1605/1953
f 93/1606/1954 298/1607/1955 299/1603/1930
f 93/1606/1954 299/1603/1930 502/1608/1956
f 299/1603/1930 507/1605/1953 503/1609/1957
f 299/1603/1930 503/1609/1957 502/1608/1956
f 92/1610/1958 93/1606/1959 435/1611/1960
f 435/1611/1960 502/1608/1961 505/1612/1962
f 93/1606/1959 502/1608/1961 435/1611/1960
f 435/1611/1960 505/1612/1962 439/1613/1963
f 94/1614/1964 435/1611/1960 438/1615/1965
f 435/1611/1960 439/1613/1963 438/1615/1965
f 502/1608/1966 504/1616/1967 505/1612/1962
f 504/1616/1967 514/1617/1968 505/1612/1962
f 505/1612/1962 513/1618/1969 506/1619/1970
f 302/1604/1932 523/1595/1945 507/1605/1953
f 504/1616/1971 509/1620/1972 508/1621/1973
f 503/1609/1957 509/1620/1972 504/1616/1974
f 502/1608/1956 503/1609/1957 504/1616/1974
f 309/1575/1923 313/1585/1937 310/1574/1924
f 308/1572/1919 311/1586/1975 309/1575/1925
f 297/1568/1915 307/1570/1917 305/1573/1920
f 295/1622/1976 297/1568/1915 296/1577/1927
f 317/1578/1928 318/1584/1936 319/1581/1931
f 311/1586/1977 316/1623/1978 328/1624/1978
f 308/1572/1979 1425/1625/1979 311/1586/1979
f 311/1586/1977 312/1626/1980 314/1627/1980
f 272/1601/1950 304/1569/1916 297/1568/1951
f 439/1613/1963 505/1612/1962 506/1619/1970
f 302/1604/1932 319/1594/1931 523/1595/1945
f 320/1593/1944 526/1628/1981 523/1595/1945
f 523/1595/1945 526/1628/1981 524/1629/1982
f 534/1630/1983 538/1631/1984 541/1632/1985
f 1743/1633/1986 1744/1634/1986 1746/1635/1987
f 512/1636/1988 554/1637/1989 550/1638/1990
f 512/1636/1991 551/1639/1992 552/1640/1993
f 511/1641/1994 512/1636/1991 552/1640/1993
f 551/1639/1992 553/1642/1995 552/1640/1993
f 511/1641/1994 552/1640/1993 519/1643/1996
f 519/1643/1996 552/1640/1993 553/1642/1995
f 519/1643/1996 553/1642/1995 557/1644/1997
f 518/1645/1998 555/1646/1999 554/1637/1989
f 525/1647/2000 526/1628/1981 534/1630/1983
f 541/1632/1985 548/1648/2001 547/1649/2002
f 541/1632/1985 547/1649/2002 545/1650/2003
f 525/1647/2000 541/1632/1985 545/1650/2003
f 525/1647/2000 534/1630/1983 541/1632/1985
f 509/1620/1972 524/1629/1982 525/1647/2000
f 510/1651/2004 518/1645/1998 554/1637/1989
f 524/1629/1982 526/1628/1981 525/1647/2000
f 554/1637/1989 555/1646/1999 556/1652/2005
f 555/1646/1999 561/1653/2006 556/1652/2005
f 556/1652/2007 561/1653/2008 558/1654/2009
f 553/1642/2010 556/1652/2007 558/1654/2009
f 558/1654/2009 561/1653/2008 560/1655/2011
f 553/1642/2010 558/1654/2009 557/1644/2012
f 557/1644/2012 558/1654/2009 560/1655/2011
f 557/1644/2012 560/1655/2011 562/1656/2013
f 560/1655/2011 583/1657/2014 581/1658/2015
f 560/1655/2011 581/1658/2015 562/1656/2013
f 544/1659/2016 549/1660/2017 546/1661/2018
f 546/1661/2018 549/1660/2017 579/1662/2019
f 549/1660/2017 580/1663/2020 579/1662/2019
f 546/1661/2018 579/1662/2019 555/1646/1999
f 579/1662/2019 580/1663/2020 582/1664/2021
f 555/1646/1999 579/1662/2019 582/1664/2021
f 549/1660/2017 1786/1665/2022 580/1663/2020
f 548/1648/2001 1786/1665/2023 549/1660/2024
f 580/1663/2020 1786/1665/2022 1787/1666/2025
f 548/1648/2001 1740/1667/2026 1786/1665/2023
f 1740/1667/2026 1746/1635/1987 1786/1665/2023
f 580/1663/2020 585/1668/2027 582/1664/2021
f 555/1646/1999 582/1664/2021 561/1653/2006
f 1746/1635/1987 1757/1669/2028 1789/1670/2029
f 1751/1671/2030 1752/1672/2031 1757/1669/2028
f 1746/1635/1987 1747/1673/2032 1748/1674/2033
f 511/1641/1994 519/1643/1996 514/1617/2034
f 544/1659/2035 547/1649/2002 549/1660/2024
f 550/1638/1990 554/1637/1989 556/1652/2005
f 562/1656/2013 581/1658/2015 600/1675/2036
f 547/1649/2002 548/1648/2001 549/1660/2024
f 586/1676/2037 1795/1677/2038 588/1678/2039
f 584/1679/2040 586/1676/2037 588/1678/2039
f 586/1676/2037 1793/1680/2041 1795/1677/2038
f 588/1678/2039 1795/1677/2038 1798/1681/2042
f 588/1678/2039 1798/1681/2042 1796/1682/2043
f 603/1683/2044 1796/1682/2043 1804/1684/2045
f 602/1685/2046 603/1683/2044 1804/1684/2045
f 1798/1681/2042 1819/1686/2047 1805/1687/2048
f 1796/1682/2043 1798/1681/2042 1805/1687/2048
f 1796/1682/2043 1805/1687/2048 1804/1684/2045
f 1804/1684/2045 1805/1687/2048 1806/1688/2049
f 1805/1687/2048 1819/1686/2047 1824/1689/2050
f 1805/1687/2048 1824/1689/2050 1807/1690/2051
f 1807/1690/2051 1824/1689/2050 1826/1691/2052
f 1805/1687/2048 1807/1690/2051 1829/1692/2053
f 1805/1687/2048 1829/1692/2053 1806/1688/2049
f 1807/1690/2051 1826/1691/2052 1829/1692/2053
f 1825/1693/2054 1834/1694/2055 1826/1691/2052
f 1791/1695/2056 1809/1696/2057 1792/1697/2058
f 1776/1698/2059 1810/1699/2060 1809/1700/2061
f 1792/1697/2058 1809/1696/2057 1811/1701/2062
f 1809/1696/2057 1810/1702/2063 1811/1701/2062
f 1792/1697/2058 1811/1701/2062 1797/1703/2064
f 1797/1703/2064 1811/1701/2062 1817/1704/2065
f 1810/1702/2063 1817/1704/2065 1811/1701/2062
f 1797/1703/2064 1817/1704/2065 1820/1705/2066
f 1799/1706/2067 1820/1705/2066 1818/1707/2068
f 1794/1708/2069 1799/1706/2067 1798/1681/2042
f 1798/1681/2042 1818/1707/2068 1819/1686/2047
f 1818/1707/2068 1830/1709/2070 1819/1686/2047
f 1819/1686/2047 1830/1709/2070 1833/1710/2071
f 1819/1686/2047 1833/1710/2071 1825/1693/2054
f 1819/1686/2047 1825/1693/2054 1824/1689/2050
f 1818/1707/2068 1820/1705/2066 1830/1709/2070
f 1820/1705/2066 1823/1711/2072 1830/1709/2070
f 1817/1704/2065 1823/1711/2072 1820/1705/2066
f 1823/1711/2072 1831/1712/2073 1830/1709/2070
f 1830/1709/2070 1831/1712/2073 1833/1710/2071
f 584/1679/2040 588/1678/2039 587/1713/2074
f 1788/1714/2075 1790/1715/2076 1791/1695/2056
f 1794/1708/2069 1798/1681/2042 1795/1677/2038
f 1824/1689/2050 1825/1693/2054 1826/1691/2052
f 1797/1703/2064 1820/1705/2066 1799/1706/2067
f 1825/1693/2054 1833/1710/2071 1834/1694/2055
f 1905/1716/2077 1907/1717/2078 1906/1718/2077
f 1782/1719/2079 1907/1717/2078 1912/1720/2080
f 1783/1721/2081 1784/1722/2081 1907/1717/2078
f 1763/1723/2082 1760/1724/2082 1907/1717/2078
f 1785/1725/2083 1912/1720/2080 1913/1726/2084
f 1782/1719/2079 1912/1720/2080 1785/1725/2083
f 1912/1720/2085 1971/1727/2086 1913/1726/2087
f 1776/1698/2088 1782/1719/2079 1785/1725/2083
f 1814/1728/2089 1913/1726/2087 1971/1727/2086
f 1775/1729/2090 1782/1719/2079 1776/1698/2088
f 1776/1698/2088 1785/1725/2083 1814/1728/2091
f 1785/1725/2083 1913/1726/2084 1814/1728/2091
f 1766/1730/2092 1780/1731/2092 1782/1719/2079
f 1566/1732/2093 1569/1733/2094 1907/1717/2078
f 1565/1734/2095 1903/1735/2096 1902/1736/2097
f 1569/1733/2094 1908/1737/2098 1907/1717/2078
f 1565/1734/2095 1566/1732/2093 1907/1717/2078
f 1909/1738/2099 1919/1739/2100 1918/1740/2101
f 1909/1738/2099 1910/1741/2102 1919/1739/2100
f 1908/1737/2098 1909/1738/2099 1918/1740/2101
f 1907/1717/2078 1908/1737/2098 1918/1740/2101
f 1914/1742/2103 1918/1740/2101 1919/1739/2100
f 1911/1743/2104 1918/1740/2101 1914/1742/2105
f 1907/1717/2078 1911/1743/2104 1912/1720/2080
f 1912/1720/2085 1914/1742/2106 1971/1727/2086
f 1914/1742/2107 1919/1739/2100 1920/1744/2108
f 1907/1717/2078 1918/1740/2101 1911/1743/2104
f 1911/1743/2109 1914/1742/2106 1912/1720/2085
f 1914/1742/2107 1920/1744/2108 1971/1727/2110
f 1910/1741/2102 1937/1745/2111 1946/1746/2112
f 1910/1741/2102 1936/1747/2113 1937/1745/2111
f 1944/1748/2114 1947/1749/2115 1946/1746/2112
f 1938/1750/2116 1944/1748/2117 1941/1751/2118
f 1922/1752/2119 1947/1749/2120 1944/1748/2121
f 1922/1752/2119 1944/1748/2121 1943/1753/2122
f 1922/1752/2119 1943/1753/2122 1945/1754/2123
f 1919/1739/2100 1946/1746/2112 1920/1744/2108
f 1920/1744/2108 1946/1746/2112 1947/1749/2115
f 1916/1755/2124 1971/1727/2125 1920/1744/2126
f 1920/1744/2126 1947/1749/2120 1922/1752/2119
f 1916/1755/2124 1920/1744/2126 1922/1752/2119
f 1567/1756/2127 1568/1757/2128 1572/1758/2129
f 1568/1757/2128 1573/1759/2130 1572/1758/2129
f 1572/1758/2131 1573/1759/2130 1574/1760/2132
f 1573/1759/2130 1938/1750/2116 1574/1760/2132
f 1574/1760/2132 1938/1750/2116 1936/1747/2113
f 1573/1759/2130 1576/1761/2133 1938/1750/2116
f 1938/1750/2116 1940/1762/2134 1944/1748/2117
f 1815/1763/2135 1915/1764/2136 1816/1765/2137
f 1816/1765/2137 1915/1764/2136 1926/1766/2138
f 1816/1767/2139 1926/1768/2140 1927/1769/2141
f 1813/1770/2142 1814/1728/2143 1916/1755/2124
f 1813/1770/2142 1916/1755/2124 1815/1763/2135
f 1815/1763/2135 1916/1755/2124 1917/1771/2144
f 1916/1755/2124 1921/1772/2145 1917/1771/2144
f 1916/1755/2124 1924/1773/2146 1921/1772/2145
f 1917/1771/2144 1921/1772/2145 1925/1774/2147
f 1815/1763/2135 1917/1771/2144 1915/1764/2136
f 1915/1764/2136 1928/1775/2148 1926/1766/2138
f 1926/1768/2140 1928/1776/2149 1927/1769/2141
f 1927/1769/2141 1929/1777/2150 1972/1778/2151
f 1775/1729/2090 1773/1779/2152 1764/1780/2153
f 1569/1733/2094 1572/1758/2154 1908/1737/2098
f 1910/1741/2102 1946/1746/2112 1919/1739/2100
f 1814/1728/2143 1971/1727/2125 1916/1755/2124
f 1572/1758/2131 1574/1760/2132 1908/1737/2155
f 1574/1760/2132 1936/1747/2113 1908/1737/2155
f 1916/1755/2124 1922/1752/2119 1924/1773/2146
f 1379/1524/1855 1527/1781/2156 1381/1515/2157
f 1527/1781/2158 1547/1782/2159 1544/1783/2160
f 1524/1784/2161 1547/1782/2159 1527/1781/2158
f 1524/1784/2161 1527/1781/2158 1525/1785/2162
f 1523/1526/2163 1525/1785/2162 1527/1781/2158
f 1523/1526/2164 1526/1786/2165 1525/1785/2166
f 1525/1785/2166 1526/1786/2165 1529/1787/2167
f 1524/1784/2168 1528/1788/2169 1548/1789/2170
f 1525/1785/2166 1529/1787/2167 1528/1788/2169
f 1528/1788/2169 1570/1790/2171 1550/1791/2172
f 1528/1788/2169 1529/1787/2167 1570/1790/2171
f 1560/1792/2173 1559/1793/2173 1552/1794/2174
f 1556/1795/2175 1552/1794/2174 1557/1796/2176
f 1465/1797/2177 1554/1798/2178 1553/1799/2179
f 1465/1797/2180 1545/1800/2180 1546/1801/2180
f 1465/1797/2177 1467/1802/2181 1466/1803/2181
f 1460/1804/2182 1466/1803/2183 1464/1805/2183
f 1544/1783/2184 1546/1801/2185 1545/1800/2186
f 1377/1806/2187 1545/1800/2188 1454/1807/2189
f 1454/1807/2190 1545/1800/2190 1460/1804/2190
f 1378/1808/2191 1544/1783/2184 1545/1800/2186
f 1454/1807/2192 1458/1809/2193 1457/1810/2193
f 1552/1794/2194 1567/1756/2195 1566/1732/2093
f 1549/1811/2196 1567/1756/2195 1552/1794/2194
f 1546/1801/2197 1549/1811/2198 1552/1794/2199
f 1546/1801/2197 1547/1782/2159 1549/1811/2198
f 1547/1782/2159 1548/1789/2200 1549/1811/2198
f 1544/1783/2160 1547/1782/2159 1546/1801/2197
f 1524/1784/2161 1548/1789/2200 1547/1782/2159
f 1548/1789/2170 1551/1812/2201 1549/1811/2202
f 1549/1811/2202 1551/1812/2201 1568/1757/2128
f 1528/1788/2169 1551/1812/2201 1548/1789/2170
f 339/1813/2203 527/1814/2203 530/1815/2204
f 1378/1808/2191 1381/1515/2205 1544/1783/2184
f 1381/1515/2206 1527/1781/2158 1544/1783/2160
f 1524/1784/2168 1525/1785/2166 1528/1788/2169
f 1528/1788/2169 1550/1791/2172 1551/1812/2201
f 1460/1804/2182 1545/1800/2207 1465/1797/2208
f 1465/1797/2209 1546/1801/2197 1552/1794/2199
f 405/1816/2210 1482/1817/2211 1474/1818/2212
f 405/1816/2210 407/1819/2213 1482/1817/2211
f 407/1819/2213 412/87/102 1482/1817/2211
f 360/1820/2214 368/1821/2215 361/1822/2216
f 360/1820/2214 363/1823/2217 368/1821/2215
f 363/1823/2217 366/1824/2218 368/1821/2215
f 362/1825/2219 366/1824/2220 363/1823/2217
f 353/1826/2221 366/1824/2218 362/1825/2222
f 365/1827/2223 368/1821/2215 366/1824/2218
f 353/1826/2221 367/1828/2224 366/1824/2218
f 365/1827/2223 369/1829/2225 368/1821/2215
f 353/1826/2226 364/1830/2227 367/1828/2228
f 365/1827/2223 366/1824/2218 367/1828/2224
f 368/1821/2215 369/1829/2225 370/1831/2229
f 365/1827/2223 367/1828/2224 369/1829/2225
f 367/1828/2230 370/1831/2229 369/1829/2225
f 367/1828/2230 386/1832/2231 370/1831/2229
f 370/1831/2229 386/1832/2231 390/1833/2232
f 146/1834/2233 147/130/155 347/1835/2234
f 351/1836/2235 352/1837/2236 362/1825/2237
f 352/1837/2238 353/1826/2238 362/1825/2238
f 346/1838/2239 373/1839/2240 352/1837/2241
f 352/1837/2242 364/1830/2227 353/1826/2226
f 346/1838/2239 347/1835/2243 373/1839/2240
f 352/1837/2241 373/1839/2240 364/1830/2244
f 398/1840/2245 402/1841/2246 403/1842/2247
f 402/1841/2246 1470/1843/2248 403/1842/2247
f 398/1840/2245 401/1844/2249 402/1841/2246
f 361/1822/2250 401/1844/2249 398/1840/2245
f 361/1822/2250 368/1821/2215 401/1844/2249
f 368/1821/2215 370/1831/2229 406/1845/2251
f 368/1821/2215 406/1845/2251 401/1844/2249
f 405/1816/2210 406/1845/2251 407/1819/2213
f 390/1833/2232 407/1819/2213 406/1845/2251
f 401/1844/2249 404/1846/2252 402/1841/2246
f 402/1841/2246 404/1846/2252 1470/1843/2248
f 401/1844/2249 405/1816/2210 404/1846/2252
f 401/1844/2249 406/1845/2251 405/1816/2210
f 370/1831/2229 390/1833/2232 406/1845/2251
f 1475/1847/2253 1480/1848/2254 1479/1849/2255
f 1473/1850/2256 1480/1848/2254 1475/1847/2253
f 1480/1848/2254 1490/1851/2257 1491/1852/2258
f 1485/1853/2259 1490/1851/2259 1486/1854/2259
f 1485/1853/2260 1512/1855/2261 1490/1851/2257
f 1485/1853/2260 1492/1856/2262 1512/1855/2261
f 1471/1857/2263 1477/1858/2264 1476/1859/2265
f 1476/1859/2265 1477/1858/2264 1478/1860/2266
f 1475/1847/2253 1479/1849/2255 1477/1858/2264
f 1351/1861/2267 1476/1859/2265 1495/1862/2268
f 1351/1861/2267 1472/1863/2269 1476/1859/2265
f 1478/1860/2266 1497/1864/2270 1496/1865/2271
f 1478/1860/2266 1498/1866/2272 1497/1864/2270
f 1477/1858/2264 1498/1866/2272 1478/1860/2266
f 1497/1864/2270 1498/1866/2272 1499/1867/2273
f 1481/1868/2274 1499/1867/2273 1498/1866/2272
f 1479/1849/2255 1481/1868/2274 1498/1866/2272
f 1497/1864/2270 1499/1867/2273 1501/1869/2275
f 1481/1868/2274 1501/1869/2275 1499/1867/2273
f 1479/1849/2255 1480/1848/2254 1481/1868/2274
f 1478/1860/2266 1496/1865/2271 1495/1862/2268
f 1481/1868/2274 1500/1870/2276 1501/1869/2275
f 1500/1870/2276 1502/1871/2277 1501/1869/2275
f 1500/1870/2278 1509/1872/2279 1502/1871/2280
f 1481/1868/2274 1491/1852/2258 1500/1870/2276
f 1480/1848/2254 1491/1852/2258 1481/1868/2274
f 1491/1852/2258 1509/1872/2279 1500/1870/2278
f 1491/1852/2258 1512/1855/2261 1509/1872/2279
f 1492/1856/2262 1513/1873/2281 1512/1855/2261
f 1492/1856/2262 1516/1874/2282 1513/1873/2281
f 1351/1861/2267 1387/1875/2283 1386/1876/2284
f 1351/1861/2267 1495/1862/2268 1387/1875/2283
f 1471/1857/2263 1476/1859/2265 1472/1863/2269
f 1477/1858/2264 1479/1849/2255 1498/1866/2272
f 1476/1859/2265 1478/1860/2266 1495/1862/2268
f 1490/1851/2257 1512/1855/2261 1491/1852/2258
f 1512/1855/2261 1513/1873/2281 1517/1877/2285
f 1513/1873/2281 1516/1874/2282 1517/1877/2285
f 1506/1878/2286 1602/1879/2287 1507/1880/2288
f 1510/1881/2289 1511/1882/2290 1606/1883/2291
f 1511/1882/2290 1518/1884/2292 1627/1885/2293
f 1518/1884/2292 1625/1886/2294 1627/1885/2293
f 1604/1887/2295 1612/1888/2296 1615/1889/2297
f 1604/1887/2295 1606/1883/2291 1609/1890/2298
f 1604/1887/2295 1609/1890/2298 1612/1888/2296
f 1606/1883/2291 1627/1885/2293 1609/1890/2298
f 1609/1890/2298 1627/1885/2293 1635/1891/2299
f 1609/1890/2298 1635/1891/2299 1612/1888/2296
f 1627/1885/2293 1636/1892/2300 1635/1891/2299
f 1625/1886/2294 1636/1892/2301 1627/1885/2293
f 1519/1893/2302 1626/1894/2303 1625/1886/2294
f 1507/1880/2288 1602/1879/2287 1601/1895/2304
f 1602/1879/2287 1605/1896/2305 1610/1897/2306
f 1605/1896/2305 1614/1898/2307 1610/1897/2306
f 1608/1899/2308 1611/1900/2309 1614/1898/2310
f 1605/1896/2305 1608/1899/2311 1614/1898/2307
f 1607/1901/2312 1611/1900/2312 1608/1899/2312
f 1604/1887/2295 1613/1902/2313 1607/1901/2314
f 1605/1896/2315 1606/1883/2291 1607/1901/2314
f 1625/1886/2294 1626/1894/2303 1636/1892/2301
f 1519/1893/2302 1628/1903/2316 1626/1894/2303
f 1503/1904/2317 1504/1905/2318 1505/1906/2319
f 1534/1907/2320 1603/1908/2321 1536/1909/2322
f 1505/1906/2319 1601/1895/2304 1603/1908/2321
f 1504/1905/2318 1507/1880/2288 1601/1895/2304
f 1601/1895/2304 1602/1879/2287 1610/1897/2306
f 1506/1878/2286 1508/1910/2323 1602/1879/2287
f 1511/1882/2290 1627/1885/2293 1606/1883/2291
f 1604/1887/2295 1607/1901/2314 1606/1883/2291
f 1508/1910/2323 1605/1896/2305 1602/1879/2287
f 1601/1895/2304 1610/1897/2306 1603/1908/2321
f 1504/1905/2318 1601/1895/2304 1505/1906/2319
f 1658/1911/2324 1670/1912/2325 1668/1913/2326
f 1658/1911/2324 1661/1914/2327 1670/1912/2325
f 1642/1915/2328 1650/1916/2329 1653/1917/2330
f 1653/1917/2330 1663/1918/2331 1656/1919/2332
f 1650/1916/2329 1663/1918/2331 1653/1917/2330
f 1642/1915/2328 1657/1920/2333 1650/1916/2329
f 1657/1920/2333 1658/1911/2324 1668/1913/2326
f 1616/1921/2334 1618/1922/2335 1642/1915/2328
f 1637/1923/2336 1658/1911/2324 1657/1920/2333
f 1637/1923/2336 1659/1924/2337 1658/1911/2324
f 1634/1925/2338 1637/1923/2336 1636/1892/2300
f 1634/1925/2339 1659/1924/2337 1637/1923/2336
f 1658/1911/2324 1659/1924/2337 1661/1914/2327
f 1622/1926/2340 1623/1927/2341 1645/1928/2342
f 1620/1929/2343 1623/1927/2343 1622/1926/2343
f 1644/1930/2344 1651/1931/2345 1647/1932/2346
f 1644/1930/2344 1647/1932/2347 1646/1933/2348
f 1611/1900/2309 1646/1933/2349 1623/1927/2350
f 1643/1934/2351 1644/1930/2344 1646/1933/2348
f 1611/1900/2352 1643/1934/2351 1646/1933/2348
f 1611/1900/2352 1617/1935/2353 1643/1934/2351
f 1644/1930/2344 1654/1936/2354 1651/1931/2345
f 1651/1931/2345 1654/1936/2354 1652/1937/2355
f 1643/1934/2351 1648/1938/2356 1644/1930/2344
f 1652/1937/2357 1654/1936/2354 1690/1939/2358
f 1644/1930/2344 1648/1938/2356 1654/1936/2354
f 1617/1935/2359 1648/1938/2356 1643/1934/2351
f 1613/1902/2313 1648/1938/2356 1617/1935/2359
f 1655/1940/2360 1691/1941/2361 1690/1939/2358
f 1648/1938/2356 1649/1942/2362 1654/1936/2354
f 1654/1936/2354 1655/1940/2360 1690/1939/2358
f 1649/1942/2362 1655/1940/2360 1654/1936/2354
f 1655/1940/2360 1656/1919/2332 1691/1941/2361
f 1649/1942/2362 1653/1917/2330 1655/1940/2360
f 1693/1943/2363 1703/1944/2364 1702/1945/2365
f 1692/1946/2366 1693/1943/2363 1702/1945/2365
f 1616/1921/2334 1642/1915/2328 1648/1938/2356
f 1637/1923/2336 1657/1920/2333 1642/1915/2328
f 1618/1922/2335 1637/1923/2336 1642/1915/2328
f 1623/1927/2350 1646/1933/2349 1645/1928/2367
f 1613/1902/2313 1616/1921/2334 1648/1938/2356
f 1653/1917/2330 1656/1919/2332 1655/1940/2360
f 1656/1919/2332 1692/1946/2366 1691/1941/2361
f 1521/1947/2368 2082/1948/2369 1629/1949/2370
f 1520/1950/2371 2076/1951/2372 1521/1947/2368
f 1521/1947/2368 2076/1951/2372 2082/1948/2369
f 1664/1952/2373 1675/1953/2374 1669/1954/2375
f 1661/1914/2327 1664/1952/2373 1669/1954/2375
f 1660/1955/2376 1664/1952/2373 1661/1914/2327
f 1640/1956/2377 1662/1957/2378 1660/1955/2376
f 1631/1958/2379 1641/1959/2380 1638/1960/2381
f 1630/1961/2382 1631/1958/2379 1638/1960/2381
f 1629/1949/2370 2082/1948/2369 1630/1961/2382
f 1630/1961/2382 2082/1948/2369 2220/1962/2383
f 1630/1961/2382 2220/1962/2383 1631/1958/2379
f 2220/1962/2383 2221/1963/2384 2230/1964/2385
f 2220/1962/2383 2230/1964/2385 2233/1965/2386
f 2230/1964/2385 2234/1966/2387 2233/1965/2386
f 1662/1957/2378 1665/1967/2388 1664/1952/2373
f 1662/1957/2378 2261/1968/2389 1665/1967/2388
f 1667/1969/2390 2261/1968/2391 2271/1970/2392
f 1662/1957/2378 2233/1965/2386 2261/1968/2389
f 2233/1965/2386 2234/1966/2387 2261/1968/2389
f 2234/1966/2387 2271/1970/2393 2261/1968/2389
f 1664/1952/2373 1666/1971/2394 1675/1953/2374
f 1675/1953/2374 1676/1972/2395 1715/1973/2396
f 1666/1971/2394 1676/1972/2397 1675/1953/2374
f 1664/1952/2373 1665/1967/2388 1666/1971/2394
f 1666/1971/2398 2261/1968/2391 1667/1969/2390
f 1514/1974/2399 1520/1950/2371 1516/1874/2282
f 1514/1974/2399 1515/1975/2400 1520/1950/2371
f 1631/1958/2379 1639/1976/2401 1641/1959/2380
f 1631/1958/2379 2220/1962/2383 1639/1976/2401
f 2221/1963/2384 2234/1966/2387 2230/1964/2385
f 1660/1955/2376 1662/1957/2378 1664/1952/2373
f 1640/1956/2377 1641/1959/2380 1662/1957/2378
f 1639/1976/2401 2220/1962/2383 2233/1965/2386
f 1665/1967/2388 2261/1968/2389 1666/1971/2394
f 2235/1977/2402 2259/1978/2403 2260/1979/2404
f 2231/1980/2405 2259/1978/2405 2235/1977/2405
f 2257/1981/2406 2258/1982/2407 2259/1978/2408
f 2231/1980/2409 2257/1981/2406 2259/1978/2408
f 2231/1980/2409 2235/1977/2410 2240/960/1180
f 2231/1980/2409 2240/960/1180 2257/1981/2406
f 2257/1981/2406 2266/1983/2411 2264/1984/2412
f 2257/1981/2406 2264/1984/2412 2258/1982/2407
f 2264/1984/2412 2277/1985/2413 2273/1986/2414
f 2264/1984/2412 2266/1983/2415 2277/1985/2413
f 2277/1985/2413 2278/963/1184 2280/1987/2416
f 2310/1988/2417 2313/1989/2418 2315/1990/2419
f 2310/1988/2417 2317/1991/2420 2313/1989/2418
f 2279/1992/2421 2303/1993/2422 2280/1987/2416
f 2279/1992/2421 2307/1994/2423 2303/1993/2422
f 2262/1995/2424 2270/1996/2425 2269/1997/2426
f 2259/1978/2403 2262/1995/2427 2263/1998/2428
f 2259/1978/2408 2270/1996/2425 2262/1995/2424
f 2259/1978/2403 2263/1998/2428 2260/1979/2404
f 2258/1982/2407 2270/1996/2425 2259/1978/2408
f 2258/1982/2407 2264/1984/2412 2270/1996/2425
f 2273/1986/2414 2276/1999/2429 2275/2000/2430
f 2264/1984/2412 2273/1986/2414 2275/2000/2430
f 1679/2001/2431 2302/2002/2432 1719/2003/2433
f 1679/2001/2431 2276/1999/2429 2302/2002/2432
f 2302/2002/2432 2304/2004/2434 2305/2005/2435
f 2276/1999/2429 2304/2004/2434 2302/2002/2432
f 2276/1999/2429 2303/1993/2422 2304/2004/2434
f 2276/1999/2429 2280/1987/2416 2303/1993/2422
f 2303/1993/2422 2306/2006/2436 2304/2004/2434
f 1719/2003/2433 2302/2002/2432 2305/2005/2435
f 2304/2004/2434 2314/2007/2437 2305/2005/2435
f 2306/2006/2436 2310/1988/2417 2315/1990/2419
f 2312/1014/1240 2641/2008/2438 2313/1989/2418
f 2313/1989/2418 2666/2009/2439 2315/1990/2419
f 2273/1986/2414 2277/1985/2413 2280/1987/2416
f 2278/963/1184 2279/1992/2421 2280/1987/2416
f 2264/1984/2412 2275/2000/2430 2270/1996/2425
f 1679/2001/2431 2275/2000/2430 2276/1999/2429
f 1679/2001/2431 2274/2010/2440 2275/2000/2430
f 2273/1986/2414 2280/1987/2416 2276/1999/2429
f 1694/2011/2441 1713/2012/2442 1695/2013/2443
f 1694/2011/2441 1710/2014/2444 1713/2012/2442
f 1709/2015/2445 1713/2012/2442 1710/2014/2444
f 1709/2015/2446 1711/2016/2447 1713/2012/2448
f 1673/2017/2449 1711/2016/2447 1709/2015/2446
f 1673/2017/2449 1712/2018/2450 1711/2016/2447
f 1673/2017/2449 1714/2019/2451 1712/2018/2450
f 1712/2018/2450 1714/2019/2451 1715/1973/2396
f 1704/2020/2452 1713/2012/2448 1723/2021/2453
f 1711/2016/2447 1723/2021/2453 1713/2012/2448
f 1723/2021/2453 1727/2022/2454 1724/2023/2455
f 1711/2016/2447 1727/2022/2454 1723/2021/2453
f 1711/2016/2447 1712/2018/2450 1727/2022/2454
f 1724/2023/2455 1727/2022/2454 1725/2024/2456
f 1712/2018/2450 1728/2025/2457 1727/2022/2454
f 1725/2024/2456 1727/2022/2454 1728/2025/2457
f 1725/2026/2458 1728/2027/2459 1726/2028/2460
f 1726/2028/2460 1728/2027/2459 1729/2029/2461
f 1718/2030/2462 1729/2031/2462 1728/2025/2462
f 1715/1973/2463 1718/2030/2464 1728/2025/2465
f 1726/2028/2460 1729/2029/2466 1730/2032/2467
f 1721/2033/2468 2024/2034/2469 1723/2035/2453
f 1721/2033/2468 1723/2035/2453 1724/2036/2455
f 1720/2037/2470 1721/2033/2468 1724/2036/2471
f 1720/2037/2470 2007/2038/2472 1721/2033/2468
f 1720/2037/2473 1722/2039/2474 2007/2038/2475
f 1720/2037/2473 1725/2026/2476 1722/2039/2474
f 1720/2037/2470 1724/2036/2471 1725/2026/2477
f 2010/2040/2478 2036/2041/2479 2038/2042/2480
f 2010/2040/2478 2038/2042/2480 2039/2043/2481
f 1722/2039/2482 2037/2044/2483 2036/2041/2479
f 2036/2041/2479 2037/2044/2483 2038/2042/2480
f 1722/2039/2482 1725/2026/2458 2037/2044/2483
f 1725/2026/2458 1726/2028/2460 2037/2044/2483
f 2037/2044/2483 2042/2045/2484 2038/2042/2480
f 2038/2042/2480 2041/2046/2485 2039/2043/2481
f 1726/2028/2460 2042/2045/2484 2037/2044/2483
f 2038/2042/2480 2042/2045/2486 2041/2046/2485
f 1726/2028/2460 1730/2032/2467 2042/2045/2484
f 1732/2047/2487 2041/2046/2485 2042/2045/2486
f 2009/2048/2488 2036/2041/2479 2010/2040/2478
f 2018/2049/2489 2039/2043/2481 2019/2050/2490
f 1695/2013/2443 1704/2020/2452 1707/2051/2491
f 1671/2052/2492 1714/2019/2451 1673/2017/2449
f 1695/2013/2443 1713/2012/2442 1704/2020/2452
f 1712/2018/2450 1715/1973/2396 1728/2025/2457
f 1704/2020/2452 1723/2021/2453 1706/2053/2493
f 1716/2054/2494 1729/2031/2494 1718/2030/2494
f 1730/2055/2467 1731/2056/2495 1732/2057/2487
f 1730/2032/2467 1732/2047/2487 2042/2045/2486
f 1722/2039/2482 2036/2041/2479 2009/2048/2488
f 2010/2040/2478 2039/2043/2481 2018/2049/2489
f 1844/2058/2496 1857/2059/2497 1846/2060/2498
f 1846/2060/2498 1859/2061/2499 1858/2062/2500
f 1858/2062/2500 2485/2063/2501 2480/2064/2502
f 1861/2065/2503 2013/2066/2504 2650/2067/2505
f 1858/2062/2500 1861/2065/2503 2650/2067/2505
f 1858/2062/2500 2650/2067/2505 2485/2063/2501
f 2016/2068/2506 2023/2069/2507 2021/2070/2508
f 2019/2050/2490 2041/2046/2485 2040/2071/2509
f 2019/2050/2490 2040/2071/2509 2021/2070/2508
f 2016/2068/2506 2021/2070/2508 2022/2072/2510
f 2021/2070/2508 2040/2071/2509 2022/2072/2510
f 1857/2059/2497 1895/2073/2511 1859/2061/2499
f 1859/2061/2499 1895/2073/2511 1860/2074/2512
f 1859/2061/2499 1860/2074/2512 1861/2065/2503
f 1860/2074/2512 2014/2075/2513 1861/2065/2503
f 2014/2075/2513 2023/2069/2507 2016/2068/2506
f 1861/2065/2503 2014/2075/2513 2016/2068/2506
f 2666/2076/2439 2668/2077/2514 2667/2078/2515
f 2485/2063/2501 2650/2067/2505 2637/2079/2516
f 2637/2079/2516 2650/2067/2505 2642/2080/2517
f 2637/2079/2516 2642/2080/2517 2641/2081/2438
f 2040/2071/2509 2667/2078/2515 2668/2077/2514
f 2022/2072/2510 2040/2071/2509 2668/2077/2514
f 2013/2066/2504 2668/2077/2514 2642/2080/2517
f 1846/2060/2498 1857/2059/2497 1859/2061/2499
f 1858/2062/2500 1859/2061/2499 1861/2065/2503
f 1861/2065/2503 2016/2068/2506 2013/2066/2504
f 2013/2066/2504 2642/2080/2517 2650/2067/2505
f 2642/2080/2517 2668/2077/2514 2666/2076/2439
f 636/2082/2518 638/2083/2519 651/2084/2520
f 636/2082/2518 651/2084/2520 637/2085/2521
f 637/2085/2521 667/2086/2522 643/2087/2523
f 623/266/313 659/2088/2524 662/2089/2525
f 668/2090/2526 1877/2091/2527 1878/2092/2528
f 665/2093/2529 667/2086/2522 668/2090/2526
f 664/2094/2530 667/2086/2522 665/2093/2529
f 658/2095/2531 664/2094/2530 663/2096/2532
f 665/2093/2529 668/2090/2526 1876/2097/2533
f 658/2095/2531 662/2089/2525 659/2088/2524
f 658/2095/2531 663/2096/2532 662/2089/2525
f 663/2096/2532 664/2094/2530 665/2093/2529
f 663/2096/2532 665/2093/2529 1876/2097/2533
f 1877/2091/2534 1881/2098/2535 1880/2099/2536
f 1877/2091/2534 1880/2099/2536 1879/2100/2537
f 1877/2091/2527 1879/2100/2537 1878/2092/2528
f 1876/2097/2533 1878/2092/2528 1882/2101/2538
f 1878/2092/2528 1879/2100/2537 1882/2101/2538
f 663/2096/2532 1876/2097/2533 1840/2102/2539
f 1840/2102/2539 1876/2097/2533 1882/2101/2538
f 656/2103/2540 1874/2104/2541 1877/2091/2534
f 1880/2099/2536 1881/2098/2535 1894/2105/2542
f 1880/2099/2536 1894/2105/2542 1892/2106/2543
f 1892/2106/2543 1894/2105/2542 1896/2107/2544
f 1879/2100/2537 1880/2099/2536 1892/2106/2543
f 1892/2106/2543 1896/2107/2544 1895/2073/2511
f 1895/2073/2511 1896/2107/2544 1899/2108/2545
f 668/2090/2526 1878/2092/2528 1876/2097/2533
f 651/2084/2520 656/2103/2546 668/2090/2526
f 655/2109/2547 1874/2104/2541 656/2103/2540
f 1874/2104/2541 1881/2098/2535 1877/2091/2534
f 656/2103/2546 1877/2091/2527 668/2090/2526
f 1851/2110/2548 1990/2111/2549 1991/2112/2550
f 1853/2113/2551 1998/2114/2552 1854/2115/2553
f 1851/2110/2554 1991/2112/2555 1853/2113/2551
f 1853/2113/2551 1991/2112/2555 1998/2114/2552
f 1891/2116/2556 2011/2117/2557 2044/2118/2558
f 1855/2119/2559 1998/2114/2552 1891/2116/2560
f 1891/2116/2560 1998/2114/2552 2011/2117/2561
f 1888/2120/2562 1891/2116/2556 1897/2121/2563
f 1891/2116/2556 2044/2118/2558 1897/2121/2563
f 1897/2121/2563 2044/2118/2558 2046/2122/2564
f 1897/2121/2563 2046/2122/2564 1898/2123/2565
f 1994/2124/2566 2025/2125/2567 2024/2034/2469
f 1990/2111/2568 1992/2126/2569 2008/2127/2570
f 1990/2111/2549 2008/2127/2571 1991/2112/2550
f 1992/2126/2572 1993/2128/2573 2008/2127/2574
f 1991/2112/2555 2006/2129/2575 1998/2114/2552
f 1852/2130/2576 2000/2131/2577 1999/2132/2578
f 2000/2131/2577 2005/2133/2579 2004/2134/2580
f 1999/2132/2578 2000/2131/2577 2004/2134/2580
f 1994/2124/2566 2004/2134/2580 2005/2133/2579
f 1852/2130/2576 1999/2132/2578 1992/2126/2572
f 1993/2128/2573 1999/2132/2578 2004/2134/2580
f 1993/2128/2573 2004/2134/2580 1994/2124/2566
f 1992/2126/2572 1999/2132/2578 1993/2128/2573
f 1998/2114/2552 2009/2048/2488 2011/2117/2561
f 2011/2117/2557 2046/2122/2564 2044/2118/2558
f 2011/2117/2557 2017/2135/2581 2046/2122/2564
f 2012/2136/2582 2046/2122/2564 2017/2135/2581
f 2012/2136/2582 2047/2137/2583 2046/2122/2564
f 2009/2048/2488 2017/2135/2584 2011/2117/2561
f 1854/2115/2553 1998/2114/2552 1855/2119/2559
f 1852/2130/2585 1992/2126/2569 1990/2111/2568
f 1998/2114/2552 2006/2129/2575 2009/2048/2488
f 2012/2136/2582 2017/2135/2581 2018/2049/2489
f 1862/2138/2586 1866/2139/2587 1865/2140/2588
f 1862/2138/2589 1865/2140/2590 1863/2141/2591
f 1865/2140/2588 1866/2139/2587 1868/2142/2592
f 1863/2141/2591 1865/2140/2590 1867/2143/2593
f 653/2144/2594 1864/2145/2595 1871/2146/2596
f 653/2144/2594 1871/2146/2597 654/2147/2598
f 652/2148/2599 653/2144/2594 654/2147/2598
f 1864/2145/2595 1867/2143/2593 1869/2149/2600
f 654/2147/2598 1871/2146/2597 1872/2150/2601
f 1864/2145/2595 1875/2151/2602 1871/2146/2596
f 1864/2145/2595 1869/2149/2600 1875/2151/2602
f 1872/2150/2601 1875/2151/2603 1873/2152/2604
f 1847/2153/2605 1885/2154/2606 1850/2155/2607
f 1847/2153/2605 1850/2155/2607 1995/2156/2608
f 1847/2153/2605 1995/2156/2608 1849/2157/2609
f 1866/2139/2587 1883/2158/2610 1868/2142/2592
f 1868/2142/2592 1883/2158/2610 1885/2154/2606
f 1839/2159/2611 1865/2140/2588 1868/2142/2592
f 1847/2153/2605 1848/2160/2612 1868/2142/2592
f 1839/2159/2611 1868/2142/2592 1848/2160/2612
f 1847/2153/2605 1849/2157/2609 1848/2160/2612
f 1839/2159/2613 1886/2161/2614 1867/2143/2593
f 1867/2143/2593 1886/2161/2614 1869/2149/2600
f 1839/2159/2613 1848/2160/2615 1886/2161/2614
f 1869/2149/2600 1886/2161/2614 1887/2162/2616
f 1869/2149/2600 1887/2162/2616 1889/2163/2617
f 1848/2160/2615 1854/2115/2553 1886/2161/2614
f 1854/2115/2553 1887/2162/2616 1886/2161/2614
f 1873/2152/2604 1875/2151/2603 1889/2163/2617
f 1870/2164/2618 1873/2152/2604 1889/2163/2617
f 1839/2159/2613 1867/2143/2593 1865/2140/2590
f 1863/2141/2591 1867/2143/2593 1864/2145/2595
f 1871/2146/2597 1875/2151/2603 1872/2150/2601
f 1847/2153/2605 1868/2142/2592 1885/2154/2606
f 1869/2149/2600 1889/2163/2617 1875/2151/2602
f 1388/1503/1826 1533/2165/2619 1530/2166/2620
f 1391/2167/2621 1392/2168/2622 1533/2165/2619
f 1530/2166/2620 1532/2169/2623 1531/1507/1831
f 1530/2166/2620 1533/2165/2619 1532/2169/2623
f 1532/2169/2623 1533/2165/2619 1534/1907/2320
f 1531/1507/1831 1532/2169/2623 1537/2170/2624
f 1532/2169/2623 1538/2171/2625 1537/2170/2624
f 1538/2171/2625 1539/2172/2626 1541/2173/2627
f 1535/2174/2628 1539/2172/2626 1538/2171/2625
f 1532/2169/2623 1535/2174/2628 1538/2171/2625
f 1532/2169/2623 1534/1907/2320 1535/2174/2628
f 1539/2172/2626 1542/2175/2629 1541/2173/2627
f 1541/2173/2627 1542/2175/2629 1584/2176/2630
f 1542/2175/2629 1543/2177/2631 1584/2176/2630
f 1535/2174/2628 1540/2178/2632 1539/2172/2626
f 1539/2172/2626 1540/2178/2632 1542/2175/2629
f 1540/2178/2632 1543/2177/2631 1542/2175/2629
f 1540/2178/2632 1621/2179/2633 1543/2177/2631
f 1571/2180/2634 1578/2181/2635 1580/2182/2636
f 1578/2181/2635 1579/2183/2637 1580/2182/2636
f 1541/2173/2627 1579/2183/2637 1578/2181/2635
f 1579/2183/2637 1581/2184/2638 1582/2185/2639
f 1541/2173/2627 1581/2184/2638 1579/2183/2637
f 1543/2177/2631 1583/2186/2640 1586/2187/2641
f 1583/2186/2640 1587/2188/2642 1586/2187/2641
f 1583/2186/2640 1680/2189/2643 1587/2188/2642
f 1543/2177/2631 1586/2187/2641 1584/2176/2630
f 1538/2171/2625 1541/2173/2627 1578/2181/2635
f 1541/2173/2627 1584/2176/2630 1581/2184/2638
f 1585/2190/2644 1589/2191/2645 1588/2192/2646
f 1582/2185/2639 1585/2190/2644 1588/2192/2646
f 1589/2191/2645 1593/2193/2647 1592/2194/2648
f 1592/2194/2649 1596/2195/2650 1595/2196/2651
f 1595/2196/2652 1597/2197/2653 1599/2198/2654
f 1595/2196/2652 1596/2195/2655 1597/2197/2653
f 1592/2194/2656 1593/2193/2657 1596/2195/2655
f 1593/2193/2657 1683/2199/2658 1596/2195/2655
f 1597/2197/2653 1600/2200/2659 1599/2198/2654
f 1597/2197/2653 1598/2201/2660 1600/2200/2659
f 1596/2195/2655 1598/2201/2660 1597/2197/2653
f 1596/2195/2655 1686/2202/2661 1598/2201/2660
f 1598/2201/2662 1686/2202/2663 1687/2203/2664
f 1954/2204/2665 1955/2205/2666 1956/2206/2667
f 1956/2206/2667 1958/2207/2668 1962/2208/2669
f 1955/2205/2670 1958/2207/2668 1956/2206/2667
f 1595/2196/2671 1599/2198/2671 1955/2205/2671
f 1923/2209/2672 1930/2210/2673 1925/1774/2147
f 1925/1774/2147 1930/2210/2673 1932/2211/2674
f 1928/1775/2675 1932/2211/2675 1929/2212/2675
f 1929/2212/2676 1932/2211/2674 1931/2213/2677
f 1930/2210/2673 1931/2213/2677 1932/2211/2674
f 1930/2210/2673 1953/2214/2678 1931/2213/2677
f 1929/2212/2150 1931/2213/2679 1933/2215/2680
f 1577/2216/2681 1580/2182/2636 1588/2192/2646
f 1957/2217/2682 1969/2218/2683 1967/2219/2684
f 1957/2217/2682 1966/2220/2685 1969/2218/2683
f 1979/2221/2686 1989/2222/2687 1980/2223/2688
f 1979/2221/2686 1980/2223/2688 1988/2224/2689
f 1985/2225/2690 1986/2226/2691 1988/2227/2689
f 1978/2228/2692 1979/2221/2686 1988/2224/2689
f 1978/2228/2693 1988/2224/2694 1981/2229/2695
f 1984/2230/2696 1987/2231/2697 1988/2227/2698
f 1981/2229/2695 1988/2224/2694 1987/2232/2699
f 1977/2233/2700 1981/2229/2695 2043/2234/2701
f 1981/2229/2695 1987/2232/2699 2043/2234/2701
f 1987/2232/2699 2045/2235/2702 2043/2234/2701
f 1966/2220/2703 1970/2236/2704 1986/2226/2691
f 1970/2236/2704 1984/2230/2705 1986/2226/2691
f 1984/2230/2705 1988/2227/2689 1986/2226/2691
f 1935/2237/2706 1984/2230/2705 1970/2236/2704
f 1822/2238/2707 1827/2239/2708 1829/1692/2053
f 1828/2240/2709 1838/2241/2710 1835/2242/2711
f 1836/2243/2712 1978/2228/2692 1838/2241/2710
f 1836/2243/2712 1979/2221/2686 1978/2228/2692
f 1838/2241/2713 1978/2228/2713 1981/2229/2713
f 1838/2241/2714 1981/2229/2695 1977/2233/2700
f 1835/2242/2711 1838/2241/2710 1977/2233/2700
f 1822/2238/2707 1835/2242/2711 1890/2244/2715
f 1835/2242/2711 1977/2233/2700 1890/2244/2715
f 1890/2244/2715 1977/2233/2700 2043/2234/2701
f 1822/2238/2707 1829/1692/2053 1828/2240/2709
f 1832/2245/2716 1989/2222/2687 1837/2246/2717
f 1837/2246/2717 1989/2222/2687 1979/2221/2686
f 1836/2243/2712 1837/2246/2717 1979/2221/2686
f 1836/2243/2712 1838/2241/2710 1837/2246/2717
f 1933/2247/2680 1965/2248/2718 1983/2249/2719
f 1980/2223/2688 1983/2249/2720 1985/2250/2690
f 1965/2251/2721 1967/2219/2684 1969/2218/2683
f 1965/2251/2721 1969/2218/2683 1985/2225/2690
f 1969/2218/2683 1986/2226/2691 1985/2225/2690
f 1975/2252/2722 1982/2253/2723 1983/2249/2720
f 1975/2252/2722 1980/2223/2688 1976/2254/2724
f 1976/2254/2724 1980/2223/2688 1989/2222/2687
f 1980/2223/2688 1985/2250/2690 1988/2224/2689
f 1822/2238/2707 1828/2240/2709 1835/2242/2711
f 1966/2220/2685 1986/2226/2691 1969/2218/2683
f 1975/2252/2722 1983/2249/2720 1980/2223/2688
f 1687/2203/2664 1688/2255/2725 1698/2256/2726
f 1688/2255/2725 1689/2257/2727 1698/2256/2726
f 1697/2258/2728 1705/2259/2729 1701/2260/2730
f 1701/2260/2730 1705/2259/2729 1708/2261/2731
f 2026/2262/2732 2030/2263/2733 2032/2264/2734
f 2029/2265/2735 2035/2266/2736 2034/2267/2737
f 2029/2265/2735 2030/2263/2733 2035/2266/2736
f 1707/2051/2491 2031/2268/2738 1708/2261/2731
f 1687/2203/2664 1698/2256/2726 1696/2269/2739
f 2003/2270/2740 2035/2266/2736 2033/2271/2741
f 1997/2272/2742 2001/2273/2743 2003/2274/2740
f 1997/2272/2742 2003/2274/2740 2026/2275/2732
f 2002/2276/2744 2034/2267/2737 2035/2266/2736
f 1707/2051/2491 2032/2264/2734 2031/2268/2738
f 2001/2273/2743 2045/2235/2702 2002/2277/2744
f 2001/2273/2743 2002/2277/2744 2003/2274/2740
f 2002/2276/2744 2035/2266/2736 2003/2270/2740
f 877/134/159 886/4/4 879/2278/2745
f 877/134/159 888/8/8 886/4/4
f 714/108/125 887/7/7 888/8/8
f 716/2279/2746 717/1/1 718/3/3
f 717/1/1 719/274/321 725/2/2
f 724/9/9 725/2/2 727/281/329
f 727/281/329 892/275/322 889/10/10
f 727/281/329 891/277/324 892/275/322
f 714/108/126 723/101/116 887/7/7
f 723/101/116 724/9/9 887/7/7
f 909/73/83 910/14/14 915/36/41
f 910/14/14 2060/16/16 915/36/41
f 885/17/17 910/14/14 909/73/83
f 879/2278/2747 886/4/20 885/17/17
f 896/20/22 899/13/23 901/2280/2748
f 896/20/22 901/2280/2749 900/21/24
f 922/27/2750 928/2281/2751 926/25/28
f 918/22/25 923/299/349 922/27/30
f 2052/37/42 2060/16/16 2061/28/33
f 2061/28/33 2063/2282/2752 2069/43/49
f 2061/28/33 2062/30/35 2063/2282/2752
f 2067/2283/2753 2068/2284/2754 2069/43/49
f 2067/2283/2753 2089/2285/2755 2068/2284/2756
f 2062/30/35 2067/2283/2753 2063/2282/2752
f 2062/30/35 2064/29/34 2067/2283/2753
f 926/25/28 928/2281/2751 2064/29/34
f 724/9/9 727/281/329 889/10/10
f 889/10/10 892/275/322 894/12/12
f 722/11/11 724/9/9 723/101/116
f 894/12/12 901/2280/2749 899/13/13
f 2063/2282/2752 2067/2283/2753 2069/43/49
f 907/31/36 909/73/83 915/36/41
f 915/36/41 2060/16/16 2050/34/39
f 2050/34/39 2060/16/16 2052/37/42
f 2052/37/42 2061/28/33 2066/41/46
f 2225/59/69 2226/61/71 2229/67/77
f 2086/58/68 2226/61/71 2225/59/69
f 1494/63/73 2049/47/53 2053/49/55
f 1494/63/73 2075/50/56 2076/1951/2372
f 2081/53/59 2221/1963/2384 2082/1948/2369
f 2081/53/59 2222/65/75 2221/1963/2384
f 2222/65/75 2223/64/74 2224/2286/2757
f 2223/64/74 2227/66/76 2224/2286/2757
f 2227/66/2758 2229/67/1147 2236/961/1181
f 2224/2286/2757 2227/66/76 2237/2287/2759
f 2227/66/76 2236/961/1182 2237/2287/2759
f 2061/28/33 2069/43/49 2066/41/46
f 2075/50/56 2082/1948/2369 2076/1951/2372
f 2075/50/56 2081/53/59 2082/1948/2369
f 871/71/2760 876/2288/2760 874/2289/2760
f 874/2289/2761 876/2288/2761 878/2290/2761
f 874/2289/2762 878/2290/2763 884/74/2764
f 907/31/36 913/33/38 908/2291/2765
f 878/2290/2766 879/2278/2747 880/72/82
f 879/2278/2747 909/73/83 880/72/82
f 879/2278/2747 885/17/17 909/73/83
f 380/127/2767 384/81/2768 396/80/2769
f 380/127/2767 872/2292/2770 384/81/2768
f 384/81/2768 872/2292/2770 873/91/2771
f 871/71/2772 873/91/2771 872/2292/2770
f 378/2293/2773 394/76/2774 388/88/2775
f 378/2293/2773 383/128/2776 394/76/2774
f 383/128/2776 396/80/2769 394/76/2774
f 395/82/92 873/91/2777 397/85/96
f 397/85/97 873/91/106 883/69/79
f 387/75/85 391/86/101 389/2294/2778
f 391/86/101 412/87/102 407/1819/2213
f 387/75/85 389/2294/2778 388/88/103
f 1489/2295/2779 1494/63/73 1493/2296/2780
f 1487/2297/2781 2049/47/53 1489/2295/2779
f 1489/2295/2779 2049/47/53 1494/63/73
f 385/2298/2782 389/2294/2783 386/1832/2784
f 377/124/143 389/2294/2783 385/2298/2782
f 377/124/143 378/2293/2773 388/88/2775
f 871/71/81 884/74/2764 882/70/80
f 871/71/81 874/2289/2762 884/74/2764
f 877/134/159 879/2278/2745 878/2290/2785
f 878/2290/2766 880/72/82 884/74/84
f 384/81/91 873/91/2777 395/82/92
f 377/124/143 388/88/2775 389/2294/2783
f 703/95/110 705/94/109 704/93/108
f 670/136/161 706/96/111 703/95/110
f 674/138/163 715/140/165 707/99/114
f 707/99/114 715/140/165 722/11/11
f 674/138/163 707/99/114 706/96/111
f 380/127/2767 869/104/2786 872/2292/2770
f 869/104/2786 871/71/2772 872/2292/2770
f 869/104/2786 870/105/2787 871/71/2772
f 870/105/2787 876/2288/2788 871/71/2772
f 870/105/120 875/107/124 876/2288/2789
f 876/2288/2790 877/134/159 878/2290/2785
f 875/107/124 877/134/159 876/2288/2789
f 714/108/125 888/8/8 877/134/159
f 150/109/127 152/135/160 153/111/129
f 153/111/129 673/161/192 704/93/108
f 136/132/157 148/113/131 149/115/133
f 115/211/253 148/113/131 136/132/157
f 148/113/131 151/209/251 152/135/160
f 377/124/143 382/123/142 378/2293/2791
f 380/127/2767 396/80/2769 383/128/2776
f 147/130/155 157/120/138 347/1835/2234
f 145/129/2792 155/116/139 147/130/155
f 147/130/155 156/118/136 157/120/138
f 157/120/138 376/122/141 374/131/156
f 373/1839/2240 374/131/156 377/124/143
f 373/1839/2240 377/124/143 385/2298/2782
f 105/236/283 136/132/157 135/2299/2793
f 135/2299/2793 136/132/157 143/133/158
f 715/140/165 716/2279/2746 718/3/3
f 715/140/165 718/3/3 722/11/11
f 378/2293/2791 382/123/142 383/128/151
f 157/120/2794 374/131/2794 373/1839/2794
f 143/133/158 149/115/133 145/129/154
f 670/136/161 704/93/108 673/161/192
f 670/136/161 703/95/110 704/93/108
f 685/139/164 686/143/169 715/140/165
f 686/143/169 716/2279/2746 715/140/165
f 686/143/169 717/1/1 716/2279/2746
f 686/143/169 689/142/168 717/1/1
f 689/142/168 719/274/321 717/1/1
f 693/335/384 700/147/180 702/152/182
f 687/144/170 700/147/173 691/145/171
f 691/145/171 700/147/173 693/335/387
f 683/2300/2795 732/156/187 684/155/186
f 681/154/185 684/155/186 682/149/175
f 682/149/175 684/155/186 733/157/188
f 679/159/190 683/2300/2795 680/160/191
f 680/160/191 684/155/186 681/154/185
f 116/163/194 673/161/192 153/111/129
f 116/163/194 121/2301/2796 678/164/195
f 116/163/194 678/164/195 677/158/189
f 678/164/195 729/168/197 679/159/190
f 679/159/190 729/168/197 683/2300/2795
f 729/168/197 731/2302/207 732/156/187
f 683/2300/2795 729/168/197 732/156/187
f 731/178/207 739/179/208 732/165/187
f 732/165/187 739/179/208 740/166/196
f 680/160/191 683/2300/2795 684/155/186
f 116/163/194 152/135/160 117/208/250
f 116/163/194 153/111/129 152/135/160
f 119/214/256 122/2303/2797 120/2304/2798
f 121/2301/2796 179/2305/2799 728/2306/2800
f 116/163/194 120/2304/2798 121/2301/2796
f 121/2301/2796 728/2306/2800 678/164/195
f 122/2307/2801 129/226/269 179/2308/2802
f 129/226/269 186/224/267 180/180/209
f 129/226/269 180/180/209 179/2308/2802
f 180/180/209 186/224/267 187/189/218
f 180/180/209 187/189/218 181/181/210
f 179/2308/2802 180/180/209 730/182/211
f 678/164/195 728/2306/2800 729/168/197
f 729/168/197 734/170/199 731/2302/207
f 739/179/208 742/177/206 740/166/196
f 738/176/205 1064/383/438 742/177/206
f 738/176/205 1061/175/204 1064/383/438
f 179/2305/2799 730/169/198 728/2306/2800
f 1063/198/2803 1076/199/2803 1080/200/2803
f 1062/174/203 1063/198/239 1080/200/237
f 1077/197/232 1081/196/231 1083/201/2804
f 463/202/241 493/249/296 466/2309/2805
f 463/202/241 466/2309/2805 464/203/242
f 464/203/242 466/2309/2805 1078/204/247
f 466/2309/2805 493/249/296 1085/206/248
f 466/2309/2805 1085/206/248 1078/204/247
f 494/251/298 1094/455/532 1085/206/248
f 1078/204/247 1086/207/249 1079/205/525
f 120/2304/2798 179/2305/2799 121/2301/2796
f 116/163/194 117/208/250 119/214/256
f 116/163/194 119/214/256 120/2304/2798
f 120/2304/2798 122/2303/2797 179/2305/2799
f 728/2306/2800 730/169/198 729/168/197
f 117/208/250 152/135/160 151/209/251
f 115/211/253 151/209/251 148/113/131
f 124/221/252 125/220/264 129/226/2806
f 122/2307/2801 124/221/2807 129/226/269
f 186/224/267 188/227/270 187/189/218
f 187/189/218 188/227/270 196/190/219
f 188/227/270 194/186/220 196/190/219
f 178/233/275 192/2310/2808 185/234/276
f 185/234/276 192/2310/2808 195/187/240
f 188/227/280 189/235/279 194/186/2809
f 189/235/2810 195/187/216 194/186/215
f 192/2310/2808 463/202/241 195/187/240
f 105/241/283 133/1311/1579 112/230/273
f 105/236/283 135/2299/2793 133/1301/1579
f 102/1310/1587 112/230/273 133/1311/1579
f 106/1308/1586 163/1424/1726 108/240/287
f 108/240/287 163/1424/1726 164/237/284
f 106/1308/1586 108/240/287 112/230/273
f 170/238/285 174/2311/2811 171/239/286
f 115/211/253 136/132/157 126/212/254
f 119/214/256 124/210/252 122/2303/2797
f 192/2310/2808 193/2312/2812 462/248/295
f 192/2310/2808 462/248/295 463/202/241
f 102/1310/1587 106/1308/1586 112/230/273
f 163/1424/1726 170/238/285 164/237/284
f 493/249/296 494/251/298 1085/206/248
f 494/251/298 497/250/297 1094/455/532
f 497/250/297 1109/452/529 1094/455/532
f 625/265/312 666/2313/2813 645/255/302
f 645/255/302 666/2313/2813 661/476/2814
f 645/255/302 661/476/554 1171/457/534
f 612/259/306 613/2314/2815 614/261/308
f 613/2314/2815 619/262/309 614/261/308
f 615/260/307 620/263/310 616/252/299
f 620/263/310 624/264/311 645/255/302
f 619/262/309 622/2315/2816 623/266/313
f 619/262/309 623/266/313 624/264/311
f 626/270/317 1842/2316/2817 1843/267/314
f 626/270/317 1843/267/2818 1841/271/318
f 1842/2316/2817 1845/268/315 1843/267/314
f 1841/271/318 1843/267/2818 2468/501/582
f 1843/267/2818 2469/269/2819 2468/501/582
f 623/266/313 626/270/317 625/265/312
f 625/265/312 1841/271/318 666/2313/2813
f 1846/2060/2498 2477/502/2820 2469/269/316
f 498/253/300 642/256/303 1165/459/536
f 497/250/297 498/253/300 1165/459/536
f 616/252/299 620/263/310 645/255/302
f 666/2313/2813 1841/271/318 1192/482/560
f 689/142/168 690/272/319 719/274/321
f 721/2317/2821 727/281/329 725/2/2
f 719/274/321 721/2317/2821 725/2/2
f 721/2317/2821 726/279/327 727/281/329
f 719/274/321 720/273/320 721/2317/2821
f 721/2317/2821 794/284/332 726/279/327
f 720/273/320 794/284/332 721/2317/2821
f 799/290/341 805/600/715 804/292/342
f 803/293/343 804/292/342 932/2318/2822
f 900/21/24 901/2280/2749 902/297/347
f 903/296/2823 921/865/1067 904/298/2824
f 903/296/2823 942/2319/2825 921/865/1067
f 903/296/346 933/295/345 942/2319/2826
f 921/865/1067 942/2319/2825 968/868/1070
f 900/21/24 923/299/349 918/22/25
f 921/865/1067 928/2281/2751 922/27/2750
f 921/865/2827 922/27/2828 923/299/2829
f 921/865/2827 923/299/2829 924/301/2830
f 689/142/168 691/145/171 690/272/319
f 688/2320/2831 770/282/330 690/272/319
f 769/285/333 771/300/351 772/303/354
f 769/285/333 772/303/354 775/291/340
f 772/303/354 783/318/369 775/291/340
f 774/322/2832 799/290/2833 793/289/337
f 774/322/2832 793/289/337 775/291/340
f 774/322/2832 785/515/600 799/290/2833
f 894/12/12 902/297/347 901/2280/2749
f 894/12/12 895/276/323 902/297/347
f 803/293/343 932/2318/2822 931/294/344
f 904/298/2834 921/865/2834 924/301/2834
f 774/322/373 775/291/340 783/318/369
f 688/2320/2831 691/145/171 695/304/355
f 688/2320/2831 690/272/319 691/145/171
f 694/2321/2835 697/305/356 695/304/355
f 688/2320/2831 771/300/351 770/282/330
f 688/2320/2831 778/309/360 771/300/351
f 770/282/330 771/300/351 773/286/334
f 777/302/353 778/309/2836 779/328/379
f 771/300/351 778/309/360 777/302/353
f 696/306/357 832/310/361 699/307/358
f 1115/316/367 1124/663/800 1117/312/363
f 1117/312/363 1124/663/800 1134/665/802
f 844/313/364 848/314/365 849/315/366
f 844/332/364 849/2322/366 847/334/383
f 842/356/2837 1115/316/367 843/311/362
f 781/319/370 840/333/382 782/320/371
f 752/2323/2838 763/346/394 835/323/374
f 752/2323/2838 835/323/374 832/310/361
f 780/308/359 832/310/361 835/323/374
f 763/346/394 841/324/375 835/323/374
f 838/331/381 847/334/383 840/333/382
f 691/145/2839 694/2321/2839 695/304/2839
f 691/145/171 697/305/356 694/2321/2835
f 688/2320/2831 695/304/355 778/309/360
f 695/304/355 699/307/358 778/309/360
f 841/324/375 842/2324/2837 843/329/362
f 693/335/384 702/152/182 753/336/385
f 691/145/171 698/337/386 697/305/356
f 697/305/356 698/337/386 751/342/391
f 751/342/391 763/346/394 752/2323/2838
f 747/150/178 758/2325/423 748/2326/395
f 692/151/179 747/150/178 748/2326/395
f 692/151/179 748/2326/395 702/152/183
f 702/152/183 748/2326/395 754/350/397
f 702/152/2840 754/350/399 753/336/398
f 764/351/400 1071/362/414 767/360/413
f 762/372/426 1070/374/428 764/351/400
f 764/351/400 1070/374/428 1071/362/414
f 1125/355/2841 1126/354/2841 1128/2327/2841
f 1120/353/404 1125/355/406 1124/663/820
f 1116/358/409 1120/353/404 1124/663/820
f 842/356/407 1116/358/409 1115/316/2842
f 763/2328/394 845/357/408 842/356/407
f 763/346/394 842/2324/2837 841/324/375
f 757/344/392 845/357/408 763/2328/394
f 757/344/392 768/361/412 845/357/408
f 1071/362/414 1072/376/430 1102/363/415
f 1072/376/430 1130/2329/2843 1102/363/415
f 1102/363/415 1130/2329/2843 1122/365/418
f 696/306/2844 751/342/391 832/310/361
f 751/342/391 752/2323/2838 832/310/361
f 696/306/2844 697/305/356 751/342/391
f 748/347/395 759/370/424 749/348/396
f 749/348/396 759/370/424 764/351/400
f 1115/316/2842 1116/358/409 1124/663/820
f 733/157/188 758/2325/423 747/150/178
f 758/369/423 760/380/434 761/386/441
f 758/369/423 761/386/441 759/370/424
f 748/347/395 758/369/423 759/370/424
f 759/370/424 761/386/441 1067/371/425
f 759/370/424 762/372/426 764/351/400
f 1070/374/428 1072/376/430 1071/362/414
f 1074/375/429 1105/389/444 1106/390/445
f 1072/376/430 1074/375/429 1130/2329/2843
f 741/368/422 742/177/206 743/377/431
f 740/166/196 742/177/206 741/368/422
f 733/167/188 740/166/196 741/368/422
f 1061/175/204 1062/174/203 1082/381/435
f 1065/378/432 1087/382/437 1088/384/439
f 1066/385/440 1088/384/439 1073/388/443
f 1068/373/427 1069/387/442 1105/389/444
f 1068/373/427 1105/389/444 1074/375/429
f 1080/200/237 1083/201/238 1082/381/435
f 1062/174/203 1080/200/237 1082/381/435
f 742/177/206 1064/383/438 743/377/431
f 1074/375/429 1106/390/445 1132/392/447
f 1074/375/429 1132/392/2845 1130/2329/2843
f 1154/396/451 1274/691/840 1275/693/842
f 1073/388/443 1088/384/439 1103/400/455
f 1073/388/443 1104/399/454 1105/389/444
f 1103/400/455 1108/445/517 1111/398/453
f 1187/403/458 1284/1140/1374 1276/404/459
f 1154/396/451 1276/404/459 1274/691/840
f 1111/398/453 1178/2330/2846 1114/408/463
f 1111/398/453 1114/408/463 1112/401/456
f 1178/2330/2846 1180/405/460 1181/402/457
f 1114/408/463 1178/2330/2846 1181/402/457
f 1180/405/460 1207/407/462 1181/402/457
f 1187/403/458 1207/407/462 1215/1138/1372
f 1181/402/457 1207/407/462 1187/403/458
f 1207/407/462 1213/1135/1369 1215/1138/1372
f 1082/381/435 1097/409/464 1087/382/436
f 1097/409/464 1156/415/472 1098/410/465
f 1087/382/437 1089/411/467 1088/384/439
f 1089/411/467 1100/417/475 1103/400/455
f 1084/412/2847 1093/413/2847 1097/409/2847
f 1082/381/435 1083/201/238 1097/409/464
f 1097/409/471 1099/414/470 1155/419/2848
f 1100/417/475 1108/445/517 1103/400/455
f 1100/417/475 1177/418/476 1108/445/517
f 1158/427/2849 1173/464/541 1174/422/2850
f 1099/414/2851 1157/451/528 1155/419/491
f 1155/419/491 1157/451/528 1159/428/492
f 1111/398/453 1179/425/486 1178/2330/2846
f 1178/2330/2846 1179/425/486 1186/429/495
f 1178/2330/2846 1186/429/495 1180/405/460
f 1180/405/460 1186/429/495 1206/406/461
f 1164/436/502 1211/435/501 1205/434/500
f 1189/483/563 1203/431/508 1202/438/507
f 1183/423/483 1189/483/563 1202/438/507
f 1189/483/563 1208/440/509 1203/431/508
f 1210/441/511 2506/2331/2852 2504/442/512
f 2470/444/514 2504/442/512 2506/2331/2852
f 2470/444/514 2506/2331/2852 2473/1112/1343
f 1097/409/464 1155/419/477 1156/415/472
f 1157/451/528 1158/427/488 1159/428/490
f 1173/464/541 1176/470/547 1174/422/2850
f 1174/422/482 1189/483/563 1183/423/483
f 1206/406/461 1212/437/503 1207/407/462
f 1174/422/2850 1176/470/547 1189/483/563
f 1079/205/245 1090/446/519 1081/196/246
f 1081/196/246 1090/446/519 1092/448/521
f 1079/205/245 1091/447/520 1090/446/519
f 1081/196/231 1092/448/2853 1083/201/2804
f 1083/201/2804 1092/448/2853 1084/412/2854
f 1084/412/2855 1092/448/2855 1093/413/2855
f 1085/206/248 1094/455/532 1095/449/523
f 1085/206/248 1095/449/523 1086/207/249
f 1096/450/526 1158/427/488 1157/451/528
f 1096/450/2856 1168/461/2857 1158/427/2849
f 1093/413/527 1157/451/528 1099/414/2851
f 1176/470/547 1191/469/546 1189/483/563
f 1189/483/563 1199/472/549 1208/440/509
f 1199/472/549 1210/441/511 1208/440/509
f 497/250/297 1165/459/536 1109/452/529
f 1109/452/529 1165/459/536 1167/453/530
f 642/256/303 645/255/302 644/456/533
f 642/256/303 644/456/533 1170/458/535
f 644/456/533 645/255/302 1171/457/534
f 642/256/303 1170/458/535 1165/459/536
f 661/476/2814 666/2313/2813 1192/482/560
f 661/476/2814 1192/482/560 1193/477/562
f 1198/467/553 2497/484/564 2495/479/557
f 1201/468/545 2495/479/557 2496/480/558
f 1200/471/548 1201/468/545 2496/480/558
f 1192/482/560 2493/2332/2858 1195/478/561
f 1195/478/556 2494/492/574 1196/475/552
f 1158/427/2849 1168/461/2857 1173/464/541
f 1210/441/511 2505/481/559 2506/2331/2852
f 2505/481/559 2510/491/571 2506/2331/2852
f 2495/479/557 2509/489/569 2496/480/558
f 2505/481/559 2509/489/569 2510/491/571
f 1195/478/561 2493/2332/2858 2494/492/572
f 1196/475/552 2494/492/574 2497/484/564
f 2489/498/579 2651/1012/1237 2653/964/1185
f 2489/498/579 2640/497/578 2651/1012/1237
f 2640/497/578 2652/987/1206 2651/1012/1237
f 2515/495/576 2516/967/2859 2522/499/580
f 2513/488/568 2522/499/580 2518/500/581
f 2468/501/582 2469/269/2819 2477/502/583
f 1846/2060/2498 2480/2064/2502 2477/502/2820
f 2480/2064/2502 2485/2063/2501 2487/509/592
f 2480/2064/2502 2487/509/592 2482/504/591
f 2477/502/2820 2480/2064/2502 2482/504/591
f 2639/2333/594 2647/1011/589 2643/1010/1234
f 2487/509/592 2636/2334/2860 2638/508/590
f 2635/506/588 2638/508/590 2636/2334/2860
f 2486/510/593 2487/509/592 2638/508/590
f 2486/510/593 2638/508/590 2639/511/594
f 1192/482/560 1841/271/318 2468/501/582
f 776/514/639 796/545/641 797/512/714
f 847/334/383 849/2322/366 853/523/608
f 849/315/366 855/533/617 853/532/608
f 782/320/371 790/516/2861 784/321/372
f 782/320/371 840/333/382 790/516/2861
f 785/515/600 800/513/637 799/290/2833
f 774/322/2832 784/321/2862 785/515/600
f 785/515/600 786/517/602 800/513/637
f 784/321/2862 790/516/601 785/515/600
f 840/333/382 847/334/383 852/522/607
f 818/552/654 828/541/631 820/599/712
f 820/599/712 828/541/631 829/2335/2863
f 828/541/631 830/518/603 829/2335/2863
f 829/2335/2863 830/518/603 831/520/605
f 829/2335/2863 831/520/605 961/596/709
f 831/520/605 962/553/656 961/596/709
f 862/521/2864 963/660/792 962/553/656
f 962/553/656 963/660/792 966/601/716
f 830/518/603 858/542/633 859/531/2865
f 830/518/603 859/531/2865 861/519/604
f 856/529/614 857/526/611 864/530/615
f 790/516/2861 840/333/382 852/522/607
f 790/516/2861 852/522/607 850/525/610
f 790/516/2866 850/525/610 851/527/612
f 776/514/2867 788/547/2867 787/544/2867
f 787/544/640 810/554/2868 796/545/641
f 776/514/634 812/543/636 788/547/644
f 788/547/644 812/543/636 821/546/643
f 789/548/648 811/549/650 810/554/658
f 811/549/2869 823/539/652 817/550/651
f 823/539/652 826/540/629 824/551/653
f 817/550/651 824/551/653 818/552/654
f 847/334/383 853/523/608 852/522/607
f 824/551/653 826/540/629 828/541/631
f 797/512/714 805/600/715 799/290/341
f 804/292/342 805/600/715 932/2318/2822
f 805/600/715 808/573/681 932/2318/2822
f 808/573/681 935/574/682 932/2318/2822
f 933/295/345 940/582/691 943/579/692
f 931/294/344 940/582/691 933/295/345
f 931/294/344 932/2318/2822 940/582/691
f 932/2318/2870 934/583/2870 940/582/2870
f 947/557/661 949/556/660 954/571/678
f 949/556/660 955/560/664 954/571/678
f 815/555/659 816/2336/2871 949/556/660
f 816/2336/2872 819/2337/2873 949/556/2874
f 819/2337/2875 820/599/712 949/556/2876
f 820/599/712 951/562/713 949/556/2876
f 949/556/2876 951/562/713 950/558/2877
f 949/556/660 950/558/662 955/560/664
f 941/578/687 945/580/689 969/586/699
f 957/590/703 978/592/705 977/589/702
f 957/590/703 958/559/663 979/591/704
f 958/559/663 980/594/707 979/591/704
f 979/591/704 980/594/707 988/2338/2878
f 980/594/707 982/829/997 988/2338/2878
f 980/594/707 981/597/710 982/829/997
f 960/593/706 965/598/711 981/597/710
f 818/552/654 820/599/712 819/2337/2879
f 820/599/712 829/2335/2863 961/596/709
f 951/562/713 961/596/709 952/563/668
f 961/596/709 962/553/656 964/595/708
f 962/553/656 966/601/716 964/595/708
f 796/545/641 798/564/670 797/512/714
f 796/545/641 810/554/2868 798/564/670
f 798/564/670 810/554/2868 811/549/680
f 811/549/2869 817/550/651 815/555/2880
f 932/2318/2822 935/574/682 934/583/693
f 813/2339/2881 816/2336/2871 815/555/659
f 938/575/684 944/576/685 946/581/690
f 816/2336/2872 818/552/2882 819/2337/2873
f 813/2339/2883 818/552/2882 816/2336/2872
f 964/595/708 966/601/716 965/598/711
f 813/2339/2881 815/555/659 817/550/2884
f 813/2339/2885 817/550/2885 818/552/2885
f 965/598/711 967/603/718 991/2340/2886
f 965/598/711 991/2340/2886 981/597/710
f 967/603/718 992/606/724 991/2340/2886
f 1005/608/725 1029/610/727 1028/758/2887
f 1004/605/722 1028/758/2888 1027/607/723
f 1004/605/722 1005/608/2889 1028/758/2888
f 859/531/2865 863/629/750 861/519/604
f 861/519/604 863/629/750 1014/2341/2890
f 861/519/604 1014/2341/2890 1015/615/734
f 861/519/604 1015/615/734 862/521/606
f 862/521/606 1015/615/734 1000/617/740
f 862/521/2864 1000/617/737 1002/604/719
f 1014/2341/2890 1018/614/2891 1015/615/734
f 860/627/2892 866/642/768 867/628/2893
f 867/2342/2894 1010/618/2895 1009/622/743
f 866/2343/768 1010/624/745 867/2344/2893
f 859/531/2865 860/627/748 863/629/750
f 867/2342/2894 1009/622/743 1006/621/742
f 1001/631/752 1013/2345/2896 1006/621/753
f 867/2342/2897 1006/621/753 1013/2345/2896
f 863/629/2898 867/628/2898 1013/2346/2898
f 863/629/2899 1013/2346/2900 1014/2341/2901
f 1013/2346/2900 1016/612/729 1014/2341/2901
f 999/632/2902 1007/623/744 1008/633/2903
f 998/630/2904 999/632/2905 1001/631/2906
f 999/632/2905 1019/636/2907 1001/631/2906
f 1019/636/760 1020/634/756 1021/638/2908
f 854/534/609 865/643/769 857/2347/611
f 857/2347/611 868/661/798 866/2343/768
f 857/2347/611 865/643/769 868/661/798
f 860/627/2909 864/530/615 866/642/2910
f 859/531/616 864/530/615 860/627/2909
f 854/534/609 855/533/617 1142/662/807
f 854/534/609 1142/662/799 865/643/769
f 1029/610/727 1041/645/771 1033/759/925
f 1029/610/727 1040/609/726 1041/645/771
f 1024/611/2911 1043/760/919 1041/645/922
f 1144/644/770 1225/2348/2912 1146/625/746
f 1223/646/2913 1225/2348/2912 1224/626/776
f 1224/619/776 1225/2349/2912 1236/649/779
f 1224/619/776 1227/651/781 1226/648/775
f 1011/635/2914 1025/639/782 1020/634/2915
f 1011/635/2914 1226/648/775 1025/639/782
f 1020/634/2916 1025/639/2916 1021/638/2916
f 1042/652/783 1226/648/775 1227/651/781
f 1229/654/780 1236/2350/779 1241/690/839
f 1229/654/780 1241/690/839 1243/655/784
f 1042/652/783 1227/651/781 1228/658/787
f 1042/652/783 1242/657/785 1043/2351/919
f 1241/690/839 1263/2352/2917 1243/655/784
f 862/521/2864 1002/604/719 963/660/792
f 965/598/711 966/601/716 967/603/718
f 866/2343/768 868/661/798 1010/624/745
f 998/630/795 1007/623/744 999/632/2902
f 1001/631/752 1016/637/2918 1013/2345/2896
f 1014/2341/2901 1016/612/729 1018/614/731
f 868/661/798 1146/625/746 1010/624/745
f 1146/625/2919 1225/2348/2919 1223/646/2919
f 1024/611/791 1042/659/790 1043/760/2920
f 849/315/366 1117/312/363 1118/666/803
f 1117/312/363 1134/665/802 1118/666/803
f 1125/355/406 1128/2327/2921 1129/702/852
f 849/315/366 1118/666/803 855/533/617
f 855/533/617 1118/666/803 1143/668/805
f 855/533/617 1143/668/805 1142/662/807
f 1144/644/770 1145/667/804 1147/675/815
f 1142/662/807 1145/667/804 1144/644/770
f 1144/644/770 1147/675/815 1225/2348/2912
f 1225/2348/2912 1231/685/831 1236/2350/779
f 1150/674/816 1233/673/2922 1234/682/2923
f 1150/674/816 1234/682/2923 1230/684/830
f 1230/684/830 1234/682/826 1231/685/831
f 1147/675/815 1230/684/830 1225/2348/2912
f 1225/2348/2912 1230/684/830 1231/685/831
f 1231/685/831 1241/690/839 1236/2350/779
f 1231/685/831 1240/686/832 1241/690/839
f 1239/687/846 1260/698/848 1262/701/2924
f 1239/687/833 1262/701/2925 1259/688/834
f 1261/689/838 1262/701/2924 1265/715/864
f 1261/689/838 1272/719/2926 1263/2352/2917
f 1241/690/839 1261/689/838 1263/2352/2917
f 1274/691/840 1283/2353/2927 1282/692/841
f 1299/697/2928 1301/2354/2929 1300/748/897
f 1260/698/848 1299/697/847 1300/748/897
f 1283/2353/2927 1291/1141/1375 1293/699/849
f 1282/692/841 1283/2353/2927 1293/699/849
f 1293/699/2930 1297/752/902 1294/751/901
f 1126/354/2931 1129/702/852 1128/2327/2921
f 1240/686/832 1262/701/2924 1261/689/838
f 1252/709/859 1263/2352/2917 1269/720/2932
f 1243/655/784 1263/2352/2917 1252/709/859
f 1252/709/859 2529/708/2933 1258/2355/2933
f 1243/655/784 1252/709/859 1244/712/861
f 1043/2351/919 1242/657/785 1054/2356/927
f 1252/709/859 1269/720/2932 1270/754/2934
f 1054/2357/927 1242/656/785 1244/712/861
f 1242/656/785 1243/655/784 1244/712/861
f 1262/701/2924 1266/716/865 1265/715/864
f 1261/689/838 1265/715/864 1272/719/2935
f 1263/2352/2917 1272/719/2936 1269/720/2932
f 1286/700/850 1287/742/903 1301/2354/2929
f 1300/748/897 1301/2354/2929 1303/747/896
f 1286/700/850 1293/699/849 1294/751/904
f 2545/722/2937 2615/2358/2938 2552/740/890
f 2552/740/890 2615/2358/2938 2631/739/889
f 1268/721/873 2615/2358/2938 2545/722/2937
f 1268/721/873 1302/749/898 2615/2358/2938
f 2620/737/887 2632/1197/2939 2630/738/888
f 2615/2358/2938 2616/746/895 2618/735/885
f 2615/2358/2938 2618/735/885 2631/739/889
f 1287/742/903 1303/747/896 1301/2354/2929
f 1287/742/903 1304/744/893 1303/747/896
f 1302/749/898 1303/747/896 2616/746/895
f 1260/698/848 1300/748/897 1266/716/899
f 1302/749/898 2616/746/895 2615/2358/2938
f 1293/699/849 1296/1142/1376 1297/752/2940
f 1296/1142/1376 2613/1146/1380 1298/753/2941
f 1296/1142/1376 1298/753/2941 1297/752/2940
f 1298/753/2941 2613/1146/1380 2614/1164/1401
f 2614/1164/1401 2620/737/2942 2617/745/2943
f 1298/753/2941 2614/1164/1401 2617/745/2943
f 2530/703/854 2531/734/884 2535/2359/2944
f 1260/698/848 1266/716/865 1262/701/2924
f 1266/716/865 1302/749/898 1268/721/873
f 1291/1141/1375 1296/1142/1376 1293/699/849
f 1286/700/850 1294/751/904 1287/742/903
f 1030/756/937 2177/2360/2945 2125/835/2946
f 1030/756/914 2125/835/2947 1032/757/915
f 1026/755/913 1031/2361/2948 1030/756/914
f 996/834/1004 1026/755/916 1032/757/2949
f 992/606/721 1026/755/916 996/834/1004
f 992/606/721 1027/607/723 1026/755/916
f 992/606/721 996/834/1004 995/832/1002
f 1026/755/916 1033/759/918 1031/2361/2950
f 1026/755/916 1027/607/723 1028/758/917
f 1043/760/919 1054/764/927 1045/761/920
f 1028/758/2887 1029/610/727 1033/759/925
f 1037/763/923 1039/2362/2951 1038/2363/2951
f 1034/776/938 1036/2364/2952 2187/2365/2953
f 1034/776/938 2188/2366/2954 2190/2367/2955
f 1245/2368/2956 1054/764/927 1247/2369/2956
f 2548/2370/2957 2552/740/2958 2549/2371/2958
f 2578/2372/2959 2599/2373/2959 2708/1189/1432
f 2577/2374/2960 2575/2375/2961 2580/2376/2962
f 2577/2374/2963 2574/2377/2963 2575/2375/2963
f 2577/2374/2964 2576/2378/2965 2574/2377/2965
f 2595/774/935 2631/739/889 2600/1179/1422
f 2590/2379/2966 2589/2380/2966 2595/774/935
f 1030/756/937 1033/759/925 1037/763/923
f 1030/756/937 1031/2361/2967 1033/759/925
f 1030/756/937 1034/776/938 2177/2360/2945
f 2591/2381/2968 2595/774/935 2598/2382/2969
f 2600/1179/1422 2631/739/889 2630/738/888
f 2556/2383/2970 2555/2384/2971 2552/740/890
f 1244/712/861 1249/2385/2972 1248/2386/2972
f 2587/741/891 2631/739/889 2595/774/935
f 2202/782/944 2412/784/946 2411/785/948
f 2412/784/979 2416/789/2973 2414/2387/2974
f 2374/787/952 2415/1048/1278 2377/1030/2975
f 2374/787/952 2414/2387/2974 2415/1048/1278
f 2373/803/967 2374/787/952 2377/1030/2975
f 2374/787/952 2412/784/979 2414/2387/2974
f 2204/790/955 2418/2388/2976 2410/783/2977
f 2204/790/955 2203/794/959 2205/2389/2978
f 2706/1185/2979 2698/2390/2980 2699/2391/2980
f 2419/2392/2981 2425/2393/2982 2434/795/960
f 2418/2394/2983 2425/2393/2982 2419/2392/2981
f 2434/795/2984 2433/2395/2984 2697/2396/2984
f 2425/2393/2982 2424/2397/2985 2426/2398/2986
f 2428/2399/2987 2429/2400/2987 2434/795/960
f 2164/864/1062 2167/798/2988 2365/2401/2989
f 2167/798/2988 2367/799/2990 2365/2401/2989
f 2365/2401/2989 2367/799/2990 2366/1029/1255
f 2164/864/1062 2165/850/1027 2167/798/2988
f 2366/1029/1255 2367/799/2990 2373/803/2991
f 2130/857/2992 2175/800/964 2162/802/966
f 2129/858/1035 2130/857/1034 2162/802/2993
f 2128/861/1050 2169/808/974 2130/857/1051
f 2130/857/1051 2169/808/974 2175/800/964
f 2178/2402/2994 2182/2403/2995 2191/2404/2995
f 2132/2405/2996 2135/2406/2997 2136/2407/2997
f 2132/2405/2996 2193/2408/2998 2194/2409/2999
f 2134/807/971 2138/2410/3000 2139/2411/3001
f 2131/809/3002 2132/2405/3003 2134/807/3004
f 1034/776/938 2178/2402/2994 2177/2360/2945
f 1034/776/938 2179/2412/3005 2186/2413/3006
f 2178/2402/2994 2181/2414/3007 2183/2415/3007
f 2577/2374/2964 2572/2416/3008 2573/2417/3009
f 2410/783/945 2418/2388/3010 2416/789/954
f 2204/2418/3011 2421/2419/3012 2425/2393/2982
f 2204/2418/3011 2425/2393/2982 2418/2394/2983
f 2165/850/1027 2166/801/3013 2167/798/2988
f 2173/805/972 2200/2420/3014 2201/2421/3015
f 2173/805/972 2196/2422/3016 2197/2423/3016
f 2128/861/1050 2131/809/975 2169/808/974
f 969/586/699 970/585/698 973/870/1072
f 970/585/698 974/819/987 973/870/1072
f 973/870/1072 974/819/987 975/821/989
f 970/585/698 971/587/700 974/819/987
f 976/588/701 977/589/702 983/816/984
f 977/589/702 984/817/985 983/816/984
f 977/589/702 978/592/705 984/817/985
f 975/821/989 2097/820/988 2099/881/1083
f 971/587/700 2097/820/988 974/819/987
f 2097/820/988 2102/839/1010 2099/881/1083
f 971/587/700 976/588/701 2097/820/988
f 978/592/705 979/591/704 987/823/991
f 979/591/704 988/2338/2878 987/823/991
f 986/822/990 987/823/991 989/824/993
f 987/823/991 988/2338/2878 989/824/993
f 988/2338/2878 990/827/995 989/824/993
f 981/597/710 993/831/1000 982/829/997
f 981/597/710 991/2340/2886 993/831/3017
f 991/2340/2886 992/606/724 995/832/1002
f 991/2340/2886 995/832/1002 994/830/1001
f 991/2340/2886 994/830/1001 993/831/3017
f 996/834/1004 1032/757/2949 2125/835/1005
f 995/832/1002 996/834/1004 997/833/1003
f 2104/2424/3018 2114/840/1011 2157/2425/3019
f 2114/840/1011 2115/841/1012 2157/2425/3019
f 2147/2426/3020 2157/2425/3019 2158/848/1025
f 2112/846/1023 2157/2425/3019 2115/841/1012
f 2112/846/1023 2158/848/1025 2157/2425/3019
f 2111/853/1030 2117/856/1033 2118/852/1029
f 2124/836/1006 2125/835/1005 2126/863/1061
f 2159/849/1026 2161/854/1031 2165/850/1027
f 2161/854/1031 2166/801/3013 2165/850/1027
f 2161/854/1031 2162/802/966 2166/801/965
f 2126/863/3021 2178/2402/2994 2132/2405/2996
f 2127/862/1058 2132/2405/3003 2131/809/3002
f 2126/863/1061 2132/2405/3003 2127/862/1058
f 2127/862/1053 2131/809/3022 2128/861/1054
f 2125/835/2946 2177/2360/2945 2178/2402/2994
f 978/592/705 987/823/991 984/817/985
f 982/829/997 990/827/999 988/2338/2878
f 2111/853/1030 2121/828/1045 2117/856/1033
f 2125/835/2946 2178/2402/2994 2126/863/3021
f 933/295/345 943/579/692 942/2319/2826
f 941/578/687 968/868/1070 942/2319/2825
f 941/578/687 942/2319/2825 943/579/688
f 921/865/1067 929/867/1069 928/2281/2751
f 2068/2284/2754 2088/44/3023 2069/43/49
f 2088/44/50 2089/2285/2755 2090/2427/3024
f 2068/2284/2756 2089/2285/2755 2088/44/50
f 2067/2283/2753 2070/2428/3025 2089/2285/2755
f 2064/29/34 2070/2428/3025 2067/2283/2753
f 941/578/687 969/586/699 968/868/1070
f 969/586/699 973/870/1072 972/869/1071
f 2091/874/1076 2148/875/1077 2094/887/1089
f 2094/887/1089 2148/875/1077 2143/882/1084
f 2141/873/1075 2143/882/1084 2148/875/1077
f 2088/44/50 2090/2427/3024 2092/2429/3026
f 2089/2285/2755 2092/2429/3026 2090/2427/3024
f 2089/2285/2755 2093/2430/3027 2092/2429/3026
f 2099/881/1083 2145/883/1085 2103/880/1082
f 2143/882/1084 2144/879/1081 2149/926/1138
f 2144/879/1081 2145/883/1085 2153/897/3028
f 2145/883/1085 2146/1015/1241 2153/897/3028
f 975/821/989 2099/881/1083 2098/877/1079
f 2091/874/1076 2094/887/1089 2093/2430/3027
f 2094/887/1089 2143/882/1084 2149/926/1138
f 2092/2429/3026 2093/2430/3027 2241/935/1152
f 2093/2430/3027 2094/887/1089 2243/884/1086
f 2244/886/1090 2251/888/1092 2249/938/1157
f 2249/938/1157 2251/888/1092 2254/893/1098
f 2255/892/1097 2256/894/1099 2293/913/1123
f 2149/926/1138 2151/896/1110 2150/904/1109
f 2144/879/1081 2153/897/3028 2149/926/1138
f 2149/926/1138 2153/897/3028 2151/896/1110
f 2152/898/1139 2153/897/3028 2156/927/1140
f 2146/1015/1241 2154/2431/3029 2153/897/3028
f 2153/897/3028 2154/2431/3029 2156/927/1140
f 2154/2431/3030 2155/930/1144 2156/927/1142
f 2354/900/1105 2382/903/1108 2381/912/1121
f 2344/899/1104 2353/902/1107 2354/900/1105
f 2343/1018/1244 2353/902/1107 2344/899/1104
f 2155/930/1144 2343/1018/1244 2344/899/1104
f 2379/910/1129 2395/919/1131 2386/917/3031
f 2380/918/1130 2397/924/3032 2395/919/1131
f 2380/918/1130 2381/912/1121 2382/903/1108
f 2380/918/1130 2382/903/1108 2388/1031/3033
f 2297/916/3034 2394/920/1133 2324/1000/1224
f 2324/1000/1224 2394/920/1133 2326/1003/1227
f 2326/1003/1227 2394/920/1133 2399/922/1135
f 2399/922/1135 2400/921/1134 2441/2432/3035
f 2394/920/1132 2395/919/3036 2396/923/3037
f 2386/917/1128 2395/919/3036 2394/920/1132
f 2395/919/3036 2397/924/3038 2396/923/3037
f 2396/923/1136 2398/925/3039 2400/921/1134
f 2398/925/3039 2403/1039/1304 2400/921/1134
f 2292/905/1111 2295/914/1124 2293/913/1123
f 2399/922/1135 2441/2432/3035 2442/1005/1229
f 2093/2430/3027 2243/884/1086 2241/935/1152
f 2079/62/72 2088/44/50 2092/2429/3026
f 2226/61/71 2228/933/1153 2229/67/77
f 2079/62/72 2092/2429/3026 2087/60/70
f 2241/935/1152 2243/884/1086 2244/886/1088
f 2244/886/1090 2249/938/1157 2247/936/1155
f 2255/892/1097 2293/913/1123 2287/949/1169
f 2254/893/1098 2255/892/1097 2286/948/1168
f 2255/892/1097 2287/949/1169 2286/948/1168
f 2287/949/1169 2293/913/1123 2294/951/1171
f 2294/951/1171 2295/914/1124 2296/953/1173
f 2295/914/1124 2323/993/1212 2296/953/1173
f 2293/913/1123 2295/914/1124 2294/951/1171
f 2295/914/1125 2297/916/1146 2323/993/3040
f 2236/961/1182 2240/960/1180 2237/2287/2759
f 2240/960/1180 2265/959/1179 2266/1983/3041
f 2267/962/1183 2278/963/1184 2277/1985/2413
f 2278/963/1184 2298/956/1176 2279/1992/2421
f 2279/1992/2421 2298/956/1176 2308/2433/3042
f 2290/957/1177 2301/1013/1239 2308/2433/3042
f 2290/957/1177 2308/2433/3042 2298/956/1176
f 2087/60/70 2092/2429/3026 2241/935/1152
f 2249/938/1157 2254/893/1098 2253/947/1167
f 2296/953/1173 2323/993/1212 2320/954/1174
f 2265/959/1179 2267/962/1183 2266/1983/2415
f 2290/957/1177 2318/958/1178 2301/1013/1239
f 2671/975/1193 2674/1060/1294 2673/974/1194
f 2671/975/1193 2676/1063/1205 2674/1060/1294
f 2654/966/1187 2661/965/1186 2662/972/1192
f 2654/966/1187 2662/972/1192 2657/1100/1331
f 2301/1013/1239 2318/958/1178 2322/996/1217
f 2318/958/3043 2321/988/3043 2322/996/3043
f 2297/916/3034 2324/1000/1224 2325/1002/1226
f 2330/999/1223 2444/1004/1228 2336/1088/1321
f 2338/1007/1231 2339/1089/1322 2676/986/1205
f 2330/999/1223 2336/1088/1321 2338/1007/1231
f 2301/1013/1239 2312/1014/1240 2317/1991/2420
f 2301/1013/1239 2317/1991/2420 2309/2434/3044
f 2301/1013/3045 2309/2434/3045 2308/2433/3045
f 2646/980/1199 2647/1011/589 2649/1008/1232
f 2639/2333/594 2643/1010/1234 2644/979/1198
f 2639/2333/594 2644/979/1198 2640/976/1235
f 2522/499/580 2654/966/1187 2657/1100/1331
f 2318/958/1178 2319/955/1175 2321/988/1207
f 2297/916/3034 2325/1002/1226 2323/993/1238
f 2311/994/1214 2669/1009/1233 2312/1014/1240
f 2102/839/1010 2114/840/1011 2104/2424/3018
f 2147/2426/3020 2158/848/1025 2163/1016/1242
f 2414/2387/2974 2416/789/2973 2417/1051/1285
f 2376/1047/1277 2377/1030/2975 2415/1048/1278
f 2414/2387/2974 2417/1051/1285 2415/1048/1278
f 2418/2394/3046 2419/2392/2981 2440/2435/3047
f 2164/864/1062 2365/2401/2989 2364/1025/1251
f 2099/881/1083 2102/839/1010 2145/883/1085
f 2104/2424/3018 2146/1015/1241 2145/883/1085
f 2102/839/1010 2104/2424/3018 2145/883/1085
f 2146/1015/1241 2157/2425/3019 2147/2426/3020
f 2104/2424/3018 2157/2425/3019 2146/1015/1241
f 2146/1015/1241 2155/930/1144 2154/2431/3030
f 2155/930/1144 2163/1016/1242 2343/1018/1244
f 2146/1015/1241 2147/2426/3020 2163/1016/1242
f 2164/864/1062 2364/1025/1251 2362/1019/1245
f 2382/903/1108 2383/2436/3048 2389/1036/3049
f 2353/902/1107 2383/2436/3050 2382/903/1108
f 2353/902/1107 2356/2437/3051 2383/2436/3050
f 2353/902/1107 2355/1021/1247 2356/2437/3051
f 2343/1018/1244 2363/1017/1243 2353/902/1107
f 2355/1021/3052 2383/2436/3053 2356/2437/3054
f 2380/918/1130 2388/1031/1257 2391/1033/1259
f 2382/903/1108 2389/1036/3049 2388/1031/3033
f 2389/1036/1262 2390/1037/1263 2392/1032/1258
f 2392/1032/1258 2393/1038/1264 2449/1073/1307
f 2383/2436/3048 2390/1037/3055 2389/1036/3049
f 2397/924/3056 2401/1035/3056 2398/925/3056
f 2391/1033/1259 2401/1035/1261 2397/924/3032
f 2380/918/1130 2391/1033/1259 2397/924/3032
f 2398/925/3057 2401/1035/1261 2403/1039/1265
f 2392/1032/3058 2449/1073/3058 2402/1034/3058
f 2393/1038/1264 2463/1050/1283 2448/1075/1309
f 2409/1041/1268 2464/1045/1272 2463/1050/1283
f 2407/1043/1270 2464/1045/1272 2409/1041/1268
f 2413/1049/1281 2466/2438/3059 2462/1044/1280
f 2158/848/1025 2164/864/1062 2163/1016/1242
f 2370/1028/1254 2373/803/2991 2377/1030/1256
f 2416/789/954 2418/2388/3010 2440/2439/3060
f 2366/1029/1255 2373/803/2991 2370/1028/1254
f 2163/1016/1242 2164/864/1062 2362/1019/1245
f 2355/1021/3052 2390/1037/3061 2383/2436/3053
f 2364/1025/1251 2365/2401/2989 2366/1029/1255
f 2393/1038/1264 2448/1075/1309 2449/1073/1307
f 2462/1044/1280 2466/2438/3059 2464/1045/1272
f 2416/789/2973 2440/2439/3062 2417/1051/1285
f 2419/2392/2981 2439/2440/3063 2440/2435/3047
f 2419/2392/2981 2434/795/960 2439/2440/3063
f 2438/1054/1288 2712/1055/1289 2711/1198/1444
f 2437/1053/1287 2439/2440/3064 2712/1055/1289
f 2437/1053/1287 2440/2435/3062 2439/2440/3064
f 2454/1057/1291 2687/2441/3065 2689/1058/1292
f 2686/1192/1437 2689/1058/1292 2687/2441/3065
f 2438/1054/1288 2687/2441/3065 2454/1057/1291
f 2438/1054/1288 2688/1194/1440 2687/2441/3065
f 2673/974/1194 2674/1060/1294 2677/1108/1339
f 2674/1060/1294 2679/1062/1296 2677/1108/1339
f 2675/1061/1295 2678/1133/1367 2679/1062/1296
f 2675/1061/1295 2720/1092/1324 2678/1133/1367
f 2678/1133/1367 2720/1092/1324 2722/2442/3066
f 2720/1092/1324 2721/1066/1299 2722/2442/3066
f 2721/1066/1299 2723/1064/1297 2722/2442/3066
f 2441/2432/3035 2443/1067/1300 2445/1069/1302
f 2400/921/1134 2403/1039/1304 2443/1067/1300
f 2403/1039/1304 2447/1071/1305 2450/1070/1303
f 2402/1034/3067 2447/1071/1305 2403/1039/1304
f 2402/1034/3067 2449/1073/1307 2447/1071/1305
f 2448/1075/1309 2463/1050/1283 2467/1079/1311
f 2463/1050/1283 2464/1045/1272 2467/1079/1311
f 2451/1074/1314 2461/1082/1317 2460/1080/1313
f 2464/2443/1272 2465/1084/1318 2467/1077/1311
f 2436/1052/1286 2465/1084/1318 2466/2444/3059
f 2435/1059/1293 2465/1084/1318 2436/1052/1286
f 2464/2443/1272 2466/2444/3059 2465/1084/1318
f 2436/1052/1286 2466/2444/3059 2437/1053/1287
f 2413/1049/1281 2437/2445/1287 2466/2438/3059
f 2413/1049/1281 2417/1051/1285 2437/2445/1287
f 2417/1051/1285 2440/2439/3062 2437/2445/1287
f 2336/1088/1321 2444/1004/1228 2456/1085/1319
f 2336/1088/1321 2339/1089/1322 2338/1007/1231
f 2442/1005/1229 2445/1069/1302 2444/1004/1228
f 2441/2432/3035 2445/1069/1302 2442/1005/1229
f 2458/1087/1320 2461/1083/1317 2724/1065/1298
f 2458/1086/1320 2460/1080/1313 2461/1082/1317
f 2339/1090/1322 2675/1061/1295 2676/1063/1205
f 2339/1090/1322 2720/1092/1324 2675/1061/1295
f 2400/921/1134 2443/1067/1300 2441/2432/3035
f 1164/436/502 2472/1094/1325 2507/1134/1368
f 1164/436/502 2471/1111/1346 2472/1094/1325
f 1211/435/501 2508/1096/1327 1212/437/503
f 1207/407/462 1212/437/503 1213/1135/1369
f 1212/437/503 1214/1195/1441 1213/1135/1369
f 2506/2331/2852 2510/491/571 2511/1117/1351
f 2473/1112/1343 2506/2331/2852 2511/1117/1351
f 1164/436/515 2470/444/516 2473/1112/1343
f 1164/436/515 2473/1112/1343 2471/1111/1342
f 2518/500/581 2522/499/580 2523/1101/1332
f 2517/490/570 2518/500/581 2519/1102/1333
f 2517/490/570 2519/1102/1333 2520/1116/1350
f 2510/491/571 2517/490/570 2520/1116/1350
f 1212/437/503 2508/1096/1327 1214/1195/3068
f 2474/1095/1326 2605/1099/1330 2604/1097/1328
f 2526/1098/1329 2558/1123/1357 2605/1099/1330
f 2604/1097/1328 2605/1099/1330 2606/1196/1442
f 2558/1123/1357 2606/1196/1442 2605/1099/1330
f 2558/1123/1357 2563/1128/3069 2606/1196/1442
f 2558/1123/1357 2566/1126/3070 2563/1128/3069
f 2561/1155/1390 2606/1196/1442 2563/1128/3069
f 2663/1110/1341 2677/1108/1339 2664/1107/1338
f 2657/1100/1331 2662/972/1192 2663/1110/1341
f 2558/1123/1357 2560/1122/1356 2566/1126/3070
f 2681/1190/1434 2691/1127/1361 2685/1132/1366
f 2563/1128/1362 2691/1127/1361 2681/1190/1434
f 2681/1190/1434 2685/1132/1366 2690/1191/1435
f 2685/1132/1366 2695/1131/1365 2723/1064/1297
f 2685/1132/1366 2723/1064/1297 2690/1191/1435
f 2689/1058/1292 2690/1191/1435 2723/1064/1297
f 2678/1133/1367 2722/2442/3066 2696/1130/1364
f 2696/1130/1364 2722/2442/3066 2723/1064/1297
f 2695/1131/1365 2696/1130/1364 2723/1064/1297
f 1164/436/502 2507/1134/1368 1211/435/501
f 2510/491/571 2520/1116/1350 2511/1117/1351
f 1274/691/840 1276/404/459 1283/2353/2927
f 1276/404/459 1284/1140/1374 1283/2353/2927
f 1187/403/458 1215/1138/1372 1290/1139/1373
f 1187/403/458 1290/1139/1373 1284/1140/1374
f 2701/2446/3071 2706/1185/3071 2699/2391/3071
f 2434/795/960 2706/1185/2979 2439/2440/3063
f 2577/2374/2964 2708/1189/1432 2710/1184/1427
f 2707/2447/3072 2571/2448/3072 2710/1184/1427
f 1214/1195/3068 2602/1147/1381 2612/1144/1378
f 2604/1097/1328 2606/1196/1442 2607/1149/1383
f 2606/1196/1442 2622/1153/1387 2607/1149/1383
f 2561/1155/1390 2563/1128/3069 2562/1156/1391
f 2559/1154/3073 2622/1153/1387 2561/1155/1390
f 2557/1166/3074 2563/1128/1362 2681/1190/1434
f 2557/1166/1403 2562/1156/1391 2563/1128/3069
f 2559/1154/3073 2561/1155/1390 2568/1158/1393
f 2561/1155/1390 2567/1157/1392 2568/1158/1393
f 2567/1157/1392 2569/1169/1406 2568/1158/1393
f 2439/2440/3064 2706/1185/1426 2712/1055/1289
f 2438/1054/1288 2713/1188/1430 2684/1187/1429
f 2438/1054/3075 2711/1198/3075 2713/1188/3075
f 2683/1193/1438 2686/1192/1437 2688/1194/1440
f 2686/1192/1437 2687/2441/3065 2688/1194/1440
f 2557/1166/3074 2681/1190/1434 2682/1168/1436
f 1213/1135/1369 1292/1137/1371 1215/1138/1372
f 2710/1184/1427 2701/2446/3076 2700/2449/3076
f 2600/1179/1422 2630/738/888 2632/1197/2939
f 2595/774/935 2600/1179/1422 2715/1180/1419
f 2620/737/2942 2633/1182/1424 2632/1197/1443
f 2614/1164/1401 2621/1165/1402 2620/737/2942
f 1283/2353/2927 1284/1140/1374 1291/1141/1375
f 1214/1195/3068 2508/1096/1327 2602/1147/1381
f 2508/1096/1327 2604/1097/1328 2602/1147/1381
f 2620/737/2942 2621/1165/1402 2633/1182/1424
f 2438/1054/1288 2684/1187/1429 2688/1194/1440
f 2686/1192/1437 2690/1191/1435 2689/1058/1292
f 37/1206/1452 39/1217/1464 40/1207/1450
f 38/1314/1590 40/1207/1450 39/1217/1464
f 32/1199/1446 35/1241/1502 34/1200/1447
f 5/1216/1463 103/1312/1588 39/1217/1464
f 34/1200/1447 35/1241/1502 51/1218/1468
f 6/1219/1466 51/1218/1468 35/1241/1502
f 5/1216/1463 10/1223/1475 103/1312/1588
f 45/1225/1478 47/1224/1477 239/1269/3077
f 47/1224/1477 241/1272/3078 239/1269/3079
f 46/1208/1453 48/1317/1592 47/1224/1477
f 14/1240/1501 35/1241/1502 32/1199/1446
f 3/1265/1531 59/1264/1530 64/1232/1488
f 59/1264/1530 66/1405/1707 64/1232/1488
f 3/1265/1531 64/1232/1488 6/1219/1466
f 10/1223/1475 11/1226/1480 101/1307/1585
f 11/1226/1480 111/2450/3080 110/1340/1632
f 11/1226/1480 110/1340/1632 101/1307/1585
f 68/1229/3081 69/1228/1482 70/1425/1727
f 12/1222/1479 68/1229/3082 111/2450/3080
f 11/1226/1480 12/1222/1479 111/2450/3080
f 8/1233/1489 67/1234/1490 65/1235/1493
f 71/1236/1495 97/1231/1768 95/1210/1494
f 3/1265/1531 15/1237/1498 29/1263/1529
f 6/1219/1466 35/1241/1502 15/1237/1498
f 3/1265/1531 6/1219/1466 15/1237/1498
f 21/1243/1504 23/1248/1510 25/1244/1505
f 19/1541/1876 25/1244/1505 23/1248/1510
f 19/1541/1876 23/1248/1510 208/1564/1908
f 23/1248/1510 209/2451/3083 208/1564/1908
f 208/1564/1908 209/2451/3083 211/2452/3084
f 211/2452/3085 214/2453/3086 213/2454/3087
f 211/2452/3085 226/1251/1516 214/2453/3086
f 211/2452/3085 240/1254/1517 226/1251/1516
f 243/1253/1515 245/1257/3088 251/1255/1519
f 245/1257/3088 252/1276/1542 251/1255/1519
f 241/1272/1537 245/1257/1523 244/1256/1520
f 223/1270/1535 251/1255/1519 275/2455/3089
f 27/1258/1524 81/2456/3090 56/1259/1525
f 13/1533/1867 26/1260/1526 16/1242/1506
f 26/1271/1536 27/1258/1524 28/1239/1500
f 1/1261/1527 58/1268/1533 2/1262/1528
f 2/1262/1528 58/1268/1533 59/1264/1530
f 56/1259/1525 81/2456/3090 83/1266/3091
f 56/1259/1525 57/1267/3092 58/1268/1533
f 1/1261/1527 28/1239/1500 58/1268/1533
f 239/1269/1534 241/1272/1537 244/1256/1520
f 47/1224/1477 246/1273/3093 241/1272/3078
f 47/1224/1477 48/1317/1592 246/1273/3093
f 246/1273/1538 248/1319/1633 249/1278/1544
f 249/1278/1547 354/1325/1600 255/1282/1549
f 241/1272/1537 247/1274/1539 245/1257/1523
f 245/1257/3088 247/1274/1540 252/1276/1542
f 247/1274/1540 249/1278/3094 253/1275/1541
f 249/1278/1547 255/1282/1549 254/1277/1543
f 255/1282/1549 372/1332/1611 282/1283/1550
f 282/1283/1573 372/1332/3095 283/1284/1574
f 1339/1287/3096 1351/1861/2267 1343/1295/3097
f 1339/1287/3098 1341/2457/3098 1351/1861/3098
f 1341/2457/3099 1472/1863/2269 1351/1861/2267
f 1339/1287/1558 1340/2458/3100 1341/2457/3099
f 288/1289/1557 1340/2458/3100 1339/1287/1558
f 1343/1295/3097 1386/1876/2284 1352/1502/1825
f 1343/1295/3097 1351/1861/2267 1386/1876/2284
f 40/1204/1450 131/1297/1575 46/1208/1453
f 38/1315/1590 131/1297/1575 40/1204/1450
f 133/1301/1579 135/2299/2793 134/1306/1584
f 134/1306/1584 135/2299/2793 142/1304/1582
f 135/2299/2793 143/133/158 142/1304/1582
f 249/1278/1547 250/1323/1598 354/1325/1600
f 248/1319/1633 250/1323/1634 249/1278/1544
f 340/1327/1602 349/1329/1604 348/1328/1603
f 143/133/158 146/1834/3101 144/1305/1583
f 144/1305/1606 146/1834/2233 347/1835/2234
f 144/1305/1606 347/1835/2234 349/1329/1607
f 350/1337/1624 351/1836/3102 357/1335/1620
f 351/1836/3103 363/1823/2217 357/1335/3104
f 255/1282/1549 354/1325/1600 372/1332/1611
f 283/1284/1553 372/1332/1627 400/1286/1554
f 359/1339/1629 399/1288/1556 400/1286/1554
f 359/1339/3105 398/1840/2245 399/1288/1559
f 355/1336/3106 360/1820/2214 359/1339/3105
f 359/1339/3105 360/1820/2214 398/1840/2245
f 106/1308/1586 107/1341/1636 163/1424/1726
f 110/1340/1632 111/2450/3080 166/1421/1723
f 107/1341/1636 110/1340/1632 166/1421/1723
f 46/1208/1453 49/1298/1576 48/1317/1592
f 48/1317/1592 248/1319/1594 246/1273/3093
f 143/133/158 145/129/154 146/1834/3101
f 355/1336/3106 357/1335/3104 363/1823/2217
f 450/1343/1638 452/1392/1693 564/1345/1640
f 452/1392/1693 563/1393/1694 564/1345/1640
f 564/1345/1640 566/1346/1641 567/1348/1643
f 566/1346/1641 573/1395/1697 575/1347/1642
f 573/1395/1697 593/1350/1645 575/1347/1642
f 596/1351/1646 597/2459/3107 647/1379/1680
f 597/2459/3107 1862/2138/2589 647/1379/1680
f 446/1381/1682 453/1374/1672 447/1356/1652
f 445/1354/1650 454/1355/1651 446/1381/1682
f 446/1381/1682 454/1355/1651 448/1372/1670
f 483/1358/1654 499/1357/1653 500/1359/1656
f 481/1450/1762 483/1358/1655 484/1360/1657
f 481/1450/1762 484/1360/1657 482/1452/1766
f 482/1452/1766 484/1360/1657 485/1362/1659
f 499/1357/1653 501/1375/1673 500/1359/1656
f 500/1359/1656 501/1375/1673 627/1367/1665
f 500/1359/1656 627/1367/1665 631/1366/1664
f 631/1366/1664 632/1368/1666 636/2082/2518
f 639/1377/1676 648/1378/1679 640/1380/1681
f 632/1368/1666 634/1369/1667 638/2083/2519
f 501/1375/1673 634/1369/1667 627/1367/1665
f 646/2460/3108 648/1378/1679 647/1379/1680
f 634/1369/1667 640/1380/1681 638/2083/2519
f 440/2461/3109 506/1619/1970 442/1382/1683
f 442/1382/1683 506/1619/1970 515/1383/1684
f 442/1382/1683 516/1384/1685 443/1385/1686
f 515/1383/1684 519/1643/1996 522/1387/1688
f 519/1643/1996 569/1388/1689 522/1387/1688
f 519/1643/1996 572/2462/3110 569/1388/1689
f 563/1393/1694 566/1346/1641 564/1345/1640
f 563/1393/1694 573/1395/1697 566/1346/1641
f 573/1395/1697 594/2463/3111 593/1350/1645
f 594/2463/3111 597/2459/3107 596/1351/1646
f 519/1643/1996 559/2464/3112 572/2462/3110
f 593/1350/1645 594/2463/3111 596/1351/1646
f 58/1268/1533 61/1402/1704 60/1404/1706
f 58/1268/1533 60/1404/1706 59/1264/1530
f 59/1264/1530 60/1404/1706 66/1405/1707
f 57/1267/3113 83/1266/3114 61/1402/1704
f 61/1402/1704 83/1266/3114 88/1407/1709
f 57/1267/3115 61/1402/1704 58/1268/1533
f 89/1409/1711 94/1614/1964 90/1408/1710
f 90/1408/1710 94/1614/1964 436/2465/3116
f 94/1614/1964 438/1615/1965 436/2465/3116
f 72/1416/1718 75/1413/1715 78/1417/1719
f 72/1416/1718 78/1417/1719 77/1453/3117
f 64/1232/1488 66/1405/1707 67/1234/1490
f 65/1235/1493 67/1234/1490 72/1416/1718
f 425/1414/1716 428/1418/1720 429/1420/1722
f 444/1342/1637 451/1344/1639 445/1354/1650
f 65/1235/1493 72/1416/1718 71/1236/3118
f 107/1341/1636 166/1421/1723 163/1424/1726
f 163/1424/1726 168/1423/1725 170/238/285
f 168/1423/1725 174/2311/2811 170/238/285
f 69/1228/1482 98/1230/1484 70/1425/1727
f 70/1425/1727 98/1230/1484 99/1426/1728
f 68/1229/3081 70/1425/1727 167/1422/3119
f 70/1425/1727 169/1427/1729 167/1422/3119
f 68/1229/3082 166/1421/1723 111/2450/3080
f 68/1229/3082 167/1422/1724 166/1421/1723
f 476/1438/1743 486/1364/1662 477/2466/3120
f 477/2466/3120 486/1364/1662 605/2467/3121
f 80/1439/1746 100/1428/3122 97/1231/1768
f 80/1439/1746 200/1444/1756 100/1428/3122
f 203/1430/1754 467/1445/1753 469/1436/1741
f 71/1236/3118 72/1416/1718 77/1453/3117
f 78/1417/1719 423/1415/1717 426/1446/1757
f 77/1453/3117 78/1417/1719 79/1442/3123
f 71/1236/1495 77/1453/1767 97/1231/1768
f 78/1417/1719 426/1446/1757 424/1440/1760
f 78/1417/1719 424/1440/1760 79/1442/3123
f 430/1419/1721 446/1381/1682 447/1356/1652
f 425/1414/1716 429/1420/1722 426/1446/1757
f 430/1419/1721 447/1356/1652 431/1447/1758
f 423/1415/1717 425/1414/1716 426/1446/1757
f 429/1420/1722 430/1419/1721 431/1447/1758
f 431/1447/1758 447/1356/1652 480/1448/1759
f 447/1356/1652 483/1358/1655 480/1448/1759
f 480/1448/1759 483/1358/1655 481/1450/1762
f 471/1451/1765 482/1452/1766 485/1362/1660
f 474/1437/1742 486/1364/1662 476/1438/1743
f 97/1231/1486 100/1428/3124 98/1230/1487
f 98/1230/1484 100/1428/1730 99/1426/1728
f 167/1422/3119 169/1427/1729 173/1432/1734
f 474/1437/1742 485/1362/1660 486/1364/1662
f 222/2468/3125 260/1455/1771 256/1454/1770
f 222/2468/3125 223/1270/1535 260/1455/1771
f 223/1270/1535 275/2455/3089 277/1458/1774
f 261/1457/1773 265/1459/1775 267/1461/1777
f 274/1466/1782 1317/1468/1784 1393/2469/3126
f 1317/1468/1784 1408/2470/3127 1405/2471/3127
f 1413/2472/3128 1436/2473/3129 1437/2474/3130
f 1318/2475/3131 1321/2476/3132 1330/2477/3133
f 1318/2475/3131 1413/2472/3128 1321/2476/3132
f 1413/2472/3134 1419/2478/3135 1415/2479/3136
f 1422/2480/3137 1420/2481/3137 1413/2472/3134
f 1318/2475/3138 1441/2482/3139 1440/2483/3138
f 263/1472/1788 273/1473/3140 269/1552/3141
f 259/1474/1790 263/1472/1788 269/1552/3141
f 262/1478/1794 266/1460/1776 1305/1463/1779
f 1307/1479/1795 1310/1480/1799 1311/1471/1787
f 259/1474/1892 269/1552/1889 268/1551/1888
f 219/1477/1793 220/1565/3142 256/1454/1770
f 220/1565/3142 222/2468/3125 256/1454/1770
f 1312/1482/1801 1313/1481/1798 1354/1511/1836
f 1355/1487/1806 1373/2484/3143 1366/1488/1807
f 1369/2485/3144 1368/2486/3145 1367/1484/1803
f 1367/1484/1803 1370/1491/1809 1446/2487/3146
f 1446/2487/3147 1447/2488/3148 1444/2489/3149
f 1330/2477/3133 1329/2490/3150 1333/2491/3151
f 1442/2492/3152 1328/2493/3152 1330/2477/3133
f 1330/2477/3153 1333/2491/3153 1332/2494/3153
f 1366/1488/1807 1373/2484/3143 1375/2495/3154
f 1366/1488/1807 1375/2495/3155 1370/1491/1809
f 222/2468/3125 227/2496/3156 223/1270/1535
f 1307/1479/1795 1311/1471/1787 1316/1467/1783
f 1321/2476/3132 1438/2497/3157 1439/2498/3158
f 1330/2477/3159 1331/2499/3160 1322/2500/3161
f 220/1565/3142 225/1566/3162 222/2468/3125
f 1312/1482/1801 1354/1511/1836 1355/1487/3163
f 267/1461/1777 286/2501/3164 1309/1527/1860
f 265/1459/1775 286/2501/3164 267/1461/1777
f 1308/1462/1778 1309/1527/1860 1314/1510/1835
f 1337/1292/1562 1338/1492/1810 1353/1293/1563
f 1343/1295/3165 1344/1501/3165 1350/1495/3165
f 1337/1292/1562 1343/1295/1565 1350/1495/3166
f 1343/1295/3097 1352/1502/1825 1344/1501/1827
f 1383/1500/1821 1388/1503/1826 1389/1504/1828
f 1388/1503/1826 1530/2166/2620 1389/1504/1828
f 1313/1481/1798 1356/1509/1834 1354/1511/1836
f 1313/1481/1798 1315/1465/1781 1356/1509/1834
f 1308/1462/1778 1314/1510/1835 1315/1465/1781
f 1355/1487/3163 1363/1513/1838 1373/2484/3167
f 1354/1511/1836 1363/1513/1838 1355/1487/3163
f 1363/1513/1838 1374/1514/1839 1376/2502/3168
f 1356/1509/1834 1357/1508/1833 1361/1516/1841
f 1361/1516/3169 1362/2503/3169 1372/1519/3169
f 1357/1508/1833 1362/2503/3170 1361/1516/1841
f 1357/1508/1833 1358/1520/1845 1362/2503/3170
f 1358/1520/3171 1372/1519/3171 1362/2503/3171
f 1360/1517/3172 1372/1519/3172 1371/2504/3172
f 1358/1520/3173 1371/2504/3173 1372/1519/3173
f 1358/1520/3174 1360/1517/3174 1371/2504/3174
f 1372/1519/1844 1379/1524/1855 1381/1515/2157
f 1365/1525/1856 1523/1526/2163 1380/1518/1857
f 267/1461/1777 1309/1527/1860 1308/1462/1778
f 1363/1513/1838 1376/2502/3168 1375/2495/3175
f 1363/1513/1838 1375/2495/3175 1373/2484/3167
f 207/1539/1875 208/1564/1908 212/1542/1877
f 211/2452/3176 213/2454/3176 224/1556/3176
f 211/2452/3177 224/1556/1898 212/1542/1897
f 224/1556/1912 227/2496/3178 225/1566/1913
f 222/2468/3125 225/1566/3162 227/2496/3156
f 214/2453/3086 227/2496/3178 224/1556/1912
f 213/2454/3179 214/2453/3179 224/1556/3179
f 221/1250/1512 223/1270/1535 227/2496/3156
f 214/2453/3086 226/1251/1516 227/2496/3178
f 221/1250/1512 227/2496/3156 226/1251/1513
f 13/1533/1867 30/1528/1862 27/1532/1866
f 27/1532/1866 82/1530/1864 81/1567/1914
f 13/1533/1867 27/1532/1866 26/1260/1526
f 31/1529/1863 86/1548/1883 85/1531/1865
f 13/1533/1869 16/1242/1503 25/1244/1505
f 18/1534/1868 25/1244/1505 19/1541/1876
f 293/1547/1882 294/1546/1881 296/1577/1927
f 30/1528/1862 229/1544/1879 86/1548/1883
f 215/1535/3180 231/1560/3180 230/1536/3180
f 219/1477/1894 259/1474/3181 233/1554/1895
f 215/1535/3182 218/2505/3183 219/1477/3184
f 215/1535/3185 232/1555/3186 231/1560/3187
f 231/1560/3187 232/1555/3186 233/1554/3188
f 218/2505/3183 220/1565/3142 219/1477/1793
f 216/1543/1899 220/1565/3142 218/2505/3183
f 216/1543/1899 218/2505/3183 217/1540/1910
f 216/1543/1899 224/1556/1898 220/1565/3142
f 269/1552/3141 272/1601/1950 270/1558/3189
f 234/1545/1880 235/1557/1900 237/1559/1902
f 234/1545/1880 237/1559/3190 294/1546/1881
f 237/1559/3190 295/1622/1976 294/1546/1881
f 270/1558/3189 272/1601/1950 303/1602/1952
f 237/1559/1902 270/1558/1901 303/1602/3191
f 269/1552/3192 270/1558/3192 271/1553/3192
f 235/1557/1905 236/2506/3193 270/1558/3194
f 231/1560/1904 236/2506/3193 235/1557/1905
f 236/2506/3193 271/1553/3195 270/1558/3194
f 81/2456/1914 84/1562/1906 83/1266/3196
f 83/1266/3197 84/1562/1907 89/1409/1711
f 83/1266/3197 89/1409/1711 88/1407/1709
f 87/1563/1886 91/2507/1887 92/1610/1958
f 87/1563/1886 92/1610/1958 89/1409/1711
f 89/1409/1711 92/1610/1958 94/1614/1964
f 208/1564/1908 211/2452/3084 212/1542/1877
f 30/1528/1862 86/1548/1883 31/1529/1863
f 231/1560/3187 233/1554/3188 236/2506/3198
f 215/1535/3182 217/1540/1910 218/2505/3183
f 233/1554/3188 271/1553/3199 236/2506/3198
f 273/1473/1789 274/1466/1782 306/1571/1918
f 272/1601/1950 306/1571/1918 304/1569/1916
f 323/1588/3200 326/2508/3201 327/2509/3202
f 334/1591/3203 333/2510/3204 335/2511/3204
f 274/1466/1782 1393/2469/3126 308/1572/1919
f 308/1572/1919 1393/2469/3126 1425/1625/3205
f 1395/2512/3206 1399/2513/3207 1425/1625/3207
f 1413/2472/3128 1418/2514/3208 1416/2515/3209
f 1425/1625/3210 1427/2516/3211 1426/1599/1949
f 1398/2517/3212 1411/2518/3213 1413/2472/3128
f 1400/1596/3214 1401/2519/3215 1404/2520/3216
f 1413/2472/3134 1414/2521/3217 1423/2522/3217
f 91/1550/1887 293/1547/1882 298/2523/1955
f 269/1552/3141 273/1473/3140 272/1601/1950
f 272/1601/1950 273/1473/1789 306/1571/1918
f 237/1559/3190 303/1602/3218 297/1568/1915
f 237/1559/3190 297/1568/1915 295/1622/1976
f 294/1546/1881 295/1622/1976 296/1577/1927
f 438/1615/1965 439/1613/1963 440/2461/3109
f 91/2507/1887 298/1607/1955 93/1606/1959
f 91/2507/1887 93/1606/1959 92/1610/1958
f 92/1610/1958 435/1611/1960 94/1614/1964
f 504/1616/3219 510/1651/3219 511/1641/3219
f 504/1616/3220 511/1641/1994 514/1617/2034
f 505/1612/1962 514/1617/1968 513/1618/1969
f 506/1619/1970 513/1618/1969 515/1383/1684
f 513/1618/1969 514/1617/1968 515/1383/1684
f 504/1616/3221 508/1621/3222 510/1651/2004
f 507/1605/1953 523/1595/1945 509/1620/1972
f 503/1609/1957 507/1605/1953 509/1620/1972
f 274/1466/1782 308/1572/1919 306/1571/1918
f 1393/2469/3126 1409/2524/3223 1396/2525/3224
f 323/1588/3200 324/2526/3225 325/2527/3226
f 293/1547/1882 299/1580/1930 298/2523/1955
f 439/1613/1963 506/1619/1970 440/2461/3109
f 320/1593/1944 334/1591/1942 526/1628/1981
f 334/1591/1942 530/1815/3227 526/1628/1981
f 534/1630/1983 536/2528/3228 537/2529/3229
f 530/1815/3227 533/2530/3230 535/2531/3231
f 1740/1667/2026 1739/2532/3232 1741/2533/3233
f 1740/1667/2026 1737/2534/3234 1738/2535/3235
f 514/1617/1968 519/1643/1996 515/1383/1684
f 512/1636/1991 550/1638/3236 551/1639/1992
f 550/1638/3236 556/1652/2007 551/1639/1992
f 551/1639/1992 556/1652/2007 553/1642/2010
f 517/2536/3237 544/1659/2016 518/1645/1998
f 518/1645/1998 544/1659/2016 546/1661/2018
f 518/1645/1998 546/1661/2018 555/1646/1999
f 517/2536/3238 545/1650/2003 544/1659/2035
f 509/1620/1972 545/1650/2003 517/2536/3238
f 544/1659/2035 545/1650/2003 547/1649/2002
f 509/1620/1972 525/1647/2000 545/1650/2003
f 508/1621/1973 509/1620/1972 517/2536/3238
f 508/1621/3222 517/2536/3237 518/1645/1998
f 508/1621/3222 518/1645/1998 510/1651/2004
f 509/1620/1972 523/1595/1945 524/1629/1982
f 561/1653/2006 585/1668/2027 584/1679/2040
f 560/1655/2011 561/1653/2008 583/1657/2014
f 561/1653/2006 584/1679/2040 583/1657/3239
f 583/1657/3239 584/1679/2040 587/1713/2074
f 557/1644/1997 562/1656/2013 559/2464/3112
f 562/1656/2013 600/1675/2036 599/2537/3240
f 1746/1635/1987 1789/1670/2029 1786/1665/2023
f 1786/1665/2022 1789/1670/2029 1787/1666/2025
f 1787/1666/2025 1789/1670/2029 1790/1715/2076
f 541/1632/1985 1740/1667/2026 548/1648/2001
f 580/1663/2020 1787/1666/2025 585/1668/2027
f 561/1653/2006 582/1664/2021 585/1668/2027
f 584/1679/2040 585/1668/2027 586/1676/2037
f 1772/2538/3241 1753/2539/3242 1754/2540/3243
f 541/1632/1985 540/2541/3244 542/2542/3244
f 519/1643/1996 557/1644/1997 559/2464/3112
f 510/1651/2004 554/1637/1989 512/1636/1988
f 510/1651/3245 512/1636/3245 511/1641/3245
f 581/1658/2015 583/1657/2014 600/1675/2036
f 1734/2543/3246 1735/2544/3246 1740/1667/2026
f 583/1657/3239 587/1713/2074 603/1683/2044
f 583/1657/3239 603/1683/2044 600/1675/2036
f 587/1713/2074 588/1678/2039 1796/1682/2043
f 587/1713/2074 1796/1682/2043 603/1683/2044
f 1787/1666/2025 1790/1715/2076 1788/1714/2075
f 585/1668/2027 1787/1666/2025 1793/1680/2041
f 585/1668/2027 1793/1680/2041 586/1676/2037
f 1787/1666/2025 1788/1714/2075 1793/1680/2041
f 1788/1714/2075 1791/1695/2056 1794/1708/2069
f 1788/1714/2075 1794/1708/2069 1793/1680/2041
f 1793/1680/2041 1794/1708/2069 1795/1677/2038
f 1789/1670/2029 1791/1695/2056 1790/1715/2076
f 1772/2545/3241 1776/1698/2088 1809/1700/3247
f 1757/1669/3248 1772/2538/3241 1809/1696/3247
f 1826/1691/2052 1828/2240/2709 1829/1692/2053
f 1791/1695/2056 1797/1703/2064 1794/1708/2069
f 1791/1695/2056 1792/1697/2058 1797/1703/2064
f 1798/1681/2042 1799/1706/2067 1818/1707/2068
f 1776/1698/2059 1813/1770/3249 1810/1699/2060
f 1810/1699/3250 1813/1770/2142 1812/2546/3251
f 1810/1699/3250 1812/2546/3251 1816/1765/3252
f 1810/1702/2063 1816/1767/2139 1817/1704/2065
f 1817/1704/2065 1973/2547/3253 1823/1711/2072
f 1831/1712/2073 1989/2222/2687 1833/1710/2071
f 600/1675/2036 603/1683/2044 602/1685/2046
f 599/2537/3240 600/1675/2036 602/1685/2046
f 1772/2545/3241 1775/1729/2090 1776/1698/2088
f 1757/1669/2028 1809/1696/2057 1789/1670/2029
f 1789/1670/2029 1809/1696/2057 1791/1695/2056
f 1794/1708/2069 1797/1703/2064 1799/1706/2067
f 1823/1711/2072 1973/2547/3253 1974/2548/3254
f 1823/1711/2072 1974/2548/3255 1831/1712/2073
f 1772/2545/3241 1774/2549/3256 1773/1779/2152
f 1768/2550/3257 1772/2545/3241 1767/2551/3258
f 1776/1698/2059 1814/1728/3259 1813/1770/3249
f 1908/1737/2155 1910/1741/2102 1909/1738/2099
f 1936/1747/2113 1938/1750/2116 1937/1745/2111
f 1937/1745/3260 1938/1750/2116 1941/1751/2118
f 1937/1745/3260 1941/1751/2118 1946/1746/3261
f 1941/1751/2118 1944/1748/2117 1946/1746/3261
f 1566/1732/2093 1567/1756/2195 1569/1733/2094
f 1567/1756/2195 1572/1758/2154 1569/1733/2094
f 1551/1812/2201 1573/1759/2130 1568/1757/2128
f 1575/2552/3262 1940/1762/2134 1576/1761/2133
f 1551/1812/2201 1576/1761/2133 1573/1759/2130
f 1551/1812/2201 1571/2180/2634 1576/1761/2133
f 1551/1812/2201 1570/1790/2171 1571/2180/2634
f 1571/2180/2634 1575/2552/3262 1576/1761/2133
f 1812/2546/3251 1813/1770/2142 1815/1763/2135
f 1812/2546/3251 1815/1763/2135 1816/1765/2137
f 1816/1767/2139 1973/2547/3253 1817/1704/2065
f 1816/1767/2139 1927/1769/2141 1973/2547/3253
f 1921/1772/2145 1924/1773/2146 1942/2553/3263
f 1921/1772/2145 1923/2209/2672 1925/1774/2147
f 1917/1771/2144 1925/1774/2147 1932/2211/2674
f 1915/1764/2136 1917/1771/2144 1932/2211/2674
f 1915/1764/2136 1932/2211/2674 1928/1775/2148
f 1927/1769/2141 1928/1776/2149 1929/1777/2150
f 1972/1778/2151 1974/2548/3254 1973/2547/3253
f 1908/1737/2155 1936/1747/2113 1910/1741/2102
f 1922/1752/2119 1945/1754/2123 1942/2553/3263
f 1576/1761/2133 1940/1762/2134 1938/1750/2116
f 1940/1762/3264 1943/1753/2122 1944/1748/2121
f 1922/1752/2119 1942/2553/3263 1924/1773/2146
f 1927/1769/2141 1972/1778/2151 1973/2547/3253
f 1921/1772/2145 1942/2553/3263 1923/2209/2672
f 329/1592/3265 330/2554/3265 331/2555/3265
f 1374/1514/1839 1378/1808/3266 1376/2502/3168
f 1379/1524/1855 1380/1518/1843 1527/1781/2156
f 1522/1505/1829 1531/1507/1831 1523/1526/2164
f 1380/1518/1857 1523/1526/2163 1527/1781/2158
f 1370/1491/1809 1454/1807/2189 1446/2487/3146
f 1449/2556/3267 1448/2557/3267 1454/1807/2192
f 1452/2558/3268 1454/1807/2192 1453/2559/3268
f 1370/1491/1809 1375/2495/3155 1377/1806/2187
f 1370/1491/1809 1377/1806/2187 1454/1807/2189
f 1375/2495/3269 1376/2502/3270 1377/1806/3271
f 1377/1806/3272 1378/1808/2191 1545/1800/2186
f 1376/2502/3270 1378/1808/3273 1377/1806/3271
f 1460/1804/3274 1462/2560/3274 1459/2561/3274
f 1552/1794/2194 1566/1732/2093 1565/1734/2095
f 1549/1811/2202 1568/1757/2128 1567/1756/2127
f 1550/1791/2172 1570/1790/2171 1551/1812/2201
f 530/1815/2204 529/2562/3275 531/2563/3276
f 1374/1514/1839 1381/1515/1840 1378/1808/3266
f 1523/1526/2164 1531/1507/1831 1526/1786/2165
f 1526/1786/2165 1531/1507/1831 1537/2170/2624
f 1526/1786/2165 1537/2170/2624 1529/1787/2167
f 1563/2564/3277 1565/1734/2095 1564/2565/3277
f 405/1816/2210 1474/1818/2212 1473/1850/2256
f 1473/1850/2256 1474/1818/2212 1480/1848/2254
f 386/1832/2231 389/2294/2778 390/1833/2232
f 389/2294/2778 391/86/101 390/1833/2232
f 145/129/2792 147/130/155 146/1834/2233
f 157/120/3278 373/1839/2240 347/1835/2243
f 364/1830/2244 373/1839/2240 385/2298/2782
f 364/1830/2227 385/2298/2782 386/1832/2784
f 403/1842/2247 1471/1857/2263 1340/2458/3100
f 398/1840/2245 403/1842/2247 399/1288/1559
f 403/1842/2247 1470/1843/2248 1471/1857/2263
f 404/1846/2252 1473/1850/2256 1475/1847/2253
f 404/1846/2252 405/1816/2210 1473/1850/2256
f 346/1838/2239 348/1328/1603 349/1329/1604
f 346/1838/2239 349/1329/1604 347/1835/2243
f 348/1328/3279 351/1836/3279 350/1337/3279
f 348/1328/3280 352/1837/2236 351/1836/2235
f 355/1336/3106 363/1823/2217 360/1820/2214
f 288/1289/1557 399/1288/1559 403/1842/2247
f 364/1830/2227 386/1832/2784 367/1828/2228
f 390/1833/2232 391/86/101 407/1819/2213
f 404/1846/2252 1475/1847/2253 1470/1843/2248
f 351/1836/3103 362/1825/2219 363/1823/2217
f 346/1838/2239 352/1837/2241 348/1328/1603
f 360/1820/2214 361/1822/2216 398/1840/2245
f 288/1289/1557 403/1842/2247 1340/2458/3100
f 1340/2458/3100 1471/1857/2263 1472/1863/2269
f 1474/1818/2212 1482/1817/2211 1480/1848/2254
f 1480/1848/2254 1482/1817/2211 1490/1851/2257
f 1470/1843/2248 1477/1858/2264 1471/1857/2263
f 1470/1843/2248 1475/1847/2253 1477/1858/2264
f 1340/2458/3100 1472/1863/2269 1341/2457/3099
f 1495/1862/2268 1496/1865/2271 1503/1904/2317
f 1497/1864/2270 1501/1869/2275 1508/1910/2323
f 1492/1856/2262 1514/1974/2399 1516/1874/2282
f 1386/1876/2284 1387/1875/2283 1391/2167/2621
f 1387/1875/2283 1495/1862/2268 1503/1904/2317
f 1482/1817/2211 1486/1854/3281 1490/1851/2257
f 1512/1855/2261 1517/1877/2285 1518/1884/3282
f 1497/1864/2270 1508/1910/2323 1506/1878/2286
f 1496/1865/2271 1504/1905/2318 1503/1904/2317
f 1496/1865/2271 1507/1880/2288 1504/1905/2318
f 1496/1865/2271 1497/1864/2270 1507/1880/2288
f 1497/1864/2270 1506/1878/2286 1507/1880/2288
f 1508/1910/2323 1510/1881/2289 1606/1883/2291
f 1501/1869/2275 1502/1871/2277 1508/1910/2323
f 1502/1871/2280 1510/1881/2289 1508/1910/3283
f 1502/1871/2280 1509/1872/2279 1510/1881/2289
f 1509/1872/2279 1511/1882/2290 1510/1881/2289
f 1509/1872/2279 1518/1884/3282 1511/1882/2290
f 1509/1872/2279 1512/1855/2261 1518/1884/3282
f 1517/1877/2285 1519/1893/2302 1625/1886/2294
f 1516/1874/2282 1519/1893/2302 1517/1877/2285
f 1516/1874/2282 1521/1947/2368 1519/1893/2302
f 1519/1893/2302 1521/1947/2368 1628/1903/2316
f 1612/1888/2296 1618/1922/2335 1615/1889/2297
f 1607/1901/2314 1613/1902/2313 1611/1900/3284
f 1605/1896/3285 1607/1901/3285 1608/1899/3285
f 1604/1887/2295 1615/1889/2297 1613/1902/2313
f 1635/1891/2299 1636/1892/2300 1637/1923/2336
f 1626/1894/2303 1632/2566/3286 1636/1892/2301
f 1632/2566/3286 1633/2567/3287 1636/1892/2301
f 1626/1894/2303 1638/1960/2381 1632/2566/3286
f 1626/1894/2303 1628/1903/2316 1638/1960/2381
f 1391/2167/2621 1505/1906/2319 1392/2168/2622
f 1387/1875/2283 1505/1906/2319 1391/2167/2621
f 1387/1875/2283 1503/1904/2317 1505/1906/2319
f 1392/2168/2622 1505/1906/2319 1534/1907/2320
f 1505/1906/2319 1603/1908/2321 1534/1907/2320
f 1536/1909/2322 1603/1908/2321 1619/2568/3288
f 1603/1908/2321 1610/1897/2306 1619/2568/3288
f 1610/1897/2306 1622/1926/2340 1619/2568/3288
f 1610/1897/2306 1620/1929/3289 1622/1926/2340
f 1610/1897/2306 1614/1898/2307 1620/1929/3289
f 1517/1877/2285 1625/1886/2294 1518/1884/3282
f 1508/1910/2323 1606/1883/2291 1605/1896/2305
f 1632/2566/3286 1638/1960/2381 1633/2567/3287
f 1633/2567/3287 1638/1960/2381 1640/1956/2377
f 1661/1914/2327 1669/1954/2375 1670/1912/2325
f 1656/1919/2332 1663/1918/2331 1668/1913/2326
f 1650/1916/2329 1657/1920/2333 1663/1918/2331
f 1656/1919/2332 1672/2569/3290 1692/1946/2366
f 1656/1919/2332 1668/1913/2326 1672/2569/3290
f 1657/1920/2333 1668/1913/2326 1663/1918/2331
f 1668/1913/2326 1670/1912/2325 1672/2569/3290
f 1670/1912/2325 1673/2017/2449 1672/2569/3290
f 1672/2569/3290 1710/2014/2444 1692/1946/2366
f 1672/2569/3290 1709/2015/2445 1710/2014/2444
f 1612/1888/2296 1637/1923/2336 1618/1922/2335
f 1612/1888/2296 1635/1891/2299 1637/1923/2336
f 1613/1902/2313 1615/1889/2297 1616/1921/2334
f 1615/1889/2297 1618/1922/2335 1616/1921/2334
f 1633/2567/3287 1634/1925/2339 1636/1892/2301
f 1634/1925/2339 1640/1956/2377 1661/1914/2327
f 1619/2568/3288 1624/2570/3291 1621/2179/2633
f 1622/1926/2340 1645/1928/2342 1624/2570/3291
f 1619/2568/3288 1622/1926/2340 1624/2570/3291
f 1646/1933/3292 1647/1932/3292 1681/2571/3292
f 1647/1932/2346 1684/2572/3293 1681/2571/3294
f 1647/1932/2346 1651/1931/2345 1684/2572/3293
f 1651/1931/2345 1685/2573/3295 1684/2572/3293
f 1614/1898/3296 1623/1927/3296 1620/1929/3296
f 1611/1900/2309 1623/1927/2350 1614/1898/2310
f 1611/1900/3284 1613/1902/2313 1617/1935/3297
f 1652/1937/2357 1690/1939/2358 1685/2573/3295
f 1648/1938/2356 1653/1917/2330 1649/1942/2362
f 1702/1945/3298 1703/1944/3299 1705/2259/2729
f 1703/1944/3299 1707/2051/2491 1705/2259/2729
f 1689/2257/2727 1691/1941/2361 1692/1946/2366
f 1688/2255/2725 1691/1941/2361 1689/2257/2727
f 1689/2257/2727 1692/1946/2366 1702/1945/3300
f 1693/1943/2363 1695/2013/2443 1703/1944/2364
f 1692/1946/2366 1694/2011/2441 1693/1943/2363
f 1693/1943/2363 1694/2011/2441 1695/2013/2443
f 1685/2573/3295 1690/1939/2358 1688/2255/2725
f 1642/1915/2328 1653/1917/2330 1648/1938/2356
f 1692/1946/2366 1710/2014/2444 1694/2011/2441
f 1634/1925/2339 1661/1914/2327 1659/1924/2337
f 1633/2567/3287 1640/1956/2377 1634/1925/2339
f 1536/1909/2322 1619/2568/3288 1621/2179/2633
f 1651/1931/2345 1652/1937/2355 1685/2573/3295
f 1688/2255/2725 1690/1939/2358 1691/1941/2361
f 1516/1874/2282 1520/1950/2371 1521/1947/2368
f 1521/1947/2368 1629/1949/2370 1628/1903/2316
f 1493/2296/2780 1515/1975/2400 1514/1974/2399
f 1493/2296/2780 1494/63/73 1515/1975/2400
f 1515/1975/2400 2076/1951/2372 1520/1950/2371
f 1494/63/73 2076/1951/2372 1515/1975/2400
f 2082/1948/2369 2221/1963/2384 2220/1962/2383
f 1669/1954/2375 1671/2052/2492 1670/1912/2325
f 1640/1956/2377 1660/1955/2376 1661/1914/2327
f 1628/1903/2316 1630/1961/2382 1638/1960/2381
f 1638/1960/2381 1641/1959/2380 1640/1956/2377
f 1628/1903/2316 1629/1949/2370 1630/1961/2382
f 2221/1963/2384 2222/65/75 2234/1966/2387
f 2232/2574/3301 2271/1970/2393 2234/1966/2387
f 2222/65/75 2232/2574/3301 2234/1966/2387
f 1667/1969/3302 2263/1998/3303 2272/2575/3304
f 1667/1969/3305 2271/1970/3306 2263/1998/3307
f 1674/2576/3308 1678/2577/3309 1676/1972/3310
f 1639/1976/2401 1662/1957/2378 1641/1959/2380
f 1639/1976/2401 2233/1965/2386 1662/1957/2378
f 1676/1972/2395 1677/2578/3311 1715/1973/2396
f 1666/1971/2398 1667/1969/2390 1676/1972/3312
f 1667/1969/3302 1674/2576/3313 1676/1972/3314
f 1667/1969/3302 2272/2575/3304 1674/2576/3313
f 1678/2577/3309 1717/2579/3315 1716/2054/3316
f 1677/2578/3317 1678/2577/3318 1716/2054/3319
f 1492/1856/2262 1493/2296/2780 1514/1974/2399
f 1669/1954/2375 1675/1953/2374 1671/2052/2492
f 2222/65/75 2224/2286/2757 2232/2574/3301
f 1671/2052/2492 1675/1953/2374 1714/2019/2451
f 1675/1953/2374 1715/1973/2396 1714/2019/2451
f 1676/1972/3320 1678/2577/3318 1677/2578/3317
f 2232/2574/3321 2260/1979/3322 2271/1970/3306
f 2232/2574/3323 2235/1977/2402 2260/1979/2404
f 2224/2286/2757 2237/2287/2759 2235/1977/3324
f 2235/1977/3324 2237/2287/2759 2240/960/1180
f 2240/960/1180 2266/1983/3041 2257/1981/2406
f 2266/1983/2415 2267/962/1183 2277/1985/2413
f 2303/1993/2422 2307/1994/2423 2306/2006/2436
f 2306/2006/2436 2307/1994/2423 2310/1988/2417
f 2307/1994/2423 2317/1991/2420 2310/1988/2417
f 2279/1992/2421 2308/2433/3042 2307/1994/2423
f 2307/1994/2423 2308/2433/3042 2309/2434/3325
f 1674/2576/3313 2272/2575/3304 2268/2580/3326
f 2262/1995/3327 2268/2580/3326 2272/2575/3304
f 2262/1995/3328 2272/2575/3328 2263/1998/3328
f 2262/1995/2424 2269/1997/2426 2268/2580/3329
f 2260/1979/3322 2263/1998/3307 2271/1970/3306
f 1674/2576/3308 2274/2010/2440 1678/2577/3309
f 2268/2580/3330 2275/2000/2430 2274/2010/2440
f 2268/2580/3331 2269/1997/3331 2275/2000/3331
f 2269/1997/3332 2270/1996/2425 2275/2000/2430
f 1678/2577/3309 2274/2010/2440 1679/2001/2431
f 1731/2056/2495 2305/2005/2435 2316/2581/3333
f 2305/2005/2435 2314/2007/2437 2316/2581/3333
f 2314/2007/2437 2315/1990/2419 2316/2581/3333
f 2306/2006/2436 2315/1990/2419 2314/2007/2437
f 2304/2004/2434 2306/2006/2436 2314/2007/2437
f 1678/2577/3309 1679/2001/2431 1717/2579/3315
f 1679/2001/2431 1719/2003/2433 1717/2579/3315
f 2312/1014/1240 2313/1989/2418 2317/1991/2420
f 2312/1014/1240 2649/1008/1232 2641/2008/2438
f 2312/1014/1240 2669/1009/1233 2649/1008/1232
f 2313/1989/2418 2641/2008/2438 2666/2009/2439
f 2316/2582/3333 2666/2076/2439 2667/2078/2515
f 2315/1990/2419 2666/2009/2439 2316/2581/3333
f 2224/2286/3334 2235/1977/2402 2232/2574/3323
f 2307/1994/2423 2309/2434/3325 2317/1991/2420
f 1674/2576/3308 2268/2580/3335 2274/2010/2440
f 1719/2003/2433 2305/2005/2435 1731/2056/2495
f 1670/1912/2325 1671/2052/2492 1673/2017/2449
f 1731/2056/2495 2316/2581/3333 1732/2057/2487
f 1715/1973/2463 1716/2054/3336 1718/2030/2464
f 1677/2578/3337 1716/2054/3336 1715/1973/2463
f 1717/2579/3315 1730/2055/2467 1729/2031/2466
f 1717/2579/3315 1719/2003/2433 1730/2055/2467
f 1719/2003/2433 1731/2056/2495 1730/2055/2467
f 1706/2583/2493 1723/2035/2453 2024/2034/2469
f 1721/2033/2468 2007/2038/2472 2024/2034/2469
f 1722/2039/3338 2008/2127/2574 2007/2038/2472
f 2019/2050/2490 2039/2043/2481 2041/2046/2485
f 2018/2049/2489 2019/2050/2490 2020/2584/3339
f 2012/2136/2582 2018/2049/2489 2020/2584/3339
f 1695/2013/2443 1707/2051/2491 1703/1944/3299
f 1704/2020/2452 1706/2053/2493 1707/2051/2491
f 1672/2569/3290 1673/2017/2449 1709/2015/2445
f 1716/2054/3316 1717/2579/3315 1729/2031/3340
f 1722/2039/3338 2006/2129/3341 2008/2127/2574
f 1722/2039/2482 2009/2048/2488 2006/2129/2575
f 1842/2316/2817 1844/2058/2496 1845/268/315
f 1844/2058/2496 1846/2060/2498 1845/268/315
f 623/266/313 1840/2102/2539 626/270/317
f 1840/2102/2539 1882/2101/2538 1844/2058/2496
f 1840/2102/2539 1844/2058/2496 1842/2316/2817
f 626/270/317 1840/2102/2539 1842/2316/2817
f 1732/2047/2487 2667/2078/2515 2041/2046/2485
f 1845/268/315 1846/2060/2498 2469/269/316
f 1846/2060/2498 1858/2062/2500 2480/2064/2502
f 1856/2585/3342 1857/2059/3343 1882/2101/2538
f 1844/2058/2496 1882/2101/2538 1857/2059/2497
f 1856/2585/3342 1895/2073/2511 1857/2059/2497
f 1860/2074/2512 1899/2108/2545 2014/2075/2513
f 2012/2136/2582 2023/2069/2507 2015/2586/3344
f 2020/2584/3339 2021/2070/2508 2023/2069/2507
f 2014/2075/2513 2015/2586/3345 2023/2069/2507
f 1899/2108/2545 2015/2586/3345 2014/2075/2513
f 2636/2587/2860 2637/2588/2516 2649/1008/1232
f 2635/506/3346 2636/2334/3346 2647/507/3346
f 2636/2587/2860 2649/1008/1232 2647/1011/589
f 2485/2063/2501 2637/2079/2516 2487/509/592
f 2487/509/592 2637/2079/2516 2636/2334/2860
f 2040/2071/2509 2041/2046/2485 2667/2078/2515
f 2013/2066/2504 2016/2068/2506 2022/2072/2510
f 2013/2066/2504 2022/2072/2510 2668/2077/2514
f 2012/2136/2582 2020/2584/3339 2023/2069/2507
f 2019/2050/2490 2021/2070/2508 2020/2584/3339
f 2637/2588/2516 2641/2008/2438 2649/1008/1232
f 1732/2047/2487 2316/2582/3333 2667/2078/2515
f 2641/2081/2438 2642/2080/2517 2666/2076/2439
f 606/2589/3347 611/2590/3347 613/2314/3347
f 618/2591/3348 622/2315/2816 619/262/309
f 632/1368/1666 638/2083/2519 636/2082/2518
f 631/1366/1664 636/2082/2518 637/2085/2521
f 638/2083/2519 640/1380/1681 649/2592/3349
f 638/2083/2519 649/2592/3349 650/2593/3350
f 637/2085/2521 651/2084/2520 667/2086/2522
f 651/2084/2520 668/2090/2526 667/2086/2522
f 623/266/313 662/2089/2525 1840/2102/2539
f 662/2089/2525 663/2096/2532 1840/2102/2539
f 638/2083/2519 650/2593/3350 651/2084/2520
f 650/2593/3350 655/2109/2547 656/2103/2540
f 650/2593/3350 656/2103/2546 651/2084/2520
f 649/2592/3349 1872/2150/2601 1873/2152/2604
f 649/2592/3349 1873/2152/2604 655/2109/2547
f 655/2109/2547 1873/2152/2604 1874/2104/2541
f 1870/2164/2618 1893/2594/3351 1874/2104/2541
f 1881/2098/3352 1893/2594/3351 1897/2121/2563
f 1881/2098/3352 1897/2121/2563 1894/2105/2542
f 1860/2074/2512 1895/2073/2511 1899/2108/2545
f 1856/2585/3342 1879/2100/2537 1892/2106/2543
f 1894/2105/2542 1898/2123/2565 1896/2107/2544
f 1896/2107/2544 1898/2123/2565 1899/2108/2545
f 1898/2123/2565 2047/2137/2583 1899/2108/2545
f 1899/2108/2545 2047/2137/2583 2015/2586/3345
f 649/2592/3349 655/2109/2547 650/2593/3350
f 1874/2104/2541 1893/2594/3351 1881/2098/3352
f 1894/2105/2542 1897/2121/2563 1898/2123/2565
f 1856/2585/3342 1882/2101/2538 1879/2100/2537
f 1856/2585/3342 1892/2106/2543 1895/2073/2511
f 1851/2110/3353 1852/2130/3354 1990/2111/3355
f 1888/2120/2562 1897/2121/2563 1893/2594/3351
f 1855/2119/2559 1891/2116/2560 1887/2162/2616
f 1887/2162/2616 1891/2116/2556 1888/2120/2562
f 1706/2583/2493 2025/2125/2567 2026/2275/2732
f 1706/2583/2493 2024/2034/2469 2025/2125/2567
f 1994/2124/2566 2024/2034/2469 2007/2038/2472
f 1993/2128/2573 1994/2124/2566 2007/2038/2472
f 1993/2128/2573 2007/2038/2472 2008/2127/2574
f 1991/2112/2555 2008/2127/3356 2006/2129/2575
f 1995/2156/2608 1996/2595/3357 2000/2131/2577
f 2009/2048/2488 2010/2040/2478 2017/2135/2584
f 2010/2040/2478 2018/2049/2489 2017/2135/2584
f 2012/2136/2582 2015/2586/3344 2047/2137/2583
f 1996/2595/3357 2005/2133/2579 2000/2131/2577
f 1851/2110/2554 1853/2113/2551 1854/2115/2553
f 1898/2123/2565 2046/2122/2564 2047/2137/2583
f 1994/2124/2566 2005/2133/2579 2025/2125/2567
f 647/1379/1680 1862/2138/2589 1863/2141/2591
f 648/1378/3358 653/2144/2594 652/2148/2599
f 640/1380/1681 648/1378/1679 649/2592/3349
f 648/1378/1679 652/2148/2599 649/2592/3349
f 646/2460/3108 1863/2141/2591 1864/2145/2595
f 646/2460/3108 1864/2145/2595 653/2144/2594
f 649/2592/3349 654/2147/2598 1872/2150/2601
f 1870/2164/2618 1874/2104/2541 1873/2152/2604
f 1849/2157/2609 1995/2156/2608 1852/2130/2576
f 1852/2130/2576 1995/2156/2608 2000/2131/2577
f 1848/2160/2612 1849/2157/2609 1852/2130/2576
f 1848/2160/3359 1852/2130/3354 1851/2110/3353
f 1848/2160/2615 1851/2110/2554 1854/2115/2553
f 1887/2162/2616 1888/2120/2562 1889/2163/2617
f 1870/2164/2618 1889/2163/2617 1888/2120/2562
f 1870/2164/2618 1888/2120/2562 1893/2594/3351
f 1850/2155/2607 1996/2595/3357 1995/2156/2608
f 646/2460/3108 647/1379/1680 1863/2141/2591
f 649/2592/3349 652/2148/2599 654/2147/2598
f 646/2460/3108 653/2144/2594 648/1378/3358
f 1883/2158/2610 1884/2596/3360 1885/2154/2606
f 1850/2155/2607 1885/2154/2606 1884/2596/3360
f 1854/2115/2553 1855/2119/2559 1887/2162/2616
f 1352/1502/1825 1386/1876/2284 1391/2167/2621
f 1388/1503/1826 1391/2167/2621 1533/2165/2619
f 1389/1504/1828 1530/2166/2620 1531/1507/1831
f 1534/1907/2320 1540/2178/2632 1535/2174/2628
f 1534/1907/2320 1536/1909/2322 1540/2178/2632
f 1536/1909/2322 1621/2179/2633 1540/2178/2632
f 1529/1787/2167 1537/2170/2624 1538/2171/2625
f 1570/1790/2171 1578/2181/2635 1571/2180/2634
f 1529/1787/2167 1578/2181/2635 1570/1790/2171
f 1529/1787/2167 1538/2171/2625 1578/2181/2635
f 1579/2183/2637 1582/2185/2639 1580/2182/2636
f 1583/2186/2640 1624/2570/3291 1680/2189/2643
f 1645/1928/3361 1682/2597/3362 1680/2189/3363
f 1624/2570/3291 1645/1928/2342 1680/2189/2643
f 1680/2189/3363 1682/2597/3362 1683/2199/2658
f 1681/2571/3364 1683/2199/2658 1682/2597/3365
f 1581/2184/2638 1584/2176/2630 1585/2190/2644
f 1584/2176/2630 1586/2187/2641 1585/2190/2644
f 1681/2571/3294 1684/2572/3293 1686/2202/2663
f 1352/1502/1825 1391/2167/2621 1388/1503/1826
f 1392/2168/2622 1534/1907/2320 1533/2165/2619
f 1543/2177/2631 1621/2179/2633 1624/2570/3291
f 1645/1928/2367 1681/2571/3364 1682/2597/3365
f 1645/1928/2367 1646/1933/2349 1681/2571/3364
f 1587/2188/3366 1680/2189/3363 1683/2199/2658
f 1543/2177/2631 1624/2570/3291 1583/2186/2640
f 1596/2195/2655 1683/2199/2658 1681/2571/3364
f 1571/2180/2634 1580/2182/2636 1575/2552/3262
f 1580/2182/2636 1582/2185/2639 1588/2192/2646
f 1581/2184/2638 1585/2190/2644 1582/2185/2639
f 1575/2552/3262 1939/2598/3367 1940/1762/2134
f 1940/1762/3264 1945/1754/2123 1943/1753/2122
f 1575/2552/3262 1577/2216/2681 1939/2598/3367
f 1939/2598/3367 1945/1754/2123 1940/1762/3264
f 1577/2216/2681 1948/2599/3368 1939/2598/3367
f 1939/2598/3367 1948/2599/3368 1945/1754/2123
f 1585/2190/2644 1593/2193/2647 1589/2191/2645
f 1585/2190/2644 1586/2187/2641 1593/2193/2647
f 1586/2187/2641 1587/2188/2642 1593/2193/2647
f 1587/2188/3366 1683/2199/2658 1593/2193/2657
f 1599/2198/3369 1600/2200/3370 1961/2600/3371
f 1598/2201/2662 1687/2203/2664 1696/2269/2739
f 1596/2195/2655 1681/2571/3364 1686/2202/2661
f 1684/2572/3293 1687/2203/2664 1686/2202/2663
f 1954/2204/2665 1956/2206/2667 1964/2601/3372
f 1956/2206/2667 1962/2208/2669 1967/2219/3373
f 1958/2207/3374 1961/2600/3371 1962/2208/3375
f 1599/2198/3376 1958/2207/2668 1955/2205/2670
f 1599/2198/3369 1961/2600/3371 1958/2207/3374
f 1931/2213/2679 1934/2602/3377 1933/2215/2680
f 1931/2213/2679 1964/2601/3372 1934/2602/3377
f 1931/2213/2679 1954/2204/2665 1964/2601/3372
f 1929/1777/2150 1933/2247/2680 1972/1778/2151
f 1575/2552/3262 1580/2182/2636 1577/2216/2681
f 1598/2201/2662 1696/2269/2739 1600/2200/3378
f 1684/2572/3293 1685/2573/3295 1687/2203/2664
f 1931/2213/2677 1953/2214/2678 1954/2204/3379
f 1956/2206/2667 1967/2219/3373 1964/2601/3372
f 1957/2217/2682 1967/2219/2684 1962/2208/3380
f 1957/2217/3381 1970/2236/2704 1966/2220/2703
f 2001/2273/2743 2043/2234/2701 2045/2235/2702
f 1890/2244/2715 2043/2234/2701 2001/2273/2743
f 1890/2244/2715 2001/2273/2743 1997/2272/2742
f 1850/2155/2607 1884/2596/3360 1890/2244/2715
f 1890/2244/2715 1997/2272/2742 1996/2595/3357
f 1850/2155/2607 1890/2244/2715 1996/2595/3357
f 1935/2237/2706 2002/2276/2744 1987/2231/2697
f 1935/2237/2706 1970/2236/2704 2002/2276/2744
f 1822/2238/2707 1890/2244/2715 1884/2596/3360
f 1832/2245/2716 1834/1694/2055 1833/1710/2071
f 1832/2245/2716 1837/2246/2717 1834/1694/2055
f 1828/2240/2709 1834/1694/2055 1837/2246/2717
f 1828/2240/2709 1837/2246/2717 1838/2241/2710
f 1831/1712/2073 1976/2254/2724 1989/2222/2687
f 1933/2215/3382 1934/2602/3382 1965/2251/3382
f 1934/2602/3383 1964/2601/3372 1965/2251/3384
f 1965/2248/2721 1985/2250/2690 1983/2249/2720
f 1964/2601/3372 1967/2219/3373 1965/2251/3384
f 1972/1778/2151 1982/2253/3385 1974/2548/3254
f 1933/2247/2680 1982/2253/3385 1972/1778/2151
f 1974/2548/3255 1982/2253/2723 1975/2252/2722
f 1831/1712/2073 1974/2548/3255 1976/2254/2724
f 1974/2548/3255 1975/2252/2722 1976/2254/2724
f 1935/2237/2706 1987/2231/2697 1984/2230/2696
f 1987/2232/2699 2002/2277/2744 2045/2235/2702
f 1826/1691/2052 1834/1694/2055 1828/2240/2709
f 1832/2245/2716 1833/1710/2071 1989/2222/2687
f 1933/2247/2680 1983/2249/2719 1982/2253/3385
f 1705/2259/2729 1707/2051/2491 1708/2261/2731
f 1685/2573/3295 1688/2255/2725 1687/2203/2664
f 1689/2257/3386 1697/2258/3386 1698/2256/3386
f 1697/2258/2728 1701/2260/2730 1698/2256/3387
f 1697/2258/3388 1702/1945/3298 1705/2259/2729
f 1689/2257/3389 1702/1945/3298 1697/2258/3388
f 2005/2133/2579 2026/2275/2732 2025/2125/2567
f 1706/2053/2493 2032/2264/2734 1707/2051/2491
f 1706/2053/2493 2026/2262/2732 2032/2264/2734
f 2030/2263/2733 2033/2271/2741 2035/2266/2736
f 1959/2603/3390 1962/2208/3380 1961/2600/3391
f 1957/2217/2682 1962/2208/3380 1959/2603/3390
f 1996/2595/3357 1997/2272/2742 2005/2133/2579
f 1997/2272/2742 2026/2275/2732 2005/2133/2579
f 1970/2236/2704 2034/2267/2737 2002/2276/2744
f 2026/2262/2732 2033/2271/2741 2030/2263/2733
f 2003/2270/2740 2033/2271/2741 2026/2262/2732
f 1600/2200/3378 1696/2269/2739 1961/2600/3391
f 409/83/100 881/68/78 905/2604/3392
f 415/2605/3393 905/2604/3392 911/2606/3394
f 905/2604/3392 906/2607/3395 911/2606/3394
f 906/2607/3395 912/2608/3396 911/2606/3394
f 905/2604/3392 908/2291/2765 906/2607/3395
f 905/2604/3392 907/31/36 908/2291/2765
f 906/2607/3395 908/2291/2765 912/2608/3396
f 409/83/100 415/2605/3393 410/84/3397
f 411/79/95 413/2609/3398 414/90/3399
f 410/84/94 413/2609/3398 411/79/95
f 410/84/3397 415/2605/3393 413/2609/3398
f 413/2609/3398 415/2605/3393 417/2610/3400
f 416/2611/3401 417/2610/3400 1488/2612/3402
f 415/2605/3393 1487/2297/2781 417/2610/3400
f 881/68/78 907/31/36 905/2604/3392
f 409/83/100 905/2604/3392 415/2605/3393
f 109/228/271 165/2613/3403 177/232/274
f 165/2613/3403 175/2614/3404 457/2615/3405
f 165/2613/3403 457/2615/3405 191/2616/3406
f 191/2616/3406 457/2615/3405 460/2617/3407
f 165/2613/3403 191/2616/3406 178/233/275
f 164/237/284 171/239/286 165/2613/3403
f 174/2311/2811 176/2618/3408 175/2614/3404
f 171/239/286 174/2311/2811 175/2614/3404
f 165/2613/3403 171/239/286 175/2614/3404
f 165/2613/3403 178/233/275 177/232/274
f 191/2616/3406 460/2617/3407 193/2312/2812
f 109/228/271 164/237/284 165/2613/3403
f 459/2619/3409 473/257/304 461/2620/3410
f 461/2620/3410 473/257/304 490/242/289
f 460/2617/3407 461/2620/3410 490/242/289
f 460/2617/3407 490/242/289 488/246/293
f 460/2617/3407 488/246/293 489/247/294
f 458/2621/3411 478/2622/3412 473/257/304
f 458/2621/3413 473/257/304 459/2619/3409
f 1127/2623/3414 1131/2624/3415 1136/2625/3416
f 1151/395/450 1153/2626/3417 1152/2627/3418
f 1131/2624/3415 1152/2627/3419 1137/2628/3420
f 1131/2624/3415 1137/2628/3420 1136/2625/3416
f 2468/501/3421 2498/503/3421 2499/2629/3421
f 1192/482/560 2468/501/582 2499/2629/3422
f 1192/482/560 2499/2629/3422 2493/2332/2858
f 2477/502/583 2499/2629/3422 2498/503/584
f 2494/492/572 2499/2629/3422 2500/493/573
f 2499/2629/3422 2512/494/575 2500/493/573
f 2479/2630/3423 2484/2631/3424 2514/2632/3425
f 2479/2630/3423 2483/2633/3426 2484/2631/3424
f 2484/2631/3424 2653/964/1185 2514/2632/3425
f 2483/2633/3426 2489/498/579 2484/2631/3424
f 2483/2633/3426 2488/496/577 2489/498/579
f 2484/2631/3424 2489/498/579 2653/964/1185
f 2499/2629/3422 2514/2632/3425 2512/494/575
f 2512/494/575 2514/2632/3425 2515/495/576
f 2514/2632/3425 2653/964/1185 2654/966/1187
f 2477/502/583 2481/505/3427 2478/2634/3428
f 2481/505/3427 2486/510/593 2483/2633/3426
f 2483/2633/3426 2486/510/593 2488/496/595
f 2493/2332/2858 2499/2629/3422 2494/492/572
f 2478/2634/3428 2483/2633/3426 2479/2630/3423
f 2478/2634/3428 2481/505/3427 2483/2633/3426
f 2478/2634/3428 2479/2630/3423 2499/2629/3422
f 2479/2630/3423 2514/2632/3425 2499/2629/3422
f 2477/502/583 2478/2634/3428 2499/2629/3422
f 1153/2626/3429 1273/694/3430 1277/695/3431
f 1221/2635/3432 1239/687/833 1237/680/823
f 1136/2625/3416 1218/2636/3433 1140/2637/3434
f 1129/702/3435 1140/2637/3434 1216/677/3436
f 1140/2637/3434 1218/2636/3433 1216/677/3436
f 1216/677/3436 1218/2636/3433 1219/2638/3437
f 1218/2636/3433 1220/2639/3438 1219/2638/3437
f 1216/677/818 1219/2638/3437 1217/678/819
f 1219/2638/3437 1220/2639/3438 1279/2640/3439
f 1219/2638/3437 1279/2640/3439 1221/2635/3432
f 1217/678/819 1219/2638/3437 1221/2635/3432
f 1136/2625/3416 1220/2639/3438 1218/2636/3433
f 1220/2639/3438 1277/695/3431 1278/2641/3440
f 1277/695/3431 1281/696/3441 1278/2641/3440
f 1278/2641/3440 1281/696/3441 1280/2642/3442
f 1278/2641/3440 1280/2642/3442 1279/2640/3439
f 1279/2640/3439 1280/2642/3442 1285/2643/3443
f 1221/2635/3432 1279/2640/3439 1285/2643/3443
f 1221/2635/3432 1285/2643/3443 1299/697/847
f 1221/2635/3432 1299/697/847 1239/687/846
f 1153/2626/3429 1277/695/3431 1220/2639/3438
f 1136/2625/3416 1153/2626/3429 1220/2639/3438
f 1217/678/819 1221/2635/3432 1237/680/823
f 1220/2639/3438 1278/2641/3440 1279/2640/3439
f 1280/2642/3442 1281/696/3441 1285/2643/3444
f 2065/2644/3445 2072/2645/3446 2071/2646/3447
f 2071/2646/3447 2072/2645/3446 2073/2647/3448
f 2072/2645/3446 2074/2648/3449 2073/2647/3448
f 928/2281/2751 929/867/1069 2065/2644/3445
f 2065/2644/3445 2095/2649/3450 2072/2645/3446
f 929/867/1069 930/866/1068 2065/2644/3445
f 930/866/1068 2095/2649/3450 2065/2644/3445
f 930/866/1068 972/869/1071 2095/2649/3450
f 2095/2649/3450 2096/876/1078 2100/871/1073
f 2070/2428/3025 2073/2647/3448 2089/2285/2755
f 2070/2428/3025 2071/2646/3447 2073/2647/3448
f 2072/2645/3446 2095/2649/3450 2074/2648/3449
f 2074/2648/3449 2141/873/1075 2091/874/1076
f 2074/2648/3449 2100/871/1073 2141/873/1075
f 2074/2648/3449 2095/2649/3450 2100/871/1073
f 2073/2647/3448 2093/2430/3027 2089/2285/2755
f 2073/2647/3448 2074/2648/3449 2093/2430/3027
f 2074/2648/3449 2091/874/1076 2093/2430/3027
f 2342/2650/3451 2348/2651/3452 2347/891/1095
f 2152/898/3453 2342/2650/3451 2347/891/1095
f 2152/898/1139 2341/928/1141 2342/2650/3454
f 2344/899/1120 2349/2652/3455 2345/929/1143
f 2347/891/1095 2348/2651/3452 2350/895/1100
f 2351/909/1116 2361/906/3456 2360/2653/3457
f 2349/2652/3455 2352/907/1113 2351/909/1116
f 2344/899/1120 2352/907/1113 2349/2652/3455
f 2349/2652/3455 2351/909/1116 2360/2653/3457
f 22/1246/1508 32/1249/1511 41/2654/3458
f 22/1246/1508 41/2654/3458 23/1248/1510
f 23/1248/3459 41/2654/3459 24/2655/3459
f 24/2655/3460 41/2654/3460 44/2656/3460
f 44/2656/3461 238/2657/3462 210/2658/3463
f 210/2658/3464 238/2657/3464 240/1254/3464
f 41/2654/3458 42/2659/3465 44/2656/3461
f 42/2659/3465 238/2657/3462 44/2656/3461
f 238/2657/3466 239/1269/3466 240/1254/3466
f 45/1225/3467 239/1269/3467 238/2657/3467
f 252/1276/1542 254/1277/1543 276/2660/3468
f 254/1277/1543 280/1290/1560 276/2660/3468
f 276/2660/3468 280/1290/1560 278/2661/3469
f 276/2660/3468 278/2661/3469 287/2662/3470
f 278/2661/3469 290/2663/3471 287/2662/3470
f 287/2662/3470 290/2663/3471 1335/2664/3472
f 278/2661/3469 280/1290/1560 290/2663/3471
f 280/1290/1560 291/1291/1561 290/2663/3471
f 290/2663/3471 1353/1293/3473 1335/2664/3472
f 290/2663/3471 291/1291/1561 1353/1293/3473
f 485/1362/1659 487/1361/1658 609/2665/3474
f 485/1362/1660 609/2665/3474 607/1363/1661
f 487/1361/1658 629/1365/1663 630/2666/3475
f 570/1394/1695 571/1391/1692 589/2667/3476
f 572/2462/3110 590/2668/3477 589/2667/3476
f 589/2667/3476 590/2668/3477 591/2669/3478
f 594/2463/3479 595/2670/3480 597/2459/3481
f 1800/2671/3482 1802/2672/3483 1801/2673/3484
f 590/2668/3477 601/2674/3485 591/2669/3478
f 589/2667/3476 591/2669/3478 592/2675/3486
f 570/1394/1695 589/2667/3476 592/2675/3486
f 591/2669/3478 595/2670/3480 592/2675/3486
f 591/2669/3478 598/2676/3487 595/2670/3480
f 591/2669/3478 601/2674/3485 604/2677/3488
f 591/2669/3478 604/2677/3488 598/2676/3487
f 604/2677/3488 1808/2678/3489 1800/2671/3482
f 598/2676/3487 604/2677/3488 1800/2671/3482
f 590/2668/3477 599/2537/3240 601/2674/3485
f 569/1388/1689 589/2667/3476 571/1391/1692
f 569/1388/1689 572/2462/3110 589/2667/3476
f 592/2675/3486 595/2670/3480 594/2463/3111
f 595/2670/3480 598/2676/3487 597/2459/3481
f 570/1394/1696 592/2675/3486 573/1395/1697
f 601/2674/3485 602/1685/2046 604/2677/3488
f 1800/2671/3482 1808/2678/3489 1802/2672/3483
f 432/2679/3490 434/2680/3491 433/2681/3492
f 434/2680/3491 441/2682/3493 449/2683/3494
f 433/2681/3492 434/2680/3491 449/2683/3494
f 433/2681/3492 449/2683/3494 444/1342/1637
f 422/1396/1698 433/2681/3492 444/1342/1637
f 418/1399/1701 432/2679/3490 433/2681/3492
f 62/1398/1700 432/2679/3490 418/1399/1701
f 418/1399/1701 433/2681/3492 422/1396/1698
f 63/1403/1705 90/1408/1710 432/2679/3490
f 90/1408/1710 436/2465/3116 432/2679/3490
f 432/2679/3490 436/2465/3116 437/2684/3495
f 437/2684/3495 442/1382/1683 441/2682/3493
f 432/2679/3490 437/2684/3495 434/2680/3491
f 434/2680/3491 437/2684/3495 441/2682/3493
f 62/1398/1700 63/1403/1705 432/2679/3490
f 168/1423/1725 172/2685/3496 174/2311/2811
f 167/1422/3119 173/1432/1734 172/2685/3497
f 167/1422/1724 172/2685/3496 168/1423/1725
f 201/1431/1733 205/1435/1738 202/2686/3498
f 173/1432/1734 201/1431/1733 202/2686/3498
f 172/2685/3497 173/1432/1734 202/2686/3498
f 172/2685/3497 202/2686/3498 472/2687/3499
f 205/1435/1738 206/1434/1739 475/2688/3500
f 202/2686/3498 205/1435/1738 475/2688/3500
f 202/2686/3498 475/2688/3500 472/2687/3499
f 475/2688/3500 476/1438/3501 477/2466/3502
f 206/1434/1739 476/1438/3501 475/2688/3500
f 1309/1527/1860 1334/2689/3503 1358/1520/1845
f 1334/2689/3503 1348/1521/3504 1358/1520/1845
f 286/2501/3164 1334/2689/3503 1309/1527/1860
f 1334/2689/3503 1336/2690/3505 1348/1521/3504
f 1336/2690/3505 1346/1523/3506 1348/1521/3504
f 1336/2690/3505 1338/1492/3507 1346/1523/3506
f 265/1459/1775 285/2691/3508 286/2501/3164
f 285/2691/3508 1334/2689/3503 286/2501/3164
f 412/87/102 1483/2692/3509 1482/1817/2211
f 408/89/104 414/90/105 1483/2692/3509
f 408/89/104 1483/2692/3509 412/87/102
f 605/2467/3121 608/2693/3510 617/2694/3511
f 479/2695/3512 605/2467/3513 606/2589/3514
f 605/2467/3513 617/2694/3515 606/2589/3514
f 606/2589/3514 617/2694/3515 611/2590/3516
f 617/2694/3511 621/2696/3517 618/2591/3348
f 618/2591/3348 621/2696/3517 622/2315/3518
f 610/2697/3519 633/2698/3520 635/2699/3521
f 608/2693/3510 610/2697/3519 617/2694/3511
f 635/2699/3521 643/2087/2523 660/2700/3522
f 610/2697/3519 660/2700/3522 657/2701/3523
f 643/2087/2523 667/2086/2522 660/2700/3522
f 610/2697/3524 657/2701/3525 621/2696/3526
f 657/2701/3523 660/2700/3522 658/2095/2531
f 621/2696/3526 657/2701/3525 658/2095/3527
f 633/2698/3520 637/2085/2521 635/2699/3521
f 635/2699/3521 637/2085/2521 643/2087/2523
f 610/2697/3519 621/2696/3517 617/2694/3511
f 610/2697/3519 630/2666/3475 633/2698/3520
f 1577/2216/2681 1588/2192/2646 1590/2702/3528
f 1588/2192/2646 1589/2191/2645 1590/2702/3528
f 1590/2702/3528 1591/2703/3529 1949/2704/3530
f 1589/2191/2645 1591/2703/3529 1590/2702/3528
f 1949/2704/3530 1952/2705/3531 1951/2706/3532
f 1591/2703/3533 1592/2194/2649 1594/2707/3534
f 1589/2191/2645 1592/2194/2648 1591/2703/3529
f 1942/2553/3263 1945/1754/2123 1950/2708/3535
f 1923/2209/2672 1942/2553/3263 1950/2708/3535
f 1945/1754/2123 1948/2599/3368 1950/2708/3535
f 1923/2209/2672 1950/2708/3535 1930/2210/2673
f 1590/2702/3528 1950/2708/3535 1948/2599/3368
f 1930/2210/2673 1950/2708/3535 1951/2706/3532
f 1590/2702/3528 1949/2704/3530 1950/2708/3535
f 1930/2210/3536 1951/2706/3532 1953/2214/2678
f 1951/2706/3532 1952/2705/3531 1953/2214/2678
f 1952/2705/3531 1955/2205/3537 1954/2204/3379
f 1577/2216/2681 1590/2702/3528 1948/2599/3368
f 1949/2704/3530 1951/2706/3532 1950/2708/3535
f 1821/2709/3538 1827/2239/2708 1822/2238/2707
f 1968/2710/3539 2028/2711/3540 2029/2265/2735
f 2028/2711/3540 2030/2263/2733 2029/2265/2735
f 2028/2711/3540 2032/2264/2734 2030/2263/2733
f 1700/2712/3541 2027/2713/3542 1960/2714/3543
f 1960/2714/3543 2027/2713/3542 1963/2715/3544
f 1963/2715/3544 2027/2713/3542 1968/2710/3539
f 1699/2716/3545 2028/2711/3540 2027/2713/3542
f 1696/2269/2739 1698/2256/3387 1699/2716/3545
f 1959/2603/3546 1960/2714/3543 1963/2715/3544
f 1968/2710/3539 2029/2265/2735 2034/2267/2737
f 1968/2710/3539 2027/2713/3542 2028/2711/3540
f 1968/2710/3539 2034/2267/2737 1970/2236/2704
f 914/2717/3547 2048/45/51 2049/47/53
f 908/2291/2765 913/33/38 912/2608/3396
f 912/2608/3396 913/33/38 2048/45/51
f 415/2605/3393 914/2717/3547 1487/2297/2781
f 914/2717/3547 2049/47/53 1487/2297/2781
f 912/2608/3396 2048/45/51 914/2717/3547
f 413/2609/3398 417/2610/3400 416/2611/3401
f 417/2610/3400 1487/2297/2781 1488/2612/3402
f 1487/2297/2781 1489/2295/2779 1488/2612/3402
f 911/2606/3394 912/2608/3396 914/2717/3547
f 415/2605/3393 911/2606/3394 914/2717/3547
f 1488/2612/3402 1489/2295/2779 1493/2296/2780
f 178/233/275 191/2616/3406 192/2310/2808
f 191/2616/3406 193/2312/2812 192/2310/2808
f 193/2312/2812 460/2617/3407 462/248/295
f 457/2615/3405 461/2620/3410 460/2617/3407
f 175/2614/3404 176/2618/3408 458/2621/3413
f 175/2614/3404 459/2619/3409 457/2615/3405
f 175/2614/3404 458/2621/3413 459/2619/3409
f 460/2617/3407 489/247/294 462/248/295
f 458/2621/3411 472/2687/3499 478/2622/3412
f 473/257/304 478/2622/3412 495/258/305
f 478/2622/3412 606/2589/3514 613/2314/2815
f 478/2622/3412 612/259/306 495/258/305
f 478/2622/3412 613/2314/2815 612/259/306
f 457/2615/3405 459/2619/3409 461/2620/3410
f 1122/365/418 1127/2623/3414 1123/367/420
f 1127/2623/3414 1130/2329/2843 1131/2624/3415
f 1127/2623/3414 1136/2625/3416 1140/2637/3434
f 1130/2329/2843 1132/392/2845 1131/2624/3415
f 1131/2624/3415 1132/392/2845 1133/397/3548
f 1131/2624/3549 1133/397/3549 1151/395/3549
f 1131/2624/3415 1151/395/3550 1152/2627/3419
f 1153/2626/3417 1154/396/451 1275/693/842
f 1122/365/418 1130/2329/2843 1127/2623/3414
f 1123/367/420 1127/2623/3414 1126/354/421
f 1126/354/421 1127/2623/3414 1129/702/3435
f 1151/395/450 1154/396/451 1153/2626/3417
f 2514/2632/3425 2516/967/1188 2515/495/576
f 2514/2632/3425 2654/966/1187 2516/967/1188
f 1136/2625/3416 1137/2628/3420 1153/2626/3429
f 1127/2623/3414 1140/2637/3434 1129/702/3435
f 1137/2628/3420 1152/2627/3419 1153/2626/3429
f 1153/2626/3417 1275/693/842 1273/694/853
f 1285/2643/3443 1286/700/850 1301/2354/2929
f 1285/2643/3443 1301/2354/2929 1299/697/847
f 1281/696/845 1286/700/850 1285/2643/3443
f 2064/29/34 2071/2646/3447 2070/2428/3025
f 928/2281/2751 2071/2646/3447 2064/29/34
f 928/2281/2751 2065/2644/3445 2071/2646/3447
f 972/869/1071 2096/876/1078 2095/2649/3450
f 2342/2650/3451 2358/2718/3551 2348/2651/3452
f 2342/2650/3451 2357/2719/3552 2358/2718/3551
f 2349/2652/3455 2360/2653/3457 2358/2718/3553
f 2349/2652/3455 2358/2718/3553 2359/2720/3554
f 2357/2719/3555 2359/2720/3554 2358/2718/3556
f 2341/928/3557 2357/2719/3557 2342/2650/3557
f 2345/929/1143 2349/2652/3455 2359/2720/3554
f 2341/928/1145 2359/2720/3554 2357/2719/3555
f 2341/928/1145 2345/929/1143 2359/2720/3554
f 2350/895/1100 2360/2653/3558 2361/906/1112
f 2348/2651/3452 2360/2653/3558 2350/895/1100
f 2348/2651/3452 2358/2718/3551 2360/2653/3558
f 32/1249/1511 33/1203/1448 42/2659/3465
f 42/2659/3465 43/1205/1476 45/1225/1478
f 33/1203/1448 43/1205/1451 42/2659/3465
f 32/1249/1511 42/2659/3465 41/2654/3458
f 23/1248/1510 24/2655/3559 209/2451/3083
f 209/2451/3083 210/2658/3560 211/2452/3084
f 210/2658/3561 240/1254/1517 211/2452/3085
f 24/2655/3562 44/2656/3562 210/2658/3562
f 42/2659/3465 45/1225/1478 238/2657/3462
f 24/2655/3563 210/2658/3560 209/2451/3083
f 275/2455/3089 276/2660/3468 277/1458/1774
f 251/1255/1519 276/2660/3468 275/2455/3089
f 276/2660/3468 287/2662/3470 285/2691/3508
f 276/2660/3468 285/2691/3508 277/1458/1774
f 251/1255/1519 252/1276/1542 276/2660/3468
f 444/1342/1637 449/2683/3494 450/1343/1638
f 486/1364/1662 607/1363/1661 608/2693/3510
f 629/1365/1663 631/1366/1664 633/2698/3520
f 629/1365/1663 633/2698/3520 630/2666/3475
f 487/1361/1658 630/2666/3475 609/2665/3474
f 449/2683/3494 452/1392/1693 450/1343/1638
f 441/2682/3493 442/1382/1683 443/1385/1686
f 441/2682/3493 443/1385/1686 449/2683/3494
f 559/2464/3112 562/1656/2013 590/2668/3477
f 559/2464/3112 590/2668/3477 572/2462/3110
f 562/1656/2013 599/2537/3240 590/2668/3477
f 573/1395/1697 592/2675/3486 594/2463/3111
f 597/2459/3481 598/2676/3487 1800/2671/3482
f 597/2459/3481 1800/2671/3482 1801/2673/3484
f 597/2459/3481 1801/2673/3484 1862/2138/2586
f 602/1685/2046 1804/1684/2045 604/2677/3488
f 1804/1684/2045 1806/1688/2049 1808/2678/3489
f 604/2677/3488 1804/1684/2045 1808/2678/3489
f 1808/2678/3489 1827/2239/2708 1821/2709/3538
f 599/2537/3240 602/1685/2046 601/2674/3485
f 443/1385/1686 452/1392/1693 449/2683/3494
f 1802/2672/3483 1808/2678/3489 1821/2709/3538
f 437/2684/3495 438/1615/1965 440/2461/3109
f 436/2465/3116 438/1615/1965 437/2684/3495
f 437/2684/3495 440/2461/3109 442/1382/1683
f 172/2685/3496 176/2618/3408 174/2311/2811
f 172/2685/3497 472/2687/3499 458/2621/3411
f 172/2685/3496 458/2621/3413 176/2618/3408
f 475/2688/3500 477/2466/3564 479/2695/3512
f 472/2687/3499 475/2688/3500 479/2695/3512
f 472/2687/3499 479/2695/3512 478/2622/3412
f 265/1459/1775 277/1458/1774 285/2691/3508
f 285/2691/3508 287/2662/3470 1334/2689/3503
f 1335/2664/3472 1338/1492/3507 1336/2690/3505
f 287/2662/3470 1335/2664/3472 1336/2690/3505
f 1335/2664/3472 1353/1293/3473 1338/1492/3507
f 287/2662/3470 1336/2690/3505 1334/2689/3503
f 1806/1688/2049 1829/1692/2053 1808/2678/3489
f 413/2609/3398 416/2611/3401 1483/2692/3565
f 416/2611/3401 1484/2721/3566 1483/2692/3565
f 416/2611/3401 1488/2612/3402 1484/2721/3566
f 413/2609/3398 1483/2692/3565 414/90/3399
f 1482/1817/2211 1483/2692/3509 1486/1854/3281
f 1483/2692/3565 1485/1853/2260 1486/1854/3567
f 1483/2692/3565 1484/2721/3566 1485/1853/2260
f 1484/2721/3566 1492/1856/2262 1485/1853/2260
f 1484/2721/3566 1488/2612/3402 1492/1856/2262
f 1488/2612/3402 1493/2296/2780 1492/1856/2262
f 478/2622/3412 479/2695/3512 606/2589/3514
f 486/1364/1662 608/2693/3510 605/2467/3121
f 477/2466/3564 605/2467/3513 479/2695/3512
f 617/2694/3511 618/2591/3348 619/262/309
f 613/2314/2815 617/2694/3568 619/262/309
f 621/2696/3517 658/2095/2531 659/2088/2524
f 621/2696/3517 623/266/313 622/2315/3518
f 621/2696/3517 659/2088/2524 623/266/313
f 609/2665/3474 630/2666/3475 610/2697/3519
f 610/2697/3519 635/2699/3521 660/2700/3522
f 658/2095/2531 660/2700/3522 664/2094/2530
f 631/1366/1664 637/2085/2521 633/2698/3520
f 607/1363/1661 609/2665/3474 608/2693/3510
f 611/2590/3569 617/2694/3569 613/2314/3569
f 608/2693/3510 609/2665/3474 610/2697/3519
f 660/2700/3522 667/2086/2522 664/2094/2530
f 1801/2673/3484 1802/2672/3483 1803/2722/3570
f 1801/2673/3484 1803/2722/3570 1866/2139/2587
f 1801/2673/3484 1866/2139/2587 1862/2138/2586
f 1803/2722/3570 1883/2158/2610 1866/2139/2587
f 1803/2722/3570 1884/2596/3360 1883/2158/2610
f 1594/2707/3534 1952/2705/3531 1949/2704/3530
f 1591/2703/3533 1594/2707/3534 1949/2704/3530
f 1592/2194/2649 1595/2196/2651 1594/2707/3534
f 1594/2707/3534 1595/2196/2651 1952/2705/3531
f 1952/2705/3531 1954/2204/3379 1953/2214/2678
f 1595/2196/2651 1955/2205/3537 1952/2705/3531
f 1802/2672/3483 1821/2709/3538 1803/2722/3570
f 1803/2722/3570 1821/2709/3538 1884/2596/3360
f 1821/2709/3538 1822/2238/2707 1884/2596/3360
f 1808/2678/3489 1829/1692/2053 1827/2239/2708
f 1699/2716/3545 1701/2260/2730 2028/2711/3540
f 1698/2256/3387 1701/2260/2730 1699/2716/3545
f 1701/2260/2730 1708/2261/2731 2028/2711/3540
f 2028/2711/3540 2031/2268/2738 2032/2264/2734
f 1708/2261/2731 2031/2268/2738 2028/2711/3540
f 1700/2712/3541 1960/2714/3543 1961/2600/3391
f 1699/2716/3545 2027/2713/3542 1700/2712/3541
f 1696/2269/2739 1699/2716/3545 1700/2712/3541
f 1959/2603/3390 1961/2600/3391 1960/2714/3543
f 1957/2217/3381 1959/2603/3546 1963/2715/3544
f 1957/2217/3381 1963/2715/3544 1968/2710/3539
f 1696/2269/2739 1700/2712/3541 1961/2600/3391
f 1957/2217/3381 1968/2710/3539 1970/2236/2704
s 0
f 1756/2723/3571 2585/2724/3571 1755/2725/3571
f 2586/2726/3572 2585/2724/3572 1767/2727/3572
f 1035/2728/3573 312/2729/3573 314/2730/3573
f 1039/2731/3574 314/2730/3574 315/2732/3574
f 532/2733/3575 1251/2734/3575 1249/2735/3575
f 531/2736/3576 1248/2737/3576 529/2738/3576
f 1247/2739/3577 527/2740/3577 528/2741/3577
f 1458/2742/3578 2211/2743/3578 1459/2744/3578
f 2210/2745/3579 1457/2746/3579 1456/2747/3579
f 2212/2748/3580 2214/2749/3580 1462/2750/3580
f 1560/2751/3581 2429/2752/3581 1561/2753/3581
f 1559/2754/3582 2428/2755/3582 1560/2751/3582
f 1562/2756/3583 2429/2752/3583 2431/2757/3583
f 1246/2758/3584 1058/2759/3584 339/2760/3584
f 1058/2759/3585 337/2761/3585 338/2762/3585
f 2198/2763/3586 1449/2764/3586 1448/2765/3586
f 1445/2766/3587 2197/2767/3587 1447/2768/3587
f 2199/2769/3588 1450/2770/3588 1449/2764/3588
f 2581/2771/3589 1774/2772/3589 1773/2773/3589
f 1774/2772/3590 2589/2774/3590 1771/2775/3590
f 1771/2775/3591 2588/2776/3591 1770/2777/3591
f 1325/2778/3592 2136/2779/3592 2138/2780/3592
f 2135/2781/3593 1324/2782/3593 1333/2783/3593
f 2139/2784/3594 1327/2785/3594 1326/2786/3594
f 1369/2787/3595 2172/2788/3595 2196/2789/3595
f 2591/2790/3596 1781/2791/3596 1777/2792/3596
f 1783/2793/3597 2591/2790/3597 1778/2794/3597
f 2596/2795/3598 2592/2796/3598 1779/2797/3598
f 2420/2798/3599 1554/2799/3599 1553/2800/3599
f 2206/2801/3600 1553/2800/3600 1469/2802/3600
f 1555/2803/3601 2421/2804/3601 1556/2805/3601
f 1779/2797/3602 2594/2806/3602 1780/2807/3602
f 2594/2806/3603 2582/2808/3603 1766/2809/3603
f 2597/2810/3604 1783/2793/3604 1784/2811/3604
f 1057/2812/3605 336/2813/3605 337/2761/3605
f 1056/2814/3606 335/2815/3606 336/2813/3606
f 1762/2816/3607 2578/2817/3607 1784/2811/3607
f 1763/2818/3608 2578/2817/3608 1761/2819/3608
f 1739/2820/3609 2537/2821/3609 1737/2822/3609
f 1741/2823/3610 2539/2824/3610 1739/2820/3610
f 1736/2825/3611 2536/2826/3611 1735/2827/3611
f 1257/2828/3612 540/2829/3612 542/2830/3612
f 543/2831/3613 2528/2832/3613 1258/2833/3613
f 540/2829/3614 1255/2834/3614 539/2835/3614
f 1442/2836/3615 1323/2837/3615 1435/2838/3615
f 2195/2839/3615 1331/2840/3615 1322/2841/3615
f 2583/2842/3616 1765/2843/3616 1766/2809/3616
f 1254/2844/3617 535/2845/3617 537/2846/3617
f 1430/2847/3618 1437/2848/3618 1432/2849/3618
f 2191/2850/3618 2192/2851/3618 1441/2852/3618
f 1407/2853/3619 1417/2854/3619 1436/2855/3619
f 1421/2856/3619 2191/2850/3619 1440/2857/3619
f 1433/2858/3620 1438/2859/3620 1442/2836/3620
f 2193/2860/3620 2194/2861/3620 1443/2862/3620
f 2201/2863/3621 2208/2864/3621 1453/2865/3621
f 1451/2866/3622 2200/2867/3622 1452/2868/3622
f 1453/2865/3623 2209/2869/3623 1456/2747/3623
f 1902/2870/3624 2697/2871/3624 2698/2872/3624
f 2433/2873/3625 1901/2874/3625 1900/2875/3625
f 1902/2870/3626 2702/2876/3626 1904/2877/3626
f 327/2878/3627 1046/2879/3627 326/2880/3627
f 331/2881/3628 1051/2882/3628 330/2883/3628
f 1046/2879/3629 328/2884/3629 324/2885/3629
f 1368/2886/3630 2171/2887/3630 1369/2787/3630
f 1327/2785/3631 2170/2888/3631 1368/2886/3631
f 1418/2889/3632 1407/2853/3632 1408/2890/3632
f 1422/2891/3633 2184/2892/3633 1421/2856/3633
f 1406/2893/3634 1408/2890/3634 1405/2894/3634
f 1414/2895/3634 2183/2896/3634 1419/2897/3634
f 2432/2898/3635 1564/2899/3635 1563/2900/3635
f 2555/2901/3636 1752/2902/3636 1753/2903/3636
f 1755/2725/3637 2555/2901/3637 1754/2904/3637
f 2554/2905/3638 2551/2906/3638 1751/2907/3638
f 2533/2908/3639 2535/2909/3639 1734/2910/3639
f 328/2884/3640 1048/2911/3640 1039/2731/3640
f 2205/2912/3641 2206/2801/3641 1468/2913/3641
f 2188/2914/3642 2189/2915/3642 1426/2916/3642
f 312/2729/3643 2187/2917/3643 1428/2918/3643
f 1770/2777/3644 2586/2726/3644 1768/2919/3644
f 1744/2920/3645 2543/2921/3645 2541/2922/3645
f 1747/2923/3646 2544/2924/3646 1744/2920/3646
f 2541/2922/3647 2539/2824/3647 1742/2925/3647
f 2703/2926/3648 1905/2927/3648 1904/2877/3648
f 1052/2928/3649 332/2929/3649 333/2930/3649
f 2422/2931/3650 1558/2932/3650 1557/2933/3650
f 1748/2934/3651 2547/2935/3651 2546/2936/3651
f 1750/2937/3652 2549/2938/3652 1748/2934/3652
f 1398/2939/3653 1409/2940/3653 1395/2941/3653
f 1401/2942/3653 2186/2943/3653 1423/2944/3653
f 1399/2945/3654 1397/2946/3654 1395/2941/3654
f 2180/2947/3655 1401/2942/3655 1404/2948/3655
f 1410/2949/3656 1412/2950/3656 1406/2893/3656
f 1423/2944/3656 2185/2951/3656 2181/2952/3656
f 1558/2932/3657 2424/2953/3657 2427/2954/3657
f 1751/2907/3658 2550/2955/3658 1750/2937/3658
f 2534/2956/3659 2527/2957/3659 1733/2958/3659
f 2218/2959/3660 1467/2960/3660 1466/2961/3660
f 2215/2962/3661 2217/2963/3661 1464/2964/3661
f 1427/2965/3662 1402/2966/3662 1399/2945/3662
f 1253/2967/3663 533/2968/3663 535/2845/3663
f 2704/2969/3664 1906/2970/3664 1905/2927/3664
f 1758/2971/3665 2707/2972/3665 1759/2973/3665
f 1055/2974/3666 1053/2975/3666 333/2930/3666
f 1463/2976/3667 2214/2749/3667 1461/2977/3667
f 1760/2978/3668 2575/2979/3668 2579/2980/3668
f 2572/2981/3669 2576/2982/3669 1760/2978/3669
s 1
f 2527/705/856 1271/706/857 2530/703/854
f 2530/703/854 2535/2359/2944 2534/704/855
f 2529/708/858 1270/754/858 1271/706/857
f 1271/706/857 2527/705/856 2528/707/858
f 1252/709/859 1257/2983/3670 1256/710/860
f 1255/711/860 1254/713/862 1252/709/859
f 1251/2984/863 1250/2985/3671 1244/712/861
f 1244/712/861 1252/709/859 1254/713/862
f 1253/714/863 1251/2984/863 1244/712/861
f 2542/723/875 1267/717/866 2545/722/874
f 2544/2986/3672 2543/724/876 2545/722/874
f 2545/722/874 2552/740/877 2547/725/877
f 2546/726/877 2544/2986/3672 2545/722/874
f 2540/728/879 1264/718/867 1267/717/866
f 1267/717/866 2542/723/875 2541/727/878
f 1264/718/867 2540/728/879 2539/729/880
f 2538/730/880 2537/2987/880 1264/718/867
f 2530/703/854 1264/718/869 2537/2987/882
f 2530/703/854 2537/2987/882 2536/731/881
f 2533/732/882 2532/733/883 2530/703/854
f 1053/2988/3673 1045/761/920 1054/764/927
f 1054/764/927 1059/2989/932 1058/2990/929
f 1054/764/927 1058/2990/929 1057/2991/929
f 1055/766/929 1053/2988/3673 1054/764/927
f 1054/764/927 1057/2991/929 1056/765/928
f 1045/761/920 1053/2988/3673 1052/767/930
f 1050/768/930 1051/2992/3674 1045/761/920
f 2550/771/933 2549/2371/933 2552/740/890
f 2552/740/890 2553/2993/3675 2551/772/933
f 2594/773/934 2582/2994/3676 2595/774/935
f 2595/774/935 2593/2995/3677 2592/775/936
f 1048/2996/3678 1037/763/923 1045/761/920
f 1045/761/920 1051/2992/3674 1047/2997/939
f 1045/761/920 1047/2997/939 1046/777/939
f 1049/778/940 1048/2996/3678 1045/761/920
f 2209/781/943 2202/782/981 2174/779/941
f 2174/779/941 2207/2998/3679 2208/780/942
f 2217/792/957 2218/2999/3680 2204/790/955
f 2204/790/955 2410/783/2977 2216/791/956
f 2204/790/955 2218/2999/3680 2219/793/958
f 2434/795/960 2430/3000/3681 2431/796/961
f 2173/805/972 2134/807/971 2139/2411/3001
f 2173/805/972 2139/2411/3001 2140/3001/977
f 2171/811/977 2172/3002/3682 2173/805/972
f 2173/805/972 2140/3001/977 2170/810/976
f 2410/783/980 2202/782/981 2213/3003/3683
f 2410/783/980 2213/3003/3683 2214/812/980
f 2215/813/980 2216/791/980 2410/783/980
f 2202/782/981 2209/781/943 2210/3004/3684
f 2202/782/981 2210/3004/3684 2211/814/982
f 2212/815/982 2213/3003/3683 2202/782/981
f 1319/1469/1785 1432/1486/1805 1431/1470/1786
f 1432/1486/1805 1319/1469/1785 1367/1484/1803
f 1367/1484/1803 1434/3005/3685 1433/1485/1804
f 1435/3006/3686 1434/3005/3686 1367/1484/1803
f 1367/1484/1803 1325/3007/3687 1324/1490/1808
f 1323/1489/1808 1435/3006/3686 1367/1484/1803
f 1397/1598/1946 1398/2517/1947 1400/1596/1946
f 1400/1596/1946 1402/3008/1947 1403/1597/1947
f 311/1586/1948 1425/1625/3210 1426/1599/1949
f 324/2526/3225 323/1588/3200 311/1586/1977
f 311/1586/1977 315/3009/3688 316/1623/1978
f 328/1624/1978 324/2526/3225 311/1586/1977
f 311/1586/1977 1429/1600/3689 1428/3010/3690
f 311/1586/1977 1428/3010/3690 312/1626/1980
f 314/1627/1980 315/3009/3688 311/1586/1977
f 534/1630/1983 537/2529/3229 538/1631/1984
f 1746/1635/1987 1740/1667/2026 1741/2533/3233
f 1746/1635/1987 1741/2533/3233 1742/3011/3691
f 1744/1634/1986 1745/3012/3692 1746/1635/1987
f 1746/1635/1987 1742/3011/3691 1743/1633/1986
f 1757/1669/2028 1746/1635/1987 1749/3013/3693
f 1757/1669/2028 1749/3013/3693 1750/3014/2031
f 1752/1672/2031 1753/2539/3242 1757/1669/2028
f 1757/1669/2028 1750/3014/2031 1751/1671/2030
f 1746/1635/1987 1745/3012/3692 1747/1673/2032
f 1748/1674/2033 1749/3013/3693 1746/1635/1987
f 1904/3015/3694 1903/1735/2096 1907/1717/2078
f 1907/1717/2078 1758/3016/3695 1906/1718/2077
f 1905/1716/2077 1904/3015/3694 1907/1717/2078
f 1907/1717/2078 1782/1719/2079 1777/3017/3696
f 1907/1717/2078 1777/3017/3696 1778/3018/3697
f 1784/1722/2081 1762/3019/3698 1907/1717/2078
f 1907/1717/2078 1778/3018/3697 1783/1721/2081
f 1759/3020/2082 1758/3016/3695 1907/1717/2078
f 1907/1717/2078 1762/3019/3698 1761/3021/2082
f 1907/1717/2078 1761/3021/2082 1763/1723/2082
f 1760/1724/2082 1759/3020/2082 1907/1717/2078
f 1781/3022/2092 1777/3017/3696 1782/1719/2079
f 1782/1719/2079 1775/1729/2090 1764/1780/2153
f 1782/1719/2079 1764/1780/2153 1765/3023/2092
f 1779/3024/2092 1781/3022/2092 1782/1719/2079
f 1780/1731/2092 1779/3024/2092 1782/1719/2079
f 1782/1719/2079 1765/3023/2092 1766/1730/2092
f 1901/3025/3699 1900/3026/3700 1565/1734/2095
f 1565/1734/2095 1907/1717/2078 1903/1735/2096
f 1902/1736/2097 1901/3025/3699 1565/1734/2095
f 1558/3027/2173 1557/1796/2176 1552/1794/2174
f 1552/1794/2174 1565/1734/2095 1562/3028/3701
f 1552/1794/2174 1562/3028/3701 1561/3029/2173
f 1559/1793/2173 1558/3027/2173 1552/1794/2174
f 1552/1794/2174 1561/3029/2173 1560/1792/2173
f 1556/1795/2175 1555/3030/3702 1552/1794/2174
f 1469/3031/3703 1468/3032/3704 1465/1797/2177
f 1465/1797/2177 1552/1794/2174 1555/3030/3702
f 1465/1797/2177 1555/3030/3702 1554/1798/2178
f 1553/1799/2179 1469/3031/3703 1465/1797/2177
f 1465/1797/2177 1468/3032/3704 1467/1802/2181
f 1461/3033/2183 1463/3034/2183 1460/1804/2182
f 1460/1804/2182 1465/1797/2208 1466/1803/2183
f 1464/1805/2183 1461/3033/2183 1460/1804/2182
f 1456/3035/3705 1455/3036/3706 1454/1807/2192
f 1454/1807/2192 1460/1804/2193 1458/1809/2193
f 1457/1810/2193 1456/3035/3705 1454/1807/2192
f 530/1815/2204 334/1591/3203 338/3037/3707
f 530/1815/2204 338/3037/3707 339/1813/2203
f 527/1814/2203 528/3038/3708 530/1815/2204
f 1258/2355/2933 1257/2983/3670 1252/709/859
f 1252/709/859 1270/754/2933 2529/708/2933
f 1035/3039/3709 1034/776/938 1037/763/923
f 1037/763/923 1048/2996/3678 1039/2362/2951
f 1038/2363/2951 1035/3039/3709 1037/763/923
f 1034/776/938 1035/3039/3709 1036/2364/2952
f 2187/2365/2953 2188/2366/2954 1034/776/938
f 1245/2368/2956 1246/769/931 1054/764/927
f 2548/2370/2957 2547/725/3710 2552/740/2958
f 2708/1189/1432 2577/2374/2960 2580/2376/2962
f 2708/1189/1432 2580/2376/2962 2579/3040/2959
f 2599/2373/2959 2597/3041/3711 2708/1189/1432
f 2708/1189/1432 2579/3040/2959 2578/2372/2959
f 2577/2374/2964 2573/2417/3009 2576/2378/2965
f 2586/3042/2966 2584/3043/3712 2587/741/891
f 2595/774/935 2582/2994/3676 2583/3044/2966
f 2595/774/935 2583/3044/2966 2581/3045/3713
f 2588/3046/3714 2586/3042/2966 2587/741/891
f 2589/2380/2966 2588/3046/3714 2587/741/891
f 2595/774/935 2581/3045/3713 2590/2379/2966
f 2589/2380/2966 2587/741/891 2595/774/935
f 2596/3047/2968 2593/2995/3677 2595/774/935
f 2595/774/935 2708/1189/1432 2597/3041/3711
f 2595/774/935 2597/3041/3711 2598/2382/2969
f 2591/2381/2968 2596/3047/2968 2595/774/935
f 2554/3048/2970 2553/2993/3675 2552/740/890
f 2552/740/890 2587/741/891 2584/3043/3712
f 2552/740/890 2584/3043/3712 2585/3049/3715
f 2555/2384/2971 2554/3048/2970 2552/740/890
f 2552/740/890 2585/3049/3715 2556/2383/2970
f 1247/3050/2972 1054/2357/927 1244/712/861
f 1244/712/861 1250/2985/3671 1249/2385/2972
f 1248/2386/2972 1247/3050/2972 1244/712/861
f 2706/1185/2979 2434/795/960 2698/2390/2980
f 2434/795/2984 2432/797/2984 2433/2395/2984
f 2697/2396/2984 2698/2390/2984 2434/795/2984
f 2434/795/960 2425/2393/2982 2426/2398/2986
f 2434/795/960 2426/2398/2986 2427/3051/3716
f 2429/2400/2987 2430/3000/3681 2434/795/960
f 2434/795/960 2427/3051/3716 2428/2399/2987
f 2192/3052/3717 2132/2405/2996 2178/2402/2994
f 2178/2402/2994 2184/3053/3718 2182/2403/2995
f 2191/2404/2995 2192/3052/3717 2178/2402/2994
f 2137/3054/3719 2134/807/971 2132/2405/2996
f 2132/2405/2996 2194/2409/2999 2195/3055/3720
f 2132/2405/2996 2195/3055/3720 2135/2406/2997
f 2136/2407/2997 2137/3054/3719 2132/2405/2996
f 2132/2405/2996 2192/3052/3717 2193/2408/2998
f 2134/807/971 2137/3054/3719 2138/2410/3000
f 2185/3056/3721 2178/2402/2994 1034/776/938
f 1034/776/938 2190/2367/2955 2189/3057/3722
f 1034/776/938 2189/3057/3722 2180/3058/3723
f 2186/2413/3006 2185/3056/3721 1034/776/938
f 1034/776/938 2180/3058/3723 2179/2412/3005
f 2178/2402/2994 2185/3056/3721 2181/2414/3007
f 2183/2415/3007 2184/3053/3718 2178/2402/2994
f 2204/2418/3011 2205/3059/3012 2206/3060/3724
f 2204/2418/3011 2206/3060/3724 2420/3061/3724
f 2423/3062/3724 2424/2397/2985 2425/2393/2982
f 2422/3063/3724 2423/3062/3724 2425/2393/2982
f 2204/2418/3011 2420/3061/3724 2421/2419/3012
f 2421/2419/3012 2422/3063/3724 2425/2393/2982
f 2207/2998/3679 2174/779/941 2173/805/972
f 2173/805/972 2198/3064/3725 2199/3065/3014
f 2173/805/972 2199/3065/3014 2200/2420/3014
f 2201/2421/3015 2207/2998/3679 2173/805/972
f 2173/805/972 2172/3002/3682 2196/2422/3016
f 2197/2423/3016 2198/3064/3725 2173/805/972
f 2701/2446/3071 2705/1183/3071 2706/1185/3071
f 2571/2448/3072 2572/2416/3008 2577/2374/2964
f 2710/1184/1427 2702/3066/3726 2703/3067/3072
f 2710/1184/1427 2703/3067/3072 2704/3068/3072
f 2571/2448/3072 2577/2374/2964 2710/1184/1427
f 2710/1184/1427 2704/3068/3072 2707/2447/3072
f 2700/2449/3076 2702/3066/3726 2710/1184/1427
f 2710/1184/1427 2705/1183/3076 2701/2446/3076
f 1317/1468/1784 1431/1470/3127 1430/3069/3127
f 1317/1468/1784 1430/3069/3127 1407/3070/3127
f 1410/3071/3127 1409/2524/3223 1317/1468/1784
f 1405/2471/3127 1410/3071/3127 1317/1468/1784
f 1317/1468/1784 1407/3070/3127 1408/2470/3127
f 1438/2497/3727 1321/2476/3132 1413/2472/3128
f 1413/2472/3128 1417/3072/3728 1436/2473/3129
f 1437/2474/3130 1438/2497/3727 1413/2472/3128
f 1413/2472/3134 1318/2475/3137 1422/2480/3137
f 1420/2481/3137 1419/2478/3135 1413/2472/3134
f 1318/2475/3138 1330/2477/3159 1322/2500/3161
f 1318/2475/3138 1322/2500/3161 1443/3073/3139
f 1421/3074/3138 1422/2480/3138 1318/2475/3138
f 1440/2483/3138 1421/3074/3138 1318/2475/3138
f 1318/2475/3138 1443/3073/3139 1441/2482/3139
f 1326/3075/3145 1325/3007/3687 1367/1484/1803
f 1367/1484/1803 1446/2487/3146 1444/2489/3729
f 1367/1484/1803 1444/2489/3729 1445/3076/3730
f 1327/3077/3145 1326/3075/3145 1367/1484/1803
f 1368/2486/3145 1327/3077/3145 1367/1484/1803
f 1367/1484/1803 1445/3076/3730 1369/2485/3144
f 1330/2477/3133 1321/2476/3132 1439/2498/3158
f 1330/2477/3133 1439/2498/3158 1442/2492/3152
f 1328/2493/3152 1329/2490/3150 1330/2477/3133
f 1330/2477/3159 1332/2494/3731 1331/2499/3160
f 330/2554/3732 329/1592/3732 323/1588/3200
f 323/1588/3200 325/2527/3226 326/2508/3201
f 327/2509/3202 330/2554/3732 323/1588/3200
f 334/1591/3203 329/1590/3204 331/3078/3204
f 334/1591/3203 331/3078/3204 332/3079/3733
f 337/3080/3204 338/3037/3707 334/1591/3203
f 336/3081/3204 337/3080/3204 334/1591/3203
f 334/1591/3203 332/3079/3733 333/2510/3204
f 335/2511/3204 336/3081/3204 334/1591/3203
f 1425/1625/3207 1393/2469/3126 1396/2525/3224
f 1425/1625/3207 1396/2525/3224 1395/2512/3206
f 1399/2513/3207 1394/3082/3734 1425/1625/3207
f 1413/2472/3128 1412/3083/3735 1406/3084/3736
f 1413/2472/3128 1406/3084/3736 1418/2514/3208
f 1416/2515/3209 1417/3072/3728 1413/2472/3128
f 1425/1625/3210 1394/3082/3211 1427/2516/3211
f 1413/2472/3128 1400/1596/3737 1398/2517/3212
f 1411/2518/3213 1412/3083/3735 1413/2472/3128
f 1400/1596/3214 1424/3085/3738 1401/2519/3215
f 1404/2520/3216 1402/3008/3216 1400/1596/3214
f 1424/3085/3738 1400/1596/3214 1413/2472/3134
f 1413/2472/3134 1415/2479/3136 1414/2521/3217
f 1423/2522/3217 1424/3085/3738 1413/2472/3134
f 1393/2469/3126 1317/1468/1784 1409/2524/3223
f 534/1630/1983 526/1628/1981 536/2528/3228
f 536/2528/3739 526/1628/1981 530/1815/3227
f 530/1815/3227 532/3086/3230 533/2530/3230
f 535/2531/3231 536/2528/3739 530/1815/3227
f 1740/1667/2026 1738/2535/3235 1739/2532/3232
f 1740/1667/2026 1736/3087/3740 1737/2534/3234
f 1755/3088/3243 1756/3089/3741 1772/2538/3241
f 1772/2538/3241 1757/1669/2028 1753/2539/3242
f 1754/2540/3243 1755/3088/3243 1772/2538/3241
f 541/1632/1985 538/1631/1984 539/3090/3244
f 541/1632/1985 539/3090/3244 540/2541/3244
f 542/2542/3244 543/3091/3742 541/1632/1985
f 1740/1667/2026 541/1632/1985 543/3091/3742
f 1740/1667/2026 543/3091/3742 1733/3092/3743
f 1735/2544/3246 1736/3087/3740 1740/1667/2026
f 1740/1667/2026 1733/3092/3743 1734/2543/3246
f 1772/2545/3241 1769/3093/3744 1770/3094/3745
f 1772/2545/3241 1770/3094/3745 1771/3095/3746
f 1773/1779/2152 1775/1729/2090 1772/2545/3241
f 1772/2545/3241 1771/3095/3746 1774/2549/3256
f 1768/2550/3257 1769/3093/3744 1772/2545/3241
f 1772/2545/3241 1756/3096/3741 1767/2551/3258
f 1448/2557/3267 1447/2488/3148 1446/2487/3147
f 1454/1807/2192 1451/3097/3747 1450/3098/3267
f 1454/1807/2192 1450/3098/3267 1449/2556/3267
f 1448/2557/3267 1446/2487/3147 1454/1807/2192
f 1452/2558/3268 1451/3097/3747 1454/1807/2192
f 1454/1807/2192 1455/3036/3706 1453/2559/3268
f 1459/2561/3274 1458/1809/3274 1460/1804/3274
f 1460/1804/3274 1463/3034/3274 1462/2560/3274
f 530/1815/2204 528/3038/3708 529/2562/3275
f 531/2563/3276 532/3086/3276 530/1815/2204
f 1563/2564/3277 1562/3028/3701 1565/1734/2095
f 1565/1734/2095 1900/3026/3700 1564/2565/3277
s 0
f 1756/2723/3571 1767/2727/3571 2585/2724/3571
f 2585/2724/3571 2556/3099/3571 1755/2725/3571
f 1767/2727/3572 1768/2919/3572 2586/2726/3572
f 2586/2726/3748 2584/3100/3748 2585/2724/3748
f 314/2730/3573 1038/3101/3573 1035/2728/3573
f 1035/2728/3749 1036/3102/3749 312/2729/3749
f 315/2732/3574 316/3103/3574 1039/2731/3574
f 1039/2731/3574 1038/3101/3574 314/2730/3574
f 532/2733/3575 533/2968/3575 1251/2734/3575
f 1251/2734/3750 1250/3104/3750 1249/2735/3750
f 1249/2735/3575 531/2736/3575 532/2733/3575
f 531/2736/3576 1249/2735/3576 1248/2737/3576
f 528/2741/3577 529/2738/3577 1248/2737/3577
f 1247/2739/3577 1245/3105/3577 527/2740/3577
f 528/2741/3577 1248/2737/3577 1247/2739/3577
f 1458/2742/3578 1457/2746/3578 2211/2743/3578
f 2211/2743/3578 2212/2748/3578 1459/2744/3578
f 2210/2745/3579 2211/2743/3579 1457/2746/3579
f 1462/2750/3580 1459/2744/3580 2212/2748/3580
f 2212/2748/3751 2213/3106/3751 2214/2749/3751
f 1560/2751/3581 2428/2755/3581 2429/2752/3581
f 1559/2754/3582 2427/2954/3582 2428/2755/3582
f 1562/2756/3583 1561/2753/3583 2429/2752/3583
f 2429/2752/3583 2430/3107/3583 2431/2757/3583
f 2431/2757/3583 1563/2900/3583 1562/2756/3583
f 339/2760/3584 527/2740/3584 1245/3105/3584
f 1246/2758/3584 1059/3108/3584 1058/2759/3584
f 339/2760/3584 1245/3105/3584 1246/2758/3584
f 338/2762/3585 339/2760/3585 1058/2759/3585
f 1058/2759/3585 1057/2812/3585 337/2761/3585
f 1448/2765/3586 2197/2767/3586 2198/2763/3586
f 2198/2763/3586 2199/2769/3586 1449/2764/3586
f 1447/2768/3752 1444/3109/3752 1445/2766/3752
f 1445/2766/3587 2196/2789/3587 2197/2767/3587
f 2197/2767/3587 1448/2765/3587 1447/2768/3587
f 2199/2769/3588 2200/2867/3588 1450/2770/3588
f 1764/3110/3589 1765/2843/3589 2581/2771/3589
f 2581/2771/3589 2590/3111/3589 1774/2772/3589
f 1773/2773/3589 1764/3110/3589 2581/2771/3589
f 1774/2772/3590 2590/3111/3590 2589/2774/3590
f 1771/2775/3591 2589/2774/3591 2588/2776/3591
f 1325/2778/3592 1324/2782/3592 2136/2779/3592
f 2136/2779/3592 2137/3112/3592 2138/2780/3592
f 2138/2780/3592 1326/2786/3592 1325/2778/3592
f 1332/3113/3593 1331/3114/3593 2135/2781/3593
f 2135/2781/3593 2136/2779/3593 1324/2782/3593
f 1324/2782/3593 1323/2837/3593 1328/3115/3593
f 1324/2782/3593 1328/3115/3593 1329/3116/3593
f 1333/2783/3593 1332/3113/3593 2135/2781/3593
f 1324/2782/3593 1329/3116/3593 1333/2783/3593
f 1326/2786/3594 2138/2780/3594 2139/2784/3594
f 2139/2784/3594 2140/3117/3594 1327/2785/3594
f 2196/2789/3595 1445/2766/3595 1369/2787/3595
f 1369/2787/3595 2171/2887/3595 2172/2788/3595
f 1777/2792/3596 1778/2794/3596 2591/2790/3596
f 2591/2790/3596 2596/2795/3596 1781/2791/3596
f 1783/2793/3597 2598/3118/3597 2591/2790/3597
f 1779/2797/3598 1781/2791/3598 2596/2795/3598
f 2596/2795/3753 2593/3119/3753 2592/2796/3753
f 2420/2798/3599 2421/2804/3599 1554/2799/3599
f 2206/2801/3600 2420/2798/3600 1553/2800/3600
f 1555/2803/3754 1554/2799/3754 2421/2804/3754
f 2421/2804/3601 2422/2931/3601 1556/2805/3601
f 1779/2797/3602 2592/2796/3602 2594/2806/3602
f 1766/2809/3603 1780/2807/3603 2594/2806/3603
f 2582/2808/3603 2583/2842/3603 1766/2809/3603
f 1784/2811/3604 2599/3120/3604 2597/2810/3604
f 2597/2810/3604 2598/3118/3604 1783/2793/3604
f 1057/2812/3605 1056/2814/3605 336/2813/3605
f 1056/2814/3606 1055/2974/3606 335/2815/3606
f 1762/2816/3607 1761/2819/3607 2578/2817/3607
f 2578/2817/3607 2599/3120/3607 1784/2811/3607
f 1763/2818/3608 2579/2980/3608 2578/2817/3608
f 1737/2822/3755 1738/3121/3755 1739/2820/3755
f 1739/2820/3609 2538/3122/3609 2537/2821/3609
f 2537/2821/3609 2536/2826/3609 1737/2822/3609
f 1741/2823/3610 1742/2925/3610 2539/2824/3610
f 2539/2824/3610 2538/3122/3610 1739/2820/3610
f 1736/2825/3756 1737/2822/3756 2536/2826/3756
f 2536/2826/3756 2533/2908/3756 1735/2827/3756
f 542/2830/3612 1258/2833/3612 1257/2828/3612
f 1257/2828/3612 1256/3123/3612 540/2829/3612
f 543/2831/3613 1733/2958/3613 2528/2832/3613
f 2528/2832/3613 2529/3124/3613 1258/2833/3613
f 1258/2833/3613 542/2830/3613 543/2831/3613
f 540/2829/3614 1256/3123/3614 1255/2834/3614
f 1442/2836/3615 1328/3115/3615 1323/2837/3615
f 1322/2841/3615 1443/2862/3615 2195/2839/3615
f 2195/2839/3615 2135/3125/3615 1331/2840/3615
f 2583/2842/3616 2581/2771/3616 1765/2843/3616
f 538/3126/3617 539/2835/3617 1255/2834/3617
f 1254/2844/3617 1253/2967/3617 535/2845/3617
f 538/3126/3617 1255/2834/3617 1254/2844/3617
f 535/2845/3617 536/3127/3617 537/2846/3617
f 537/2846/3617 538/3126/3617 1254/2844/3617
f 1432/2849/3618 1431/3128/3618 1430/2847/3618
f 1430/2847/3618 1436/2855/3618 1437/2848/3618
f 1437/2848/3618 1433/2858/3618 1432/2849/3618
f 1441/2852/3618 1440/2857/3618 2191/2850/3618
f 2192/2851/3618 2193/2860/3618 1441/2852/3618
f 1436/2855/3619 1430/2847/3619 1407/2853/3619
f 1407/2853/3619 1416/3129/3619 1417/2854/3619
f 1421/2856/3619 2182/3130/3619 2191/2850/3619
f 1435/2838/3757 1434/3131/3757 1433/2858/3757
f 1433/2858/3620 1437/2848/3620 1438/2859/3620
f 1438/2859/3620 1439/3132/3620 1442/2836/3620
f 1442/2836/3620 1435/2838/3620 1433/2858/3620
f 1443/2862/3620 1441/2852/3620 2193/2860/3620
f 2194/2861/3758 2195/2839/3758 1443/2862/3758
f 1453/2865/3621 1452/2868/3621 2201/2863/3621
f 2201/2863/3759 2207/3133/3759 2208/2864/3759
f 1451/2866/3760 1450/2770/3760 2200/2867/3760
f 2200/2867/3760 2201/2863/3760 1452/2868/3760
f 1456/2747/3623 1455/3134/3623 1453/2865/3623
f 1453/2865/3623 2208/2864/3623 2209/2869/3623
f 2209/2869/3761 2210/2745/3761 1456/2747/3761
f 2698/2872/3624 2699/3135/3624 2701/3136/3624
f 2701/3136/3624 2700/3137/3624 1902/2870/3624
f 1902/2870/3624 1901/2874/3624 2697/2871/3624
f 2698/2872/3624 2701/3136/3624 1902/2870/3624
f 1900/2875/3625 1564/2899/3625 2433/2873/3625
f 2433/2873/3625 2697/2871/3625 1901/2874/3625
f 1904/2877/3762 1903/3138/3762 1902/2870/3762
f 1902/2870/3626 2700/3137/3626 2702/2876/3626
f 2702/2876/3626 2703/2926/3626 1904/2877/3626
f 327/2878/3627 1047/3139/3627 1046/2879/3627
f 331/2881/3628 332/2929/3628 1050/3140/3628
f 1051/2882/3628 1047/3139/3628 327/2878/3628
f 331/2881/3628 1050/3140/3628 1051/2882/3628
f 1051/2882/3628 327/2878/3628 330/2883/3628
f 325/3141/3629 326/2880/3629 1046/2879/3629
f 1046/2879/3629 1049/3142/3629 328/2884/3629
f 324/2885/3629 325/3141/3629 1046/2879/3629
f 1368/2886/3630 2170/2888/3630 2171/2887/3630
f 1327/2785/3631 2140/3117/3631 2170/2888/3631
f 1418/2889/3633 1416/3129/3633 1407/2853/3633
f 1422/2891/3633 1420/3143/3633 2183/2896/3633
f 2184/2892/3632 2182/3130/3632 1421/2856/3632
f 1422/2891/3633 2183/2896/3633 2184/2892/3633
f 1406/2893/3634 1418/2889/3634 1408/2890/3634
f 1419/2897/3634 1415/3144/3634 1414/2895/3634
f 1414/2895/3634 2181/2952/3634 2183/2896/3634
f 2183/2896/3634 1420/3143/3634 1419/2897/3634
f 1563/2900/3635 2431/2757/3635 2432/2898/3635
f 2432/2898/3635 2433/2873/3635 1564/2899/3635
f 1753/2903/3636 1754/2904/3636 2555/2901/3636
f 2555/2901/3636 2554/2905/3636 1752/2902/3636
f 1755/2725/3637 2556/3099/3637 2555/2901/3637
f 1751/2907/3638 1752/2902/3638 2554/2905/3638
f 2554/2905/3763 2553/3145/3763 2551/2906/3763
f 1734/2910/3639 1735/2827/3639 2533/2908/3639
f 2533/2908/3764 2532/3146/3764 2531/3147/3764
f 2535/2909/3639 2534/2956/3639 1734/2910/3639
f 2533/2908/3765 2531/3147/3765 2535/2909/3765
f 1039/2731/3640 316/3103/3640 328/2884/3640
f 328/2884/3640 1049/3142/3640 1048/2911/3640
f 1468/2913/3641 1467/2960/3641 2219/3148/3641
f 1468/2913/3641 2219/3148/3641 2203/3149/3641
f 2206/2801/3641 1469/2802/3641 1468/2913/3641
f 1468/2913/3641 2203/3149/3641 2205/2912/3641
f 1429/3150/3642 1428/2918/3642 2187/2917/3642
f 2188/2914/3766 2190/3151/3766 2189/2915/3766
f 1429/3150/3642 2187/2917/3642 2188/2914/3642
f 2189/2915/3642 1427/2965/3642 1426/2916/3642
f 1426/2916/3642 1429/3150/3642 2188/2914/3642
f 312/2729/3643 1036/3102/3643 2187/2917/3643
f 1768/2919/3767 1769/3152/3767 1770/2777/3767
f 1770/2777/3644 2588/2776/3644 2586/2726/3644
f 2541/2922/3645 1743/3153/3645 1744/2920/3645
f 1744/2920/3768 2544/2924/3768 2543/2921/3768
f 2543/2921/3645 2542/3154/3645 2541/2922/3645
f 1744/2920/3646 1745/3155/3646 1747/2923/3646
f 1747/2923/3646 2546/2936/3646 2544/2924/3646
f 1742/2925/3647 1743/3153/3647 2541/2922/3647
f 2541/2922/3647 2540/3156/3647 2539/2824/3647
f 2703/2926/3769 2704/2969/3769 1905/2927/3769
f 1052/2928/3649 1050/3140/3649 332/2929/3649
f 1557/2933/3650 1556/2805/3650 2422/2931/3650
f 2422/2931/3650 2423/3157/3650 1558/2932/3650
f 2546/2936/3651 1747/2923/3651 1748/2934/3651
f 1748/2934/3651 2548/3158/3651 2547/2935/3651
f 1748/2934/3770 1749/3159/3770 1750/2937/3770
f 1750/2937/3652 2550/2955/3652 2549/2938/3652
f 2549/2938/3652 2548/3158/3652 1748/2934/3652
f 1398/2939/3653 1411/3160/3653 1410/2949/3653
f 1409/2940/3771 1396/3161/3771 1395/2941/3771
f 1398/2939/3653 1410/2949/3653 1409/2940/3653
f 1395/2941/3653 1397/2946/3653 1398/2939/3653
f 1423/2944/3653 1424/3162/3653 1401/2942/3653
f 1401/2942/3653 2179/3163/3653 2186/2943/3653
f 1399/2945/3655 1403/3164/3655 1397/2946/3655
f 2180/2947/3655 2179/3163/3655 1401/2942/3655
f 1406/2893/3656 1405/2894/3656 1410/2949/3656
f 1410/2949/3656 1411/3160/3656 1412/2950/3656
f 2181/2952/3656 1414/2895/3656 1423/2944/3656
f 1423/2944/3656 2186/2943/3656 2185/2951/3656
f 2427/2954/3657 1559/2754/3657 1558/2932/3657
f 1558/2932/3657 2423/3157/3657 2424/2953/3657
f 2424/2953/3772 2426/3165/3772 2427/2954/3772
f 1751/2907/3658 2551/2906/3658 2550/2955/3658
f 1733/2958/3659 1734/2910/3659 2534/2956/3659
f 2527/2957/3659 2528/2832/3659 1733/2958/3659
f 1466/2961/3660 1464/2964/3660 2217/2963/3660
f 2218/2959/3660 2219/3148/3660 1467/2960/3660
f 1466/2961/3660 2217/2963/3660 2218/2959/3660
f 1464/2964/3661 1461/2977/3661 2215/2962/3661
f 2215/2962/3661 2216/3166/3661 2217/2963/3661
f 1399/2945/3662 1394/3167/3662 1427/2965/3662
f 1427/2965/3662 2189/2915/3662 2180/2947/3662
f 2180/2947/3662 1404/2948/3662 1402/2966/3662
f 1402/2966/3662 1403/3164/3662 1399/2945/3662
f 1427/2965/3662 2180/2947/3662 1402/2966/3662
f 1253/2967/3663 1251/2734/3663 533/2968/3663
f 2704/2969/3664 2707/2972/3664 1906/2970/3664
f 1758/2971/3665 1906/2970/3665 2707/2972/3665
f 2707/2972/3665 2571/3168/3665 1759/2973/3665
f 333/2930/3666 335/2815/3666 1055/2974/3666
f 1053/2975/3666 1052/2928/3666 333/2930/3666
f 1463/2976/3667 1462/2750/3667 2214/2749/3667
f 2214/2749/3667 2215/2962/3667 1461/2977/3667
f 2579/2980/3668 1763/2818/3668 1760/2978/3668
f 1760/2978/3773 2576/2982/3773 2574/3169/3773
f 2575/2979/3774 2580/3170/3774 2579/2980/3774
f 1760/2978/3668 2574/3169/3668 2575/2979/3668
f 1760/2978/3669 1759/2973/3669 2571/3168/3669
f 2572/2981/3775 2573/3171/3775 2576/2982/3775
f 1760/2978/3669 2571/3168/3669 2572/2981/3669
